record_id,split,detailed_label,binary_label,mean,std,rms,peak,peak_to_peak,crest_factor
0,train,0,0,0.5334958651149354,0.32395914617935273,0.3239591461793527,0.6356454274570861,1.1687762956426013,1.9621160104711948
1,train,0,0,0.5404131761606841,0.30532275222203753,0.3053227522220376,0.5399789777148107,0.9938256954483222,1.7685513895869962
2,train,0,0,0.45890611703286416,0.2744934891368085,0.2744934891368086,0.45769591200875587,0.8603681402746588,1.667419921135683
3,train,0,0,0.38083077025320383,0.22093412925174577,0.22093412925174583,0.380689390538726,0.6977305437321775,1.7230900079948503
4,train,0,0,0.37976051602029476,0.22047696257574043,0.22047696257574034,0.37961286416841905,0.6947182305448223,1.7217801793600582
5,train,0,0,0.3800008579418063,0.22042671786021173,0.22042671786021167,0.37852055284008385,0.693279302213341,1.717217207217733
6,train,0,0,0.3801470052524237,0.22060209284457905,0.22060209284457907,0.3795389903782634,0.6949240090325475,1.7204686749987463
7,train,0,0,0.3799512551445805,0.22032113786094507,0.22032113786094512,0.3796179978340224,0.6940679472754709,1.72302122946377
8,train,0,0,0.38016235012351535,0.2205403113498436,0.2205403113498436,0.37881716863508336,0.6944483279949054,1.7176776722427167
9,train,0,0,0.3795180780689989,0.22020529065582106,0.2202052906558211,0.3792097619553388,0.6934730001667049,1.7220738013422223
10,train,0,0,0.37992993384753937,0.22050859950370802,0.220508599503708,0.3798223582612409,0.6938662040920462,1.7224832007282054
11,train,0,0,0.3808624314001063,0.22110689818828552,0.22110689818828544,0.3799388414804125,0.6957125504268333,1.7183491089313387
12,train,0,0,0.38022623514558657,0.22058119050241523,0.22058119050241518,0.37957401341560765,0.6961770972702652,1.7207904833184389
13,train,0,0,0.3795975547050475,0.22041147977641448,0.22041147977641448,0.3788067380315042,0.695179718604777,1.718634339807373
14,train,0,0,0.37946131648150183,0.2199679952208535,0.2199679952208536,0.37939756258365376,0.6952256194999791,1.7247852907088992
15,train,0,0,0.3792439724664728,0.22002223336352972,0.22002223336352975,0.37888120646207246,0.696373092912836,1.7220132741588412
16,train,0,0,0.37929111776285573,0.2202166346846181,0.22021663468461808,0.37859580926707714,0.6950572525965981,1.719197143346055
17,train,0,0,0.3797542164528859,0.22046261223712516,0.22046261223712518,0.3792903682760079,0.6942560028401203,1.7204294389293129
18,train,0,0,0.3796036848768126,0.22029043032419132,0.22029043032419138,0.37831386644090526,0.6940951012074947,1.717341356518111
19,train,0,0,0.37970607239881066,0.22021460014422783,0.22021460014422778,0.37953187759162393,0.6935790476854891,1.7234637364782017
20,train,0,0,0.3796672447323217,0.2202616247915068,0.22026162479150677,0.3788155851624324,0.6950256540440023,1.7198437790559669
21,train,0,0,0.3791129425802501,0.21997214422894634,0.21997214422894634,0.37781581687100696,0.6928923631785437,1.7175620949431551
22,train,0,0,0.37922622006687745,0.22021254263444962,0.22021254263444953,0.3791044358304789,0.6961021899915067,1.7215387974507348
23,train,0,0,0.3791078692937299,0.22023722741197066,0.22023722741197077,0.3788818308874761,0.6946422281762352,1.7203350920266915
24,train,0,0,0.37960444488062056,0.22037217086211092,0.22037217086211092,0.37912629647844004,0.695574581681285,1.720390986735177
25,train,0,0,0.37891895818384363,0.21990753298697147,0.21990753298697147,0.3783793131550774,0.6937356745474972,1.7206291572444437
26,train,0,0,0.37919796046076226,0.21997516310846202,0.21997516310846202,0.37880186568104546,0.6944461841776501,1.7220210696889975
27,train,0,0,0.37900914901780197,0.21972494028371709,0.2197249402837171,0.3782016681894311,0.6932913493947126,1.7212505221350058
28,train,0,0,0.37892897682056353,0.21975987268380878,0.2197598726838087,0.37871959092760515,0.6926210574893048,1.7233336837271847
29,train,0,0,0.37877003204677023,0.21976848015786027,0.21976848015786024,0.37854216762253784,0.6925274771056138,1.7224588683082764
30,train,0,0,0.37899500626558436,0.21995772779363973,0.2199577277936397,0.37767174520017577,0.69314970751293,1.717019670045421
31,train,0,0,0.3788328914948506,0.21987094610363128,0.21987094610363134,0.37809498331497887,0.6928902241634205,1.719622305790107
32,train,0,0,0.37883077589690217,0.21977176949758837,0.21977176949758828,0.3787455200672848,0.692813852103427,1.7233583773435517
33,train,0,0,0.3787036425391561,0.21970707376035706,0.21970707376035706,0.3778967014122172,0.6927773818024434,1.720002432986767
34,train,0,0,0.37879147363855736,0.21983749049531723,0.21983749049531723,0.37795133866166,0.6922348066582344,1.719230590788202
35,train,0,0,0.3785434072999633,0.21957323362348133,0.2195732336234814,0.3776308347517042,0.6923935158993118,1.719840021116854
36,train,0,0,0.3786059942759748,0.21997992072028366,0.21997992072028358,0.3782143425452232,0.6944434150645975,1.7193130232378948
37,train,0,0,0.37882393840031,0.21976492627007527,0.2197649262700752,0.377861755695485,0.6936604531365447,1.7193906330217599
38,train,1,1,0.11898597344676091,0.0874785365378969,0.08747853653789693,0.2358386887617962,0.3547928538318956,2.6959606104021594
39,train,1,1,0.0831336832485449,0.06128300599691341,0.061283005996913414,0.1434748017348993,0.22658500124271086,2.3411841407082017
40,train,1,1,0.09329326783126089,0.06430694581917011,0.06430694581917011,0.14035032357270028,0.23360651807524846,2.182506442886631
41,train,1,1,0.08376809030691948,0.08709781207431093,0.08709781207431092,0.2509434315570179,0.33469976118794875,2.88116802914539
42,train,1,1,0.10866709804401034,0.08095662152931105,0.08095662152931103,0.15431473398342496,0.26292625357746147,1.9061409810382712
43,train,1,1,0.11062403819850443,0.09270232669142776,0.09270232669142776,0.2912396261901522,0.4017775015599909,3.1416646872260574
44,train,1,1,0.061623072191952816,0.0453066473838086,0.0453066473838086,0.10921637161088074,0.17077962345865672,2.410603695428406
45,train,1,1,0.07735779368382464,0.061182593412504024,0.06118259341250402,0.19066376007098187,0.2679959478427918,3.1163072605551814
46,train,1,1,0.09610447499713973,0.10247165514283163,0.10247165514283163,0.31411319758930134,0.4102069129667143,3.0653666826350174
47,train,1,1,0.13475648225052284,0.13658622768157205,0.13658622768157208,0.31979557215468957,0.45441971544642,2.3413456655398623
48,train,1,1,0.1293465032091781,0.13102059802493987,0.13102059802493987,0.3199643657693223,0.44929879147002794,2.442092087752621
49,train,1,1,0.10678964042769803,0.09616166809202872,0.09616166809202872,0.31094331359757055,0.4176941623809398,3.2335474182913644
50,train,1,1,0.1432591398820441,0.142509572263842,0.14250957226384198,0.3895196596517999,0.5326977491131402,2.7332876905324217
51,train,1,1,0.11308860303954134,0.08505910361758727,0.08505910361758727,0.1795414733688449,0.2926134016379365,2.110784921694401
52,train,1,1,0.06972014657370527,0.055001448488581656,0.05500144848858164,0.13403673716671982,0.20372160871556844,2.436967404495647
53,train,1,1,0.1480940847065358,0.13936102405971787,0.13936102405971787,0.30386606172061875,0.45150113172712736,2.1804235708716413
54,train,1,1,0.14475211419328843,0.1669129429564605,0.16691294295646047,0.3807650514675697,0.5254556958752801,2.2812194472353946
55,train,1,1,0.12770568475358596,0.12900961143704337,0.12900961143704337,0.325533309129547,0.45313616820203606,2.5233260181425092
56,train,1,1,0.08622157424892794,0.08687014231086727,0.08687014231086729,0.2781789913753091,0.3643489987225621,3.202239388302573
57,train,1,1,0.08506616772706974,0.09231337864311308,0.09231337864311313,0.3296939450353814,0.4147595210964141,3.571464395317933
58,train,1,1,0.12640715834547883,0.12175798497429173,0.12175798497429167,0.27376531365464324,0.40002682778867893,2.2484382746022513
59,train,1,1,0.08633246660110672,0.08255105422474555,0.08255105422474555,0.20159998893859665,0.2878900836039975,2.4421249471840776
60,train,1,1,0.08617568361056328,0.09407619673479044,0.09407619673479045,0.30696770203816415,0.3929369607794797,3.2629688772765193
61,train,1,1,0.08353303394827254,0.06259638595847705,0.06259638595847705,0.09892794467893236,0.18245408263737772,1.5804098457785667
62,train,0,0,0.7434381809297774,0.6564361832879116,0.6564361832879115,1.8300002250608232,2.5730880761693697,2.787780856160071
63,train,0,0,0.5241392665632302,0.3074892538373055,0.30748925383730563,0.5384252256624168,1.061503837350756,1.7510375368997473
64,train,0,0,0.39220808331505397,0.23276885359045468,0.23276885359045474,0.3902309937553946,0.7572860682848841,1.6764742693710504
65,train,0,0,0.3792021833026083,0.22023692610450607,0.22023692610450593,0.3780979774558218,0.6954062283039093,1.716778308449548
66,train,0,0,0.3783426691936911,0.2195476558821822,0.21954765588218228,0.37786374133272327,0.6941118791000918,1.721101233417402
67,train,0,0,0.3787096074875444,0.21991512602819968,0.21991512602819968,0.3771436409652233,0.6938213969115168,1.7149508893574799
68,train,0,0,0.3791506393106538,0.21983442023666921,0.21983442023666927,0.37859705331426813,0.6943064551451243,1.7221918792638489
69,train,0,0,0.37865287045278817,0.21978689252058267,0.2197868925205827,0.37789355739514574,0.6944637799751945,1.719363484607057
70,train,0,0,0.37899669501313477,0.21980790220454482,0.21980790220454477,0.37795076132135,0.6940072861034423,1.7194593894519934
71,train,0,0,0.3787779653452744,0.2200245626903263,0.2200245626903263,0.3784180490133294,0.6943776968691964,1.7198900176701368
72,train,0,0,0.37908963014185426,0.22007389925512694,0.22007389925512694,0.3781053458135575,0.6942153244744986,1.7180835487230046
73,train,0,0,0.37884613337670453,0.22014095410705029,0.22014095410705034,0.37807870739349164,0.6944210963556543,1.717439214920633
74,train,0,0,0.3788051041191284,0.21990805094993512,0.21990805094993512,0.3787743245992533,0.6967123511640239,1.7224213618513045
75,train,0,0,0.3785951436053001,0.21961577367425494,0.21961577367425497,0.3783896878645028,0.6954591885005357,1.7229622514535279
76,train,0,0,0.37812606233527185,0.21954029752932147,0.21954029752932147,0.3779787745432113,0.6930129480897449,1.7216828928307755
77,train,0,0,0.3786249628938385,0.21960852560027624,0.21960852560027624,0.37836306840839096,0.6935474955826066,1.7228979037775345
78,train,0,0,0.378491130561044,0.2198145952033464,0.2198145952033464,0.37791238139284544,0.6934689402696677,1.7192324333297602
79,train,0,0,0.3778293321914898,0.21956874106679128,0.21956874106679125,0.37773833150584685,0.6923485554361832,1.720364791775809
80,train,0,0,0.3781454312675633,0.21986704930445108,0.21986704930445106,0.3763411153168418,0.6918170214630663,1.711675835498753
81,train,0,0,0.37847003315971234,0.21965760277298346,0.21965760277298346,0.3772760436257813,0.6919818031601608,1.7175642402675988
82,train,1,1,0.33012547663605074,0.22454361269634113,0.22454361269634113,0.3628804428204312,0.6923642779001966,1.6160800054070932
83,train,1,1,0.0672610094287229,0.07956212341415238,0.07956212341415238,0.19612741568304773,0.2632978893525433,2.465085234868944
84,train,1,1,0.07463913518733897,0.06538622748670692,0.0653862274867069,0.14334476631336293,0.21795917933195597,2.192277667992164
85,train,1,1,0.07722645751653182,0.06877375897291865,0.06877375897291864,0.14359946795286668,0.2207537439171574,2.0879979529607
86,train,1,1,0.2165322085837979,0.26005138806223693,0.26005138806223693,0.5462041119118075,0.7625748093560105,2.100369915276464
87,train,1,1,0.08395526037985473,0.07371295649532428,0.07371295649532425,0.16910403742020935,0.2530423126518144,2.2940883863603534
88,train,0,0,0.08960163266365999,0.12485867675825191,0.12485867675825191,0.5529840621262265,0.6424084815371316,4.428879726131487
89,train,0,0,0.06607286914329256,0.07264138709512377,0.07264138709512377,0.32810421005745205,0.3941747874739576,4.516766862226903
90,train,0,0,0.06289813261145559,0.06063065627944545,0.060630656279445465,0.29251479763871224,0.3554100668877709,4.824536226204075
91,train,0,0,0.060119266172838255,0.055603036803301586,0.055603036803301586,0.2777932337317943,0.3378953006649681,4.996008306425803
92,train,0,0,0.0575879604893853,0.049186161903133734,0.04918616190313373,0.23893429922283393,0.29620989930117503,4.85775449797011
93,train,0,0,0.05764556246715074,0.048607370331854145,0.048607370331854145,0.2606975404648256,0.318228778152843,5.363333557955945
94,train,0,0,0.05656377493110995,0.04473392273200623,0.04473392273200622,0.21089439572127958,0.26741195436989074,4.714417668772627
95,train,0,0,0.05691760720929233,0.04459169780509718,0.04459169780509718,0.21045872626582057,0.26734743519409676,4.719684080783384
96,train,0,0,0.05619022334089095,0.04405709521122476,0.04405709521122476,0.19990572249422256,0.25590195883705746,4.5374240297914845
97,train,0,0,0.05683268049736944,0.04310242367934058,0.04310242367934058,0.2062754537723449,0.2630012463123421,4.785704286768793
98,train,0,0,0.056763890577596614,0.04110473026158276,0.041104730261582755,0.1878094939457951,0.2441785431583412,4.569048203226512
99,train,0,0,0.05549194718792569,0.041827066095305974,0.041827066095305974,0.21611327622935642,0.2711605853983201,5.166828477448712
100,train,0,0,0.05655907360097626,0.04360385864730972,0.04360385864730973,0.21950436862924835,0.27580345640308224,5.034058348017128
101,train,0,0,0.05502777587863966,0.041850886385995066,0.04185088638599505,0.18663562047985033,0.24130072971456684,4.459538055143939
102,train,0,0,0.054706036514689915,0.04172778141298639,0.04172778141298638,0.19903397613103152,0.25361711623554584,4.769819276063616
103,train,0,0,0.05541715767304049,0.04218805783216632,0.04218805783216632,0.20815568420966518,0.26351621997673647,4.933995422063651
104,train,0,0,0.05369262248937594,0.04066274646042396,0.04066274646042396,0.196587489538746,0.25019707032333827,4.834584641991158
105,train,0,0,0.0667268027481332,0.08626280451188244,0.08626280451188241,0.4815928946319327,0.5479473699233495,5.582856914483866
106,train,0,0,0.22944046978649568,0.3911362094944495,0.39113620949444944,1.1353279161006502,1.36456961746444,2.9026407899388347
107,train,0,0,0.23573106288821147,0.4046477679315696,0.40464776793156965,1.1616249704369839,1.3971243145788321,2.870706482269358
108,train,0,0,0.2372616117761936,0.4023528823846015,0.4023528823846015,1.1390784198476467,1.3756289519369602,2.8310432700189363
109,train,0,0,0.23697473643964623,0.40870857200797445,0.40870857200797445,1.1619906222944847,1.3981535016791895,2.84307866748587
110,train,0,0,0.23707622546551282,0.4096143591589286,0.4096143591589285,1.1549892995894189,1.3919842006871477,2.8196992458003365
111,train,0,0,0.24110816875379532,0.4125103869372167,0.41251038693721676,1.166118036118336,1.4069309244805481,2.826881632669814
112,train,0,0,0.26928332118474646,0.4661855591246463,0.4661855591246463,1.270613882260688,1.5396164853009395,2.725553928882979
113,train,0,0,0.26237879456328667,0.45679421913524576,0.4567942191352458,1.2700748616333075,1.532366777282732,2.7804092268016833
114,train,0,0,0.26418205669059536,0.45727693325891655,0.45727693325891655,1.2339924914585136,1.4981543868489098,2.6985671082599962
115,train,0,0,0.26501186797805715,0.45765520730506837,0.45765520730506837,1.2403799681883247,1.5052356690575834,2.7102935755770825
116,train,0,0,0.3707181277329455,0.6514623879332926,0.6514623879332927,1.6171767649596205,1.9878700954486703,2.482379328283206
117,train,0,0,0.4357010546082165,0.7570484639026952,0.7570484639026952,1.883004504168639,2.316347850719467,2.487297173104977
118,train,0,0,0.4384018154676887,0.767642935371144,0.767642935371144,1.9047707347337273,2.342896420392208,2.4813238642166344
119,train,0,0,0.4418508694504635,0.770340924104859,0.770340924104859,1.9255423857833012,2.3673860723429243,2.499597678807982
120,train,0,0,0.4588831598536344,0.8076721329248613,0.8076721329248613,1.9760307138188509,2.433557076146826,2.446575328361222
121,train,0,0,0.42587393242836696,0.748413823744008,0.7484138237440082,1.847697320394509,2.2732152658863924,2.4688177339526347
122,train,0,0,0.47237441500973365,0.8278871739247307,0.8278871739247305,2.0899312738482987,2.5621764412353514,2.524415572161419
123,train,0,0,0.4191206970429921,0.7387728564116938,0.7387728564116937,1.8672090492033457,2.286125836195424,2.527446742253903
124,train,0,0,0.41687192101383697,0.739579650279511,0.7395796502795113,1.8532899461278867,2.269947728520492,2.5058693075552685
125,train,0,0,0.41650737891689277,0.738732235448548,0.7387322354485483,1.8680506788681415,2.2845193257126084,2.5287250091826388
126,train,0,0,0.4221488380162045,0.7435707733199002,0.7435707733199005,1.864562616375275,2.2859882679767907,2.5075792154260736
127,train,0,0,0.4239454362891993,0.7496224556289036,0.749622455628904,1.8764247800804297,2.300233767935424,2.5031597786197355
128,train,0,0,0.424577903794765,0.747494199527551,0.747494199527551,1.8992445945267682,2.32327960972907,2.540815160475056
129,train,0,0,0.4259989399742917,0.7514756361298863,0.7514756361298863,1.874208436505811,2.2995875678607263,2.4940375261638814
130,train,0,0,0.4246254270842692,0.7581092225528979,0.7581092225528979,1.8976769143769125,2.322226646829222,2.5031708597167213
131,train,0,0,0.426690648914082,0.7518395087905057,0.7518395087905058,1.8918489705317187,2.3149856354575604,2.516293635027456
132,train,0,0,0.4274533044362324,0.7586522832115202,0.7586522832115202,1.8864230860209208,2.313410764618311,2.4865450586075233
133,train,0,0,0.43103808373911306,0.763625253247811,0.7636252532478113,1.9363248923351057,2.361634508240968,2.5357004421994023
134,train,0,0,0.43075727527361596,0.7604586194294312,0.760458619429431,1.9295675843455247,2.360052568546962,2.537373546759548
135,train,0,0,0.4299721711770981,0.7663366342994835,0.7663366342994834,1.8967659479482681,2.3265738605405204,2.4751080178779685
136,train,0,0,0.43151057011063676,0.7656067165674291,0.765606716567429,1.9185460781437578,2.3483740008668974,2.5059159443447574
137,train,0,0,0.43208624534412227,0.7615506340828412,0.7615506340828413,1.9170152980823914,2.3490084257064154,2.5172525795229777
138,train,0,0,0.43344102580298205,0.7701606792341547,0.7701606792341547,1.9257642201686975,2.358463093522005,2.5004707096753775
139,train,0,0,0.4346281391240191,0.7693488924688764,0.7693488924688764,1.935099472417729,2.3686010653618723,2.5152430728897324
140,train,2,1,0.4332776244977722,0.7683894684151168,0.7683894684151168,1.939213258375763,2.3722131913527846,2.5237374249488247
141,train,2,1,0.04237349501714925,0.02218787547291509,0.022187875472915092,0.06463042476310511,0.10671204520622268,2.9128712589900716
142,train,2,1,0.037137531874624985,0.023979734273067405,0.0239797342730674,0.12660448885157893,0.16373797031337745,5.279645195809092
143,train,2,1,1.3538988320469871,4.536209848063988,4.536209848063988,19.21363847569227,20.56750315384852,4.235615000018677
144,train,2,1,0.06617091687416542,0.04594147279390058,0.04594147279390058,0.09131909815574181,0.15746524702990428,1.9877268316018328
145,train,2,1,0.06978683893677953,0.04494837262025654,0.04494837262025654,0.1408246087551379,0.21043458416534122,3.133030197664454
146,train,2,1,0.045769970329885834,0.020293950797264572,0.020293950797264582,0.07409891167056049,0.11984836729243398,3.6512807393101725
147,train,2,1,0.052044231244452024,0.03195446791052604,0.03195446791052604,0.1606688017164397,0.21269855850368913,5.028054360545751
148,train,2,1,0.06180244102916913,0.053159770706666776,0.053159770706666776,0.31211567506351273,0.3733156417729333,5.871275795859861
149,train,2,1,0.04373894461186501,0.019743953025992952,0.019743953025992952,0.061679625727814706,0.10536965610299376,3.1239755102037248
150,train,2,1,0.054557938996556914,0.02463699500705267,0.024636995007052666,0.08504497545599587,0.1394554664439056,3.4519216094191125
151,train,0,0,1.9845035894425818,3.8071764554542225,3.807176455454222,11.486428417393356,13.469627105514519,3.0170465046183277
152,train,0,0,0.2437871823009482,0.4324611810732273,0.4324611810732274,1.2598236670795449,1.5033943523740163,2.913148560416623
153,train,0,0,0.2401776811569289,0.4287104158321065,0.42871041583210656,1.2945708730728074,1.5344270500645507,3.0196860754131825
154,train,0,0,0.23502009506744798,0.41852033324761356,0.41852033324761356,1.271318024439388,1.50516267423518,3.037649364785402
155,train,0,0,0.23561839221153968,0.41799081510436165,0.4179908151043616,1.2250035607990193,1.4606081190049736,2.9306949256604296
156,train,0,0,0.23839070033122334,0.42312361456671693,0.42312361456671693,1.2726789550871727,1.5110152033994382,3.0078183095273694
157,train,0,0,0.23580554532268433,0.41449390708478573,0.4144939070847856,1.2292263169362267,1.464945918356534,2.9656076866885908
158,train,2,1,0.13270591725057057,0.30899349298577444,0.30899349298577444,1.2883671618586212,1.4210541292468406,4.169560819579898
159,train,2,1,0.03885577807755908,0.023638741057712177,0.023638741057712177,0.08837479164270917,0.12707956138183363,3.738557456463053
160,train,2,1,0.04106847897150874,0.02405710689189071,0.0240571068918907,0.09966555282494664,0.1406391857090057,4.142873591277198
161,train,2,1,0.053298659861251506,0.03834566436724151,0.038345664367241517,0.10027300542576631,0.15351915324208676,2.614976349488652
162,train,2,1,0.07729507986422686,0.06164429006717576,0.06164429006717576,0.2425324171412358,0.3197164683806477,3.9343857618757623
163,train,2,1,0.06163218015794882,0.04353382013911669,0.043533820139116705,0.10795717543001046,0.16955972361574823,2.479846130778839
164,train,2,1,0.07620894488803243,0.04727154447060157,0.047271544470601584,0.11442089500912334,0.1905917145741114,2.420502572753515
165,train,2,1,0.0746237205749203,0.052117781844037224,0.052117781844037224,0.1713538301700901,0.24582630187796894,3.2878189383206573
166,train,2,1,0.0649399833897478,0.04263626728788168,0.042636267287881675,0.1010972035904997,0.16588621481787413,2.3711551226538568
167,train,2,1,0.06814101967646638,0.04707473916592583,0.04707473916592581,0.20798411336110076,0.2760741961938038,4.418168152308027
168,train,2,1,0.07773435040649201,0.09619336621756017,0.09619336621756018,2.419777274883425,2.497325079384609,25.155344594248046
169,train,0,0,0.2612712761086686,0.4628452195423155,0.46284521954231544,1.3460775235968367,1.6073429378529909,2.908267098292396
170,train,0,0,0.24071674999561218,0.4239039794249201,0.42390397942492003,1.288774316937066,1.5292939104547258,3.040250574400017
171,train,0,0,0.23925153834506638,0.4209198680883131,0.4209198680883131,1.3128085889132344,1.551658099226188,3.118903830497719
172,train,0,0,0.23808243684081207,0.4222949848737227,0.4222949848737226,1.27471050806733,1.512767892660122,3.0185310120329807
173,train,0,0,0.23639961884733565,0.4214702176849031,0.421470217684903,1.2956378777194368,1.5319866250683845,3.074091177393876
174,train,0,0,0.23696915955942677,0.4175601715079131,0.4175601715079131,1.2793156638582368,1.516229583277891,3.0637875715931226
175,train,0,0,5.496170519651845,2.668125692698711,2.6681256926987116,5.4735755685586485,8.745112873613834,2.051468408530007
176,train,0,0,5.500643960824702,2.6696646689431476,2.6696646689431476,5.4963553242110645,8.785581625532359,2.0588186179903007
177,train,0,0,5.5019467069807,2.66932758249095,2.6693275824909506,5.50150898141251,8.775282870745286,2.0610093034286328
178,train,0,0,5.502897754787467,2.6731396933931153,2.673139693393117,5.491014187700115,8.775843788869679,2.054144121712608
179,train,0,0,5.5045218393497635,2.671010377050686,2.671010377050686,5.502080907375785,8.780160424532369,2.0599249462486737
180,train,0,0,5.507415947517031,2.671039106137014,2.6710391061370133,5.507296524372534,8.786431098706089,2.0618554448412603
181,train,0,0,5.505802964392118,2.672457310980154,2.6724573109801546,5.492751624966972,8.77476756926626,2.055318751921407
182,train,0,0,5.505241468993947,2.670658895529727,2.670658895529727,5.504408424234017,8.790914048440754,2.0610675640560285
183,train,0,0,5.506397880672943,2.672843432303305,2.672843432303303,5.499177128601354,8.782846920657903,2.0574258342780967
184,train,0,0,5.503545098184608,2.6725309281556022,2.672530928155603,5.49910512677487,8.781344749964774,2.0576394715738515
185,train,0,0,5.507222968531773,2.672153202318933,2.6721532023189334,5.476763402489945,8.765870885923505,2.0495693876148757
186,train,0,0,5.504102437965572,2.673497654031583,2.673497654031583,5.498824706509709,8.793532273732126,2.056790548597485
187,train,0,0,5.508580630814657,2.671928882586086,2.6719288825860867,5.501256719401106,8.785085985437036,2.0589083621404587
188,train,0,0,5.507220000705915,2.6721603075642855,2.672160307564285,5.5064497212667485,8.810004523722455,2.0606734205576016
189,train,0,0,5.507341068726033,2.6730539152943913,2.6730539152943917,5.501866777915508,8.790901937521994,2.0582700357952075
190,train,0,0,5.5009004589208415,2.6701008927789913,2.6701008927789904,5.500859044308345,8.79060895312432,2.0601689843199726
191,train,0,0,5.507986976151471,2.6727731435264355,2.672773143526435,5.506175280749914,8.787910747225396,2.06009825191715
192,train,0,0,5.507838004480698,2.672874614922686,2.6728746149226854,5.5071042526770615,8.7935682348907,2.0603675989628707
193,train,0,0,5.503301153241657,2.6709711876906503,2.670971187690648,5.491688505097293,8.769233947619796,2.0560642999093783
194,train,0,0,5.505687730051111,2.673178543211604,2.673178543211604,5.498284652027767,8.794675169046968,2.0568340509803846
195,train,0,0,5.505655361695215,2.6720731662185533,2.672073166218553,5.488014914451167,8.77717556990683,2.053841557870835
196,train,0,0,5.502933122717775,2.670601371955307,2.670601371955307,5.49794368402753,8.786633676849306,2.058691252750371
197,train,0,0,5.503192744377069,2.669042104059466,2.669042104059465,5.494926366182975,8.764527391642332,2.0587634634258847
198,train,0,0,5.501705714847951,2.670421585501254,2.6704215855012534,5.501021228087659,8.793294204340782,2.0599823106414434
199,train,0,0,5.498920944135636,2.6695403161101208,2.669540316110122,5.494542877737433,8.766876473091543,2.058235586321363
200,train,0,0,5.497985914839083,2.6671321220214783,2.6671321220214796,5.496597924177186,8.766345583251677,2.060864506408925
201,train,0,0,5.4983769480912015,2.669569328979651,2.6695693289796516,5.488491507510655,8.766709675081074,2.0559464209938447
202,train,0,0,5.498701143791666,2.6684307263565543,2.6684307263565543,5.494937329102075,8.784101824043319,2.0592392655457092
203,train,0,0,5.502406375936698,2.669911149459756,2.669911149459756,5.4997772890958005,8.786801531445235,2.0599102296751166
204,train,0,0,5.5004008883377535,2.669391059407476,2.669391059407474,5.497699598385952,8.768331043422222,2.059533232873822
205,train,0,0,5.499814785031136,2.669488860346734,2.669488860346733,5.497009330840315,8.771386402193457,2.0591992019499656
206,train,0,0,5.499416312479822,2.6682977037945057,2.6682977037945053,5.49855772579083,8.773758608440403,2.060698743611516
207,train,0,0,5.499098903169855,2.668141355406714,2.6681413554067137,5.488847833728418,8.772824263200164,2.057180299913958
208,train,0,0,5.50387411623355,2.6687592210398927,2.668759221039893,5.494661979033611,8.77455651666969,2.058882620700639
209,train,0,0,5.50348115607258,2.6707212003906093,2.670721200390608,5.494574481501244,8.775746989063919,2.0573373516852422
210,train,0,0,5.504283696869388,2.6712658913034133,2.671265891303414,5.50089024332352,8.782203393988311,2.0592821782482393
211,train,0,0,5.501939023190643,2.6724892195440915,2.672489219544091,5.497464556989725,8.780695135239512,2.057057711135522
212,train,0,0,5.501540022328496,2.669931758397826,2.6699317583978255,5.480636870846152,8.765979249030352,2.0527254502320975
213,train,0,0,5.505907304637134,2.6717253130529706,2.671725313052971,5.492321040533483,8.784688729792833,2.0557207036592495
214,train,0,0,5.506606529398589,2.6721714889649606,2.672171488964961,5.503674591124756,8.794262542622164,2.0596262679445583
215,train,3,1,3.743974790551234,2.7763271566196632,2.7763271566196615,3.7423502263766713,7.265922089572996,1.3479500128267299
216,train,3,1,3.9355543091334404,2.8628369474350053,2.8628369474350053,3.9338493266515435,7.3709485018625855,1.3741087595561896
217,train,3,1,3.8144884452929255,2.974922885614849,2.974922885614849,3.8130478538812604,7.414265089435503,1.2817299810758591
218,train,3,1,3.7354477468671976,2.7541213736458254,2.7541213736458254,3.734832812266308,7.295834249816835,1.3560886778647105
219,train,3,1,3.895179423181573,2.846893410846777,2.846893410846777,3.894029243760044,7.411218118155375,1.3678170137749581
220,train,3,1,4.065429020394455,2.9474690086694117,2.947469008669411,4.0636515999919505,7.620555152534507,1.3786918837957258
221,train,3,1,3.846707979718107,2.97608040661383,2.9760804066138298,3.9845259985533774,7.829989655991085,1.338850250718512
222,train,3,1,3.909433442889509,2.9728197253935655,2.9728197253935655,3.9089620630196587,7.477671358472435,1.3149004729851754
223,train,3,1,3.9634231514618734,2.9423693167579446,2.9423693167579446,3.9633365879680498,7.753812533948803,1.346988145028327
224,train,3,1,4.060837508681725,2.989962925623019,2.9899629256230207,4.0603994191410315,7.850597505399492,1.3580099553558722
225,train,3,1,3.9077234282115487,2.902375181268684,2.9023751812686838,3.9077173439730277,7.461200828755864,1.3463860114269892
226,train,3,1,3.984799138009701,3.0298623317529443,3.0298623317529434,3.9847676729490997,7.789619451992621,1.315164597146462
227,train,3,1,3.9610610041889593,2.9863802098643144,2.9863802098643153,3.959923613339779,7.796447619679384,1.3259944598680875
228,train,3,1,3.91287978970923,2.984292456612598,2.984292456612597,3.911720572849852,7.661196682951413,1.3107698490415238
229,train,3,1,3.4813820823492714,2.757883370988737,2.757883370988738,3.4803530313238733,6.952483140747063,1.261965269429113
230,train,3,1,3.990545826940535,2.9517499117393973,2.9517499117393973,3.9902286815978294,7.802189301495673,1.3518180065757945
231,train,3,1,4.188915524589015,3.0709212654564113,3.0709212654564113,4.188273576511187,7.923193806316704,1.3638492212820412
232,train,3,1,3.7452181896827534,2.830538012028858,2.8305380120288586,3.7446018993672334,7.396743557706941,1.3229293807233475
233,train,3,1,3.5195522890968425,2.5432643824844328,2.543264382484433,3.519361011301604,6.607134752935963,1.383796759605328
234,train,3,1,3.373897931572399,2.612018135941706,2.6120181359417063,3.372822445269092,6.6172049244632944,1.291270684096186
235,train,3,1,3.70896772717312,2.778308245124958,2.7783082451249603,3.997452694427222,7.70216185040772,1.4388082033163416
236,train,3,1,3.8793825060885867,2.9702208752366004,2.970220875236601,3.9414940922695676,7.819277429487556,1.3270037003411732
237,train,3,1,4.262848066262901,2.473605699979265,2.4736056999792644,4.250280018992722,7.554161975160241,1.718252839985108
238,train,0,0,5.506675159892999,2.674485116065212,2.674485116065212,5.495380665509962,8.793618072755635,2.054743409301504
239,train,0,0,5.507486291389912,2.674032915614223,2.674032915614223,5.492779243897647,8.788097899407148,2.0541180371506234
240,train,0,0,5.502250527910422,2.6708701958105565,2.6708701958105547,5.49748168927012,8.795246610883623,2.0583110695133375
241,train,0,0,5.499606173484877,2.6689779366715296,2.6689779366715287,5.499346711381164,8.779534277215134,2.06046915406104
242,train,0,0,5.502226038469002,2.671499569874119,2.671499569874119,5.49366243985109,8.78907815553248,2.056396527928302
243,train,0,0,5.501219407563098,2.6700933096500736,2.670093309650074,5.491040583607741,8.775632600300014,2.0564976376527317
244,train,0,0,5.503955942868139,2.6712601820057467,2.6712601820057467,5.502221562374267,8.791200990905054,2.0597849657021654
245,train,0,0,5.502637136530829,2.6678429076177688,2.66784290761777,5.499907974189846,8.781884446972981,2.0615561577802746
246,train,0,0,5.502654259967967,2.6701517356597577,2.6701517356597586,5.500819047507248,8.780804291018285,2.060114777015872
247,train,0,0,5.501809192792891,2.6674280341471275,2.6674280341471275,5.50153160217512,8.792002606525784,2.062485484799277
248,train,0,0,5.503439082527533,2.669212557356756,2.669212557356757,5.496910759011284,8.774167591705918,2.0593754303534046
249,train,0,0,5.500858124786988,2.669730004635006,2.6697300046350065,5.495406949402764,8.787303951568902,2.0584130005139123
250,train,0,0,5.503814237192273,2.6712916180332664,2.6712916180332664,5.495502036064863,8.799030328169465,2.0572452662846734
251,train,0,0,5.500290731443471,2.6699268407087895,2.669926840708789,5.499920307289955,8.781240064738085,2.0599516898485066
252,train,0,0,5.5013786822406106,2.6688676384530043,2.668867638453006,5.498868363940855,8.768623104551807,2.0603750761983246
253,train,0,0,5.4837200798792765,2.659742679806617,2.659742679806617,5.476794712129049,8.751247621141374,2.0591445757930438
254,train,0,0,5.487362333903787,2.6595759239083865,2.659575923908386,5.486946233180118,8.746695219771937,2.0630906543614533
255,train,0,0,5.488629083776846,2.6607435103022934,2.6607435103022934,5.4762853809390215,8.731493653729558,2.058178610503065
256,train,0,0,5.487524823404616,2.6595657474866323,2.6595657474866328,5.486697157265386,8.745399598265067,2.063004895611426
257,train,0,0,5.493314468176104,2.6607327680699027,2.660732768069903,5.484262509145774,8.747004826553166,2.0611850145041286
258,train,0,0,5.487741651650518,2.658747972687642,2.658747972687642,5.478757990229875,8.73132700752467,2.0606533776466134
259,train,0,0,5.494452832351438,2.661989954233829,2.6619899542338286,5.484277871522121,8.735257892869413,2.060217343344784
260,train,0,0,5.486138525004499,2.6596788452109243,2.6596788452109252,5.470566752883606,8.737756551243365,2.056852376268671
261,train,0,0,5.4830587855099004,2.6566464837518016,2.656646483751801,5.482419730003574,8.719077016576193,2.063661749327342
262,train,0,0,5.48730882775411,2.6564605767725658,2.6564605767725653,5.469298919256777,8.713561289012432,2.0588669627093186
263,train,0,0,5.488874839281663,2.6570193156194373,2.6570193156194377,5.482073310425505,8.745331840589643,2.0632417981302686
264,train,0,0,5.4884356904586316,2.658870793996207,2.658870793996207,5.486226560948184,8.753798065008596,2.0633671155951667
265,train,0,0,5.485682996281889,2.657629707650936,2.6576297076509356,5.48202619032329,8.734092293772846,2.0627501922262987
266,train,0,0,5.492023007720709,2.6577006685245292,2.65770066852453,5.470357311666012,8.719276305288076,2.0583045248293437
267,train,0,0,5.487695089970716,2.6574222568435646,2.6574222568435646,5.483612070289441,8.736910480074584,2.0635079939470256
268,train,0,0,5.487523540912662,2.656680109608842,2.656680109608842,5.484172764758114,8.741609055083245,2.0642954885394835
269,train,0,0,5.486834156350232,2.6577544259830015,2.6577544259830015,5.480303337820805,8.743317547254264,2.062005159033401
270,train,0,0,5.483947348931804,2.658995335509729,2.658995335509729,5.466555823722854,8.725424446165562,2.055872663904059
271,train,0,0,5.485577787597664,2.6555973565112723,2.655597356511273,5.475679970671423,8.74255121871829,2.0619390802018893
272,train,0,0,5.4870528769651425,2.656950547532307,2.656950547532309,5.472249095791019,8.729708776809275,2.0595976469616533
273,train,0,0,5.48232292043278,2.6591936263657567,2.6591936263657567,5.478198041992727,8.730332137551159,2.0600974625076938
274,train,0,0,5.487049055330223,2.6580208314559437,2.6580208314559437,5.485567016804358,8.748672456713393,2.0637787905520715
275,train,0,0,5.4869063205344135,2.6572359207392235,2.657235920739223,5.484966738594463,8.744572831084952,2.06416249900332
276,train,0,0,5.484394068547874,2.657093751612092,2.6570937516120923,5.484252870383091,8.74434370326344,2.06400427800326
277,train,0,0,5.484816159753362,2.657595764934771,2.6575957649347703,5.480960038889433,8.746983112534508,2.062375366188906
278,train,0,0,5.484971006476204,2.6578339336236145,2.6578339336236145,5.483658544445294,8.738336356938817,2.063205859129442
279,train,3,1,5.150603623246367,2.7690031709392304,2.7690031709392304,5.150305314746744,8.73061294638319,1.8599853437509026
280,train,3,1,3.4604290689872577,2.7002777709795693,2.70027777097957,3.5655094419075177,7.025692792609334,1.3204232098737276
281,train,3,1,4.033943787963828,2.7145516733704325,2.7145516733704333,4.033290528507671,7.3691945150494576,1.4858035557303901
282,train,3,1,3.686611619282281,2.8679411913522888,2.867941191352288,3.864176783275092,7.548319340450689,1.3473696026009028
283,train,3,1,3.3128896089492192,2.4930577195469237,2.4930577195469246,3.3126071271417024,6.459367557865335,1.3287326246677187
284,train,3,1,3.445773832549807,2.512234312387779,2.512234312387778,3.4432272604233587,6.668573594652116,1.3705836447837976
285,train,3,1,3.061051375878509,2.4642602469500168,2.4642602469500168,3.209010593878571,6.2679270000662655,1.3022206554077729
286,train,3,1,3.9999955258973934,3.089779431671267,3.089779431671266,3.9996794192703966,7.795199430634966,1.294487036282381
287,train,3,1,3.4099634796860627,2.748824469712392,2.7488244697123925,3.729252466511447,7.135111212264746,1.3566717364465386
288,train,3,1,3.9680288579311456,2.8672630673993633,2.867263067399363,3.9669529776783894,7.328772886074148,1.383532966605836
289,train,3,1,3.8857091812004803,2.992964338301946,2.992964338301947,3.8822730062582997,7.707374009536579,1.297133065227533
290,train,3,1,3.76387459113705,2.97303735114369,2.973037351143689,3.9162716262091415,7.6788085147272795,1.3172628405433933
291,train,3,1,3.9779825851438217,2.953744160170992,2.953744160170992,3.9773449916393147,7.469984946015757,1.3465434973247874
292,train,3,1,3.890519199353177,2.8474261879370077,2.847426187937006,3.8866759677608496,7.3905139728449285,1.3649786548380354
293,train,3,1,3.8101154942995636,2.837081486268854,2.837081486268854,3.809495108260191,7.338668802345637,1.3427513896578955
294,train,3,1,3.953719335668371,3.0142523977398556,3.0142523977398574,3.953084925249801,7.719115517102182,1.3114644706640683
295,train,3,1,3.620666246946086,2.723969046423059,2.723969046423059,3.8368361181662185,7.455712718539871,1.4085461518751488
296,train,3,1,3.642289907428203,2.6823796393654673,2.682379639365467,3.8316442661557812,7.473015273688361,1.4284496534063238
297,train,3,1,3.37730273344554,2.495405329521156,2.4954053295211556,3.374700768813491,6.690285818418488,1.352365777571319
298,train,3,1,4.000533913592575,2.8094286954485277,2.8094286954485272,3.9993155316726767,7.430306848487817,1.4235333817696993
299,train,3,1,3.438833778273116,2.5708071306612594,2.570807130661259,3.438805042353275,6.790527218059651,1.3376363404860911
300,train,3,1,3.4202879897392706,2.5716326789671187,2.5716326789671196,3.419564805711096,6.671445547661278,1.3297252106333255
301,train,3,1,3.438675226432446,2.5424225894261947,2.5424225894261943,3.5466238839801516,6.9845690334332176,1.3949781199751683
302,train,0,0,5.496877150929999,2.6562728042304364,2.6562728042304364,5.494529945630115,8.772037293296307,2.0685111622870247
303,train,0,0,2.8451380261238666,3.0225157478841296,3.02251574788413,5.387788342589513,8.215262880548835,1.7825509582079626
304,train,0,0,0.30023879419846344,0.29681802077681013,0.2968180207768102,0.5892996131272812,0.8895095375337405,1.985390279151548
305,train,0,0,0.29450763762988935,0.2959078056242434,0.29590780562424346,0.5917070358892451,0.8862048869777936,1.9996330770693502
306,train,0,0,0.29533415003170377,0.3009350079591554,0.3009350079591555,0.6086723907435954,0.9039134692138759,2.0226041326046307
307,train,0,0,0.29240592121021475,0.2972413170658256,0.29724131706582535,0.6020199477778223,0.8941250177740585,2.025357557019916
308,train,0,0,0.2919984019097137,0.2976465471073405,0.29764654710734056,0.5971311175528717,0.8890955060815031,2.0061751878395815
309,train,0,0,0.19381789811662747,0.1887615274148268,0.1887615274148267,0.38787134043165133,0.5815959123210632,2.054822006071482
310,train,0,0,0.1930655684279991,0.18864032295223257,0.18864032295223268,0.4231844101143288,0.6161404813392437,2.24334014855078
311,train,0,0,0.19733739747824255,0.2036734339617215,0.20367343396172144,0.43898593530831753,0.636294040525172,2.155342141434218
312,train,0,0,0.17862156647545271,0.17286428913792803,0.172864289137928,0.4828261969675405,0.6614400184025726,2.7930939315192775
313,train,0,0,0.18980772238477947,0.1937497093079708,0.19374970930797075,0.47947578686967607,0.6692684199642827,2.474717451614523
314,train,0,0,0.16036014375334343,0.16714107932004169,0.16714107932004163,0.6283131975209181,0.7886322954691423,3.7591787732674886
315,train,0,0,0.17695035030366854,0.1759986649831149,0.17599866498311487,0.4741465897369198,0.6509552373318002,2.6940351495416683
316,train,0,0,0.17807178745175042,0.17916862274415435,0.17916862274415432,0.5959828590402539,0.7739380562197766,3.32637964121259
317,train,0,0,0.16315059221794945,0.1711233947914787,0.17112339479147876,0.5982430144448008,0.7611303890298586,3.495974440980356
318,train,0,0,0.159866366014674,0.16920195852122652,0.16920195852122655,0.6239653495691273,0.7837922530416108,3.6876957868714637
319,train,0,0,0.17487794576837767,0.1789151157455846,0.17891511574558466,0.47870391191289674,0.6534692765781074,2.6755923328110995
320,train,0,0,0.17252695920727273,0.17396584489414368,0.1739658448941437,0.354853745672488,0.52737130317837,2.0397897408448915
321,train,0,0,0.1649914289319131,0.15994975963904212,0.15994975963904212,0.4201116656458762,0.5849356630642433,2.626522644322444
322,train,0,0,0.16859758665176924,0.17870256296770132,0.17870256296770143,0.6865985913076729,0.8548955892038066,3.8421306326298645
323,train,0,0,0.17103716304711997,0.18309940248742473,0.18309940248742473,0.6908561927992851,0.8617643250036053,3.7731209573266256
324,train,0,0,0.1624523844656069,0.17114332062477972,0.17114332062477977,0.6652419123712461,0.8275255465996452,3.887045722513146
325,train,0,0,0.16743527243880807,0.1739389804658579,0.17393898046585798,0.5841503899261516,0.7515840089037056,3.358363883481615
326,train,0,0,0.16685910757369857,0.18025498043248578,0.18025498043248567,0.8426387733619704,1.009434598207008,4.6747045287748925
327,train,0,0,0.15358018413255922,0.16552172552142408,0.16552172552142408,0.5810957001142669,0.7345531864266377,3.510691410953504
328,train,0,0,0.15799786586926712,0.16877544236945669,0.1687754423694567,0.5368710563643144,0.6948177373160433,3.180978516940163
329,train,0,0,0.14309914279541408,0.15310983518029986,0.15310983518029983,0.45905058216491307,0.6021167109720409,2.9981782791702574
330,train,0,0,0.17700175990798744,0.18248455276644188,0.18248455276644202,0.5562529707934591,0.7332186580315465,3.0482194923391415
331,train,0,0,0.1300660835786948,0.1506457803181491,0.1506457803181491,0.6079443229154458,0.7379612340773747,4.035588130192077
332,train,0,0,0.2890362738871918,0.2895761523534106,0.2895761523534106,0.5592185855602875,0.8481304352317238,1.9311624283127922
333,train,0,0,0.2943640459092567,0.29459520171571646,0.2945952017157167,0.5644557964293053,0.8587408875173423,1.9160386630261654
334,train,0,0,0.29544606262661544,0.29905781034957424,0.29905781034957435,0.589574729857668,0.8849215822192491,1.9714406695096942
335,train,0,0,0.2927327511495387,0.2966554001577807,0.29665540015778064,0.597249353151914,0.8899543324041588,2.0132765249992346
336,train,0,0,0.2988479412153101,0.30019370258556377,0.30019370258556366,0.6009953939363623,0.8998041990198544,2.0020253215174013
337,train,0,0,0.2945014584956843,0.29814706340184666,0.2981470634018467,0.6027593266071599,0.8972137732016563,2.0216845999745856
338,train,0,0,0.29183581337535724,0.29863516189576644,0.29863516189576644,0.6088666035214628,0.9006785509191104,2.0388309255223516
339,train,0,0,0.28963107485214457,0.2975400186492238,0.29754001864922386,0.6029505668218972,0.8925662623569224,2.026452003193319
340,train,0,0,0.2932054203655134,0.3025787931778515,0.3025787931778513,0.6184937554691423,0.9115996227337746,2.0440750290969696
341,train,0,0,0.28793175398275345,0.29844190378877744,0.29844190378877733,0.6123310786588481,0.9001609611295862,2.0517597257127345
342,train,0,0,0.29037598039302975,0.2985850392531291,0.29858503925312885,0.6163471612771974,0.9066956269380171,2.0642265359942633
343,train,0,0,0.2880703265176057,0.29610601589024504,0.29610601589024493,0.615305001069522,0.9033738443908987,2.0779888555104256
344,train,0,0,0.29212659924432227,0.29918089234625383,0.2991808923462539,0.6098229852397781,0.901915108996036,2.0383085980437743
345,train,0,0,0.2951845231897605,0.2999242435703195,0.2999242435703195,0.615774064933561,0.910723383363802,2.0530986678614
346,train,0,0,0.2911365209775353,0.29966397844705656,0.2996639784470568,0.6248133600992775,0.9159484735106389,2.0850466023218286
347,train,0,0,0.29145351002069403,0.2997007850540087,0.2997007850540086,0.6056738798871428,0.8971019072905619,2.0209285730699547
348,train,0,0,1.6148445077242795,2.4193818590487117,2.419381859048712,7.134857945889002,8.749584124918329,2.9490416815369485
349,train,0,0,3.102997366811891,4.179176085814663,4.179176085814663,9.89382308301721,12.996672489636694,2.367409958292908
350,train,0,0,4.684306874947426,5.464249748198043,5.464249748198042,10.939953073783043,15.624198266224994,2.0020960933183436
351,train,0,0,6.484241720413324,5.18576359787758,5.185763597877581,8.197246316696052,14.677384763490409,1.5807211728762578
352,train,0,0,4.525486035043373,3.67721878176883,3.677218781768829,5.9429492524322125,10.464059795252979,1.6161532955005504
353,train,0,0,3.481679272109992,2.8285522866444004,2.8285522866444,4.540960956161492,8.021340700681321,1.6054011013346252
354,train,0,0,2.8732506842964214,2.3134663551955557,2.313466355195555,3.76410988851852,6.636525107023772,1.6270432807743787
355,train,0,0,2.485255609803833,1.9755089660935705,1.9755089660935707,3.2605930458968504,5.733907964080572,1.650507844742635
356,train,0,0,2.22065541220305,1.7429931185376613,1.742993118537661,2.8952513031900162,5.11438642826397,1.6610801685890064
357,train,0,0,2.0298216347539566,1.5744867878827198,1.5744867878827198,2.6256606574213364,4.654275003238581,1.6676295270487314
358,train,0,0,1.8857081386391072,1.4441671403787655,1.4441671403787657,2.4430782344993203,4.328074965393171,1.691686624207893
359,train,0,0,1.7827561902031301,1.349928521287509,1.3499285212875094,2.2230717135444285,4.0013621635735035,1.6468069816201445
360,train,0,0,1.6900295274269301,1.2682029776342048,1.2682029776342048,2.1345666391837876,3.822180953575298,1.6831427435738708
361,train,0,0,1.617410262514837,1.1993779688330823,1.1993779688330823,2.0458981195194648,3.6569968666881323,1.7057993165490544
362,train,0,0,1.5589019640808692,1.1439122153071175,1.1439122153071173,1.9041336194152245,3.462205454125069,1.6645801958710644
363,train,0,0,1.5068668297813275,1.0957554666741747,1.0957554666741744,1.8426464625312946,3.347925476846285,1.6816219663718182
364,train,0,0,1.4625257164579817,1.055899698145716,1.0558996981457163,1.783724436129909,3.2437739255838096,1.6892934426085529
365,train,0,0,1.427604759840993,1.02324713389828,1.02324713389828,1.759867345185252,3.185737006831914,1.7198849494751662
366,train,0,0,1.3921971528573194,0.9901042751424544,0.9901042751424542,1.698757627721294,3.089558095554821,1.7157360798961099
367,train,0,0,1.3641733270795557,0.966895274992415,0.966895274992415,1.6548481839983251,3.0189853643059905,1.7115071578060064
368,train,0,0,1.3410144993716677,0.9433201197610855,0.9433201197610852,1.584827308947424,2.9254543797287624,1.6800524824476484
369,train,0,0,1.3226920052456552,0.9266701400890012,0.9266701400890014,1.5944310740542715,2.9161478260648437,1.7206026233899536
370,train,0,0,1.3057070206376666,0.9101358354466695,0.9101358354466693,1.5647158194807416,2.8699886673421133,1.7192113073020827
371,train,0,0,1.2921858788505196,0.8958666033159904,0.8958666033159903,1.542276286982,2.8307794923894107,1.7215468031438692
372,train,0,0,1.2779757705895463,0.8824321802548291,0.882432180254829,1.5124750407965621,2.7896676271921024,1.713984456414304
373,train,0,0,1.2650083163888777,0.8718675736491249,0.8718675736491249,1.4891873737661516,2.753223915991839,1.7080430776124509
374,train,0,0,1.2533281648824923,0.8613744342119136,0.861374434211914,1.4711243306924588,2.718376556877047,1.707880188060626
375,train,0,0,1.242165993637871,0.8515044557268794,0.8515044557268794,1.4470499048759229,2.68449239525944,1.6994037965904256
376,train,0,0,1.2355662433422985,0.8448020790673293,0.8448020790673296,1.4366864116869984,2.671781907149125,1.7006189346422007
377,train,0,0,1.223579828736838,0.8357000046827162,0.8357000046827161,1.4061859202408231,2.628113495418802,1.6826443847809947
378,train,0,0,1.2181301474559587,0.829715226766873,0.8297152267668728,1.4157399773609358,2.6335153428371996,1.7062962468190546
379,train,0,0,1.2134422525700648,0.8250907087989678,0.8250907087989681,1.422263933724491,2.634328087326139,1.7237667550453815
380,train,0,0,1.2078173255255096,0.8180191557640316,0.8180191557640315,1.3842890167901643,2.591556452389341,1.6922452329337392
381,train,0,0,1.1838263844720787,0.8298627536198822,0.8298627536198827,1.422883572650724,2.605083434842527,1.714601078845953
382,train,4,1,0.46943516384960093,0.39612840177624287,0.396128401776243,1.2546988045036707,1.7240547692490509,3.1674043034470416
383,train,4,1,0.4702292471767141,0.4946606417126554,0.49466064171265534,2.788026711380415,3.258190171174647,5.636241245568834
384,train,4,1,0.3417800599884688,0.44449175230474897,0.44449175230474897,4.6977001493621175,5.039478003990325,10.568700375212625
385,train,4,1,0.3230562203841746,0.4315413351908875,0.4315413351908876,4.042336941389507,4.365372965368806,9.367206827594913
386,train,4,1,0.40464326429809444,0.5030114542648155,0.5030114542648156,6.233575615401612,6.637651739700232,12.392512262990897
387,train,4,1,0.19306653028493748,0.2914599958772117,0.2914599958772117,4.53254658693308,4.725472561709466,15.551179067615791
388,train,4,1,0.1632189709336726,0.40341254346159217,0.40341254346159217,5.012152199110273,5.175359361937808,12.424383625016029
389,train,4,1,0.14642431395525637,0.46375292021888537,0.46375292021888537,8.773371676034978,8.91963225082145,18.918202546075744
390,train,4,1,0.2815214560645727,0.621038954226573,0.6210389542265731,9.821593625722537,10.103081642733741,15.814778700885379
391,train,4,1,0.2925549147358943,0.577539316731194,0.577539316731194,8.64829534313764,8.940830331037432,14.974383721762868
392,train,4,1,0.21210239473116235,0.4349110601158255,0.43491106011582553,6.263032454817178,6.474882338749012,14.400720122291686
393,train,4,1,0.2790411425537277,0.6099034007235602,0.6099034007235602,8.023260264306623,8.302263883593696,13.15496889308735
394,train,4,1,0.2869573628399412,0.40421083447136885,0.40421083447136896,5.549033542921777,5.83595078099097,13.728067309672339
395,train,4,1,0.28177438534424437,0.436760464017369,0.43676046401736907,6.551404611695551,6.833081560012943,14.999994622761951
396,train,4,1,0.3172101293501637,0.4729628497107478,0.47296284971074776,7.1701489175858715,7.487341788129925,15.160067903791926
397,train,4,1,0.15703437875612145,0.5081323598673134,0.5081323598673134,7.420177001248762,7.577095752414607,14.60284285611403
398,train,4,1,0.14464198086070246,0.4718904439792188,0.4718904439792188,8.56284226443959,8.707143976149382,18.14582679876578
399,train,4,1,0.3208828930836753,0.5196256549123113,0.5196256549123113,5.639163398267643,5.959695437428309,10.852357548087713
400,train,0,0,2.407093113227282,1.895741661234486,1.8957416612344857,3.1352009121938607,5.5398822533898056,1.6538123185794487
401,train,0,0,2.153953913631616,1.6804149995432884,1.6804149995432882,2.8161307535741944,4.96815212094225,1.6758543302336488
402,train,0,0,1.97670375366183,1.5216689689754288,1.5216689689754288,2.5255068634035998,4.49804814113304,1.6596953180323286
403,train,0,0,1.8405930972516071,1.4000996799431495,1.4000996799431498,2.3403179668963423,4.180498813511804,1.6715366772966975
404,train,0,0,1.7303505682114628,1.3025091546872123,1.3025091546872123,2.149614498698327,3.8794984882115386,1.650364215071134
405,train,0,0,1.6452843044663896,1.224378059039245,1.224378059039245,2.036480059776164,3.681424133654218,1.6632771591596194
406,train,0,0,1.575539613059722,1.1626971415214784,1.1626971415214786,1.972119307228364,3.5431152265518904,1.6961590742776698
407,train,0,0,1.5215027397265657,1.1081015695690908,1.1081015695690912,1.874570124805905,3.391624817624688,1.6916952166531731
408,train,0,0,1.4700824351941701,1.0642870740291788,1.0642870740291788,1.7969814209307078,3.265733450418338,1.6884367618293945
409,train,0,0,1.4288152256433386,1.0251908635258935,1.0251908635258935,1.7652396163519006,3.1930656970944256,1.72186436609549
410,train,0,0,1.3924161106985993,0.9912996639657824,0.9912996639657824,1.6862865775185638,3.0722864512354136,1.7010866025843532
411,train,0,0,1.3646733345326503,0.9651638603744715,0.9651638603744714,1.6340787826243321,2.9977141523268074,1.6930584014929135
412,train,0,0,1.3399083432612824,0.9410706266656185,0.9410706266656185,1.5948701086582733,2.9338279052753933,1.694740079508361
413,train,0,0,1.3193877220989672,0.9223918986626161,0.9223918986626162,1.5998422621844801,2.9178955734241754,1.7344496027167031
414,train,0,0,1.2970922697872156,0.9021069628237051,0.9021069628237053,1.5579349290042883,2.853925780742429,1.726995792303566
415,train,0,0,1.2816404753687094,0.8865635254987496,0.8865635254987493,1.5079060143468668,2.78905396675691,1.7008437308523066
416,train,0,0,1.2640214078206335,0.8706998473442137,0.870699847344214,1.4731314070444788,2.736081807874143,1.6918934941102675
417,train,4,1,0.16436295875054202,0.5578162248393287,0.5578162248393287,8.988985010304633,9.153334413218545,16.114599414697533
418,train,4,1,0.20224768559314543,0.5197307588112716,0.5197307588112717,6.014439516860468,6.216556292944006,11.572221606850237
419,train,4,1,0.16460925548172237,0.40908865398017075,0.4090886539801707,6.4358498433341955,6.600379878880631,15.73216411826018
420,train,4,1,0.15606145925764575,0.43430795251145293,0.434307952511453,6.206939410493331,6.362517376051983,14.291562875145948
421,train,4,1,0.2868383678201499,0.5050364647131005,0.5050364647131006,5.285006686806315,5.5717092124104965,10.464604154491306
422,train,4,1,0.13696393185323177,0.5113595723076966,0.5113595723076966,7.16324892825419,7.30016388337026,14.00824256780296
423,train,4,1,0.1218520209274102,0.38041306422709537,0.38041306422709537,5.964639087013263,6.086445320066559,15.67937499499899
424,train,4,1,1.128466344571956,1.1906782973293057,1.1906782973293055,6.20516612460529,7.333551935160358,5.211454797255895
425,train,0,0,1.6610688634787403,1.2380177915964037,1.2380177915964035,2.1085420183266796,3.7695711236847274,1.7031597062977177
426,train,0,0,1.5862946178147104,1.1721223594296128,1.1721223594296126,1.9713738296797965,3.554180398816243,1.6818839891759438
427,train,0,0,1.5271575090611587,1.1172235360058353,1.117223536005836,1.8769030931269517,3.402688304078765,1.6799709571434838
428,train,0,0,1.4708375101083366,1.068081917352119,1.0680819173521188,1.8243502016073616,3.2950592945271637,1.7080620615037723
429,train,0,0,1.4349601379914676,1.0265557801661407,1.0265557801661405,1.737385977120837,3.169916052138433,1.6924418630614053
430,train,0,0,1.3926747615670902,0.9906450589585034,0.9906450589585035,1.69400040551665,3.08650318250875,1.7099973297172715
431,train,0,0,1.36427822274348,0.963182110960847,0.9631821109608472,1.6286624415479019,2.992005252453964,1.6909184909208785
432,train,0,0,1.335915867438467,0.9392447962843152,0.9392447962843153,1.5830234845970554,2.9187343119556317,1.6854216183678108
433,train,0,0,1.3148469899222255,0.9187240485974885,0.9187240485974882,1.5502660300210118,2.8601032458245754,1.6874120497744967
434,train,0,0,6.860876671801321,5.4218459773205545,5.421845977320554,8.791391737927682,15.649071346502751,1.6214757436308325
435,train,0,0,3.9453196697481907,3.195910075053054,3.195910075053054,5.150517923330423,9.094180336105637,1.6115966351915958
436,train,0,0,2.6889885218618437,2.1986709248573546,2.198670924857355,3.7230011670114473,6.41012522066012,1.6932962204214292
437,train,0,0,2.0951861858123446,1.7154935576900456,1.7154935576900463,2.949591684365878,5.042355964193121,1.7193837138844024
438,train,0,0,1.7758358387986664,1.4529542613396116,1.4529542613396123,2.7986480326612946,4.571305287769064,1.9261776555037344
439,train,0,0,1.5740364022619324,1.267139945535244,1.2671399455352441,2.4591204695337217,4.032083494705148,1.940685776814479
440,train,0,0,1.4495844558826647,1.1686267396822378,1.1686267396822378,2.397857694233302,3.846167357871309,2.051859342945811
441,train,0,0,1.3608050950933248,1.1025236678530785,1.1025236678530783,2.2565829149316996,3.615692845080048,2.046743286088268
442,train,0,0,1.2544752523846692,0.9686968017733952,0.9686968017733955,1.859522207026952,3.112842239555903,1.919612208508091
443,train,0,0,1.1854129347363487,0.8908770429784273,0.8908770429784273,2.0490471806963906,3.22986255120486,2.300033654303076
444,train,0,0,1.128835104619735,0.8233741537783887,0.8233741537783889,1.444960690820939,2.573481593397446,1.754925976471506
445,train,0,0,1.0947694650446065,0.7945358169736708,0.7945358169736706,1.4094255098546855,2.5030628842068836,1.773898016609352
446,train,0,0,1.076277856456465,0.8005110125015445,0.8005110125015444,1.9049926952250535,2.979438597452827,2.379720785192044
447,train,0,0,1.043937387604965,0.7622815842293393,0.7622815842293394,1.4718418692157138,2.5134719910565764,1.9308375010839782
448,train,0,0,0.9980476464648528,0.7058882318826043,0.7058882318826043,1.2663576040844635,2.2643569246138213,1.7939916645261065
449,train,0,0,0.9817115410561673,0.7023927867871729,0.7023927867871724,1.6136859313254246,2.5925627145916224,2.29741244739516
450,train,0,0,0.9408335966448267,0.6411833164696222,0.6411833164696228,1.11675259643989,2.0575642242129106,1.7417056366793322
451,train,0,0,0.9255965984200593,0.6289008953856208,0.6289008953856206,1.111210700240219,2.035397481173277,1.766909076443376
452,train,0,0,0.899301518780936,0.6118598883502245,0.6118598883502246,1.0743985277583707,1.9731703795841895,1.755955159367126
453,train,0,0,0.882238125684511,0.5919890203560545,0.5919890203560545,1.0540519000265487,1.9361333341075806,1.7805260972451555
454,train,0,0,0.8795802732079756,0.5856368383176364,0.5856368383176361,1.0375215868384111,1.9146464301738888,1.7716125744734708
455,train,0,0,0.8730882122043986,0.5806434671706787,0.5806434671706787,0.9919654415126424,1.862749514868483,1.7083899115342267
456,train,0,0,0.8612778387255967,0.5665112813328648,0.5665112813328648,0.9730388917736709,1.83275941608008,1.717598437729862
457,train,0,0,0.8489884644612321,0.5583515848758763,0.5583515848758762,0.9767862051859847,1.824984452163335,1.7494106431221614
458,train,0,0,0.8390714356339304,0.5479999558364143,0.5479999558364141,0.9635291865431936,1.801646436448209,1.7582650806468696
459,train,0,0,0.832762016251043,0.5429032544366951,0.5429032544366951,0.9317380056834663,1.7642490868456662,1.716213704871263
460,train,0,0,0.8337448558010656,0.5563295114552816,0.5563295114552816,1.3947807827792567,2.2284549153846456,2.507112698606805
461,train,5,1,0.789745870775354,0.5798213909221622,0.5798213909221626,0.9680299127634644,1.7576285810064292,1.6695312175769943
462,train,5,1,0.2664012900384205,0.28011663570853607,0.280116635708536,1.514526129624055,1.7809019639589678,5.4067696686173745
463,train,5,1,0.16396858435472678,0.24774811763690222,0.24774811763690227,1.8878621842304784,2.0517444625729695,7.620086894049845
464,train,5,1,0.26600937413360953,0.33920817950519566,0.3392081795051957,2.4239298863491787,2.689905577870377,7.145847396383467
465,train,5,1,0.3178445836379542,0.3226531158585723,0.32265311585857237,2.025935695521592,2.343229755759239,6.278990023482725
466,train,5,1,0.2880669225997699,0.3098956526267656,0.3098956526267656,2.5160533796005473,2.803798268956598,8.119034127370771
467,train,5,1,0.2339735216426343,0.33041753281912695,0.33041753281912695,2.512160759515813,2.7459390756703215,7.6029886733976335
468,train,5,1,0.08469308941497002,0.2082933434947195,0.2082933434947195,2.3620811548935015,2.4467355935485102,11.340166302306166
469,train,5,1,0.2549883976104029,0.2889983890296133,0.2889983890296133,1.4643472776291602,1.7190719874633942,5.066973842124464
470,train,5,1,0.16357798925618228,0.3144932323637174,0.3144932323637173,2.5150063479783147,2.6785542864981835,7.997012619558258
471,train,5,1,0.10314246975253263,0.20425821580795833,0.20425821580795828,2.306371957432526,2.4094619685456564,11.291452577853496
472,train,5,1,0.07929278428920225,0.1722463542237279,0.1722463542237279,2.1262144941531806,2.205456759838853,12.344031917166017
473,train,5,1,0.10281655848445007,0.2740062484217873,0.2740062484217873,3.088752054567918,3.1915430982771795,11.272560652753056
474,train,5,1,0.21881396657021832,0.3301523177041985,0.33015231770419845,2.0216082822701136,2.240103889722377,6.123259398352561
475,train,5,1,0.3224583199909084,0.3462275406411486,0.3462275406411486,2.7263154455730563,3.0487590220891434,7.8743459879720445
476,train,5,1,0.22077691237523503,0.3287280583627153,0.3287280583627153,2.067445877389169,2.2881976190128626,6.28922851212162
477,train,5,1,0.1270926307954869,0.3238771187384549,0.3238771187384549,3.539385049410812,3.6664556646646815,10.92817258346991
478,train,5,1,0.2621664292692731,0.3036560406993899,0.30365604069938984,2.0237560980439593,2.285768861096585,6.664633094019083
479,train,5,1,0.2296562754329352,0.3651042351106689,0.36510423511066903,3.4991151727024405,3.728673184843501,9.583879988797724
480,train,5,1,0.08748712521959533,0.16777935408967207,0.16777935408967204,2.6776774885041594,2.7650702700702823,15.959517206586915
481,train,5,1,0.13044860242588038,0.2588427259182263,0.2588427259182263,2.7096805346133044,2.8399585978331743,10.468443820474011
482,train,5,1,0.2925404175170988,0.3574394982402123,0.3574394982402123,2.635247840081778,2.9274049196683336,7.372570331639163
483,train,5,1,0.24020052713701354,0.349535168923413,0.349535168923413,1.6437925024574078,1.8839799997285809,4.702795737322732
484,train,5,1,0.17434492817935096,0.2515174242429912,0.2515174242429913,1.6620671440023507,1.83634806379996,6.608159053015053
485,train,5,1,0.27330516587673265,0.39458415127186386,0.39458415127186386,2.5904076217514413,2.863663647094654,6.564905390654378
486,train,5,1,0.12027480738289888,0.2665573354874182,0.2665573354874182,2.7582878814446157,2.8784357274271315,10.347822078881823
487,train,5,1,0.09986016043425479,0.2532024665524956,0.2532024665524956,3.6772947620510967,3.7770193579344777,14.52313957332124
488,train,5,1,0.14381889557770047,0.2954690096701487,0.2954690096701487,3.8582133843905613,4.001921606031829,13.057929116484114
489,train,5,1,0.17294218323015229,0.2612509711721575,0.2612509711721576,1.667639233853588,1.8405176254964317,6.383284342911234
490,train,5,1,0.10711083617061376,0.26312732036694214,0.2631273203669422,3.0079788187518717,3.114630388095975,11.431647669869923
491,train,5,1,0.08854331989767161,0.18455709503168843,0.18455709503168843,3.938989734454135,4.027506729398738,21.34293311117522
492,train,5,1,0.39966909030403214,0.6289679208138361,0.6289679208138361,2.3239420261052697,2.7236048131749158,3.69484984718818
493,train,5,1,0.08131528729622914,0.17553022822015324,0.17553022822015327,2.2417657292442983,2.3230615478405525,12.771394146611797
494,train,0,0,2.5072801406356158,2.1904006880528173,2.190400688052817,3.772537440541142,6.278945062716957,1.7223047185466258
495,train,0,0,2.0934877162284975,1.7082920994246986,1.7082920994246982,3.0871367687873716,5.180349149944959,1.8071480690140915
496,train,0,0,1.7641281057926825,1.4229224680534684,1.422922468053469,2.4536148141291925,4.215400383574888,1.7243489151490392
497,train,0,0,1.5536883800302312,1.2079806273691902,1.2079806273691902,2.1443897754873467,3.6979340622056043,1.7751855674685133
498,train,0,0,1.4182559927284746,1.1229777306596858,1.122977730659686,2.3737586061179607,3.7919677955069346,2.1138073724075648
499,train,0,0,1.3000658392049371,0.9774720501188328,0.9774720501188326,1.6686722398661078,2.966258856933564,1.7071303876803894
500,train,0,0,1.2116972594554536,0.8929278035087279,0.892927803508728,1.5983825535480864,2.805279092863202,1.7900467957961428
501,train,0,0,1.1386653147274628,0.8260902777755545,0.8260902777755547,1.4578927792971954,2.5955138362478465,1.7648104795796893
502,train,0,0,1.0909864530558697,0.7883772568667335,0.7883772568667335,1.3573727979664691,2.4420340447686613,1.7217300298097233
503,train,0,0,1.0467812061842705,0.7599548352872332,0.7599548352872332,1.650598144477961,2.6969931074709166,2.1719687379238786
504,train,0,0,1.0029966381604318,0.7023392990362345,0.7023392990362343,1.263078734535491,2.2639504459220916,1.7983882380905012
505,train,0,0,0.9759409034787677,0.6724961307401153,0.6724961307401152,1.219291249460075,2.192611231934279,1.8130829215599868
506,train,0,0,0.9668660664692288,0.6788722339962924,0.6788722339962925,1.3816451525554294,2.3466855144361034,2.0352064547140913
507,train,0,0,0.927547307721863,0.6277662083315694,0.6277662083315689,1.1152357142050169,2.04228104458889,1.7765144083957765
508,train,0,0,0.9120375599216204,0.6216698454161445,0.6216698454161445,1.322626880233409,2.2323011197149754,2.1275390627126933
509,train,0,0,0.8887328768543666,0.595096300331904,0.5950963003319037,1.0628069972224767,1.9509608263033442,1.7859411941054182
510,train,0,0,0.8754781583079347,0.5820877137246183,0.5820877137246181,0.9817631146183958,1.8571984984700975,1.6866240112445692
511,train,0,0,0.8683526027831249,0.5750720390194067,0.5750720390194066,0.9790081273880787,1.8433032813481987,1.7024095434329416
512,train,0,0,0.8540446167197661,0.5626880409342759,0.5626880409342757,0.9489788408073946,1.8023551775841042,1.6865097030171985
513,train,0,0,0.8477651527074631,0.5567951924286632,0.556795192428663,0.9506272623392288,1.7977600704180077,1.7073194511481415
514,train,0,0,0.8365472047217191,0.5439934401608172,0.5439934401608173,0.9616383822076022,1.795693064108491,1.7677389306814422
515,train,0,0,0.831140188644058,0.536069473493999,0.536069473493999,0.9286097007297213,1.7584774458082393,1.732256259020346
516,train,0,0,0.8223939683198387,0.5320469923659599,0.53204699236596,0.9220998738051003,1.7444783526316314,1.733117350602085
517,train,0,0,0.8239572541505331,0.5360744579771721,0.536074457977172,0.9193640454023844,1.7419851719168946,1.7149931911912397
518,train,0,0,0.8165303351471084,0.5250379287397301,0.52503792873973,0.9127770779540879,1.7286012445692904,1.7384974075017097
519,train,0,0,0.808528021588776,0.5157347049215028,0.5157347049215028,0.9086133682580257,1.7169855960237328,1.761784420531329
520,train,0,0,0.9283115464265574,2.2260449693090587,2.2260449693090587,9.708331863302446,10.636623609403614,4.361246963629765
521,train,0,0,1.6595715007954714,2.8924779993084573,2.8924779993084573,8.980258134824645,10.639751794362382,3.104693669916132
522,train,0,0,1.7915707200488578,2.566281395127154,2.566281395127154,6.332146587995576,8.123677403254987,2.4674404763324214
523,train,0,0,1.8054258152123948,2.1644173800108155,2.1644173800108155,4.120689220798347,5.926029712805757,1.903832993975384
524,train,0,0,1.8716350327209492,1.8219357147862316,1.821935714786231,2.623486923150633,4.495106529235272,1.439944835517124
525,train,0,0,1.9322806013400404,1.4895646380716143,1.4895646380716139,1.9321530032497103,3.7049867665336933,1.2971259882693442
526,train,0,0,2.0500930050462483,1.0410630919485093,1.041063091948509,2.047191066302359,3.263386103324592,1.9664428430276277
527,train,0,0,1.9083781637168504,0.9713212042159871,0.9713212042159869,1.908286895319623,3.0198219281664933,1.9646301213612636
528,train,0,0,1.8391501571404223,0.9369737833097461,0.936973783309746,1.838925756974233,2.906676720973337,1.96262242309326
529,train,0,0,1.797994393060857,0.9162257600144638,0.9162257600144638,1.7974451452232316,2.8470438212389126,1.9617928502630801
530,train,0,0,1.7760945847294642,0.9057036201490021,0.9057036201490022,1.7752263990151114,2.818150893494021,1.9600522284796205
531,train,0,0,1.7650200680588606,0.8985186773286917,0.8985186773286915,1.7635636070269394,2.787996330182068,1.9627456295845052
532,train,0,0,1.7563770830567227,0.8952614127349388,0.8952614127349384,1.7552904074947582,2.7690050965175033,1.960645664524413
533,train,0,0,1.749643755533616,0.8926196221016877,0.8926196221016879,1.7484165055601624,2.7572354174917564,1.9587475586112328
534,train,0,0,1.7472090132625309,0.8901509365883844,0.890150936588384,1.7457517847043929,2.751188263995573,1.9611862583610902
535,train,0,0,1.7457393140694475,0.8905096973761187,0.8905096973761184,1.7452318171318038,2.7622302540694363,1.959812253896975
536,train,0,0,1.7439005426999357,0.8877900356246262,0.887790035624626,1.7436430448719475,2.761057609517593,1.964026374372591
537,train,0,0,1.7424368424314889,0.8880959253457515,0.8880959253457514,1.7420829644749756,2.763386423175689,1.9615932409517045
538,train,0,0,1.739821852094632,0.886789055731844,0.8867890557318441,1.7397129329954841,2.7492511654345435,1.9618114609677315
539,train,0,0,1.739955248394981,0.8862917657490529,0.8862917657490526,1.7383435034099965,2.7516817692667246,1.961367092179661
540,train,0,0,1.7372689108159394,0.8861736940477354,0.8861736940477356,1.7358716338202358,2.728511427761987,1.9588390464304726
541,train,0,0,1.7381332607302467,0.8852419253597689,0.8852419253597691,1.7376138745286154,2.747368225187529,1.9628689341870424
542,train,0,0,1.7340721289677312,0.8839557528057951,0.8839557528057955,1.7328498748413985,2.730104802758433,1.9603355364124255
543,train,0,0,1.7345031255275827,0.8823443077576596,0.8823443077576597,1.7336757963525016,2.738398058398161,1.9648517943730694
544,train,0,0,1.7366013867215953,0.8842041644469142,0.8842041644469144,1.735168611201807,2.758704067207873,1.9624071916548664
545,train,0,0,1.7369243976944126,0.885522716132794,0.885522716132794,1.7362416753829457,2.7675703656859696,1.960696934987015
546,train,0,0,1.733432780467032,0.8835348684052562,0.8835348684052563,1.7325195613480755,2.7327100471011363,1.9608955156180776
547,train,0,0,1.7356363723401738,0.8838337324513038,0.883833732451304,1.7354771231066262,2.754563107562717,1.9635787358933423
548,train,0,0,1.7353244190693367,0.8850474537806216,0.8850474537806217,1.7326234699815977,2.732155656442046,1.9576616627508723
549,train,0,0,1.7328058904829087,0.8849441260865968,0.8849441260865964,1.7325634098239826,2.745900383568369,1.957822374035897
550,train,0,0,1.7366936862784788,0.8851246142077259,0.8851246142077258,1.736137228432519,2.743825923593249,1.9614607938414792
551,train,6,1,1.661883663648041,0.8582184377787283,0.8582184377787283,1.6612524760712404,2.7383705633692443,1.9356988884682478
552,train,6,1,1.22035351654033,0.9455484469894367,0.9455484469894357,1.220275592969687,2.378655234540929,1.2905479321075133
553,train,6,1,1.2202457271722087,0.9166108087960362,0.9166108087960368,1.2199572892657888,2.3853612431848887,1.3309435995722065
554,train,6,1,1.1866642046221276,0.9319747752538118,0.9319747752538117,1.24302925584235,2.4296572609418945,1.3337584759242291
555,train,6,1,1.0973405134398209,1.0643731479247864,1.0643731479247862,1.5477708089631332,2.645106901763029,1.4541618341094287
556,train,6,1,1.3149189937598713,1.0529126375597582,1.0529126375597582,1.3628978740684978,2.6775201771815773,1.2944073662437605
557,train,6,1,1.0922478523138561,1.0564937700934969,1.0564937700934973,1.521059623729845,2.613021181168733,1.4397241770722744
558,train,6,1,1.0842098066390427,1.010090433358353,1.0100904333583531,1.4204522302567093,2.504645909244573,1.4062624328932445
559,train,6,1,1.1766195921691687,1.0179834647298553,1.0179834647298553,1.4830221505371302,2.6594934324530186,1.4568234179822197
560,train,6,1,1.008956508454772,1.0388035605074342,1.0388035605074348,1.7001153661637582,2.709014374151593,1.636609105703571
561,train,6,1,1.373230195424112,1.1493812364698501,1.1493812364698501,1.4725566144971527,2.8457188586035045,1.2811733546476596
562,train,6,1,0.984792712390521,1.0184139854052798,1.0184139854052798,1.6002428501247379,2.5849771654939104,1.5713087929442742
563,train,6,1,0.9893320335414101,1.051991800206855,1.0519918002068542,1.7904237972233603,2.779649632218934,1.7019370273335852
564,train,6,1,0.957397757225117,0.9501317649577069,0.9501317649577068,1.654069365806499,2.6112181075441185,1.740884187658042
565,train,6,1,1.2009611626451515,1.1043133556199336,1.1043133556199336,1.5810417632276512,2.7819263358105673,1.4316966784668599
566,train,6,1,0.6790810027729604,0.8605333466417652,0.8605333466417653,1.966545065342274,2.6454843112442177,2.285263055774333
567,train,6,1,0.9593359905318648,1.002635344963722,1.0026353449637222,1.8457603973312944,2.804919554910157,1.8409089671560288
568,train,6,1,1.141845108878828,1.0969768080638636,1.0969768080638633,1.6069794875262013,2.7487898442632286,1.4649165558590798
569,train,6,1,1.2967069344905102,1.1866664152967576,1.1866664152967579,1.589164952716521,2.885831077408511,1.339184232595904
570,train,6,1,0.887504595806,0.934804918271458,0.9348049182714583,1.4882259187203672,2.375661981124722,1.5920176387948795
571,train,6,1,1.1799385766592823,1.16808303116261,1.16808303116261,1.636041142502705,2.815914302744204,1.4006205884819074
572,train,6,1,1.0325863815005287,1.0247782965746983,1.0247782965746983,1.5772358917538658,2.609742262895452,1.5390996247927442
573,train,6,1,1.0830416647534002,1.0685931369070263,1.068593136907026,1.7403624089618097,2.823221479629865,1.6286483123026378
574,train,6,1,1.2249542423457933,1.256220358345982,1.2562203583459828,2.0362860015659496,3.2612074913013203,1.6209624275211154
575,train,0,0,1.939816923417442,0.9854245257684678,0.9854245257684677,1.9389862271620077,3.068754388659727,1.967665890647404
576,train,0,0,1.8455064413741928,0.9385594639050656,0.9385594639050656,1.8445459652597782,2.932413928792812,1.9652947268627747
577,train,0,0,1.794538246061158,0.9138823117077172,0.913882311707717,1.794179203309788,2.8594935096625704,1.9632497317484054
578,train,0,0,1.7675908292274836,0.9011521997035788,0.9011521997035785,1.7673596466609889,2.809852445134311,1.9612221412124802
579,train,0,0,1.7516532866482157,0.8927000781241213,0.8927000781241213,1.7511011735384818,2.7791705774725415,1.9615783805218936
580,train,0,0,1.7430414954299485,0.8879090389307389,0.8879090389307392,1.7428310195985395,2.756387996763806,1.9628486063137014
581,train,0,0,1.7391902554822154,0.885879097104206,0.8858790971042059,1.737054700920824,2.739661177387461,1.9608259260196703
582,train,0,0,1.7358308591313836,0.8848673427489354,0.8848673427489356,1.7356498949769594,2.7322728589351755,1.9614803384934245
583,train,0,0,1.733772888784297,0.8836327036131167,0.8836327036131164,1.7317031626636163,2.743748173583299,1.9597544948062642
584,train,0,0,1.73583852032898,0.8840680705460315,0.8840680705460318,1.7356862902990542,2.747248530620709,1.9632948503920438
585,train,0,0,1.7338031796340947,0.8846041867978831,0.884604186797883,1.7330282154677552,2.7400790607207455,1.959100173085347
586,train,0,0,1.731588411711389,0.8829307545402808,0.8829307545402809,1.7309349445702973,2.7464344883337617,1.9604424646772556
587,train,0,0,1.7319225494038546,0.8838145596855163,0.8838145596855161,1.7305997467819834,2.7343005570583045,1.9581027805174143
588,train,0,0,1.7315683730919846,0.8839468559148795,0.88394685591488,1.7299709615106695,2.7367820668732747,1.957098382029041
589,train,6,1,0.7552286510397389,0.9214129489999943,0.9214129489999943,1.7416058654855298,2.496701728188782,1.8901469394104864
590,train,6,1,0.8614391868667435,1.0023059028358605,1.0023059028358605,1.7457285339279343,2.607160171072792,1.7417123145625313
591,train,6,1,1.0173229391528584,1.0337270721928542,1.0337270721928535,1.473135549311497,2.490039593569236,1.4250720416816818
592,train,6,1,1.0284130201139197,1.0927101284047551,1.0927101284047553,1.632791794796969,2.6609575688198674,1.4942588636756553
593,train,6,1,1.0493632080837925,0.9852817239553792,0.9852817239553795,1.5498627898410122,2.5991802934295265,1.5730148567245736
594,train,6,1,0.9542855524971383,1.037529234967177,1.037529234967177,1.7334602570579154,2.6874154114630073,1.6707579879546766
595,train,6,1,1.2252974214906862,1.1390704699632472,1.139070469963248,1.5224058923368284,2.747501485340763,1.3365335442204458
596,train,6,1,0.9246005976936286,1.0430533143485983,1.043053314348598,1.7403316532829338,2.664738154519,1.6684973139362451
597,train,6,1,1.1405250940423266,1.109588555689371,1.1095885556893714,1.5396699991125806,2.6801796737436234,1.3876044333892807
598,train,6,1,1.219984210967028,1.2022583811975354,1.2022583811975356,1.6517070159922005,2.8714236972446088,1.3738369736686566
599,train,6,1,1.3104152751826832,1.1476551708636453,1.1476551708636449,1.489141218576472,2.7995484542670965,1.2975510905909557
600,train,6,1,1.0203642100535761,1.0268795571543345,1.0268795571543343,1.6824782639301885,2.7028036454903486,1.6384377819270595
601,train,6,1,1.0555662495534053,1.0460180376368542,1.0460180376368542,1.6622379439432988,2.7171932430937886,1.5891102104688346
602,train,6,1,1.2287993325830757,1.1400445318305783,1.1400445318305779,1.6337859735845268,2.8625170240557054,1.4330896100708845
603,train,6,1,0.9176368145950401,0.9511106372885626,0.9511106372885628,1.6401620478622352,2.55768903416174,1.724470301938824
604,train,6,1,1.0190339021112305,1.0680418702223884,1.0680418702223886,1.7019429274175781,2.7209040009474847,1.5935170472887903
605,train,6,1,1.2886264209494547,1.1467897839826597,1.1467897839826595,1.5272445793404623,2.8156361465371447,1.331756352098403
606,train,6,1,1.4167388266956986,1.2337746861964072,1.233774686196407,1.753754776056987,3.1703237502806587,1.4214546591676491
607,train,0,0,7.921681493796408,3.8277143538678353,3.8277143538678353,7.913553932957351,12.263711581006646,2.067435864162865
608,train,0,0,7.919808354005218,3.820451952782942,3.8204519527829417,7.905935290977359,12.279622115194798,2.0693717362990047
609,train,0,0,7.919272929331288,3.820687020561547,3.8206870205615466,7.907107459282503,12.259875850751996,2.0695512133627614
610,train,0,0,7.911801176461857,3.8223289041575255,3.8223289041575255,7.909655407852959,12.257110594306141,2.069328832285906
611,train,0,0,7.906960691790096,3.8175527467040777,3.817552746704078,7.893297013360075,12.247334093786776,2.06763273151231
612,train,0,0,7.90019600704126,3.8164569275004516,3.8164569275004516,7.8882808988522735,12.236442664638162,2.0669120728210655
613,train,0,0,7.891314383670688,3.8140308151767717,3.81403081517677,7.861895073279738,12.188548676669598,2.061308745067221
614,train,0,0,7.8927335480041805,3.8126694734325746,3.812669473432574,7.869622526858002,12.221689546480775,2.0640715335265933
615,train,0,0,7.886572995560244,3.809427936726157,3.809427936726156,7.885188120754436,12.218437055125833,2.0699139744144923
616,train,0,0,7.883932427669875,3.811591460765354,3.8115914607653534,7.868888413700275,12.224294860847294,2.064462704017138
617,train,0,0,7.884357547343243,3.8042916832298075,3.804291683229808,7.879152407359798,12.238675131928176,2.0711220546239693
618,train,0,0,7.8713606385774915,3.8021044866405136,3.8021044866405167,7.855234452921898,12.200824230909348,2.0660227725258196
619,train,0,0,7.869118681779131,3.796032486852401,3.796032486852402,7.841971647595987,12.163829108700156,2.065833649937596
620,train,0,0,7.867390239018947,3.7929842314558657,3.792984231455866,7.848090169358999,12.185367975383997,2.069106985542794
621,train,0,0,7.8586448039673265,3.7974742173684155,3.797474217368415,7.853289047237485,12.181202966719866,2.0680295895938117
622,train,0,0,7.854109882090241,3.7946575035267855,3.794657503526785,7.836926526103169,12.169403977692127,2.065252666102136
623,train,0,0,7.858087045345456,3.7878627295405543,3.787862729540553,7.853487019632012,12.16013004630804,2.073329362858035
624,train,0,0,7.850136934295296,3.79033242389833,3.7903324238983296,7.8236785461008544,12.1316541377455,2.064114085817902
625,train,0,0,7.85054588717781,3.7881578867954793,3.7881578867954793,7.8327141574528065,12.166105343028903,2.067684186225602
626,train,0,0,7.8453957054189525,3.7830481058807672,3.783048105880769,7.844480872550805,12.13987515278859,2.0735873964585636
627,train,0,0,7.8377892680289225,3.7847669848991097,3.784766984899109,7.833457819913514,12.13634695764631,2.0697331833553636
628,train,0,0,7.827727061661892,3.7799144648885292,3.7799144648885292,7.818632757256739,12.113063746131957,2.0684681703471597
629,train,0,0,7.825117747340351,3.7797743726206154,3.7797743726206154,7.806665132794529,12.104311019182205,2.0653786081368573
630,train,0,0,7.826873649472604,3.779656128778842,3.779656128778842,7.824508019119734,12.111777741229162,2.0701639917829593
631,train,0,0,7.823820036239922,3.778478472869515,3.778478472869515,7.814689791165292,12.112453693524003,2.068210748658978
632,train,0,0,7.820151909869164,3.7730563474022714,3.7730563474022705,7.814044339265674,12.112631557509303,2.0710118322631472
633,train,0,0,7.812815006360878,3.7761389707905217,3.776138970790524,7.808364135217388,12.110850261058658,2.0678169409593337
634,train,0,0,7.8141547127198425,3.767691644574611,3.7676916445746094,7.79070220725052,12.085572496056557,2.0677653433950614
635,train,0,0,7.808149797595339,3.767968482716957,3.767968482716957,7.805084629436257,12.103228510124609,2.071430444611434
636,train,0,0,7.803457930224016,3.768849991134238,3.768849991134237,7.785927751572802,12.067284846678376,2.065863000620416
637,train,0,0,7.799046154540032,3.7650213228491043,3.765021322849106,7.78124533541128,12.068635452538729,2.0667201240504465
638,train,0,0,7.796301594465971,3.7642158294106034,3.7642158294106016,7.773242971390486,12.054783135652542,2.0650364707189532
639,train,0,0,7.7976929886643775,3.7615493260758446,3.7615493260758455,7.795623908881564,12.070940411183983,2.072450267989488
640,train,0,0,7.790487565709278,3.7600826803159126,3.7600826803159126,7.769734534112737,12.055371159687638,2.0663733206685615
641,train,0,0,7.787572162162513,3.761125321824023,3.761125321824024,7.777873797278851,12.049215819686651,2.0679645403325284
642,train,0,0,7.784881361987442,3.760297803816714,3.7602978038167145,7.773063664551825,12.046654935926199,2.067140442084704
643,train,0,0,7.786748599810526,3.7556052161375586,3.755605216137559,7.759621872184798,12.033185543492436,2.0661441833242415
644,train,0,0,7.782255010480992,3.757783453973632,3.7577834539736306,7.778559717151336,12.04640503320843,2.0699861533867727
645,train,0,0,7.775552502401173,3.7578013390785365,3.7578013390785348,7.756792039178312,12.054622868075967,2.0641836380526666
646,train,0,0,7.775015309266746,3.7561853673335164,3.756185367333516,7.756030771695078,12.042779225856066,2.0648690128945946
647,train,0,0,7.774079508195631,3.7540705338901694,3.7540705338901708,7.7607379109142345,12.048238107003272,2.0672861207197775
648,train,0,0,7.771370007443707,3.7521781041592512,3.752178104159253,7.766231267965864,12.030606881249696,2.0697928116357462
649,train,0,0,7.766730323456228,3.7539826259181535,3.753982625918153,7.757684960052371,12.029247521422803,2.066521274363913
650,train,0,0,7.767092044658959,3.756494196733624,3.7564941967336227,7.743747906021774,12.005886932834983,2.061429487301
651,train,0,0,7.771193198347929,3.7482853967888663,3.7482853967888663,7.763802799350116,12.032630543690175,2.0712944659980588
652,train,0,0,7.767888100525364,3.748675287337522,3.7486752873375195,7.758778217887506,12.027369113638997,2.0697386738444727
653,train,0,0,7.757175506441679,3.746911623672516,3.746911623672515,7.756665843131311,12.031160907063168,2.0701491313874807
654,train,0,0,7.755791625264348,3.749141381583671,3.7491413815836707,7.755747410477736,12.031060826717294,2.0686729629816303
655,train,7,1,7.459883879772562,3.9615973615381184,3.961597361538119,7.45908474929881,12.022820521320682,1.8828477678515938
656,train,7,1,5.98276182093149,3.9099729087490305,3.90997290874903,5.9826559914658795,10.387884168398159,1.530101648039293
657,train,7,1,6.005715150664036,3.8374182782332817,3.8374182782332813,6.00523619812302,10.335026532993652,1.564915722684207
658,train,7,1,5.757923827811377,3.978294605041514,3.978294605041516,5.756623901731567,10.419647148810327,1.4470079451723996
659,train,7,1,5.784104778425302,3.9415847953786165,3.9415847953786174,5.783125307288486,10.421304655144922,1.4672081427929742
660,train,7,1,5.864193240371009,3.9164711308754985,3.916471130875497,5.863400136951299,10.453902598179411,1.497113074759364
661,train,7,1,5.76587991683383,3.9802033520528397,3.9802033520528397,5.764528592225281,10.40078833908774,1.4483000194580895
662,train,7,1,5.912468874131795,3.905574991805216,3.9055749918052167,5.911788386121392,10.431162315944675,1.5136793938218231
663,train,7,1,6.017820787272504,4.012130769599247,4.012130769599249,6.017417899484135,10.762174169096397,1.499806024539221
664,train,7,1,5.534231541769724,4.075991951970903,4.075991951970901,5.533845688453322,10.322161105606938,1.3576684531424288
665,train,7,1,6.025994333370719,4.089348044975193,4.0893480449751936,6.025767610325958,10.767308486611,1.4735276978270777
666,train,7,1,5.714080773704918,3.959002953910703,3.959002953910701,5.712536712588044,10.396379408426583,1.4429230740899557
667,train,7,1,5.503334555382025,4.013409842575722,4.013409842575722,5.501455917445128,10.22064314398449,1.3707685318064624
668,train,7,1,5.633602130391635,3.987771387094581,3.9877713870945812,5.627643459641375,10.284259682521224,1.4112251965731604
669,train,7,1,4.624647441488341,3.468422763035015,3.468422763035017,4.62389323376643,8.894365459331311,1.3331400321338935
670,train,7,1,4.555761314426083,3.703473510194996,3.7034735101949945,4.571174644436222,9.123513018712401,1.2342938681355766
671,train,7,1,5.242260090071941,4.153159630134973,4.153159630134973,5.546676524918293,10.786534608574584,1.3355317442344572
672,train,7,1,5.144509782568086,3.854656998762029,3.8546569987620276,5.143510055747349,10.270376882981509,1.334362579445915
673,train,7,1,5.375427087136904,3.9742799409101597,3.9742799409101592,5.3754080853515,10.722062182601803,1.3525489309443224
674,train,7,1,5.788871193965097,4.1341645779837775,4.1341645779837775,5.788659209420221,10.64997264680278,1.4002004758705897
675,train,7,1,4.79750677108136,3.895202795513891,3.895202795513892,5.615379848486511,10.412442319677211,1.4416142479035363
676,train,7,1,5.150501616814105,4.107157869026223,4.107157869026224,5.649361244819196,10.799842165270093,1.3754916233981083
677,train,7,1,5.136383219715106,4.054909418547786,4.054909418547785,5.302944973949445,10.439201070737909,1.3077838310500727
678,train,7,1,5.310162982543377,3.9994022086563845,3.999402208656384,5.434005299011798,10.74391633697087,1.3587043801822012
679,train,7,1,5.922388180232811,4.215896060912569,4.21589606091257,5.922056329772313,10.773007421084912,1.4046969479817841
680,train,7,1,5.153246036170633,3.986799496078093,3.986799496078092,5.1525393070989525,10.256133023125585,1.2923999092925607
681,train,7,1,4.882874652751518,3.9844291902848816,3.984429190284881,5.78047449885981,10.662927930738078,1.4507660251446242
682,train,7,1,5.3372574399154695,3.9774459570678844,3.977445957067884,5.337212117568037,10.055846668314189,1.3418691731270067
683,train,7,1,5.879103167161218,4.351403749270925,4.3514037492709265,5.879099391560856,10.868083992954325,1.3510811063087156
684,train,7,1,5.7502341638601795,4.097392664003172,4.097392664003172,5.749950672498992,10.447876680147601,1.403319414078626
685,train,7,1,5.923572793302345,4.158882559040863,4.158882559040864,5.923401203811853,10.770704341295641,1.4242771032173434
686,train,7,1,5.760081487306045,4.047723399876009,4.047723399876009,5.759914318512776,10.777431212249212,1.4230009685664824
687,train,7,1,6.1760168743056,4.301608652103228,4.301608652103229,6.175990843721405,11.968112664178989,1.435739822752522
688,train,0,0,7.744729664190206,3.741187936022224,3.7411879360222238,7.740264288628939,12.022530283313245,2.0689322271413846
689,train,0,0,7.74426451853849,3.7437572961653327,3.743757296165332,7.734730314159766,12.012638723477721,2.066034120876992
690,train,0,0,7.742970569808036,3.7390886170696467,3.7390886170696462,7.723883141580969,11.988556271418929,2.065712779932517
691,train,0,0,7.747125235570013,3.739244661575766,3.7392446615757646,7.745392101185746,11.99967925727833,2.07137879496811
692,train,0,0,7.737984330082313,3.744773019069266,3.744773019069268,7.716583746174351,11.96871935017407,2.0606278957041417
693,train,0,0,7.7357115696147085,3.7411467513142833,3.741146751314285,7.713702930785716,11.994141835719347,2.0618552127301206
694,train,0,0,8.24000410352042,3.9856708744945792,3.98567087449458,8.232386445981916,12.726286227349192,2.065495798627843
695,train,0,0,8.242430228322744,3.986502078385178,3.986502078385179,8.220340087592602,12.71861058101058,2.0620433467633945
696,train,0,0,8.248572062593885,3.9915018361913,3.991501836191302,8.232961659212597,12.729934983886778,2.062622540860085
697,train,0,0,8.24984694397077,3.988931083004292,3.9889310830042928,8.229011928047985,12.72026052698493,2.062961669884315
698,train,0,0,8.254808267116546,3.9922227094339937,3.9922227094339946,8.21730875736475,12.714032091200352,2.0583292454968714
699,train,0,0,8.253471431875601,3.993181784877447,3.993181784877449,8.242188883567229,12.739130392670631,2.064065531597175
700,train,0,0,8.25475115695782,3.992502612305954,3.9925026123059526,8.23521222727187,12.731574008241296,2.062669214514415
701,train,0,0,8.249104512571357,3.992820769199449,3.9928207691994486,8.241111992574297,12.740958438254893,2.063982449737312
702,train,0,0,8.250538484960794,3.9929176299647766,3.9929176299647753,8.230932814836502,12.711252178996801,2.0613830731362004
703,train,0,0,8.24898175873817,3.9914263506842182,3.9914263506842182,8.245151267871494,12.736229361733422,2.065715497032306
704,train,0,0,8.2505875792671,3.990954877895076,3.9909548778950774,8.242388878421858,12.731699027121067,2.065267368487284
705,train,0,0,8.245703297505155,3.99574255749539,3.9957425574953893,8.241318821279332,12.735758346039802,2.062524975694419
706,train,0,0,8.252095750526292,3.993429059041202,3.9934290590412016,8.248731269727228,12.746209226781502,2.0655760119368938
707,train,0,0,8.249064098514616,3.992347045188933,3.9923470451889327,8.222397114552557,12.713608399033546,2.0595396696439856
708,train,0,0,8.254592736732564,3.994738003654086,3.9947380036540854,8.253614570145844,12.75400573539082,2.0661216236449196
709,train,0,0,8.252230953119696,3.993865918732124,3.993865918732124,8.21745594932884,12.709614530205727,2.0575192348814553
710,train,0,0,8.252538721686694,3.9929390182123594,3.992939018212359,8.246553295435849,12.742822480853647,2.0652840571374003
711,train,0,0,8.25501842728816,3.9932146403499478,3.993214640349947,8.242970939045772,12.741688054054976,2.064244394917724
712,train,0,0,8.250123394587543,3.9919065452394773,3.9919065452394786,8.243800621879753,12.737750141415745,2.065128661819712
713,train,0,0,8.25224452495575,3.99358362218865,3.9935836221886505,8.23163413286209,12.723653256893158,2.0612149166293934
714,train,0,0,8.25184092369536,3.994994878625086,3.9949948786250875,8.244557058686857,12.740574182476848,2.063721558893285
715,train,0,0,8.24983316520555,3.9916502891952033,3.9916502891952033,8.245672567750793,12.73390130745247,2.0657302043895447
716,train,0,0,8.251734544393141,3.9960556110035217,3.996055611003523,8.248666845597793,12.747953686397523,2.064202215525804
717,train,0,0,8.252568785946817,3.995053680791085,3.9950536807910852,8.248253230851144,12.752563297748566,2.0646163706160405
718,train,0,0,8.25579102851823,3.9948929371465316,3.9948929371465316,8.241534696448594,12.727121498435736,2.0630176643320386
719,train,0,0,8.250000419659541,3.9937280672479427,3.9937280672479436,8.236075055418537,12.729341695085168,2.062252340854537
720,train,0,0,8.250219671156257,3.992935731394459,3.992935731394459,8.235291859235614,12.73123174160719,2.062465417233147
721,train,0,0,8.24962774213776,3.992304811846363,3.992304811846365,8.24024855267629,12.736586768180132,2.0640329185850246
722,train,0,0,8.246487512456369,3.993333134676922,3.9933331346769236,8.245654297147993,12.746558485436253,2.064855102006184
723,train,0,0,8.254692031223327,3.995074758975393,3.995074758975393,8.229451002705842,12.729957450181246,2.0598991255964454
724,train,0,0,8.250835308387177,3.993270519238644,3.9932705192386444,8.247083133367124,12.733738478971645,2.065245290454179
725,train,0,0,8.249073575182353,3.993597383972116,3.993597383972115,8.244416207472328,12.743968387600034,2.064408455534459
726,train,0,0,8.246491164864041,3.9915554436579024,3.9915554436579024,8.242403997072019,12.736596387811005,2.064960417916329
727,train,0,0,8.249014054395259,3.994201843851018,3.994201843851018,8.233714058034122,12.721909323707223,2.061416618368883
728,train,0,0,8.251023737272247,3.994882185716339,3.994882185716339,8.233805954014882,12.725807996466756,2.061088555616176
729,train,0,0,8.2480140264933,3.994005224260213,3.9940052242602126,8.24468517087819,12.738589708227664,2.0642649941463977
730,train,0,0,8.247334738787263,3.9923307074329832,3.9923307074329832,8.213307598199695,12.704653698951006,2.057271353524905
731,train,0,0,8.24634464544803,3.9938114205372224,3.9938114205372224,8.233965578429402,12.730682952329516,2.061681113957509
732,train,0,0,8.249460776858497,3.9938756850776715,3.9938756850776715,8.247876022998708,12.743037476669997,2.0651308837216114
733,train,0,0,8.252273914067075,3.9951751873102617,3.995175187310263,8.234495686961338,12.724867990240455,2.061110039208364
734,train,0,0,8.248787909628824,3.995291871225257,3.9952918712252568,8.23287796031125,12.719025811180472,2.060644935506659
735,train,0,0,8.250781184278429,3.995097607783118,3.9950976077831184,8.21598778872937,12.70086620375514,2.056517410919636
736,train,0,0,8.250093103073537,3.995405693410387,3.9954056934103876,8.23532675268501,12.728185996413231,2.061199133361479
737,train,0,0,8.250975935190915,3.994324041353257,3.994324041353256,8.223752644315361,12.719715414568782,2.058859661653589
738,train,0,0,8.249567629523575,3.992417212685768,3.9924172126857673,8.23810330567509,12.732250962406397,2.063437478302318
739,train,0,0,8.252481828341582,3.995233027582766,3.9952330275827657,8.252009844916495,12.743825044162804,2.0654639636650196
740,train,0,0,8.248391708190088,3.994668804090883,3.994668804090884,8.244794644712005,12.736242490354925,2.0639494909486933
741,train,0,0,8.245450883700046,3.9922026536748025,3.9922026536748008,8.239508678267244,12.73138060187921,2.0639004061286372
742,train,0,0,8.248458070354477,3.9950700363150298,3.99507003631503,8.247872877598216,12.764219647331629,2.064512712574592
743,train,0,0,8.247881908698007,3.994515630327523,3.994515630327523,8.22977897225134,12.720349974930286,2.060269563040001
744,train,0,0,8.250473739973037,3.993654119814984,3.993654119814985,8.24735557629983,12.744168632896617,2.06511513738248
745,train,0,0,8.248332575798035,3.994205202124789,3.994205202124789,8.218184855669737,12.713177513331175,2.0575269521200177
746,train,0,0,8.249461480476894,3.9956496772808965,3.9956496772808947,8.234100973294117,12.725310650654137,2.0607664931470064
747,train,0,0,8.143918947419035,4.121424456984373,4.121424456984371,8.14206967617839,12.746234797057696,1.9755474742186365
748,train,8,1,5.840581382277538,4.4650122280010045,4.4650122280010045,5.840025532003143,11.331669949286152,1.3079528641330809
749,train,8,1,5.7932502672672275,4.6191319953814505,4.6191319953814505,5.792745833624155,11.494151175487787,1.2540767051939996
750,train,8,1,5.144932910726697,4.052388033367468,4.0523880333674684,5.9253328592317995,11.070056162250694,1.4621829919648501
751,train,8,1,6.047158705746057,4.7546507271715015,4.7546507271715015,6.046180443931604,11.599489420070313,1.2716350350151633
752,train,8,1,6.0640733382558105,4.14989867952182,4.149898679521821,6.063375475258625,10.868561971292365,1.4610900032762455
753,train,8,1,6.153277629019809,4.248406407815899,4.2484064078158985,6.151818178908084,10.997040420188569,1.4480295876567817
754,train,8,1,6.0497184228614325,4.1113542967767085,4.111354296776709,6.049713229911348,10.822494082257435,1.4714648247791018
755,train,8,1,6.204157201707421,4.401811354455467,4.40181135445547,6.2032852646257375,11.562039096548688,1.4092574090770231
756,train,8,1,5.568442310043145,4.286840798973381,4.2868407989733806,5.567547879134771,10.936345216003247,1.2987531238547734
757,train,8,1,6.179332286463002,4.223392115027805,4.223392115027806,6.177955284476163,11.12819014431443,1.4627946248451733
758,train,8,1,6.162253211830452,4.113287316562712,4.11328731656271,6.1618938587449374,10.873427573184017,1.4980460601264676
759,train,8,1,6.2163944401675835,4.501910342799177,4.501910342799177,6.214835659730248,11.494880199665204,1.3804885451952418
760,train,8,1,6.354368632360245,4.607464047488094,4.607464047488095,6.353902501337114,11.580446459003724,1.3790454870290623
761,train,8,1,6.340088482050923,4.1941214745304585,4.19412147453046,6.337891176611883,11.104682882549241,1.5111367696667446
762,train,8,1,6.092304909902392,4.253625766174409,4.253625766174409,6.089359128915472,10.974740147357807,1.4315690809800765
763,train,8,1,5.364533204802777,4.0505610200600906,4.05056102006009,5.545674543610309,10.908232167828828,1.369112702202432
764,train,8,1,5.944541809309449,4.426559685687236,4.426559685687238,5.943862891508907,11.466059783066157,1.3427725623417417
765,train,8,1,5.7199157114276895,4.1456271126361965,4.1456271126361965,5.718929702872061,11.43096551427152,1.3795089494277752
766,train,8,1,5.959608896414749,4.197876668414608,4.197876668414609,5.958102956891991,11.270725162466988,1.4193134833430343
767,train,8,1,5.951153168871067,4.185507658217823,4.185507658217823,5.950059588017873,11.267553613055497,1.4215861190303953
768,train,8,1,6.153098241008702,4.171691858076023,4.171691858076022,6.1524646400258645,11.008508321014233,1.4748128215930532
769,train,8,1,5.957918138133129,4.268255844677002,4.268255844677002,5.9566080310677645,11.142446759389713,1.3955602119063055
770,train,8,1,5.697580035879452,4.306310291291981,4.3063102912919815,5.697053624013148,11.297542588377837,1.3229547428417925
771,train,8,1,4.786502795167719,3.8010303746103156,3.8010303746103173,4.78632276804022,9.415426471590763,1.2592171849010587
772,train,8,1,5.414017886366492,4.496087874100909,4.496087874100907,6.077000408921594,11.490667448117165,1.3516195810867744
773,train,8,1,5.2181017869096555,4.186212936348537,4.186212936348538,5.9560667998213015,11.174149908949403,1.4227816144050558
774,train,8,1,5.125963642280054,4.164092450943593,4.164092450943594,5.536308811028052,10.662253580798279,1.329535517342683
775,train,8,1,5.546937248766575,4.260511398435623,4.260511398435622,5.729173400342312,11.27600754681771,1.3447149566237409
776,train,8,1,6.049682579728105,4.29846575451087,4.29846575451087,6.04925596620611,11.203948653506814,1.4073058415919533
777,train,8,1,6.150604198059125,4.559015806345317,4.5590158063453154,6.15001716640644,11.3673901106813,1.3489791278737708
778,train,0,0,8.232624527536332,3.9881086972665325,3.9881086972665325,8.212813493333757,12.71773874759674,2.0593253887394933
779,train,0,0,8.239528871024959,3.9923845439928947,3.9923845439928947,8.224462494137697,12.715789564885199,2.0600376550682125
780,train,0,0,8.236128156871535,3.9907199563879567,3.9907199563879603,8.235284593754448,12.71466966625303,2.0636087432224346
781,train,0,0,8.239649593569338,3.9901344087729376,3.990134408772939,8.225580114610493,12.699422914534807,2.061479457064218
782,train,0,0,2.612773998459568,1.9914875355899428,1.9914875355899422,3.5246409337914084,6.134788746247068,1.7698533738235511
783,train,0,0,1.7420241642867913,1.2798503465539055,1.2798503465539053,2.0933952521408212,3.8350101381656714,1.6356562763587537
784,train,0,0,1.3554036784628407,0.9727990762098975,0.9727990762098977,1.6090481113931163,2.9631116890814155,1.654039514163701
785,train,0,0,1.1613760934062594,0.8384370736596393,0.8384370736596396,1.434581185799063,2.595583200425608,1.711018311174329
786,train,0,0,1.0053547481263523,0.7060425834825815,0.7060425834825815,1.2046886822020169,2.20754128950648,1.7062549913913758
787,train,0,0,0.9043076742868871,0.6201043567798908,0.6201043567798908,1.0317118655461819,1.9330712603405118,1.6637713543954236
788,train,0,0,0.8419904798610133,0.5730324879371496,0.5730324879371494,1.0302901178257544,1.872260140191429,1.797961092109593
789,train,0,0,0.7959610856795917,0.5302285930072709,0.5302285930072708,0.8706609569763532,1.6653475089697167,1.6420482947520225
790,train,0,0,0.7591352448156103,0.5002366835749019,0.5002366835749018,0.9248085036585107,1.6819055671803653,1.8487418736455712
791,train,0,0,0.7266981376442564,0.47699241668146847,0.47699241668146847,0.8024237381186831,1.5289164105633972,1.6822568033708067
792,train,0,0,0.7025809517456219,0.45423597403503574,0.45423597403503546,0.7875846394943073,1.4862045934423804,1.7338667223956166
793,train,0,0,0.6726553836162202,0.4344909258453831,0.43449092584538324,0.7827066979114897,1.4533813931047916,1.8014339341807604
794,train,0,0,0.6517864697154878,0.40854686095389864,0.40854686095389875,0.7392773396793486,1.3910565152032177,1.8095288700866317
795,train,0,0,0.6407678198562353,0.4108553453203156,0.41085534532031565,0.7447873282684595,1.3848864501924254,1.8127726382330502
796,train,0,0,0.6352371422809665,0.40221025585559844,0.4022102558555984,0.7183074505763943,1.3528847902198322,1.7859003844851764
797,train,0,0,0.6239999921518611,0.3889297181987153,0.3889297181987153,0.6702231972020818,1.29301025881432,1.7232501550823782
798,train,0,0,0.6171868434543721,0.38333130335827775,0.3833313033582776,0.665003598630894,1.2802255619317293,1.7348011832191894
799,train,0,0,0.5935622259117226,0.3666115180482111,0.366611518048211,0.624825377848043,1.218186485391925,1.7043255519480862
800,train,0,0,0.6034556993017904,0.3767246285567499,0.3767246285567498,0.6741760603417642,1.2762406726833433,1.7895725663717956
801,train,0,0,0.5984519190583378,0.368403172376265,0.368403172376265,0.6389989190306514,1.2359689439181238,1.7345098168101984
802,train,0,0,0.5779892200114555,0.3600228197528808,0.3600228197528808,0.6649155622837716,1.2426458894624375,1.846870603202788
803,train,0,0,0.5764114963746979,0.3522332021546272,0.3522332021546272,0.6371137988828705,1.2134004468098283,1.808784052683322
804,train,0,0,0.5808518838569289,0.35357668942555687,0.3535766894255568,0.6594393539741868,1.2386086474871263,1.86505325066976
805,train,9,1,0.1543579827067806,0.14075388058042604,0.14075388058042604,1.0489252080204532,1.2031762202750542,7.452193884069169
806,train,9,1,0.13059231762223864,0.1605480712675499,0.16054807126754994,1.2510714816636501,1.381632654742134,7.792503963369115
807,train,9,1,0.17711197534677195,0.2073756839705568,0.20737568397055675,1.1709241946590263,1.3479633299357374,5.646390995509745
808,train,9,1,0.169478193643954,0.1810054374416557,0.1810054374416557,1.0254604660240147,1.1949229662277503,5.665357242953301
809,train,9,1,0.09442041259973849,0.14348931253302966,0.1434893125330296,1.307642718732659,1.402056071615334,9.113171536253995
810,train,9,1,0.2022315079850414,0.18194735876129411,0.18194735876129411,0.6868009155112049,0.8890105422869965,3.774723195692297
811,train,9,1,0.08308450988385811,0.11054565187980192,0.11054565187980193,1.2070464629783855,1.2900749814616574,10.918986341415097
812,train,9,1,0.09957503044511054,0.12380307362664232,0.12380307362664232,1.1143766764411809,1.2139503862888432,9.001203635717877
813,train,9,1,0.09160802176202378,0.0970836423540186,0.0970836423540186,0.9929709691742555,1.0845704201292392,10.2279945941187
814,train,9,1,0.09559587872595966,0.12253837813661121,0.12253837813661118,1.4995820101442796,1.5951705212874003,12.23765185199758
815,train,9,1,0.0912955106954032,0.11769519485575909,0.11769519485575906,1.085865348412568,1.1768261266697664,9.226080552764678
816,train,9,1,0.16109228597448963,0.1688929172861077,0.1688929172861076,1.3483887864513526,1.5094301311692107,7.983690542612619
817,train,0,0,0.6038192958813925,0.48876279342024154,0.4887627934202416,1.1617203502672893,1.7654885527699662,2.376859216590233
818,train,0,0,0.7956464546624338,0.5320945074592021,0.5320945074592023,0.9472688180502737,1.7421021451009437,1.7802642289497876
819,train,0,0,0.7574563972107444,0.49744147666548805,0.4974414766654881,0.814818406904551,1.5722523036220082,1.6380186315916871
820,train,0,0,0.7323803878913168,0.4786017802372285,0.47860178023722855,0.8372310422768351,1.567254952620715,1.7493270540319443
821,train,0,0,0.6880695230371784,0.4465895027326354,0.44658950273263526,0.7987373464696575,1.4857804171042517,1.7885269169612492
822,train,0,0,0.6640058303676778,0.4221163083264166,0.42211630832641667,0.7503598188556498,1.4134309740038589,1.7776139041645533
823,train,0,0,0.6585838873298598,0.4240420713338233,0.42404207133382305,0.748172752150731,1.4067130414077837,1.7643833070557264
824,train,0,0,0.6447889766282752,0.40866115854968066,0.4086611585496806,0.7275013962202356,1.371360227407422,1.7802068559735507
825,train,0,0,0.612094270582078,0.37410864858287407,0.374108648582874,0.707561982278945,1.3183021952863783,1.8913275193160979
826,train,0,0,0.6152865371990484,0.3858462990318538,0.3858462990318537,0.6854242601108271,1.2978374445810914,1.7764178685415917
827,train,0,0,0.6004665957416874,0.379257502799583,0.37925750279958287,0.6632431878123898,1.263271727366373,1.7487938482864451
828,train,0,0,0.5818932890949945,0.36653928844493927,0.36653928844493927,0.7197623610438605,1.301388328342,1.9636704269752017
829,train,0,0,0.5874851315540727,0.3653783030267479,0.365378303026748,0.6693355471568648,1.25559537706431,1.831897355732875
830,train,0,0,0.5888388154733839,0.3638050286910647,0.3638050286910644,0.6325359346639452,1.2211973761295667,1.7386673761485618
831,train,9,1,0.09132293782924535,0.14645656818730354,0.14645656818730357,1.5343614427020658,1.625541321511264,10.476562858824932
832,train,9,1,0.08305681370255297,0.1107312192632382,0.11073121926323827,1.2336069283628768,1.3166339346153109,11.140552199919853
833,train,9,1,0.0784135868268204,0.08232826694787555,0.08232826694787555,0.7774720380587387,0.8554844867321663,9.443561329318143
834,train,9,1,0.09591810614828865,0.1433610155105126,0.14336101551051264,1.2316902407907984,1.327584675331309,8.591528431943052
835,train,9,1,0.06076916111524406,0.09286681057124263,0.09286681057124263,1.4082433377403467,1.4689806602036697,15.164118688667735
836,train,9,1,0.07221710025849461,0.11541560929770674,0.11541560929770676,1.3735823696893203,1.445698495474062,11.901183713775296
837,train,9,1,0.17056179474467353,0.1720001616676432,0.1720001616676432,0.8230181889665691,0.9935163489863044,4.784984973193754
838,train,9,1,0.08464457676783695,0.11548734747946728,0.11548734747946722,1.506174424429978,1.5908166472227094,13.04189989035608
839,train,9,1,0.11952043254965974,0.15440576942171436,0.15440576942171436,1.4659202031314926,1.5852428276411956,9.493947076082105
840,train,9,1,0.07562418557512865,0.13079444934802525,0.13079444934802525,1.41813198946607,1.4935750035219826,10.8424477990853
841,train,9,1,0.06394050512466493,0.08299636191199641,0.08299636191199643,1.0241339405998224,1.0880067385951406,12.339504009654577
842,train,0,0,0.7952774537031073,0.5334862308801824,0.5334862308801824,0.9142192828233819,1.7077695752959698,1.71366987544372
843,train,0,0,0.7631652312637889,0.5006090870839064,0.5006090870839065,0.8410188002227224,1.603356675885152,1.6799910787112025
844,train,0,0,0.7251453461750061,0.4751333996347738,0.4751333996347738,0.8405326542751281,1.5651837326586246,1.76904560892
845,train,0,0,0.699643195517594,0.4495794441248216,0.44957944412482165,0.7627308956307824,1.4596237866207957,1.6965430817584648
846,train,0,0,0.6767260205028579,0.4351078035179745,0.43510780351797423,0.7603174079181626,1.4331347928382456,1.747423056471921
847,train,0,0,0.6452122291532578,0.40999645144090213,0.40999645144090213,0.7169020811113296,1.3610258880071342,1.7485567950450067
848,train,0,0,0.6410160120271612,0.40722334641343255,0.40722334641343244,0.7524845544553828,1.3914638948626816,1.8478423722087505
849,train,0,0,0.6264781381121138,0.3944763691452642,0.3944763691452642,0.6915159796247026,1.3171865893527865,1.7529972229339164
850,train,0,0,0.6137476578635905,0.3822635790346933,0.38226357903469355,0.6447191819267537,1.2583534781078924,1.6865828116683859
851,train,0,0,0.5891982359217945,0.3649504915391399,0.3649504915391399,0.664780850954121,1.2506107108201832,1.8215644761854641
852,train,0,0,0.5953289380327332,0.362321573945176,0.3623215739451762,0.6330782065137756,1.227774073020555,1.7472826683226106
853,train,0,0,0.5544500075675314,0.3333144539966803,0.3333144539966803,0.6165261543892557,1.1702521702391095,1.8496832255447166
854,train,0,0,0.561953391638759,0.33957327197304454,0.3395732719730445,0.650515828522679,1.2119164040195756,1.9156861926822004
855,train,0,0,0.5670111703865114,0.34569805709600776,0.3456980570960078,0.6419351768501219,1.2082223379984498,1.8569244566851664
856,train,0,0,0.565546918765176,0.3413229043687642,0.3413229043687643,0.6126070729340427,1.1745309075340629,1.7948021216653653
857,train,0,0,0.5493426263544534,0.336746649119319,0.3367466491193192,0.5994165003087546,1.1483086028310936,1.7800221676336974
858,train,0,0,0.5299891693120444,0.3216666730724589,0.3216666730724589,0.6201906936640298,1.1501155489968369,1.9280539315439904
859,train,0,0,0.5308821169378062,0.3182950323387455,0.31829503233874545,0.5556788476465444,1.0862616256636102,1.7457980527172139
860,train,0,0,0.5409573303225661,0.34104247248695035,0.34104247248695035,0.6345769180294847,1.1754806519056729,1.860697623384038
861,train,0,0,0.538391251150635,0.3283620088211687,0.32836200882116867,0.5983900837263791,1.1366702979430556,1.8223487116387822
862,train,0,0,0.5234288797743502,0.3151845827493148,0.3151845827493149,0.579078830682498,1.1019146558246575,1.837268896946885
863,train,0,0,0.5394051461364142,0.3351498642953344,0.33514986429533417,0.6217159838532098,1.1595537643879652,1.8550387456083035
864,train,0,0,0.5318481810342928,0.31537999377987785,0.31537999377987797,0.6197402589071135,1.1512978310056496,1.9650588849325243
865,train,0,0,0.5240576079769671,0.3139925911808397,0.3139925911808396,0.569307584436363,1.0933079462702153,1.813124259701014
866,train,0,0,0.5389804340264527,0.32772019038406436,0.32772019038406436,0.5818764471152099,1.1197891738265753,1.7755282225159603
867,train,0,0,0.5384517328767106,0.32694576454173635,0.32694576454173646,0.591299830195494,1.128878078656271,1.8085563243930975
868,train,0,0,0.5315726520642348,0.31994134012256553,0.3199413401225654,0.5630378005877428,1.0943581638275646,1.7598157223822661
869,train,0,0,4.076113352120156,2.7072225715785816,2.7072225715785807,5.199253431021934,9.273914749035612,1.9205119983874288
870,train,0,0,4.085783444169909,2.7043293666959545,2.7043293666959554,5.258285083051771,9.333309892565012,1.9443952159851516
871,train,0,0,4.075791176403989,2.698231713702634,2.6982317137026346,5.232571784411441,9.307523866766132,1.9392596113367413
872,train,0,0,4.072193995812442,2.690203981923539,2.6902039819235397,5.2559481703252535,9.324038296472281,1.9537359269564254
873,train,0,0,4.078437989633531,2.70068438403748,2.7006843840374795,5.252583319265395,9.314962409436703,1.9449082426332498
874,train,0,0,4.09181811981136,2.7310851777068113,2.731085177706812,5.28270695037907,9.37152116280049,1.934288609341272
875,train,0,0,4.095107542207464,2.719347321975375,2.7193473219753734,5.198197854826227,9.273833882063627,1.911560841389757
876,train,0,0,4.105681920253206,2.7352225994275177,2.735222599427517,5.345241045750212,9.449905766639858,1.9542252418026131
877,train,0,0,4.25171530270399,2.86929680407503,2.869296804075031,6.147817015411245,10.399070292623946,2.1426214976017803
878,train,0,0,4.213449266268872,2.7702287802002394,2.7702287802002394,5.443299505398609,9.648646908812225,1.9649277865798336
879,train,0,0,4.166991701098625,2.7793716859025945,2.7793716859025936,5.558671484021004,9.722178441938013,1.999974135239073
880,train,0,0,4.172087484665215,2.7861852335216772,2.786185233521676,5.611824220351875,9.768278764560819,2.0141604918559755
881,train,0,0,4.168967772600474,2.781445384001922,2.7814453840019224,5.57351059806603,9.73908573272638,2.003818097642063
882,train,0,0,4.177167465596925,2.7848161046242694,2.7848161046242703,5.614570090860594,9.785601370502263,2.0161367501205674
883,train,0,0,4.179109989357181,2.779004881296273,2.7790048812962733,5.649153293418698,9.820415667258203,2.0327971827036295
884,train,0,0,4.183845370264258,2.7966491231334247,2.7966491231334243,5.6406919069574215,9.81831227382645,2.016946588078762
885,train,0,0,4.171169079719577,2.780354206597824,2.7803542065978237,5.629245005668607,9.792699771467596,2.024650309773597
886,train,10,1,3.2325750745963306,2.1748990442856626,2.174899044285663,8.398126944141463,11.622347010299563,3.8613870221731577
887,train,10,1,3.634794752036687,2.5470967591900937,2.547096759190092,8.662802179420833,12.28992956271395,3.401049507901447
888,train,10,1,3.550099269406404,2.3907123327441995,2.3907123327441995,9.096617802126799,12.64045673655346,3.8049821710189486
889,train,10,1,3.135794292244129,2.0289392911138218,2.028939291113823,6.128873218742199,9.254548504017293,3.0207277495117375
890,train,10,1,3.523502001632005,2.7756357059171126,2.7756357059171117,9.975197186600417,13.487300220876932,3.593842363871905
891,train,10,1,3.8740696270683546,3.1197945214229708,3.1197945214229703,11.24418884918897,15.116752563626505,3.604144046018896
892,train,10,1,4.293697403483093,2.5797731567851048,2.5797731567851034,8.137128783650695,12.405767910182476,3.1542032144373238
893,train,10,1,3.5928115028440955,2.067476651789581,2.067476651789581,14.485878072351216,17.652297854423523,7.006549776420656
894,train,10,1,3.507299047637731,1.805637159032796,1.805637159032796,7.429863351654261,10.920045737177134,4.1148152686634605
895,train,10,1,4.278247330196201,2.5243443543767747,2.524344354376774,5.708679702274502,9.884079806506634,2.2614504603449386
896,train,10,1,3.84542216631677,2.353664301930074,2.353664301930073,16.362806898624637,20.197434545494616,6.952056368109361
897,train,10,1,3.9454438144555315,2.7826365424737762,2.7826365424737762,18.133924776853064,22.064266578294337,6.516813999981443
898,train,10,1,3.8324205601513386,2.2511512946116157,2.251151294611617,12.997392443388701,16.695589140057564,5.773664557553025
899,train,10,1,4.167670793391764,3.0723934330412015,3.0723934330412015,9.03146975531429,13.174549676477909,2.9395550902393746
900,train,10,1,3.543366986026056,2.3439622346469537,2.3439622346469537,5.682444972286932,9.217251892201602,2.4242903269910485
901,train,10,1,3.7030715518817305,3.121097722237936,3.121097722237937,9.899151844419539,13.562831461429596,3.171689170091572
902,train,10,1,3.911596066813916,3.066133614894797,3.0661336148947975,8.239229433674366,12.10302658751607,2.6871723377120547
903,train,10,1,4.1220598701471465,2.6354493601669873,2.6354493601669877,7.653741788483225,11.762881710194051,2.9041505802252514
904,train,10,1,3.8118535579033197,2.447587566911119,2.4475875669111193,5.640850871723146,9.42567839473486,2.3046574300268885
905,train,10,1,3.9571543927956374,2.6004927898525723,2.6004927898525727,12.036468387050554,15.963466869667172,4.628533651013479
906,train,10,1,3.895899674251676,2.171076228094912,2.171076228094912,11.233171561405062,14.936018705368042,5.174010666250077
907,train,10,1,4.190931529253721,2.4412040924117155,2.441204092411715,7.273460179120303,11.114727646112442,2.979455999491916
908,train,10,1,3.7413700075754894,2.5178436875548824,2.5178436875548824,6.133342936455272,9.866623484529555,2.4359506377504547
909,train,10,1,3.598898401306942,2.025280750886859,2.025280750886859,8.714638242674992,12.2933709602803,4.302928489721191
910,train,10,1,4.094549956095405,3.113787371671951,3.1137873716719513,9.429495034444145,13.51909945346415,3.0283040904559155
911,train,10,1,4.224393374533393,3.5361683086656033,3.536168308665601,10.644339077859186,14.855397580191493,3.0101336103755494
912,train,10,1,4.137291585039347,2.4896625045303606,2.489662504530361,11.1776641263254,15.291900306940079,4.489630263534015
913,train,10,1,3.7602889417810363,2.0918862642862304,2.091886264286231,10.870418799002655,14.621322658844292,5.196467410579673
914,train,10,1,3.535485450370237,1.9316428458299346,1.9316428458299348,3.9042056163717063,7.408470334485173,2.021184001380056
915,train,10,1,3.7189303248126526,2.3041193738706527,2.304119373870652,5.2191428334515075,8.937028772896156,2.2651356056626337
916,train,10,1,3.756723787406576,2.477129842498272,2.477129842498274,6.223175619026529,9.97968317673076,2.5122524916781246
917,train,10,1,4.299006859768648,2.7950828652761506,2.7950828652761497,11.641372282992583,15.932730491738766,4.164947103220295
918,train,10,1,3.339587832653429,2.207386562002922,2.207386562002923,4.164975498950575,7.499784616287798,1.8868355777120382
919,train,10,1,4.428996415981092,3.107234899052248,3.107234899052246,8.666716245762071,13.08135907817632,2.789205363394171
920,train,10,1,4.097883617773652,2.737581796702949,2.73758179670295,6.3381391407102345,10.410487577319145,2.3152327898818124
921,train,10,1,4.304008433307986,3.4017575383030776,3.4017575383030776,9.553459218059201,13.855241410899907,2.8083892254192873
922,train,10,1,4.008055857788771,2.143670585706498,2.143670585706499,8.623221226561814,12.580671589821577,4.022642883687197
923,train,10,1,4.2180323092326875,2.5894507816655747,2.5894507816655734,6.211277535738016,10.429206981847528,2.3986853041256992
924,train,10,1,4.47448510196805,2.8801614387798624,2.880161438779863,13.628898915976286,17.746865332126617,4.731991315649989
925,train,10,1,3.646938518792391,2.366107079000957,2.3661070790009573,6.454557224005461,9.971030533313751,2.7279227053117023
926,train,0,0,4.694001639846713,3.011858231508512,3.0118582315085134,6.052903686996549,10.732323784381151,2.009690769530312
927,train,0,0,4.527501382176299,2.943763742774484,2.9437637427744843,5.9652897936659866,10.490943422308192,2.0264159473761736
928,train,0,0,4.449070387567393,2.9196056485343487,2.9196056485343505,5.9757686322079975,10.41189472656697,2.0467725273815143
929,train,0,0,4.373526222702814,2.8832905429910665,2.8832905429910674,5.864972465041326,10.235198456095532,2.0341246841385336
930,train,0,0,4.32021206174558,2.851036123678588,2.8510361236785884,5.804250065939967,10.117665372323245,2.0358388368825553
931,train,0,0,4.297025813282468,2.8532443970551173,2.8532443970551182,5.889411793529056,10.184774708002806,2.0641105261111234
932,train,0,0,4.286147139490582,2.860658254251261,2.8606582542512613,5.978850342809222,10.252106837928295,2.0900260749161403
933,train,0,0,4.264264344072435,2.8617107770094274,2.861710777009427,5.875159026288893,10.132581747602671,2.053023343060758
934,train,0,0,4.23088498023292,2.8148244027008253,2.8148244027008245,5.874541808097158,10.100054394453764,2.0870011651385907
935,train,0,0,4.223615728719742,2.8154025357272103,2.8154025357272103,5.804028428689926,10.026286665699445,2.061527030340179
936,train,0,0,4.241856830660254,2.851989044706003,2.851989044706003,5.958896381314844,10.192419852130115,2.0893826336310894
937,train,0,0,4.2238756531586406,2.834071601903899,2.8340716019039,5.91805492698052,10.138940910808742,2.0881811606329324
938,train,0,0,4.225711187738925,2.835514039686726,2.8355140396867267,5.823517480473965,10.048721433617175,2.053778397484979
939,train,0,0,4.190221964686177,2.7897631256485886,2.789763125648589,5.796807110936381,9.984262619633228,2.0778850568500102
940,train,0,0,4.212136575989425,2.8218015275825956,2.8218015275825965,5.848080327697098,10.045562468469143,2.072463378637079
941,train,0,0,4.211208368812397,2.8321677743048834,2.8321677743048834,5.8483953222886775,10.058737821236718,2.0649890078366155
942,train,0,0,4.208154877998866,2.8233388243087147,2.823338824308718,5.866655150077306,10.069311558268964,2.0779139576043377
943,train,0,0,4.210493958408478,2.819524669422118,2.819524669422118,5.850545012538787,10.055941321887076,2.075011109492402
944,train,0,0,4.210837440397354,2.831618382713588,2.831618382713588,5.881259842012314,10.092055130287918,2.076995924986263
945,train,0,0,4.208640811680816,2.8245467136803004,2.8245467136803013,6.039266826868989,10.243249330669641,2.1381366424632438
946,train,0,0,4.211073720122455,2.8347661841808978,2.834766184180898,5.832491076325299,10.0404024340678,2.0574857668589654
947,train,0,0,4.193747582193464,2.80836716402225,2.8083671640222487,5.724480567220598,9.91048203036189,2.0383661511772493
948,train,0,0,4.22250035627,2.838959034718171,2.838959034718171,5.906021562980488,10.109674649313092,2.0803475818969646
949,train,0,0,4.2122628060490825,2.821702031358346,2.821702031358346,5.842846217998769,10.050698549952358,2.0706815082051975
950,train,0,0,4.229865705831908,2.850656372157249,2.850656372157249,5.817921960488893,10.038392725400627,2.0409060935275587
951,train,0,0,4.188112665461376,2.802276151724762,2.8022761517247594,5.804242681218311,9.986401489004493,2.0712600639469048
952,train,0,0,4.2287300318677445,2.850086895927126,2.850086895927126,5.8245231419603805,10.052210866939276,2.043630020643872
953,train,0,0,4.242868885338074,2.8820290159421296,2.882029015942128,6.034873500526184,10.275095022981986,2.0939669472943874
954,train,0,0,4.204906102633802,2.826518425405751,2.826518425405751,5.853453997158678,10.05688112671487,2.070906010923458
955,train,0,0,4.20479944053269,2.8104905240905462,2.810490524090547,5.6811830728950445,9.883587261894718,2.021420468846246
956,train,0,0,4.199159828045871,2.8143070362682487,2.8143070362682474,5.808658394000028,10.003401080612093,2.06397465491266
957,train,0,0,2.6162051040232184,0.7218110030715452,0.7218110030715454,2.309906669288874,4.517205059528351,3.2001544164046463
958,train,0,0,2.6196694800555704,0.7109243538379033,0.7109243538379039,2.1525333652198313,4.228876858949661,3.0277952268753268
959,train,0,0,2.6407997573316098,0.7139759430038872,0.7139759430038878,2.2815826202332974,4.4073090851306915,3.1956015361442978
960,train,10,1,2.633996204137802,0.18637886063226747,0.1863788606322676,0.5035707509517668,0.9756484031677246,2.701866237638026
961,train,10,1,2.577567123889923,0.31595112240664314,0.31595112240664297,0.9051263566017149,1.737145185470581,2.864767023795464
962,train,10,1,2.660135518193245,0.40514254311726855,0.4051425431172687,1.3066322697401045,2.3174322843551636,3.2251174109895913
963,train,10,1,2.6507740503549577,0.3331777388584112,0.3331777388584112,1.7788161748647688,2.4465705156326294,5.338940653597217
964,train,10,1,2.5701665811538694,0.20499870397394376,0.20499870397394382,0.48471642208099386,0.9135193824768066,2.3644853000758643
965,train,10,1,3.4980209634304047,4.17026954996345,4.17026954996345,23.28817669892311,25.6588271856308,5.584333679132855
966,train,10,1,2.6094029405117034,0.18882605364651156,0.1888260536465114,0.5146297953128816,0.9630341529846191,2.725417310665643
967,train,10,1,3.3757023565769195,3.282887268128966,3.282887268128966,19.60490944457054,20.93149995803833,5.971849729626591
968,train,10,1,2.6116324589252473,0.16543885689649537,0.16543885689649537,0.4817422702312468,0.846912145614624,2.911905215427368
969,train,10,1,2.566035064458847,0.16513792443801772,0.1651379244380177,0.40948727965354914,0.8103213310241699,2.4796683199639262
970,train,10,1,2.603646914243698,0.1432825175113855,0.14328251751138557,0.42627938580513014,0.7774720191955566,2.9750969846775406
971,train,10,1,3.0994805572479964,3.033803408576481,3.0338034085764805,22.490698886111378,25.39206214249134,7.413367267810029
972,train,0,0,3.0374828574620185,1.8887743561501993,1.8887743561501997,9.765977263692767,12.79471705853939,5.170536772639322
973,train,0,0,2.5432771560549736,0.6607843165208482,0.6607843165208481,2.173761051595211,4.171071320772171,3.289668046361127
974,train,0,0,2.5380110866427423,0.6616259771169135,0.6616259771169136,2.189747375905514,4.155394583940506,3.3096454063782494
975,train,0,0,2.610935951322317,0.6640728718248967,0.6640728718248967,2.115378851741552,4.111957281827927,3.185461929695175
976,train,0,0,2.5746564707756043,0.6615608297954291,0.6615608297954294,2.1350898287296296,4.053897827863693,3.2273522442219726
977,train,0,0,2.5624079755842684,0.6582046761069104,0.6582046761069101,2.203931962639093,4.187674194574356,3.348399126658765
978,train,0,0,2.5596483431458474,0.6460591213721134,0.646059121372113,2.0542753420472146,3.9386849403381348,3.179701785936099
979,train,0,0,2.569673040211201,0.6514150928397265,0.6514150928397265,2.0250165846943857,4.0455034375190735,3.1086424108884114
980,train,0,0,2.586024171888828,0.6571443236503529,0.657144323650353,2.056757874071598,4.04071718454361,3.1298419541183433
981,train,0,0,2.5674506764113905,0.662221851442285,0.6622218514422848,2.155106488913298,4.104066640138626,3.2543572584015275
982,train,0,0,2.5771067660748956,0.6592213009442519,0.6592213009442521,2.112011603683233,4.043475031852722,3.203797572466242
983,train,0,0,2.5916237753927707,0.6602823346802117,0.6602823346802116,2.092182658344507,4.062910586595535,3.168618253822881
984,train,0,0,2.553887497127056,0.6534973125243664,0.6534973125243663,2.0025633680224417,3.9811995029449463,3.064378888241831
985,train,0,0,2.5617556973397733,0.6502530195269152,0.6502530195269155,2.0880570813119412,4.06903600692749,3.211145536596023
986,train,0,0,2.575693965345621,0.6541302645938558,0.6541302645938557,2.106386334091425,3.9757507145404816,3.220132820791075
987,train,0,0,2.57660034006834,0.6573971365882676,0.6573971365882675,2.0506472856402396,3.979938268661499,3.1193431968423293
988,train,0,0,2.5846978480517864,0.6506356382695395,0.6506356382695395,2.168555354565382,4.229012459516525,3.332979669439829
989,train,0,0,2.5390702174305915,0.6480382774247369,0.6480382774247367,2.0770030902028083,3.9647793769836426,3.2050623590579983
990,train,0,0,2.558446688503027,0.6547189085138598,0.6547189085138596,2.0640465746819974,3.9929637014865875,3.1525690610756265
991,train,0,0,2.5695660437643526,0.6546007154905185,0.6546007154905186,2.2196405853331087,4.156069815158844,3.390831285098494
992,train,0,0,2.5473997361958025,0.6523746180443835,0.6523746180443835,2.0547333426773546,3.999623626470566,3.1496218366631235
993,train,0,0,2.579968237102032,0.6484208658271782,0.6484208658271784,2.0861354700922967,4.025495827198029,3.217255304440354
994,train,0,0,1.5105837646147702,1.1003910412037599,1.10039104120376,1.8196111854889896,3.3277002268005162,1.653604143758247
995,train,0,0,1.1454177445076348,0.8616815078774285,0.8616815078774285,1.3241083079673408,2.469038323062705,1.5366562887359665
996,train,0,0,0.9599136058171279,0.7155043704989316,0.7155043704989312,1.1670841034571642,2.1238749872427434,1.6311348351979178
997,train,0,0,0.8496568655129814,0.6221316206158831,0.622131620615883,1.0189495826605417,1.8683883390040137,1.6378360284144156
998,train,0,0,0.7802378211647738,0.5655611318181215,0.5655611318181213,0.9562122549384366,1.7357920312788337,1.6907319140982708
999,train,0,0,0.7347304818694829,0.5341452569047531,0.5341452569047536,0.890273809664941,1.624942384485621,1.6667260415712923
1000,train,0,0,0.7083827399577712,0.5081865705370977,0.5081865705370977,0.8976825333271409,1.604463525232859,1.7664428486931256
1001,train,0,0,0.6926432683800813,0.49630313438698537,0.49630313438698537,0.8694379493857268,1.5591764540877193,1.7518284474661303
1002,train,0,0,0.6846249815293995,0.48807838732700815,0.48807838732700815,0.8391273502043041,1.5234860052878503,1.7192470963523658
1003,train,0,0,0.6795496435326659,0.48359072664535935,0.48359072664535935,0.8428338079291261,1.522355299892297,1.7428659432239635
1004,train,0,0,0.6776245135871577,0.4809657064623617,0.4809657064623616,0.8158061008842779,1.4927912492421456,1.696183511470624
1005,train,0,0,0.6714382503866217,0.4746195654631374,0.4746195654631377,0.8121779824853875,1.4823777978308499,1.7112189247673713
1006,train,0,0,0.6682440929570512,0.473366946655748,0.4733669466557479,0.8225192136606856,1.4906607494413038,1.7375932550247444
1007,train,0,0,0.667529138056736,0.4750677066560853,0.4750677066560853,0.8259583392458153,1.4932169631356373,1.7386118392672594
1008,train,0,0,0.6684791922852165,0.4745398118207599,0.4745398118207598,0.8140982508376473,1.4816644247621298,1.715553111790636
1009,train,0,0,0.6683403514737729,0.47107318340075505,0.4710731834007551,0.7875013090257998,1.4552946828771383,1.6717175521236378
1010,train,0,0,0.66550579611602,0.4721724128819877,0.4721724128819876,0.8095797007864458,1.4743508358369581,1.71458492427593
1011,train,0,0,0.6629527827627608,0.47234350138045605,0.47234350138045594,0.8108319023721269,1.4735377441393211,1.716614921137722
1012,train,0,0,0.6670632844222127,0.47309884126847873,0.47309884126847873,0.8209824080216349,1.4876490545575507,1.7353295683844971
1013,train,0,0,0.66625192648964,0.4700172447410177,0.4700172447410176,0.8140405129711143,1.4774733413942158,1.7319375450142382
1014,train,0,0,0.6634042169108361,0.4711562165281088,0.47115621652810885,0.80163694367266,1.4649456872357405,1.7014249532348789
1015,train,0,0,0.6651856681199569,0.47054972088104857,0.47054972088104857,0.8040352085737686,1.4689302888873499,1.7087146647718927
1016,train,0,0,0.6662839030567557,0.46889596927571875,0.4688959692757188,0.7849767828639597,1.4496928171720356,1.67409582146009
1017,train,0,0,0.66135626163485,0.468672170112689,0.468672170112689,0.8135051218032604,1.4735861154040322,1.735765794686846
1018,train,11,1,0.13952221054591063,0.1677866968375075,0.1677866968375075,4.29124246459447,4.430610024617636,25.575582245059095
1019,train,11,1,0.11009811728484055,0.1443997586525217,0.1443997586525217,3.214087254114085,3.3241082874155836,22.258259183440515
1020,train,11,1,0.14024561289113627,0.3206108918552277,0.3206108918552277,5.430140320031227,5.570337192788429,16.936855415639513
1021,train,11,1,0.1615350730873579,0.13851263274469788,0.13851263274469788,0.6248773448012834,0.7863783500397403,4.511338297590789
1022,train,11,1,0.12805484261393757,0.3277012439580978,0.3277012439580978,6.600013985968826,6.7280561923598725,20.140338517643073
1023,train,11,1,0.15820888357185503,0.18453976625476837,0.18453976625476834,2.6006233326909625,2.758810533434371,14.092481991662677
1024,train,11,1,0.1234086452435531,0.1904619905476304,0.19046199054763044,2.395075708775612,2.5184581275116216,12.575084938937751
1025,train,11,1,0.16694392372408037,0.23112021787549605,0.23112021787549605,3.2972012598391522,3.4641006617530365,14.266174072297506
1026,train,11,1,0.09010152827373531,0.15075177113858168,0.15075177113858168,3.3061000822914504,3.396052042939118,21.930754493439746
1027,train,11,1,0.13064808612510387,0.1602408648025366,0.16024086480253663,2.258539488261493,2.389168012989103,14.09465363934893
1028,train,11,1,0.1504109829592744,0.31025145111435093,0.31025145111435093,5.183283475048538,5.33363634770285,16.706717910363967
1029,train,11,1,0.12118341290771059,0.16010970747542946,0.16010970747542952,1.8975350681561323,2.0186306969917496,11.851467959538484
1030,train,11,1,0.14432738968492775,0.26269313990800375,0.2626931399080037,6.058400404962289,6.202526514403871,23.06265175818435
1031,train,11,1,0.18580323529368617,0.27028192013554714,0.2702819201355472,3.395477711437881,3.5810049850842915,12.562726022277179
1032,train,11,1,0.6431758051893849,0.7880806696262312,0.7880806696262316,3.557828699968086,4.200804137770319,4.514548874362673
1033,train,0,0,0.9418562148823403,0.6999833279930948,0.6999833279930948,1.1434222961650229,2.0819427026435733,1.633499328395865
1034,train,0,0,0.8308629949635069,0.6051254329737883,0.6051254329737886,1.0074867050105532,1.8379979991877917,1.6649220973235694
1035,train,0,0,0.7642718195457128,0.5561685777596926,0.5561685777596925,0.9233900666694972,1.6869437248096801,1.6602701116071905
1036,train,0,0,0.7212915911439922,0.5163379044198466,0.5163379044198465,0.8854971633192036,1.6062068889732473,1.7149567284124565
1037,train,0,0,0.6989329715217464,0.4972746064429147,0.4972746064429147,0.829290900663007,1.5274832289433107,1.6676719259707595
1038,train,0,0,0.6858211160316787,0.4849183518258216,0.4849183518258214,0.8318006395682969,1.5175762182843755,1.7153416372805637
1039,train,0,0,0.6720430135289207,0.47658286873102845,0.47658286873102845,0.8340702772578225,1.5050352169200778,1.7501054527592577
1040,train,0,0,0.6666843386107939,0.4747062792922445,0.4747062792922447,0.8194265870636446,1.4851988487062044,1.7261760014747536
1041,train,0,0,0.6641682681308594,0.47006775764218034,0.4700677576421802,0.8035694065822754,1.4653963909950107,1.7094756947656038
1042,train,0,0,0.6596420807734831,0.46594303194230235,0.4659430319423023,0.8014226155384676,1.4599924836074933,1.7200012889938607
1043,train,0,0,0.6572063818813767,0.46527583774927295,0.4652758377492729,0.8210224255679641,1.4756628763861954,1.7645928693387156
1044,train,0,0,0.6578057889807969,0.4646256937819344,0.4646256937819343,0.7935767288338393,1.451285364688374,1.7079914853057905
1045,train,0,0,0.6584925371647696,0.4649974694489213,0.4649974694489213,0.7992016356944223,1.456883254868444,1.7187225484077875
1046,train,0,0,0.6540550611453946,0.4628923745559189,0.46289237455591886,0.815218625263602,1.469020289951004,1.7611407533893626
1047,train,11,1,0.2814769400624464,0.5322464303241705,0.5322464303241705,7.44643739328106,7.727885261821939,13.990582123295267
1048,train,11,1,0.08112925777402416,0.18574128863749692,0.1857412886374969,3.4581697534564446,3.539275697330595,18.618206963157245
1049,train,11,1,0.0878176104160084,0.22361188238611687,0.22361188238611687,5.589827596035407,5.677482179846265,24.9979005426165
1050,train,11,1,0.10717288546697637,0.38178859143774513,0.38178859143774513,6.268699726532535,6.375850090857057,16.419295565972188
1051,train,11,1,0.11963101781941077,0.23398983721870978,0.23398983721870978,6.022775445803636,6.142267042727326,25.739474489117068
1052,train,11,1,0.10152544621444759,0.30433354278982094,0.3043335427898209,5.024474958143463,5.125955814251938,16.509763965168542
1053,train,11,1,0.0827929726923976,0.1810417192054067,0.18104171920540668,4.884140754572007,4.96689458504261,26.977984831388774
1054,train,11,1,0.08866200255193689,0.2393247654666915,0.2393247654666915,4.962361003887272,5.0509368205675855,20.734841186245383
1055,train,11,1,0.08781940255738209,0.22556271375810324,0.22556271375810324,3.3052534409942536,3.393062454530991,14.653367952200007
1056,train,11,1,0.17274672789328907,0.39298236403908926,0.39298236403908926,5.662062098553244,5.834732757488382,14.407929252494519
1057,train,11,1,0.13805786851143784,0.3046998091112805,0.3046998091112806,5.696221191852332,5.834158433535777,18.694534822540678
1058,train,11,1,0.1193879185916594,0.345091417260307,0.345091417260307,7.29676598918422,7.4161057326055015,21.14444354227498
1059,train,11,1,0.10139264281161013,0.17675115238735328,0.17675115238735328,2.8887175161086778,2.9900395495133125,16.343415457784413
1060,train,11,1,0.1075043415537657,0.23047330282764497,0.23047330282764492,4.064817454863471,4.172208413729095,17.63682563226539
1061,train,11,1,0.1819735142424397,0.22146947298061181,0.22146947298061181,3.3803610232636636,3.562269452791952,15.263327165453596
1062,train,11,1,0.11211810248196707,0.25861517907405696,0.25861517907405696,4.8065763936728185,4.918604037316982,18.585824741154923
1063,train,11,1,0.18699718743877747,0.30112772502223667,0.3011277250222367,3.62131069868488,3.808301016855694,12.025829565900864
1064,train,11,1,0.1721555766914389,0.30428420113703825,0.30428420113703825,4.315416139617155,4.4874249396671075,14.182189293730872
1065,train,0,0,1.1956481230291538,0.8828844468513016,0.8828844468513016,1.4554196107354946,2.6509156943357084,1.648482557288294
1066,train,0,0,0.9400111813722178,0.6990413876651032,0.699041387665103,1.16260012195725,2.1006145325955003,1.6631348908259904
1067,train,0,0,0.8264665587252239,0.6025454478636889,0.6025454478636889,0.9807358996564289,1.8061530332779512,1.6276546493440547
1068,train,0,0,0.7615887335794977,0.5544849226409359,0.5544849226409359,0.9438049384099432,1.7051498679211363,1.7021291289846607
1069,train,0,0,0.7186772257006377,0.5142974051173695,0.5142974051173698,0.8839816421353608,1.6019525284064002,1.718814120661612
1070,train,0,0,0.6961739224507474,0.4956901956487424,0.4956901956487424,0.8476599293635226,1.5416517374105752,1.7100599059744046
1071,train,0,0,0.6803949248923454,0.48241273686323455,0.4824127368632344,0.8224309313164558,1.4990352902095765,1.7048283937611244
1072,train,0,0,0.6677247453602031,0.47598418235201195,0.47598418235201173,0.8202609848110005,1.4872324097086675,1.7232946287370126
1073,train,0,0,0.6656200839655939,0.4713662079266248,0.47136620792662476,0.8042922066075262,1.4697604989050888,1.7063000976360325
1074,train,0,0,0.6611534455761503,0.46506567651745456,0.46506567651745456,0.8093608519092013,1.4704536763820215,1.7403151700420636
1075,train,0,0,0.659621753703781,0.4649420468795563,0.4649420468795563,0.8015855169184725,1.46108646227367,1.7240546908981196
1076,train,0,0,0.6567082420720253,0.4639115229433176,0.4639115229433178,0.785319445954403,1.4409941758494824,1.692821598764978
1077,train,0,0,0.6531456274662633,0.45985778967957813,0.4598577896795781,0.7756379084910732,1.4275952230673283,1.6866908115909613
1078,train,0,0,0.6501645352600026,0.4583381718566852,0.45833817185668524,0.7847403977157664,1.4341285280534066,1.7121427930317394
1079,train,0,0,0.6533762946713833,0.4617249555941529,0.4617249555941529,0.8110031351458165,1.4635372941265814,1.7564637243880579
1080,train,0,0,0.6529425739425351,0.4586076858592402,0.4586076858592401,0.783829772554047,1.435829029593151,1.7091509730925591
1081,train,0,0,21.17262871510815,14.202217776604375,14.202217776604373,21.16124893392902,40.918521341867745,1.4899960884129246
1082,train,0,0,12.85805813238211,8.869151719284469,8.869151719284474,12.908087573794647,25.73815823532641,1.455391449187659
1083,train,0,0,9.541039560354372,6.554812814082574,6.554812814082575,9.632990743600706,19.173551811778452,1.4696057716407818
1084,train,0,0,7.900030965998769,5.3844545082414115,5.3844545082414115,7.892237871967256,15.585155819542706,1.4657451112062416
1085,train,0,0,6.947623345009052,4.691297537615265,4.691297537615266,6.937299935086631,13.729429359547794,1.4787593154053236
1086,train,0,0,6.346654509594664,4.248773149206259,4.248773149206259,6.326981644546613,12.468472009524703,1.4891314321473244
1087,train,0,0,5.946262952397345,3.9484743266067874,3.948474326606788,5.942377160993172,11.663517429726198,1.5049805746362521
1088,train,0,0,5.667595711845439,3.743487855852874,3.7434878558528735,5.66318464263482,11.07037320965901,1.512809673946327
1089,train,0,0,5.45325659304054,3.586007193474645,3.586007193474645,5.451897288161679,10.567292848136276,1.520325251461386
1090,train,0,0,5.3005013436040604,3.4672662843836344,3.467266284383635,5.299169402728672,10.32159458042588,1.5283422062492926
1091,train,0,0,5.175267656599579,3.3762022226226613,3.3762022226226622,5.174835779562534,10.021718162635807,1.532738692276163
1092,train,0,0,5.084375201836461,3.3043693552641065,3.304369355264106,5.080601553311804,9.840826075291261,1.537540452376496
1093,train,0,0,5.019034212167375,3.2547523068179554,3.254752306817955,5.015778914271854,9.652411053422838,1.5410631720776278
1094,train,0,0,4.970980322885793,3.2177469830156706,3.2177469830156706,4.970308996237349,9.598356307018548,1.5446550093814952
1095,train,0,0,4.928751788812456,3.1875443543476867,3.1875443543476862,4.924960179731948,9.489917955128476,1.5450640468781225
1096,train,0,0,4.899276299849269,3.1618526549945005,3.1618526549945,4.897959376084735,9.4137183240382,1.5490789453290494
1097,train,0,0,4.873952890292741,3.143490322387865,3.1434903223878656,4.863435718708671,9.305418916977942,1.5471451221183645
1098,train,0,0,4.858112684915773,3.128633635753291,3.1286336357532925,4.857132958712987,9.277336771599948,1.552477382844322
1099,train,0,0,4.837927998916246,3.1173530590504814,3.1173530590504823,4.8266876600096005,9.23576226271689,1.548328844561407
1100,train,0,0,4.827125274560414,3.1080824529020696,3.1080824529020696,4.821596003121696,9.229543818160892,1.5513089102960218
1101,train,0,0,4.819161183835007,3.101418996375206,3.1014189963752066,4.8134269441301,9.206536496989429,1.552007951765243
1102,train,0,0,4.813839323157328,3.0970081355845545,3.097008135584555,4.8130915364389075,9.225878609460779,1.5541100719551209
1103,train,0,0,4.809471177855507,3.0931678780366583,3.093167878036658,4.7975770598147065,9.190436471253633,1.551023820556386
1104,train,0,0,4.801551545442082,3.0886094805779107,3.0886094805779125,4.793513765961863,9.161113526672125,1.5519973619536207
1105,train,0,0,4.797689262907196,3.0879886160770846,3.087988616077084,4.796728538769938,9.181348426558543,1.553350460489586
1106,train,0,0,4.793884813325713,3.0847393642826817,3.0847393642826835,4.791235506773228,9.177589417202398,1.5532059409133803
1107,train,0,0,4.784099077785854,3.0772802853895436,3.0772802853895422,4.779841560850386,9.132725400850177,1.5532681840989087
1108,train,0,0,4.789217502564192,3.078803507599351,3.0788035075993516,4.770176158040762,9.131217673420906,1.5493603753102878
1109,train,0,0,4.784952761290478,3.07823110786098,3.07823110786098,4.783716710085864,9.133480936405249,1.5540472896494124
1110,train,0,0,4.7821289118509736,3.0750444099507543,3.0750444099507543,4.774660310162231,9.132469752803445,1.5527126355351386
1111,train,0,0,4.77920174789615,3.0699617929769047,3.0699617929769047,4.776315925689414,9.133203502744436,1.5558225957782617
1112,train,0,0,4.777732102158014,3.068805752668855,3.068805752668856,4.772421316666994,9.11130641726777,1.5551395889155093
1113,train,0,0,4.78316501838225,3.0752261153177014,3.0752261153177023,4.780794445733307,9.131157183088362,1.5546155848248584
1114,train,0,0,4.775108312962577,3.0706756531210186,3.0706756531210178,4.766077689601109,9.104032235220075,1.5521267069535312
1115,train,0,0,4.779458855777513,3.0737847410015475,3.0737847410015466,4.776707829940598,9.1519769099541,1.5540150766654466
1116,train,12,1,2.951811702654746,2.3427170550117986,2.342717055011798,3.625874130322549,6.577660651857514,1.547721745810353
1117,train,12,1,2.611864720676669,2.155775289758039,2.155775289758039,3.490977610255948,6.10273697568482,1.6193606202099895
1118,train,12,1,3.2475490420052955,2.687854049950617,2.6878540499506176,4.109024539690261,7.356216497166315,1.528737968404852
1119,train,12,1,3.433542674557335,2.939969131641366,2.939969131641365,4.765709454043739,8.198902590782382,1.621006629883585
1120,train,12,1,2.952701516326051,2.5672682560582234,2.567268256058223,4.643274359528441,7.595345691894181,1.8086440123938246
1121,train,12,1,3.337934007973061,2.8304421415358054,2.8304421415358054,4.331109532981529,7.668002133839764,1.5301883297396983
1122,train,12,1,3.3994999842233535,2.8716210527615043,2.8716210527615034,4.48158398107816,7.881081683952061,1.5606460249232503
1123,train,12,1,2.477851679756655,2.4710668870586496,2.471066887058649,5.172284314200864,7.649752399069257,2.0931381264056017
1124,train,12,1,2.909562084568992,2.7994629561756437,2.799462956175644,5.652522113429055,8.56201399940619,2.019145172455143
1125,train,12,1,3.0672967042763086,2.9432879994525054,2.9432879994525045,5.873825350777402,8.94106161525633,1.9956678897444018
1126,train,12,1,3.3334351703133143,3.3984154201264927,3.398415420126491,5.781119234899088,9.114118200872326,1.7011219995829443
1127,train,12,1,3.391339430758206,3.2294931168076793,3.2294931168076797,5.724076142361911,9.115267797606066,1.7724379446952037
1128,train,12,1,3.5302436595911133,3.3696851793056166,3.3696851793056144,5.581715797806348,9.111760647705523,1.6564502322310606
1129,train,12,1,3.878101773650211,3.273785315410907,3.2737853154109073,4.912308268158871,8.7899126142147,1.5004979847135471
1130,train,12,1,3.772012227033214,3.1360209561861576,3.136020956186158,4.681256777788564,8.453208311279013,1.4927377218427869
1131,train,12,1,3.7031122475710583,3.1522648880328688,3.1522648880328688,4.897135135546618,8.599535550398286,1.553529068619171
1132,train,12,1,2.947756489341922,2.5630924717768107,2.563092471776811,4.581734935218625,7.529439628848195,1.7875808171846534
1133,train,12,1,2.8629996722587383,2.507521106671149,2.507521106671149,4.085268741284963,6.945887816604227,1.6292061232969433
1134,train,12,1,3.8083242807094284,3.1885088843562683,3.188508884356271,4.879840430289107,8.68807541437127,1.5304459254390002
1135,train,12,1,3.849562139611982,3.1286879711443154,3.1286879711443154,5.002208261388994,8.851350903918501,1.5988197952381427
1136,train,12,1,3.738111149058444,3.4450498890965173,3.445049889096518,5.846574176564115,9.583644329220988,1.6970941974072278
1137,train,12,1,3.454645290410059,3.0865159927687387,3.086515992768739,4.968662128413183,8.422923592443112,1.6097963334886456
1138,train,12,1,3.8288512201615377,3.405743666821478,3.4057436668214773,5.962831976859947,9.791325302736368,1.750816432531153
1139,train,12,1,3.2189016190943294,2.894694445256785,2.894694445256784,5.844196334702057,9.063040557819477,2.018933758026964
1140,train,12,1,3.0544660890731903,2.8428656657464964,2.8428656657464964,4.911203066047659,7.9654311329941265,1.7275536882457816
1141,train,12,1,3.939251645068769,3.6411720430065557,3.641172043006556,5.7735407514766415,9.712562683489523,1.5856270133034869
1142,train,12,1,3.175705818023649,2.7384357531659904,2.7384357531659917,4.659740062866243,7.834565134719014,1.7016064946855047
1143,train,12,1,2.992610253750434,2.6514783863643565,2.6514783863643574,5.2469374757417535,8.239255527645582,1.9788724293303506
1144,train,12,1,3.3825715519901713,3.1894684269440297,3.189468426944029,6.165173198986391,9.547544984554406,1.9329782815544332
1145,train,12,1,3.203509180312016,3.1081752747815545,3.108175274781556,6.911842496628902,10.115168856602395,2.2237621387406055
1146,train,12,1,3.165733566542454,3.1800179387941747,3.180017938794175,6.842052230576686,10.007723308233835,2.1515766144297634
1147,train,12,1,3.417670711829909,3.1577371938072702,3.15773719380727,6.024321094200364,9.440876844106242,1.9077968571972472
1148,train,12,1,3.571916085555866,3.3106541978895634,3.3106541978895625,5.933781164810345,9.505597684947134,1.79232889034226
1149,train,12,1,2.6914737230052705,2.571983824151732,2.571983824151733,4.203149079729105,6.894562273853808,1.6342050989046741
1150,train,12,1,3.3977959079923092,3.1765442071661796,3.176544207166179,5.301102407437378,8.698808191693388,1.66882689542877
1151,train,12,1,2.35425581357006,2.3565736955899945,2.3565736955899963,4.715214592008554,7.069383494403155,2.0008772061032634
1152,train,12,1,3.1581505988191765,3.113622163671741,3.1136221636717414,6.655543401424964,9.813663516930319,2.13755653434083
1153,train,0,0,6.347573589446954,4.244194935791363,4.244194935791363,6.344332957553677,12.495567275211215,1.494826004350511
1154,train,0,0,5.945353471992305,3.946371290608588,3.946371290608589,5.9438888557178435,11.597428549313918,1.5061656438315534
1155,train,0,0,5.667098701679148,3.73858501704863,3.738585017048632,5.6637222452359275,10.969715622719377,1.5149373946047282
1156,train,0,0,5.4649091059882196,3.586108520875352,3.586108520875353,5.455095100643113,10.585764188319445,1.5211740160366227
1157,train,0,0,5.302946234188508,3.4700038227534784,3.470003822753478,5.301574734571855,10.285714987199754,1.5278296524656305
1158,train,0,0,5.191851668688003,3.3809853715821174,3.3809853715821183,5.189176394301001,9.96993806026876,1.534811844475017
1159,train,0,0,5.102194102034904,3.3135350634009946,3.313535063400994,5.094026405849494,9.820571470074356,1.537338917011795
1160,train,0,0,5.0331524322326295,3.2621167483599955,3.262116748359995,5.03106724243192,9.659329910296947,1.542270749494558
1161,train,0,0,4.974475926381711,3.21845930167036,3.218459301670361,4.974029428744398,9.560351193707902,1.5454691088257375
1162,train,0,0,4.932456192742568,3.1859367333221553,3.185936733322155,4.930251910067629,9.459892885293812,1.5475046502026986
1163,train,0,0,4.901828303998103,3.1618822997102374,3.161882299710237,4.90014639060921,9.41431177710183,1.5497561028942388
1164,train,0,0,4.877089483707212,3.1505915415125756,3.1505915415125747,4.872655009894632,9.394242398440838,1.5465841717950235
1165,train,0,0,4.856416647415026,3.1295404895804793,3.1295404895804797,4.855388923291466,9.316839554929174,1.5514702364315278
1166,train,0,0,4.839454127698293,3.114315465815157,3.114315465815157,4.8391891896215675,9.264479820529232,1.553853244072348
1167,train,0,0,4.834628160893917,3.108983262255177,3.1089832622551783,4.828556356802583,9.222647907212377,1.553098215556191
1168,train,0,0,22.45370762654557,16.913052756262044,16.913052756262044,25.8017779081224,48.25337316165678,1.5255541551225467
1169,train,0,0,16.201168142182286,12.376706712235848,12.37670671223585,18.495723642485682,34.69473172770813,1.494397829125292
1170,train,0,0,12.858188613086007,9.890579331341659,9.890579331341655,15.056152359814384,27.912999573280104,1.5222720384137518
1171,train,0,0,10.802865771011623,8.281463703882984,8.281463703882979,12.515175076766697,23.317470664100256,1.51122742600425
1172,train,0,0,9.437254339507462,7.191396123388433,7.191396123388437,10.906121820160507,20.342929455364356,1.516551394615955
1173,train,0,0,8.48160465623322,6.408979131837355,6.408979131837355,9.612004199967952,18.09334914642386,1.499771492813761
1174,train,0,0,7.79740145457664,5.854066163433206,5.854066163433206,8.942899677625508,16.7392001071712,1.527638982539413
1175,train,0,0,7.278563436761553,5.42546912237219,5.42546912237219,8.073249879583662,15.351783436843107,1.4880279838462662
1176,train,0,0,6.880114076480968,5.0914286302370595,5.09142863023706,7.617610456600087,14.496726831188425,1.4961636526456437
1177,train,0,0,6.564393722455032,4.822905901228198,4.822905901228198,7.304526603777878,13.868767240302986,1.5145488536107894
1178,train,0,0,6.307546058669046,4.603908076255987,4.603908076255987,6.930411895737692,13.237682286417112,1.5053323786980726
1179,train,0,0,6.086471514452947,4.429602655713396,4.429602655713394,6.632718129406916,12.71788515150547,1.4973618730456326
1180,train,0,0,5.934967061655596,4.295675584228883,4.295675584228883,6.3871087821554395,12.320197491440922,1.4868694474054398
1181,train,0,0,5.789108746405283,4.171741302157621,4.17174130215762,6.100891596917471,11.889318018569611,1.4624328679638157
1182,train,0,0,5.671476457857741,4.0731450989972116,4.073145098997212,5.950206662869798,11.62167457542455,1.4608383738489228
1183,train,0,0,5.562588009769504,3.9984988630129052,3.9984988630129052,5.949310984676297,11.511560353188543,1.4878861263933028
1184,train,0,0,5.488731975512405,3.9289825468528887,3.9289825468528896,5.991812114758591,11.48028697463451,1.525028946630986
1185,train,0,0,5.406917830100166,3.86351111092829,3.8635111109282896,5.737616280922783,11.143266694271006,1.4850782400219888
1186,train,0,0,5.345312043568003,3.8068008427785145,3.806800842778514,5.7211523805652975,11.065481599187478,1.502876724275792
1187,train,0,0,5.287690849819046,3.7772210318948,3.777221031894799,5.6216795725442354,10.908420719497371,1.4883109897659828
1188,train,0,0,5.23473301415192,3.7241586560200224,3.7241586560200215,5.7508636426473965,10.984548351727426,1.544204791960528
1189,train,0,0,5.179823897136376,3.694109752567793,3.6941097525677917,5.434504487263038,10.614009495300706,1.4711269700326284
1190,train,0,0,5.14290411872018,3.6611044390289846,3.661104439028985,5.407583399590367,10.550071288220352,1.4770360937926674
1191,train,0,0,5.121004466052167,3.6290895077373486,3.629089507737348,5.466963406567462,10.585765824886039,1.5064283740898927
1192,train,0,0,5.077932869172706,3.6081131976905922,3.6081131976905914,5.458333457731591,10.536220583031536,1.5127944049053814
1193,train,0,0,5.060451274153922,3.5881488177355316,3.588148817735531,5.340617413285043,10.400711114314618,1.4884046578245014
1194,train,0,0,5.0288940549494,3.559334761454295,3.559334761454295,5.28957689994562,10.317653241450898,1.4861139101690934
1195,train,0,0,4.999849400810315,3.540802245905782,3.540802245905782,5.323345102973865,10.322326017078012,1.5034290912826975
1196,train,0,0,4.445430430744949,3.1342971356119023,3.1342971356119036,5.772065487528977,10.216556055063847,1.841582095694353
1197,train,12,1,3.1912947693796885,2.559009010884286,2.559009010884286,4.399145503905224,7.590283917816123,1.7190816777878652
1198,train,12,1,3.5410472211074375,2.802506660047432,2.8025066600474338,4.595572346763657,8.136299440055154,1.6398078235738696
1199,train,12,1,2.7984467852065573,2.4049613099465343,2.404961309946535,4.347737182383774,7.145391692058183,1.8078200112418563
1200,train,12,1,2.476946017402603,2.0558375704755525,2.055837570475553,3.421056607109116,5.8977109598054085,1.6640695044393818
1201,train,12,1,2.9519513636629418,2.4368374239715895,2.4368374239715895,4.902817389388816,7.854557663886226,2.0119591652520423
1202,train,12,1,3.388639364612143,2.933410338495206,2.9334103384952046,5.371427621471842,8.759774402627954,1.8311204371861944
1203,train,12,1,3.086881243906566,2.779219334680042,2.779219334680042,5.654341137685231,8.740046716062352,2.034506980837548
1204,train,12,1,2.888804403683171,2.561890074105295,2.561890074105295,5.278379472354427,8.166171727352776,2.060345807068958
1205,train,12,1,3.0902603146499894,2.6914382567299806,2.69143825672998,4.900482368760655,7.990443130809581,1.8207671517289792
1206,train,12,1,3.109659619326412,2.6167543013227412,2.6167543013227426,4.757899813656986,7.86694982618792,1.8182447665231376
1207,train,12,1,3.0900309532676475,2.733061125615317,2.733061125615317,4.760272219797538,7.84952103701653,1.7417364636240318
1208,train,12,1,3.242836132620694,2.770871499486296,2.770871499486296,5.539660319710849,8.781744514824823,1.9992483667098497
1209,train,12,1,3.2324277167106628,2.681750712644961,2.6817507126449613,4.599720835230255,7.831591366732027,1.7151932927776257
1210,train,12,1,3.1537354024099185,2.7280127373244367,2.7280127373244367,5.820477244074457,8.973749661818147,2.1335960658977817
1211,train,0,0,5.964273382057785,4.355018984811294,4.355018984811295,6.5185156575540315,12.481956632924266,1.4967823746092077
1212,train,0,0,5.817225075011258,4.2442714865648306,4.244271486564831,6.322809600586886,12.138661380042322,1.489727888661607
1213,train,0,0,5.691378770504897,4.11574646515,4.115746465150003,6.1419742720976425,11.83324328991148,1.4923111333763344
1214,train,0,0,5.594965685031552,4.0392055582638715,4.039205558263871,6.054386388637882,11.648737703508232,1.4989052429508378
1215,train,0,0,5.4925222597660035,3.957219345308517,3.9572193453085185,5.894749621337512,11.38624682254158,1.4896191256939124
1216,train,0,0,5.4146332259039625,3.8999974116396183,3.8999974116396174,5.769287634386565,11.183474342979025,1.4793055034262368
1217,train,0,0,5.329416297074379,3.82126787397122,3.82126787397122,5.651210762862145,10.980376255727606,1.4788836975695117
1218,train,0,0,5.2792936399403265,3.773924107905466,3.7739241079054655,5.623370544629986,10.902361590997316,1.4900592549941252
1219,train,0,0,5.225735878587933,3.727317589793882,3.7273175897938833,5.483584189771442,10.707202420802787,1.4711878066914814
1220,train,0,0,5.1775284325472315,3.6902118880926675,3.690211888092667,5.475019403756479,10.65061073016841,1.4836599007831806
1221,train,0,0,5.13468878258788,3.6505937943062055,3.6505937943062055,5.369496893986827,10.503403130336665,1.4708557556750295
1222,train,0,0,5.103533067741198,3.618972685648759,3.6189726856487594,5.350956640205579,10.452126972610131,1.4785844229842076
1223,train,0,0,5.082429148043113,3.6141682208974526,3.6141682208974504,5.3779676186194845,10.460170697464491,1.4880236031968808
1224,train,0,0,5.036432978855795,3.5735678757192755,3.573567875719275,5.2757656600602205,10.311494010034949,1.4763300554346777
1225,train,12,1,3.0119260710320233,2.621131888463254,2.621131888463254,4.58035813154366,7.592132023230079,1.7474733536697697
1226,train,12,1,2.923432193630084,2.471486995957212,2.4714869959572106,4.7264839783975034,7.649336975533515,1.912404955449474
1227,train,12,1,3.2105891921649454,2.6325834355205164,2.6325834355205164,4.99075625156064,8.19997439312283,1.8957637521463262
1228,train,12,1,3.223641462835727,2.642870388252477,2.642870388252477,4.464048318353238,7.68765568481831,1.6890908983640938
1229,train,12,1,2.762180646735607,2.3831300625222904,2.3831300625222895,4.715296903770985,7.477291436618543,1.9786150063418464
1230,train,12,1,3.3658525383755333,2.670216648487402,2.670216648487402,4.333732422561967,7.69920514972182,1.622989065331795
1231,train,12,1,3.7549522870383574,3.104831829195371,3.1048318291953714,5.010125303904026,8.76507613585784,1.6136543231722855
1232,train,12,1,3.171649945824436,2.788759384935856,2.788759384935856,5.777664171607205,8.949271039862651,2.0717686161153326
1233,train,12,1,2.668442814509326,2.1206490372968556,2.120649037296856,3.495138556798047,6.162765186280012,1.6481456833862629
1234,train,12,1,3.4674724006056206,2.907851495099239,2.90785149509924,5.689854297697602,9.156475753930863,1.9567210730283244
1235,train,12,1,3.2800587325306805,2.7414503047941574,2.741450304794158,5.468138823011312,8.74819312096588,1.9946153367977568
1236,train,12,1,3.610516027331934,3.269539600971616,3.269539600971617,5.621527238964452,9.231921523227356,1.7193635572708432
1237,train,0,0,5.857641573820467,4.261134605751568,4.26113460575157,6.482787732209807,12.340196751494659,1.5213759554695847
1238,train,0,0,5.72160997026891,4.1384402139567005,4.1384402139567,6.141631225409801,11.862079896149226,1.484044931879753
1239,train,0,0,5.597808916543029,4.036433713923693,4.036433713923692,6.003243367697694,11.599655785830691,1.487264202305487
1240,train,0,0,5.509781153559568,3.9549992896405484,3.9549992896405475,5.784598080754397,11.292552319238894,1.4626040757848362
1241,train,0,0,5.424452303795929,3.887528747605304,3.887528747605305,5.720667363257293,11.144961240846897,1.4715434237704843
1242,train,0,0,5.351515668186898,3.818127511635948,3.818127511635948,5.736480814662223,11.087791940415627,1.50243301125486
1243,train,0,0,5.283699176118069,3.754892095714379,3.7548920957143794,5.5317314650562475,10.815347484240192,1.4732065060857145
1244,train,0,0,5.241982446026144,3.7375501674346525,3.7375501674346525,5.663187994647684,10.904737283475697,1.515213907759995
1245,train,0,0,5.1879419473139565,3.6916925199920496,3.6916925199920496,5.528300842908211,10.71593020571163,1.4974976417917158
1246,train,0,0,5.15521209583513,3.6693286160982708,3.6693286160982694,5.448600121877273,10.603274919325486,1.4849038317181216
1247,train,0,0,5.09996929614729,3.618205922039732,3.618205922039732,5.47751864940935,10.576808918325696,1.5138769786550588
1248,train,0,0,5.070794648574083,3.5951478439741917,3.595147843974193,5.377840452744277,10.448049266939051,1.495860722879045
1249,train,12,1,2.7894082028409177,2.551675191244407,2.5516751912444087,5.237460617349512,8.026563176914351,2.0525577218138378
1250,train,12,1,2.98362797209141,2.545391625340155,2.5453916253401556,4.253752055679586,7.237338089697005,1.671158187735112
1251,train,12,1,2.823521021144057,2.559688206207761,2.5596882062077597,5.282531377537584,8.105904608906712,2.063740171449937
1252,train,12,1,2.6956670192185554,2.295489839944395,2.295489839944395,4.31468082395161,7.009192153811455,1.8796340322970575
1253,train,12,1,3.1973950536049087,2.812157619941915,2.8121576199419143,5.683723720809153,8.880442235153168,2.0211255871662526
1254,train,12,1,3.3983472718979173,2.8792121546983167,2.8792121546983167,5.233760462782259,8.631829512130935,1.8177752043182283
1255,train,0,0,6.301184002171605,9.433699125045925,9.433699125045923,22.033702548731714,28.334732136994717,2.335637617510348
1256,train,0,0,5.993536239076401,9.070365921397286,9.070365921397288,20.936448807310317,26.92997216477397,2.3082253779773705
1257,train,0,0,5.794292320581508,8.714191475767567,8.71419147576756,20.476768623022007,26.271042710717666,2.349818532214244
1258,train,0,0,5.580193828433388,8.317168832021546,8.317168832021544,19.116285968929894,24.696473973424872,2.2984126395668647
1259,train,0,0,5.623766726976981,8.247029248282296,8.247029248282294,18.621495419019112,24.245226201084733,2.2579640326724477
1260,train,0,0,5.140378706156749,7.541581465976303,7.541581465976302,17.611541993916493,22.75182039434003,2.335258469774625
1261,train,0,0,5.072516022482979,7.313610206272203,7.313610206272203,16.447614134987724,21.52010898264598,2.248904941759425
1262,train,0,0,4.885779474298215,6.967163461088572,6.967163461088575,15.749014760931278,20.63479372289345,2.260462934290133
1263,train,0,0,4.989514276890313,6.929550790306977,6.929550790306973,15.290984227748359,20.28045372026463,2.2066342668470407
1264,train,0,0,4.835693909042821,6.618863662586032,6.618863662586032,14.45123236048843,19.286820348599576,2.183340388498385
1265,train,0,0,4.836841073587399,6.46725718960891,6.467257189608911,14.08023885194971,18.91700797757221,2.1771577098515196
1266,train,0,0,4.617123240436617,6.116517732648687,6.116517732648684,13.115704899822173,17.7325954290136,2.1443091433894326
1267,train,0,0,4.531954005238924,5.894609747966658,5.894609747966658,12.352084919931976,16.883997973269288,2.095488157497249
1268,train,0,0,4.655156948499221,5.852428095307146,5.852428095307144,11.891426227159958,16.54641097559943,2.0318790822385795
1269,train,0,0,4.590204633976071,5.65416378099257,5.6541637809925716,11.402884088252932,15.993057805382705,2.016723344057641
1270,train,0,0,4.459089947694516,5.427844589709879,5.4278445897098795,10.963811205869938,15.422876185100904,2.01991988249906
1271,train,0,0,4.510661881888871,5.32945136089452,5.32945136089452,10.255813795601362,14.76646357172649,1.9243657744687586
1272,train,0,0,4.483825990087877,5.18315696720875,5.1831569672087525,9.814798048608413,14.298377170285676,1.893594600877755
1273,train,0,0,4.5926307975498455,5.108795694780574,5.108795694780574,9.357652252987265,13.950278358508513,1.8316747844404027
1274,train,0,0,4.565452905733007,4.961882444090882,4.961882444090882,8.83110108749209,13.396381897342508,1.7797884546839817
1275,train,0,0,4.6153406687258975,4.853860212692957,4.853860212692957,8.342402975988458,12.956985290453304,1.7187151278425532
1276,train,0,0,4.537267204162283,4.70224254417647,4.702242544176473,8.094850067261056,12.632084019271133,1.7214871396385505
1277,train,0,0,4.638504955977376,4.611296677362247,4.6112966773622475,7.487043406754558,12.125444263903773,1.6236308202657856
1278,train,0,0,4.519831380116812,4.465309088552728,4.465309088552729,7.317779818308481,11.837314853968564,1.6388070060073443
1279,train,0,0,4.429378611984342,4.349908938868156,4.349908938868156,6.98179616218558,11.410997195955133,1.6050442113397987
1280,train,0,0,4.304326521136609,4.241196888952038,4.241196888952037,6.936536325237903,11.240681050927378,1.6355138671602347
1281,train,0,0,4.194504538734007,4.148460480178447,4.148460480178447,6.7878305519032,10.98200015994371,1.6362288092982435
1282,train,0,0,4.150445386402716,4.083842691257104,4.083842691257105,6.583049372203241,10.732879043673165,1.6119742776323298
1283,train,0,0,4.112730480795842,4.027136504759197,4.027136504759197,6.511880420083064,10.623300369014032,1.6170001718063052
1284,train,0,0,4.082775189902895,3.9804783762808014,3.980478376280801,6.380856440040953,10.463305896584643,1.6030375841415745
1285,train,0,0,4.009529061312838,3.9247072801826683,3.9247072801826675,6.354366354946928,10.363803162217664,1.6190675893288982
1286,train,0,0,3.9459220442568186,3.8815142000735077,3.8815142000735063,6.231636854668963,10.176106750965118,1.6054654275259257
1287,train,0,0,3.9349805312660755,3.853987770833923,3.853987770833922,6.187318663069862,10.121468633064069,1.605432873942684
1288,train,0,0,3.922569499383215,3.8263477605632836,3.8263477605632845,6.1163861890933475,10.033254322130233,1.5984919750715345
1289,train,0,0,3.911997775958036,3.8019514155945204,3.8019514155945204,6.0460300637026085,9.95796450515627,1.5902439044600931
1290,train,0,0,3.8638910522427468,3.772595582225478,3.772595582225478,6.061499191287527,9.925157754390966,1.6067185202268115
1291,train,13,1,2.97583130173455,2.754016024087299,2.7540160240872984,4.772090641930001,7.746509767137468,1.7327751909183273
1292,train,13,1,2.5120805371248536,2.5388724887909446,2.5388724887909446,5.157378805831689,7.669405168828234,2.031365824239453
1293,train,13,1,3.3948116329273326,3.1809216796455506,3.180921679645551,4.769362446967687,8.163675660267472,1.4993649411384236
1294,train,13,1,2.651380828727386,2.5485771228419645,2.548577122841965,4.655806251655915,7.306565628270619,1.826825725589242
1295,train,13,1,2.4428971944415245,2.2846685722934232,2.2846685722934237,3.4650918306744423,5.9065922311274335,1.516671552581507
1296,train,13,1,2.8061135586039163,2.665011826848065,2.6650118268480645,3.9578863803609274,6.762907211086713,1.4851290116194187
1297,train,13,1,3.0376699340531994,2.9719288187396944,2.9719288187396944,5.420603953581078,8.458164928386395,1.8239346512611945
1298,train,13,1,3.2460780290195834,3.0098606377588393,3.0098606377588393,4.46848343338276,7.713833549350966,1.4846147284447098
1299,train,13,1,3.341183240276878,3.1571991423210277,3.1571991423210277,5.285674517291481,8.626350679376628,1.674165701630622
1300,train,13,1,2.8932485194674227,2.842837308759816,2.842837308759816,4.376032391024521,7.268334902240895,1.5393186157858463
1301,train,13,1,3.2260308073082125,3.0234978903080183,3.023497890308019,4.541249771305068,7.766679783060681,1.5019854274951812
1302,train,13,1,3.0546874429024755,2.9598826765436637,2.959882676543663,5.004268703337759,8.057886915514246,1.6906983317262365
1303,train,13,1,3.0998406278842157,2.9937455105711,2.993745510571099,4.765839113021546,7.865478163221269,1.5919319448473745
1304,train,13,1,3.2173191064503626,3.044663473927141,3.0446634739271414,4.694559956202225,7.911308788461611,1.5418978144559845
1305,train,13,1,2.6776544901609305,2.654672318388124,2.6546723183881245,4.994136586499225,7.671604958843091,1.8812629159185972
1306,train,13,1,3.018794231112668,3.026802717810873,3.0268027178108734,5.169920749966433,8.188233760389267,1.7080468177012753
1307,train,13,1,3.627270299446769,3.69896792368636,3.69896792368636,7.623141687857919,11.248557385639288,2.0608834261695246
1308,train,0,0,3.7878320968474437,4.071504587181063,4.071504587181063,7.2272512161408375,11.014943260626751,1.7750811920722112
1309,train,0,0,3.9241405291400735,4.087098363865001,4.087098363865001,6.989344044224184,10.91313597979024,1.7100992983233827
1310,train,0,0,3.9965306529249647,4.071276463304024,4.071276463304023,6.772095560148766,10.768156378355343,1.6633838603662172
1311,train,0,0,4.154273933032804,4.068515313175912,4.068515313175912,6.478715950390048,10.632761005035718,1.5924029902034988
1312,train,0,0,4.072798051697813,4.0044307349748065,4.0044307349748065,6.516524038451113,10.58910358362482,1.6273284443493092
1313,train,0,0,4.042777899314068,3.9586205126422174,3.9586205126422174,6.400750276039936,10.443378327414393,1.616914340639259
1314,train,0,0,3.973760119221788,3.9112269978554983,3.911226997855498,6.2776904194134655,10.251423253266694,1.6050437427578315
1315,train,0,0,3.9537243017114525,3.874925209888932,3.8749252098889317,6.240804278000462,10.194218367541907,1.6105612211749871
1316,train,0,0,3.9331052224664598,3.8403021499125316,3.840302149912532,6.176362283942232,10.108892166812439,1.6083011291397753
1317,train,0,0,3.920213647986023,3.8156278707421545,3.815627870742155,6.0479965723508915,9.968197562598107,1.5850593341993102
1318,train,13,1,2.985486986321048,2.7878868567978485,2.7878868567978485,5.12217426093237,8.10598691564519,1.837296319412213
1319,train,13,1,3.2818074156729273,3.123766861690463,3.123766861690463,4.8346905777963105,8.11632585991174,1.547711718530736
1320,train,13,1,3.30375280871235,3.1434021123183555,3.1434021123183573,4.7463389347568885,8.050057511034538,1.509936929849651
1321,train,13,1,2.70487435828615,2.570346267833142,2.5703462678331426,4.51907698143553,7.222812272142619,1.7581588278552094
1322,train,13,1,2.7310729000726717,2.4722697032860173,2.472269703286018,3.596257689221762,6.323949453420937,1.4546380940727441
1323,train,13,1,3.1217284493977204,3.0041551577049743,3.0041551577049734,5.569879979557358,8.690598183427937,1.8540586911005197
1324,train,13,1,3.334109923932012,3.2446922716809476,3.244692271680949,5.147606232073848,8.481710770391146,1.5864697792765023
1325,train,13,1,3.003423938822816,2.84343389092052,2.8434338909205206,4.2858569525956405,7.288419330492616,1.5072820811065724
1326,train,13,1,3.41817775035464,3.25529194128516,3.2552919412851615,4.948743674511082,8.366905777824286,1.520215011055924
1327,train,13,1,2.9284058526399894,2.9070665677480325,2.907066567748032,5.518507866537257,8.446399422362447,1.8983080496887919
1328,train,13,1,2.809053740436677,2.6790590500359577,2.679059050035958,5.152914681499358,7.96070268470794,1.9234046675567664
1329,train,13,1,2.654884356624985,2.605301903598344,2.6053019035983445,4.76575277411232,7.420469933582353,1.8292516377967722
1330,train,13,1,3.287911270124372,3.102365687244258,3.102365687244259,4.695984508531634,7.9818825668189675,1.513678586583047
1331,train,13,1,3.2614220226921606,3.103212413924808,3.103212413924808,4.90427507508616,8.16349986125715,1.5803865223919513
1332,train,13,1,2.7182286165796103,2.871939914072253,2.871939914072253,4.87086411489622,7.588373473787215,1.6960188098049733
1333,train,0,0,3.7139760376684863,4.005791575258709,4.005791575258709,7.140378820729952,10.85421063330432,1.7825138144559602
1334,test,0,0,0.5546128999559005,0.31288561652642266,0.31288561652642266,0.5544024399569752,1.0459167401277227,1.7719013296674087
1335,test,0,0,0.5149559634511824,0.2940484463891485,0.2940484463891487,0.5139478506527375,0.9273643895285204,1.7478339265651832
1336,test,0,0,0.39641604058075247,0.23633952670398245,0.2363395267039824,0.39637850277673353,0.7521344554515963,1.6771570473406319
1337,test,0,0,0.3799791483336594,0.22119170985151532,0.22119170985151526,0.37960552546544934,0.6960967569611967,1.716183331284325
1338,test,0,0,0.37941616225551117,0.22023283196240737,0.22023283196240734,0.37869553249591265,0.6936790251056664,1.7195235111927094
1339,test,0,0,0.3800621149961371,0.2205461872195908,0.22054618721959088,0.378553612590069,0.6924599128542468,1.7164368940695178
1340,test,0,0,0.3798739103720436,0.22035878105594256,0.2203587810559426,0.3796397233589232,0.6949448581872275,1.7228254827863831
1341,test,0,0,0.3802902904188959,0.2204268983951559,0.22042689839515595,0.379912119553308,0.6946410742821172,1.7235288538708435
1342,test,0,0,0.3800076577641594,0.22037927671329433,0.22037927671329446,0.37984456228479396,0.6939515299745835,1.7235947406205445
1343,test,0,0,0.37986517252994234,0.22061751000564964,0.22061751000564964,0.3779172060092678,0.6928118196083233,1.7129973318962308
1344,test,0,0,0.3800711047602817,0.2205823831641282,0.2205823831641283,0.378321610414423,0.6934812876861542,1.7151034683169872
1345,test,0,0,0.38053469616733493,0.2206963020685037,0.22069630206850374,0.3799021570668556,0.6956329199601896,1.7213798034048375
1346,test,0,0,0.379917769495165,0.220269451335442,0.22026945133544198,0.37890847252006643,0.6943963054800406,1.720204368889255
1347,test,0,0,0.3793968927254064,0.22022596867931593,0.2202259686793158,0.37933852356369974,0.6942758994082396,1.7224967874523338
1348,test,0,0,0.37955336230565445,0.2203284013721865,0.22032840137218643,0.3791148306486721,0.6959084665577393,1.7206807124618404
1349,test,0,0,0.3793601103647925,0.2203268149659516,0.22032681496595163,0.3793065344657189,0.6955581394176988,1.7215631902287305
1350,test,0,0,0.3795206262579886,0.22048182130177105,0.22048182130177116,0.37910503473493734,0.6945469100028276,1.7194389655193398
1351,test,0,0,0.3796649633225752,0.22040686112549815,0.22040686112549812,0.3790317355672596,0.6962431789143011,1.7196911821698762
1352,test,0,0,0.3793736791681731,0.22013763429449584,0.22013763429449593,0.37789351877069566,0.6930919307051226,1.716623874794425
1353,test,0,0,0.37963325951006843,0.22038022064585763,0.2203802206458578,0.3793178101639787,0.6950310253014322,1.721197161216783
1354,test,0,0,0.37932331984356277,0.2200741791515705,0.22007417915157046,0.37888543565949656,0.6956544233835302,1.7216260313689455
1355,test,0,0,0.37899877998244486,0.22004256299408134,0.2200425629940814,0.37865952309186107,0.6954546102206223,1.7208467213774732
1356,test,0,0,0.37891328700387383,0.22020075730831948,0.22020075730831956,0.37709223006421233,0.6932732304558158,1.7124928845554208
1357,test,0,0,0.3795121474811749,0.22028120102985824,0.22028120102985824,0.3791618110824784,0.6962384182552341,1.7212626829244704
1358,test,0,0,0.37919180360628524,0.22005096674933014,0.22005096674933014,0.37861241380457067,0.6949817807762884,1.7205669186441928
1359,test,0,0,0.3789413992871996,0.21987565456496277,0.21987565456496275,0.3779238039951306,0.6939430584898219,1.7188069536069177
1360,test,0,0,0.37889839262061287,0.21979243198245565,0.21979243198245565,0.3787339158443501,0.6942264162062202,1.7231435697230082
1361,test,0,0,0.37916736664250494,0.21983319263980386,0.21983319263980386,0.3785041936649941,0.6935536148375832,1.721779086769541
1362,test,0,0,0.37863451363833156,0.2198273921551202,0.21982739215512026,0.37821541498729494,0.6931336934212595,1.7205108575386676
1363,test,0,0,0.37897743149782764,0.22008973480782507,0.22008973480782493,0.3784860158817028,0.6945113190449774,1.7196895448676162
1364,test,0,0,0.37901134611165616,0.22001548765081635,0.2200154876508163,0.37751258615462574,0.6923826325219125,1.7158455079024757
1365,test,0,0,0.37917572069610467,0.21974428355839118,0.21974428355839118,0.37810365700325926,0.6926574561512098,1.7206529830059871
1366,test,0,0,0.37869532715383686,0.2196598965103537,0.21965989651035375,0.3783510183039471,0.6925106320413761,1.7224401190870695
1367,test,0,0,0.37901322490436723,0.21982633425700465,0.21982633425700476,0.3780811978424317,0.6939611542620696,1.7199085774700997
1368,test,0,0,0.37869631282206684,0.21965494607678246,0.21965494607678243,0.3784734239741374,0.694478603938478,1.7230362017062821
1369,test,0,0,0.3783392594807083,0.21957472643430892,0.2195747264343089,0.3777982614148641,0.6921653484459966,1.72059083278827
1370,test,0,0,0.3785908454600139,0.21989333203150083,0.21989333203150074,0.3776332673304132,0.6924361887504347,1.7173475150047546
1371,test,0,0,0.3636355439333129,0.2169684536771195,0.2169684536771195,0.3634778606022592,0.69623389915796,1.6752567225425632
1372,test,1,1,0.0975156562254051,0.06192175615996758,0.0619217561599676,0.10712719095496141,0.20461921250534942,1.7300412261921458
1373,test,1,1,0.10767364521046238,0.07529387566708388,0.07529387566708387,0.1405602542636816,0.24822499383753893,1.8668218765252131
1374,test,1,1,0.0924527236944914,0.07085923450502735,0.07085923450502733,0.13866945712502002,0.23111088870882668,1.9569708605189868
1375,test,1,1,0.11474787634631503,0.09147435055946354,0.09147435055946353,0.2189494426844467,0.33342939024441876,2.3935610512163965
1376,test,1,1,0.10215886851038158,0.09671237020712185,0.09671237020712185,0.2988195774963933,0.40092614545937977,3.0897761770953722
1377,test,1,1,0.08453583037899808,0.06362526968454475,0.06362526968454474,0.11087659680796787,0.19513609952991828,1.7426503236480737
1378,test,1,1,0.07417579742819362,0.062351915200288974,0.06235191520028901,0.19549817589372104,0.2694901289505651,3.135399694872803
1379,test,1,1,0.12439865616058524,0.10531353498599665,0.10531353498599666,0.25063609334731884,0.37489767103397753,2.3799039067546772
1380,test,1,1,0.09756200854670896,0.09513103622486431,0.0951310362248643,0.3111637299786817,0.40856366058869753,3.2708960432552625
1381,test,1,1,0.09779861140769208,0.11140115868785888,0.11140115868785888,0.35135156344849383,0.4490582321450347,3.1539309607449
1382,test,1,1,0.13270108829811214,0.1379706814268016,0.1379706814268016,0.2926884697787464,0.425159192411229,2.121381635228265
1383,test,1,1,0.09840183546456684,0.13365266510963117,0.13365266510963117,0.43202615687933577,0.5302828514832072,3.232454485849257
1384,test,1,1,0.11087840206093824,0.08568992923611424,0.08568992923611424,0.2371921300225731,0.3480287983766175,2.7680280767767034
1385,test,1,1,0.08198867182446702,0.05836445392439841,0.05836445392439842,0.10166828890131728,0.1834507064340869,1.7419556265019094
1386,test,1,1,0.11380441011971561,0.1029428346377949,0.10294283463779491,0.18902646480017576,0.3027499061427079,1.8362275088428128
1387,test,1,1,0.11057713572429202,0.12658738585125456,0.12658738585125456,0.3041501348788879,0.41451979894191027,2.402689121302157
1388,test,1,1,0.14268503352622247,0.1257744179717611,0.1257744179717611,0.2708824200965955,0.4135484358830581,2.1537163476074612
1389,test,1,1,0.13869105950064115,0.12217717836649518,0.12217717836649515,0.31591547354989596,0.45454105429234914,2.585715906797615
1390,test,1,1,0.12009902652916207,0.12259729334943788,0.12259729334943788,0.2977313214856695,0.4177250010689022,2.4285309516340527
1391,test,1,1,0.15038344613472146,0.14893208272134503,0.14893208272134506,0.33838468440612635,0.4886581650862354,2.272073808564478
1392,test,1,1,0.08463880958240895,0.0707904734383654,0.07079047343836539,0.18104087767917248,0.265677927893762,2.557418659401932
1393,test,1,1,0.11628756182627104,0.10379531093099259,0.10379531093099258,0.27775078756375887,0.3940343161320925,2.67594735323274
1394,test,1,1,0.09295442073392042,0.06951929914084412,0.06951929914084415,0.10713866980028978,0.1998882557527395,1.5411356432582821
1395,test,1,1,0.3394866521478234,0.5631011883005881,0.563101188300588,2.1209313337683144,2.4603941256809776,3.7665190161810567
1396,test,0,0,0.5786182450559573,0.3675279679530559,0.3675279679530559,0.775084657737927,1.3531271587708034,2.1089134033928216
1397,test,0,0,0.4548423644005088,0.2731316065106886,0.2731316065106886,0.4543598653831286,0.9071944957831874,1.663519909642343
1398,test,0,0,0.3802763387393643,0.22036150127124052,0.22036150127124043,0.38009669157692405,0.6999503982515307,1.7248779364098967
1399,test,0,0,0.37856148361295344,0.21964597551766427,0.21964597551766424,0.3782944685704715,0.6932292122219224,1.7222918274687373
1400,test,0,0,0.3785412522260449,0.21978320944045868,0.21978320944045868,0.37797758419712774,0.6925949585274793,1.719774614081816
1401,test,0,0,0.3791162319151917,0.22012271132343794,0.220122711323438,0.3786199836080195,0.695634861884173,1.7200405234500908
1402,test,0,0,0.3786223983654636,0.21979483427301638,0.21979483427301644,0.377817781121179,0.6932295419392176,1.7189566004625731
1403,test,0,0,0.3790458961070981,0.21988107365377899,0.21988107365377899,0.37772588337841445,0.6937003649072722,1.7178644669216743
1404,test,0,0,0.3788401265047505,0.21971450196661518,0.21971450196661516,0.37880851812233596,0.6922344982231152,1.7240942893241273
1405,test,0,0,0.37886329337081404,0.21973796622978334,0.21973796622978345,0.3772951254347572,0.6933210198767483,1.7170229246602462
1406,test,0,0,0.3789661272810772,0.2199010751045481,0.2199010751045481,0.3781301852930337,0.693712962907739,1.719546778537842
1407,test,0,0,0.3787315747907269,0.22011124042632224,0.22011124042632224,0.3780579573797877,0.6938414916512556,1.7175767882073925
1408,test,0,0,0.37891115101100875,0.21997791778071202,0.21997791778071202,0.3784732153713703,0.6953390037524514,1.7205054906859172
1409,test,0,0,0.3787841515550681,0.21968886404731444,0.21968886404731439,0.37845160580406084,0.6943870072427671,1.7226708665695214
1410,test,0,0,0.3782632019327721,0.21952474161802812,0.21952474161802807,0.3771801165029174,0.6934893036959693,1.7181667711934214
1411,test,0,0,0.378861213838798,0.2197512457149286,0.2197512457149286,0.37823370021313896,0.695569459698163,1.7211902439169837
1412,test,0,0,0.3782447053064825,0.2196218833073337,0.2196218833073337,0.3766880446757423,0.6926960091805086,1.7151662621370654
1413,test,0,0,0.3784243608202087,0.21968253283637978,0.21968253283637978,0.37783826031547507,0.6942634502192959,1.7199285507004334
1414,test,0,0,0.3782560636822891,0.21967022498916022,0.21967022498916022,0.3779268229622685,0.6930568371608388,1.720428077956025
1415,test,0,0,0.378485625522153,0.21978834758429705,0.21978834758429702,0.37808949840808054,0.6937215381767601,1.720243600553342
1416,test,1,1,0.05043572412945923,0.05027542056893318,0.05027542056893317,0.11246810627959075,0.16289221083479788,2.237039591252837
1417,test,1,1,0.08819633291360515,0.0811809652902063,0.08118096529020631,0.16638571454885823,0.2544558662775671,2.0495656088106533
1418,test,1,1,0.06894123641902115,0.06235985423628783,0.062359854236287836,0.1435774555975804,0.21226048457901925,2.3024020398372134
1419,test,1,1,0.14737770391177038,0.17575853452832474,0.1757585345283248,0.3868032352857699,0.5340634086314822,2.200765023011919
1420,test,1,1,0.0985559206762482,0.08828071796667936,0.08828071796667937,0.19374033991907347,0.2922299658166594,2.194594067440624
1421,test,0,0,0.15882364581366892,0.278392246699778,0.2783922466997781,1.071522795455252,1.2303304581855627,3.84896780768035
1422,test,0,0,0.07317156041433918,0.08600335259684791,0.08600335259684792,0.4075583473367442,0.4804540980840102,4.738865811978607
1423,test,0,0,0.06415511426614284,0.06204333160545696,0.06204333160545698,0.2986142212422037,0.3627634276981553,4.812994620294363
1424,test,0,0,0.06109106665426225,0.054860604167535444,0.05486060416753546,0.26385384673303636,0.32475115479610395,4.809532281621784
1425,test,0,0,0.0595833475233012,0.05285247328596002,0.05285247328596002,0.27152668288937276,0.33100269728311105,5.137445156450274
1426,test,0,0,0.06028908815441537,0.04922467476177051,0.04922467476177051,0.2454290953630407,0.3053311074327212,4.985895723045974
1427,test,0,0,0.05639813128752576,0.04756691458809505,0.04756691458809505,0.23417254503922597,0.2904398503014818,4.9230131293366295
1428,test,0,0,0.05516917155787814,0.04488903013547102,0.04488903013547102,0.2140214378972305,0.2690360775741283,4.7677893073504425
1429,test,0,0,0.05543415736904717,0.043065597853228756,0.04306559785322876,0.19997153687724495,0.25526294751034584,4.643417178574068
1430,test,0,0,0.05511312095299945,0.04237807241548279,0.04237807241548278,0.19769410880430952,0.2527762842073571,4.665009462112349
1431,test,0,0,0.05704853904803167,0.04152322317576582,0.04152322317576582,0.18630132603089442,0.24319666172959842,4.48667785837072
1432,test,0,0,0.0573789632748194,0.04362773002054368,0.04362773002054368,0.21358267899050043,0.2709408154223638,4.895571667146729
1433,test,0,0,0.054712830910037154,0.04139038413700208,0.04139038413700208,0.20961815225188912,0.2642489007412223,5.064416690554345
1434,test,0,0,0.055923301946299034,0.042713162799398505,0.042713162799398505,0.19901580714069134,0.2548642664696672,4.659355432782278
1435,test,0,0,0.05524369944495265,0.03977373082869913,0.03977373082869913,0.19054359327393466,0.2453659621241968,4.7906894652298
1436,test,0,0,0.054068404130535784,0.04116670778933971,0.0411667077893397,0.20402778417627268,0.25807969678135123,4.956135555467143
1437,test,0,0,0.055766342673156034,0.04147452031862448,0.04147452031862448,0.1943442835475471,0.2501084092837118,4.6858717606499996
1438,test,0,0,0.0556096943624143,0.041362870367396685,0.041362870367396685,0.20032409703658777,0.255653142783558,4.843089835334265
1439,test,0,0,0.27357781316369073,0.49466078803611613,0.4946607880361161,1.5462980232086847,1.8195450564380735,3.1259765491979663
1440,test,0,0,0.23657396833694658,0.4048546828227874,0.40485468282278725,1.1477296014567546,1.3840212040522601,2.8349174411282236
1441,test,0,0,0.23649179899584125,0.4032626252755651,0.40326262527556517,1.1562035087357871,1.392609540351259,2.867122902713109
1442,test,0,0,0.2350609415018407,0.39989247340089107,0.39989247340089107,1.1084563619649561,1.3433548918983433,2.771886033608169
1443,test,0,0,0.23834357038175222,0.4107137258007174,0.4107137258007175,1.1478748582300031,1.3859179889259394,2.794829551878584
1444,test,0,0,0.23693666665861382,0.40402759389651266,0.4040275938965127,1.1490872123925946,1.3853037983644754,2.8440810225623374
1445,test,0,0,0.26389834966231135,0.45555703506773604,0.455557035067736,1.2241900197071955,1.485034086741507,2.6872376573554018
1446,test,0,0,0.2663060544662294,0.46246133504742787,0.46246133504742787,1.2485602976150694,1.514534495800035,2.6998155369832655
1447,test,0,0,0.265439395320951,0.4604037739718949,0.4604037739718949,1.2780263382071861,1.5429350904887542,2.775881542372419
1448,test,0,0,0.2649295577248558,0.45757118707852373,0.4575711870785238,1.2400283566275612,1.5038728445069864,2.710022815345582
1449,test,0,0,0.3458057170872198,0.6121790359113441,0.6121790359113441,1.6413405412669673,1.9869099647767143,2.681144640674475
1450,test,0,0,0.405980523683902,0.7109755072239742,0.7109755072239743,1.7577810920692718,2.1636902407481102,2.472351120691319
1451,test,0,0,0.43616755558666775,0.765853790285199,0.765853790285199,1.895454568131594,2.3303803028538823,2.4749561759376277
1452,test,0,0,0.438488007586624,0.7712092899692857,0.7712092899692857,1.9209544648712618,2.358851362601854,2.4908341871086197
1453,test,0,0,0.4400448820880265,0.7708249688605481,0.7708249688605482,1.934526918143907,2.3737741154036485,2.5096837755574666
1454,test,0,0,0.4217038671275659,0.7426052679130474,0.7426052679130474,1.9141368349293189,2.3354052820650395,2.577596628567746
1455,test,0,0,0.4672563888624718,0.8201000671791828,0.8201000671791832,2.0670715949937293,2.5342118179105455,2.5205114323470674
1456,test,0,0,0.44716138093415064,0.7916306808399782,0.7916306808399785,2.088182027650444,2.5350964069366455,2.6378235182026155
1457,test,0,0,0.41702775701193606,0.7371434181508215,0.7371434181508215,1.8459503199228784,2.262167837936431,2.5041942646026474
1458,test,0,0,0.4176438887131371,0.7371477007170214,0.7371477007170213,1.8365811269271217,2.254115770061617,2.4914696541014574
1459,test,0,0,0.42048519829197906,0.7390224875838688,0.7390224875838689,1.8222456576497934,2.2423934672551695,2.465751297511084
1460,test,0,0,0.42023702071182195,0.7460886598392755,0.7460886598392759,1.8723838765812688,2.29174320778111,2.50959969956469
1461,test,0,0,0.4241377489003353,0.745599882487917,0.745599882487917,1.875712476548273,2.298658347222954,2.515709190148203
1462,test,0,0,0.4238101715414268,0.7443341786007522,0.7443341786007525,1.8936861282022255,2.317442543931975,2.544134318488638
1463,test,0,0,0.4235113086263882,0.756308665628082,0.756308665628082,1.8727294979532016,2.2948372600367293,2.4761444408388207
1464,test,0,0,0.42647170908935367,0.756864661486865,0.7568646614868649,1.9227907668780535,2.348874307179358,2.540468414922055
1465,test,0,0,0.42861575525032825,0.7530029488931016,0.7530029488931016,1.8588240679003065,2.2862797990674153,2.468548191786949
1466,test,0,0,0.42931070723739684,0.7604979220311721,0.760497922031172,1.8949836214521785,2.3234337241738103,2.4917669944330303
1467,test,0,0,0.4314519675951451,0.756745793824818,0.756745793824818,1.8851702896375209,2.3048124657943845,2.491153971413981
1468,test,0,0,0.42895131441170814,0.7584008510865088,0.7584008510865087,1.917273232020787,2.3458477230742574,2.5280473106986125
1469,test,0,0,0.430280633534072,0.7666619456974357,0.7666619456974357,1.9043398422349709,2.3333196395542473,2.483936828901276
1470,test,0,0,0.4333377432052803,0.7630891880467198,0.7630891880467195,1.9045869756515312,2.337710606312612,2.495890395887675
1471,test,0,0,0.4297728161918349,0.7624625619860709,0.7624625619860709,1.9232621569526964,2.3523912604432553,2.522434874629073
1472,test,0,0,0.43202778220234905,0.7713703802063694,0.7713703802063695,1.9245624887937447,2.355677672312595,2.4949914310669468
1473,test,0,0,0.43628673746832647,0.7665851926733972,0.7665851926733971,1.9187008838390467,2.3529195012524724,2.5029193130482335
1474,test,2,1,0.04272605014680812,0.023849079026421402,0.023849079026421402,0.052736503056297804,0.09544491513588582,2.2112595206663213
1475,test,2,1,0.04056224782954814,0.021435165806412155,0.02143516580641215,0.08203344981182453,0.122532171641069,3.8270499305997863
1476,test,2,1,0.044184867818082695,0.02732165602454559,0.027321656024545588,0.11539786628988849,0.15957852470501166,4.223677590634178
1477,test,2,1,0.06994495286148958,0.04714001578554904,0.04714001578554908,0.10128548250990935,0.17121361014505965,2.148609431330711
1478,test,2,1,0.06655087167202146,0.043204401381547144,0.04320440138154713,0.1510763705355057,0.21716913327691145,3.4967819412961796
1479,test,2,1,1.2768018033495172,4.1560866401406305,4.156086640140631,19.10566928124521,20.382438129418006,4.59703344408593
1480,test,2,1,0.05147625916908146,0.022543971459101617,0.022543971459101617,0.08325659817745326,0.1346368792874273,3.6930759218043767
1481,test,2,1,0.053153674392175165,0.03794082049537767,0.03794082049537767,0.15986076435618451,0.21272789416252635,4.213424018483216
1482,test,2,1,1.576211189042042,4.851758365887246,4.851758365887246,18.80626371024995,20.38238838423422,3.876174840543781
1483,test,2,1,0.04386578057648148,0.024991105821005978,0.024991105821005985,0.12189826811908279,0.1657105979102198,4.877666038155967
1484,test,2,1,0.051631234138576475,0.15947237911064815,0.15947237911064815,4.973134257347019,5.024760150905422,31.18492547161703
1485,test,0,0,0.2655956716168439,0.4734159890917816,0.47341598909178156,1.4008252649676287,1.6648200628114864,2.958973286168519
1486,test,0,0,0.23887290843196388,0.42532231137490556,0.4253223113749055,1.2650416862183047,1.5038059614453232,2.97431301482611
1487,test,0,0,0.2365443995613896,0.41808864343225643,0.41808864343225643,1.2583434292655147,1.4946935365151148,3.0097527140064644
1488,test,0,0,0.23451592201099267,0.415865394922858,0.41586539492285796,1.2330776286710752,1.4664258466800675,2.965088328399645
1489,test,0,0,0.23161187914723996,0.40803196907009653,0.40803196907009653,1.2093784496415174,1.4404959332896397,2.963930626312656
1490,test,0,0,0.2326900176219351,0.4110311527016496,0.4110311527016495,1.2243676968403452,1.4567258914757986,2.9787710464103507
1491,test,0,0,0.2329720021649264,0.4090118030645143,0.4090118030645143,1.2031547068194486,1.4347537194844335,2.941613659568823
1492,test,2,1,0.03762945107197993,0.026693005033169463,0.02669300503316945,0.07894392737173803,0.11655265042463725,2.9574762104768713
1493,test,2,1,0.03569128547870787,0.02406127013316266,0.024061270133162664,0.1360302623633179,0.17156201285251882,5.653494666344855
1494,test,2,1,1.575296281312125,4.404019734563722,4.404019734563723,17.088777662779673,18.664048721229847,3.8802681851453027
1495,test,2,1,0.06196483661572256,0.04670959008990124,0.04670959008990125,0.17857931862433635,0.24053763147185236,3.8231831681808255
1496,test,2,1,1.594301776909575,4.8372890524950005,4.8372890524950005,18.97322599408652,20.56746325919812,3.922284938565004
1497,test,2,1,0.06452871046905057,0.04446137524181199,0.044461375241811964,0.09514752842541202,0.159574393343064,2.140004170089958
1498,test,2,1,0.07059264173288829,0.04492864568679646,0.044928645686796456,0.10838937769155019,0.1788171207299456,2.412478187015627
1499,test,2,1,1.1250596097340604,3.7575557944426343,3.7575557944426357,18.935000891364574,20.059964071129798,5.039180235026485
1500,test,2,1,0.0644322986026782,0.04043900117864696,0.040439001178646974,0.09535617583789645,0.15973868831133586,2.358025002067742
1501,test,2,1,1.3058180034594042,4.44738433695872,4.44738433695872,19.26170976753669,20.567451795526722,4.331019832818977
1502,test,0,0,1.3555255108467537,2.768263697524347,2.768263697524347,9.417895776689868,10.773220846211188,3.4020948889776195
1503,test,0,0,0.24158163636966493,0.42743498494313503,0.4274349849431349,1.2917099419231817,1.5331349210173357,3.0220033161184223
1504,test,0,0,0.2351458121364167,0.4137921234572349,0.4137921234572349,1.2940528344089934,1.5291963144309193,3.127301756247018
1505,test,0,0,0.2403960309370741,0.4265811122905557,0.4265811122905556,1.2776542820588366,1.5180372026516125,2.9951027958045002
1506,test,0,0,0.240406920543217,0.4224528416491668,0.4224528416491668,1.2778514126629599,1.5181538630858995,3.0248380095503618
1507,test,0,0,0.23636846204773337,0.41995326023121304,0.41995326023121293,1.3092040572546348,1.545557565575109,3.11749944870967
1508,test,0,0,5.4944991940269245,2.6647603412335354,2.6647603412335354,5.483910144829191,8.75863893236965,2.057937466260344
1509,test,0,0,5.501487482717261,2.669428552685752,2.6694285526857526,5.497743441170082,8.793111884966493,2.059520729872586
1510,test,0,0,5.5019975768830625,2.6708525474663065,2.6708525474663083,5.471632242059335,8.767424238845706,2.0486463197865317
1511,test,0,0,5.501635218438692,2.6689316370016103,2.6689316370016107,5.497680027437396,8.775912934914231,2.0598804222702833
1512,test,0,0,5.50502870972082,2.671487945628142,2.671487945628141,5.489255430128425,8.77628375776112,2.054755829653481
1513,test,0,0,5.504073641192168,2.6736297567467533,2.6736297567467533,5.501735491607338,8.792773506604135,2.057777625239254
1514,test,0,0,5.506226046414813,2.671124458119404,2.671124458119404,5.503286756280577,8.780492716701701,2.0602884075851513
1515,test,0,0,5.505908364877571,2.673736249782931,2.673736249782931,5.502351745944936,8.78223287081346,2.057926149743322
1516,test,0,0,5.503908041626215,2.669828174183117,2.669828174183117,5.496028652176261,8.781753407791257,2.0585701751603818
1517,test,0,0,5.503967732108198,2.6714224703284484,2.671422470328449,5.496988753705286,8.788405428640544,2.057701024364535
1518,test,0,0,5.505655245934148,2.672537202834194,2.672537202834195,5.503176212855149,8.791139169130474,2.059157944375515
1519,test,0,0,5.505300657722634,2.6721134039501537,2.6721134039501537,5.501758443556261,8.79124614642933,2.0589539483702586
1520,test,0,0,5.508239998042583,2.674660962627001,2.6746609626270006,5.494205921448767,8.786853031255305,2.0541691071202024
1521,test,0,0,5.506609494535253,2.672504392804076,2.6725043928040764,5.486357873974368,8.776044499129057,2.0528901238653936
1522,test,0,0,5.506504793764761,2.671855125626326,2.6718551256263265,5.506042770485364,8.796661885717185,2.060756482518736
1523,test,0,0,5.504075943459757,2.670484883689669,2.670484883689669,5.499571861666627,8.77519905846566,2.059390747821106
1524,test,0,0,5.503603281581774,2.6711577972718015,2.6711577972718015,5.4975789255816485,8.786090855486691,2.0581258550867436
1525,test,0,0,5.504299595389515,2.671498795844171,2.6714987958441703,5.4996601868383586,8.780802943743765,2.05864221065483
1526,test,0,0,5.5057698716847225,2.6743011717442013,2.674301171744202,5.4922369975103065,8.78498053830117,2.0537092289901753
1527,test,0,0,5.50556953486288,2.6715239663161596,2.6715239663161596,5.498351164183114,8.791019429918379,2.0581328236276115
1528,test,0,0,5.50464763732953,2.6714236559077777,2.6714236559077786,5.498777244317811,8.792713591363281,2.058369600852122
1529,test,0,0,5.499974821430631,2.6699391383674893,2.6699391383674884,5.495805261393078,8.786856555379927,2.0584009509495567
1530,test,0,0,5.505490720949136,2.6728152848952242,2.6728152848952242,5.499776608987712,8.7918656533584,2.05767178901901
1531,test,0,0,5.5021458904878235,2.6717432485223247,2.6717432485223247,5.4996300906562245,8.787507050205022,2.0584425893835174
1532,test,0,0,5.498158582605887,2.669665105523428,2.669665105523427,5.495958896939177,8.787506544496864,2.058669788045049
1533,test,0,0,5.499957627050346,2.668581450154403,2.668581450154403,5.4971936653757005,8.767592216609046,2.0599684769065734
1534,test,0,0,5.499798033567146,2.668596452510887,2.668596452510888,5.494624130608514,8.765882272273302,2.058994017412641
1535,test,0,0,5.503902464616113,2.666979957221072,2.6669799572210717,5.490710204909556,8.776501572690904,2.0587744538698156
1536,test,0,0,5.501421359982807,2.6703558323141867,2.6703558323141863,5.500142963752616,8.776217941660434,2.059704140247885
1537,test,0,0,5.498528975196183,2.6704799771539847,2.6704799771539833,5.48852834584564,8.76403863914311,2.055259126748796
1538,test,0,0,5.499990837212652,2.6696694982436817,2.669669498243681,5.496134496789425,8.782653173431754,2.058732176550399
1539,test,0,0,5.501537557386327,2.670247075047676,2.670247075047676,5.49629510396393,8.768285645637661,2.058347017893764
1540,test,0,0,5.500056993355771,2.669690017322147,2.6696900173221465,5.4999005991206795,8.775646218069596,2.060127042253916
1541,test,0,0,5.50347596806474,2.670073877756462,2.6700738777564625,5.489582374962047,8.76989222690463,2.0559664736972314
1542,test,0,0,5.503805816339678,2.6725539758007186,2.6725539758007186,5.502448976322427,8.788013696786948,2.058872908141677
1543,test,0,0,5.503529076258652,2.670745927547273,2.670745927547275,5.488895041662269,8.775882818736136,2.0551917668570923
1544,test,0,0,5.502795216900995,2.670128655391997,2.670128655391997,5.499927145935362,8.779592141741887,2.0597985549606137
1545,test,0,0,5.503688332409133,2.6722044777270657,2.6722044777270653,5.499276261561085,8.779587372206151,2.057954886086667
1546,test,0,0,5.501785897591617,2.6710726755376153,2.6710726755376153,5.496955437993165,8.782959838863462,2.0579580212607937
1547,test,0,0,5.50607448244188,2.672375927567738,2.672375927567738,5.496583272569813,8.781382317654788,2.0568151418623675
1548,test,3,1,4.045745808032108,2.845588819709446,2.845588819709446,4.249518436047482,8.293655358022079,1.493370513200634
1549,test,3,1,3.7309554493983743,2.8534686871565937,2.853468687156594,3.96618429059186,7.694914387539029,1.3899519235811406
1550,test,3,1,3.811411393194809,2.9038759147963704,2.9038759147963704,3.8097944683100797,7.268543273326941,1.3119687548967585
1551,test,3,1,3.2487495797211303,2.6268014398252073,2.626801439825208,3.8272434813445435,7.07286584796384,1.4569976334409254
1552,test,3,1,3.923055047412752,2.966536542006929,2.96653654200693,3.921887746906257,7.485157009796239,1.322042621545801
1553,test,3,1,3.814882871922338,2.8585798476628344,2.858579847662835,3.8142906657832207,7.5183029430918396,1.334330635858142
1554,test,3,1,4.010921673419885,2.9705013894688808,2.970501389468882,4.006428472734056,7.680704629514366,1.348738124458644
1555,test,3,1,3.897281747575384,2.85450509908515,2.854505099085149,3.891233766249847,7.418846828397363,1.3631903363903477
1556,test,3,1,3.5339592288914137,2.6682391920695596,2.6682391920695596,3.842978637319524,7.376018387731165,1.4402676674345691
1557,test,3,1,4.223174975478556,2.9765552229580754,2.9765552229580745,4.22000084141409,7.817935160826892,1.417746530911088
1558,test,3,1,4.0288983131949205,2.9250668090690937,2.925066809069092,4.028156020755821,7.843704843486194,1.3771159032219813
1559,test,3,1,4.066086542048608,3.0808400994543894,3.08084009945439,4.065135117458296,7.825057372101583,1.3194891608227972
1560,test,3,1,4.080070932632545,2.9778596867243947,2.9778596867243947,4.078409093901747,7.8517426832113415,1.3695773216191869
1561,test,3,1,3.980545932468856,2.9653666981289812,2.9653666981289812,3.980408335713917,7.678425521226018,1.3422988591007592
1562,test,3,1,4.074754882121924,3.0982695366162027,3.0982695366162027,4.070781790635083,7.851284896489233,1.3138888474761354
1563,test,3,1,3.6554849421019897,2.842057867820541,2.842057867820541,3.9542524541382447,7.6086229413049296,1.3913342507591517
1564,test,3,1,4.068898803819961,2.8993471587022777,2.899347158702279,4.06866561723646,7.492783056397457,1.4033040524397076
1565,test,3,1,3.7325191721043374,2.77238471772188,2.7723847177218777,3.9334540143885826,7.66559967349167,1.4187980438807128
1566,test,3,1,3.7188931934575082,2.7586977662434835,2.758697766243482,3.9420507915278433,7.657597606768832,1.4289534865922382
1567,test,3,1,3.4456246127964696,2.5109398358342747,2.510939835834275,3.4449746065082727,6.632121962553356,1.3719861214291735
1568,test,3,1,3.5181084571782266,2.6396823524034065,2.639682352403406,3.5180354530425975,6.902358007064322,1.3327495445955682
1569,test,3,1,3.8662929409476927,2.834498705518296,2.834498705518297,3.890382302429993,7.754277966218069,1.3725115819795812
1570,test,3,1,3.716235942147592,2.7350690956860757,2.7350690956860757,3.9760243232027497,7.692176067670516,1.453719882058551
1571,test,0,0,5.505105581592768,2.6752711658057344,2.675271165805735,5.4948928323499855,8.790608555078506,2.053957334338121
1572,test,0,0,5.5059863765556365,2.672980956063443,2.672980956063444,5.492577747331932,8.788649590685964,2.054851058655116
1573,test,0,0,5.501067224585102,2.6726529136748067,2.6726529136748076,5.500517754859873,8.799182738526724,2.058074105588535
1574,test,0,0,5.500718638754916,2.671272664348982,2.671272664348983,5.4967218181001956,8.775596647057682,2.057716492763873
1575,test,0,0,5.5022691732635725,2.671362708713726,2.6713627087137284,5.4988969007870185,8.789977947250009,2.0584613548920725
1576,test,0,0,5.5013263995843005,2.6692207330894644,2.669220733089465,5.488136863996274,8.773270387202501,2.056082060191433
1577,test,0,0,5.502210449082777,2.6701980446206073,2.670198044620607,5.49811828753911,8.78645997773856,2.059067603099944
1578,test,0,0,5.503362580692396,2.6709793458915874,2.6709793458915874,5.499615940289572,8.783405649941415,2.0590260081003247
1579,test,0,0,5.5020544380249925,2.669694471624912,2.669694471624911,5.499922737043584,8.776789426337928,2.060131897301362
1580,test,0,0,5.50135855492577,2.6693845852783116,2.6693845852783125,5.495565572049469,8.778094880282879,2.0587387828481436
1581,test,0,0,5.5024405438790565,2.667607458336275,2.667607458336274,5.501441239180276,8.770149376941845,2.062312887148471
1582,test,0,0,5.500735134718474,2.672356740925251,2.6723567409252493,5.493537123681512,8.792615259531885,2.055690035522535
1583,test,0,0,5.500577592908405,2.667356353084383,2.6673563530843825,5.491303997731768,8.780843668617308,2.058706550919576
1584,test,0,0,5.502188063383103,2.6697289027746374,2.6697289027746374,5.494013801373542,8.770951905287802,2.057892018797728
1585,test,0,0,5.49947834520787,2.6685227908224647,2.668522790822464,5.476433298952878,8.75918342359364,2.052234036669025
1586,test,0,0,5.501602994716493,2.669336617607343,2.6693366176073425,5.498812760432018,8.7833702347707,2.059992255814058
1587,test,0,0,5.48744429415185,2.6586163984425837,2.6586163984425837,5.476833450143226,8.731667255051434,2.0600314710131
1588,test,0,0,5.488608968539164,2.6607391626849206,2.660739162684919,5.478980436084792,8.730434181168675,2.059194870705034
1589,test,0,0,5.486869878515601,2.658431490371843,2.658431490371843,5.470250220417976,8.728000665083528,2.0576983985593835
1590,test,0,0,5.488129700741265,2.6590817003589384,2.6590817003589384,5.480516747313086,8.738641013856977,2.061056170847738
1591,test,0,0,5.488349109163275,2.6589701479994634,2.6589701479994625,5.484784770264989,8.740028877044097,2.062747780147736
1592,test,0,0,5.492649570113979,2.6615909046094015,2.6615909046094015,5.483897357254289,8.729669227264822,2.0603832646696962
1593,test,0,0,5.489728772087721,2.6596642136835924,2.6596642136835915,5.488014545530779,8.750642302678898,2.0634238402335643
1594,test,0,0,5.492424349147128,2.6592599759195363,2.6592599759195372,5.488560091317864,8.75377467344515,2.0639426536023397
1595,test,0,0,5.487879905554,2.6574906483915184,2.6574906483915184,5.4845979252667165,8.734219164121896,2.063825860906168
1596,test,0,0,5.487166108686477,2.660066798810304,2.660066798810304,5.4714122806973755,8.726447977125645,2.056870257222272
1597,test,0,0,5.4859016112224195,2.6577956045773004,2.6577956045773004,5.4811333518647585,8.73779594199732,2.062285505486223
1598,test,0,0,5.487404303954914,2.66060182795453,2.66060182795453,5.463950060637668,8.73222584091127,2.0536519231208494
1599,test,0,0,5.486223577206954,2.66009853192317,2.66009853192317,5.480254695435986,8.733246015384793,2.0601698131361807
1600,test,0,0,5.490719498040154,2.660953043694659,2.66095304369466,5.471728744821623,8.733254196122289,2.0563041342602117
1601,test,0,0,5.484175213110634,2.658968860093936,2.658968860093936,5.47820417719055,8.740971484221518,2.0602739127215717
1602,test,0,0,5.4867491777646356,2.6570789856035266,2.6570789856035266,5.479759470060002,8.73773933434859,2.062324642869182
1603,test,0,0,5.487105950483587,2.6570352661890744,2.6570352661890744,5.4850579223162494,8.74649857217446,2.0643526987066845
1604,test,0,0,5.488886095626279,2.657943182047407,2.657943182047407,5.464650066612288,8.733463937416673,2.0559694817866205
1605,test,0,0,5.486861920023802,2.6577273773234413,2.657727377323441,5.4806956970528695,8.73439907701686,2.062173774411881
1606,test,0,0,5.486612580166664,2.6571699488078004,2.6571699488078004,5.481703080152627,8.731733337510377,2.0629855017787317
1607,test,0,0,5.486306270614266,2.6578631054382096,2.6578631054382096,5.467209283292293,8.73171172849834,2.0569943094909315
1608,test,0,0,5.48760378367285,2.6571222166829043,2.657122216682903,5.486812157447159,8.738306922663469,2.064945346886145
1609,test,0,0,5.482427282748744,2.6555049490029785,2.6555049490029785,5.463361403463408,8.723473526537418,2.057371953125018
1610,test,0,0,5.488920601262711,2.6568529414949795,2.6568529414949795,5.479145511231385,8.73987300414592,2.0622690197329234
1611,test,0,0,5.487925610665232,2.659309308248446,2.6593093082484454,5.468917883161455,8.723151162266731,2.0565181591319135
1612,test,0,0,5.486875056028366,2.6585028932277974,2.6585028932277974,5.477147101163864,8.726696491241455,2.0602374047123324
1613,test,3,1,3.6822949435237096,2.6662409336054784,2.6662409336054784,3.6817814342003548,7.3475895370938815,1.3808884965326786
1614,test,3,1,3.452648784816149,2.6008830249800465,2.6008830249800474,3.4583133199812144,6.910421548527665,1.3296689188887088
1615,test,3,1,3.8921846458869513,2.8212927157110097,2.8212927157110106,3.892128811399667,7.205724671646749,1.3795551201495193
1616,test,3,1,3.919320396809955,2.739699233285055,2.739699233285055,3.91832862709288,7.3219886341830716,1.430203936070231
1617,test,3,1,3.6361780395227252,2.836438152393964,2.836438152393965,3.7724256286901654,7.407838762737811,1.329986915281838
1618,test,3,1,3.2248137086376083,2.448519691482783,2.4485196914827836,3.222199164398713,6.2823719517327845,1.3159784565373056
1619,test,3,1,3.3270632391936377,2.7857520702527547,2.7857520702527543,4.256902062320034,7.583143450319767,1.528097962405463
1620,test,3,1,3.9813861022822676,2.9909052975391464,2.9909052975391472,3.9805585213008454,7.584536283917259,1.3308875157551674
1621,test,3,1,3.538822906513582,2.7089504225128738,2.708950422512874,3.768606407146086,7.306326955324039,1.3911684672509637
1622,test,3,1,3.8406741398444866,2.8610685749959717,2.861068574995971,3.839726782339858,7.484623550088145,1.3420603811795269
1623,test,3,1,3.58433169153754,2.699779821095047,2.6997798210950466,3.695689975942929,7.279922577647085,1.3688856947022945
1624,test,3,1,3.807387356282561,2.9890760615083196,2.9890760615083196,3.9023866610514233,7.709014442632906,1.3055494677115167
1625,test,3,1,3.3609529318264832,2.6421235764793813,2.6421235764793805,3.7838405786105285,7.144713186178706,1.4321209697740487
1626,test,3,1,3.3505079772636526,2.6383626833234763,2.638362683323475,3.943856475098408,7.2932959569152445,1.4948121045020382
1627,test,3,1,3.444977178077737,2.6928799772817507,2.6928799772817498,3.6713930230331027,7.115567126718815,1.3633704635952935
1628,test,3,1,3.6661172592608784,2.8074170928579063,2.807417092857907,3.999533585313096,7.665407608175883,1.424631058736496
1629,test,3,1,3.4158036963846534,2.576763126665517,2.5767631266655164,3.473155711421743,6.888609547866508,1.3478754315753545
1630,test,3,1,3.4903162663413676,2.627630664466896,2.6276306644668956,3.6388346011207906,7.127483498305082,1.3848348819825682
1631,test,3,1,3.657660785244312,2.6922364322286807,2.6922364322286803,3.655736126817297,7.27336106239818,1.3578807875321022
1632,test,3,1,3.1555939428262647,2.432357594119399,2.432357594119398,3.428997445876128,6.583602490602061,1.40974232331885
1633,test,3,1,3.4647942312653175,2.6279609295204787,2.6279609295204787,3.4784459344451317,6.942771798698232,1.3236292424940428
1634,test,3,1,3.4876142482865253,2.5561812107579907,2.5561812107579907,3.4870862120772363,6.78418523207074,1.3641780157844139
1635,test,3,1,3.8622896291455255,2.866178569851161,2.8661785698511606,4.741772451237775,8.596174381673336,1.6543883556717869
1636,test,0,0,5.489235584584065,2.6616614329365156,2.661661432936516,5.47880803417135,8.759942932985723,2.0584165838578414
1637,test,0,0,0.30628391456182724,0.29793829949023054,0.29793829949023043,0.5847610001606154,0.8909849081537686,1.9626916081656365
1638,test,0,0,0.29904018920703673,0.2968022728327951,0.296802272832795,0.6003221960659431,0.899245194348623,2.0226334196710734
1639,test,0,0,0.29356856678467014,0.29752431417575254,0.29752431417575265,0.5965420451309182,0.8899852974864189,2.0050194781006394
1640,test,0,0,0.296896181519136,0.2998415148274026,0.29984151482740246,0.6052921791719346,0.9021318386730854,2.0187070476893716
1641,test,0,0,0.2915130085866176,0.29726129540795687,0.29726129540795676,0.6011210255701818,0.8926246397177238,2.0221974231297506
1642,test,0,0,0.26175768866182625,0.25672136073480173,0.2567213607348017,0.5648941229379052,0.8266210020447033,2.2004172980426517
1643,test,0,0,0.19556488722757603,0.19639103023013216,0.19639103023013216,0.4360454466919491,0.6315878831646842,2.2202920682323857
1644,test,0,0,0.1754231976495339,0.17249620528541876,0.1724962052854187,0.6604898048414634,0.8359083665582148,3.829010636776572
1645,test,0,0,0.20289792792030495,0.20295187797996614,0.2029518779799662,0.3967147253351577,0.5992419674294069,1.954723106205099
1646,test,0,0,0.17253446364352568,0.16906327072145605,0.16906327072145608,0.43281710362484593,0.6052719664221513,2.560089496540874
1647,test,0,0,0.17604535280375558,0.1769895973869812,0.17698959738698114,0.5239695960411541,0.7000079413469393,2.960454194918101
1648,test,0,0,0.18044963000768605,0.1846355025872331,0.18463550258723316,0.5178938257837873,0.6983432561902987,2.8049525607303094
1649,test,0,0,0.1789378688191955,0.18737178139702515,0.18737178139702515,0.551263256325763,0.7301741304963798,2.9420825922430773
1650,test,0,0,0.1586522947256708,0.15907782770603765,0.15907782770603773,0.5770113576943732,0.7356137987844704,3.6272267858764136
1651,test,0,0,0.15828252440065263,0.16133988403972185,0.16133988403972185,0.6559914290371526,0.8142561714921612,4.065897486796554
1652,test,0,0,0.1721944159601553,0.1824355312529403,0.18243553125294026,0.5516375952626841,0.7237425425337278,3.0237399012907114
1653,test,0,0,0.19024975506286138,0.1943884405119095,0.19438844051190957,0.3796998718597461,0.569930517434841,1.9533047894197344
1654,test,0,0,0.18489286661352616,0.18940990090019513,0.1894099009001951,0.44169571637902755,0.6265788617956787,2.331956852729511
1655,test,0,0,0.1644587733867811,0.17189771769723672,0.17189771769723677,0.5589549324390246,0.7233524781622691,3.2516716331482143
1656,test,0,0,0.1490220464232807,0.1600763550404626,0.1600763550404625,0.6412614547249431,0.7902324207279889,4.005972365892836
1657,test,0,0,0.19074475591333612,0.19648609307783127,0.1964860930778312,0.39531451637594,0.5860186829449958,2.011921099267569
1658,test,0,0,0.16721884466095072,0.17505694701072252,0.17505694701072252,0.5757384493263235,0.7428194432141026,3.288863762093706
1659,test,0,0,0.17334058056885623,0.17931842398238793,0.17931842398238784,0.6443549775022802,0.8176409533007245,3.593356238540034
1660,test,0,0,0.1506080427424604,0.15231668349004696,0.15231668349004696,0.5449840030415362,0.6955610162840458,3.577966579591052
1661,test,0,0,0.15796623984037433,0.16641805256291087,0.1664180525629109,0.7538095875674626,0.9117348893923918,4.529614281374315
1662,test,0,0,0.15345337611612922,0.16553085115493757,0.1655308511549377,0.4829511978012597,0.6362462746474193,2.9175902524008346
1663,test,0,0,0.16182391429506243,0.17212361014966307,0.17212361014966313,0.4908059976045042,0.6524945107958047,2.8514739911494056
1664,test,0,0,0.146134591431648,0.16607451801687295,0.16607451801687295,0.8850481745290454,1.0311048804724123,5.3292232011122
1665,test,0,0,0.24770284620599523,0.28636367816105435,0.28636367816105446,0.554182281815245,0.8018558773856057,1.9352394318093862
1666,test,0,0,0.29252288256636166,0.2912760365991798,0.29127603659917956,0.563458109750838,0.8559779561792311,1.9344471873812399
1667,test,0,0,0.2923048487099477,0.29342220527657636,0.29342220527657636,0.5896534571257761,0.8819078830529179,2.009573394658307
1668,test,0,0,0.2981978563699377,0.2971933956327193,0.29719339563271924,0.5868015976515162,0.8848422154114814,1.9744772470539813
1669,test,0,0,0.2907965136339299,0.2985248489130405,0.2985248489130406,0.5999278473089107,0.8906663056877733,2.009641239224504
1670,test,0,0,0.30094772677837317,0.2988549819235272,0.29885498192352716,0.6020709266144186,0.9029002133684116,2.0145922371422276
1671,test,0,0,0.2890502327677532,0.297915884593795,0.29791588459379487,0.6026730424168781,0.8915952121751616,2.0229637746191895
1672,test,0,0,0.2920520843043487,0.29781282319530084,0.2978128231953007,0.6011324583515961,0.8930197738372954,2.0184908490571725
1673,test,0,0,0.29150486007152904,0.2985735722316962,0.29857357223169606,0.6076801417785991,0.899165847857148,2.0352777281541625
1674,test,0,0,0.2905734439613298,0.29848513727560605,0.298485137275606,0.6093387345550582,0.8993370541720651,2.0414374401242825
1675,test,0,0,0.29131497193254474,0.30052563400746934,0.3005256340074692,0.6103572125347709,0.9016072127124062,2.0309655598949714
1676,test,0,0,0.2874818233293627,0.2987609129338166,0.29876091293381635,0.6215181561666395,0.9088964548282092,2.080319510552315
1677,test,0,0,0.29118129360427986,0.3018227030659228,0.3018227030659228,0.6106050933624254,0.901785228458607,2.023058859257051
1678,test,0,0,0.2935916886350551,0.3002287317294368,0.300228731729437,0.6153771772363743,0.9089529194661736,2.0496944902360172
1679,test,0,0,0.29301306476083117,0.2985622288977479,0.298562228897748,0.6082918358853786,0.9010262196243275,2.0374038542353836
1680,test,0,0,0.2957672840951127,0.3007324892835903,0.30073248928359014,0.6270752781035263,0.9223487824201584,2.0851597364732863
1681,test,0,0,0.290424021256229,0.3008895843423427,0.3008895843423427,0.6106894292709621,0.9010214225563686,2.0296130575797497
1682,test,0,0,2.3807709155669436,3.344729995913644,3.344729995913644,8.615169292868115,10.995808666324592,2.575744321183929
1683,test,0,0,3.9516134253107595,4.971068833510929,4.97106883351093,10.753634453717561,14.704801963613136,2.1632439247723236
1684,test,0,0,6.420642256740553,5.979975050441674,5.9799750504416735,9.671818375583666,16.092302002056385,1.617367680299823
1685,test,0,0,5.343613696366316,4.316578391989748,4.31657839198975,6.933977055281633,12.275774031644687,1.60635958057636
1686,test,0,0,3.9319871022850275,3.199124421003641,3.199124421003642,5.1662451670020815,9.089434623718262,1.6148934793168521
1687,test,0,0,3.1403098177117243,2.5400184158186696,2.5400184158186705,4.159873001654731,7.300145663302828,1.6377334021469945
1688,test,0,0,2.6606529324720616,2.128705067134107,2.128705067134107,3.529843512230087,6.18576441751793,1.6582116361391221
1689,test,0,0,2.33681491837831,1.8483779732893548,1.848377973289355,3.0650758363213972,5.401018140895758,1.6582516566494345
1690,test,0,0,2.1212497088774107,1.6523696056222679,1.6523696056222676,2.7540530827180483,4.871200419962406,1.6667294492389895
1691,test,0,0,1.949479284909554,1.5031146682873897,1.5031146682873897,2.520298776003532,4.467785646207631,1.6767175713048532
1692,test,0,0,1.827462201320799,1.3919996986754481,1.3919996986754481,2.304377550876467,4.129652288975194,1.6554440012229803
1693,test,0,0,1.7350967224128544,1.307563668088695,1.3075636680886948,2.154951543044299,3.8877924126572907,1.64806624383672
1694,test,0,0,1.6515977012517395,1.2317519760084568,1.2317519760084563,2.0696685684320983,3.720385124324821,1.6802640537577587
1695,test,0,0,1.5865774284976069,1.1713194482311222,1.1713194482311224,1.961710678420728,3.5470623692963272,1.674787079974828
1696,test,0,0,1.5312158194122603,1.1193832460291175,1.1193832460291169,1.885706749862642,3.4160527092171833,1.6845944019190653
1697,test,0,0,1.4856649310711072,1.0754089566199214,1.075408956619922,1.8020309536334826,3.2872031391598284,1.6756703973318012
1698,test,0,0,1.4418919150265865,1.0383807038024,1.0383807038023998,1.7363045151797123,3.1739029474556446,1.6721271002259737
1699,test,0,0,1.407952035726572,1.0068042412994396,1.0068042412994396,1.7151315557346096,3.1225854213698767,1.7035402567642763
1700,test,0,0,1.3779087000855943,0.9777308746172606,0.9777308746172603,1.670917517565773,3.0480809718137607,1.7089748937506606
1701,test,0,0,1.352702761173714,0.955453767040248,0.955453767040248,1.6486431117053144,2.998614334035665,1.7255079927230703
1702,test,0,0,1.3327948329383508,0.9348835696816244,0.9348835696816244,1.584302497155033,2.914764824556187,1.6946521989840604
1703,test,0,0,1.3146377515215426,0.9182780947011355,0.9182780947011356,1.5374931383710355,2.849410312715918,1.6743219153794915
1704,test,0,0,1.2976338558616116,0.9030080300417883,0.9030080300417883,1.508144409137778,2.7966000763699412,1.6701339954507226
1705,test,0,0,1.2808610464348458,0.8869076154802454,0.8869076154802454,1.504818055509124,2.781715311575681,1.6967021471501182
1706,test,0,0,1.267940879200818,0.8768602239852644,0.8768602239852641,1.4862498041640502,2.754056717385538,1.6949677537078327
1707,test,0,0,1.2586176052947995,0.8663266949109324,0.8663266949109327,1.458290611181641,2.713448445079848,1.6833033308890109
1708,test,0,0,1.2487935762061388,0.8566330083305429,0.856633008330543,1.4488315840111463,2.6973707177094184,1.6913095455365592
1709,test,0,0,1.2336542362198233,0.8444533041167273,0.8444533041167274,1.4366469627395273,2.665048357564956,1.7012746065837432
1710,test,0,0,1.2271244758424582,0.8381529892828082,0.8381529892828083,1.4350876575651346,2.660916139720939,1.7122025166230235
1711,test,0,0,1.2210452158108238,0.8321896285069708,0.8321896285069709,1.429805318628263,2.649980660818983,1.7181244149767558
1712,test,0,0,1.2191488701668567,0.8285679575556396,0.8285679575556396,1.4174981158408337,2.633959882427007,1.7107807548129166
1713,test,0,0,1.208775585643947,0.8202382116322894,0.8202382116322893,1.3988117518499494,2.6025741226039827,1.7053725759328964
1714,test,0,0,1.2053244454166852,0.8162673897265055,0.8162673897265055,1.37643476898456,2.580174800939858,1.6862547570909838
1715,test,4,1,0.5499773728874279,0.37619688076804836,0.37619688076804836,1.0594492447349477,1.6089163856813684,2.8162095405255956
1716,test,4,1,0.40599790410380954,0.38392446206456526,0.3839244620645654,2.3298891465248524,2.7358769435304566,6.068613429828886
1717,test,4,1,0.44564857210630815,0.41531923974060736,0.41531923974060736,1.3319227484274443,1.7775625309141105,3.206985424656254
1718,test,4,1,0.31491660620948825,0.31804030832074326,0.3180403083207432,2.1970598742745207,2.51182688595145,6.9081176718606025
1719,test,4,1,0.2867057428733824,0.45295462759879457,0.45295462759879446,5.3996751203163145,5.68631623678084,11.921006633580722
1720,test,4,1,0.34866115657390034,0.40504739273170143,0.4050473927317014,2.2882080355495127,2.6367524554079864,5.649235315693526
1721,test,4,1,0.21418847235471913,0.40728855525250823,0.4072885552525082,6.129499538814715,6.343602519729757,15.049525599889705
1722,test,4,1,0.25557904191606123,0.5332286242195988,0.533228624219599,5.86535258345015,6.120930432861314,10.999695659688793
1723,test,4,1,0.1546967414642744,0.49040468953732624,0.4904046895373262,7.053179463980062,7.207874920994641,14.382365451346734
1724,test,4,1,0.26294828193624925,0.5853357351310299,0.58533573513103,6.043435327835479,6.306366210941633,10.324733251563105
1725,test,4,1,0.13822857932814805,0.535095475199051,0.535095475199051,9.381492451860817,9.519507839213475,17.532371112596273
1726,test,4,1,0.142366654773592,0.5238916806012635,0.5238916806012635,8.110756628612638,8.252608088601846,15.481743514812129
1727,test,4,1,0.1949565846303085,0.5748528201650921,0.5748528201650921,8.608432964625063,8.803285506066459,14.97502084473171
1728,test,4,1,0.2796860332903493,0.4725818794426288,0.4725818794426288,5.3657407168927564,5.645420561054834,11.35409745972741
1729,test,4,1,0.309543660863259,0.37287700489691256,0.3728770048969126,4.600274034754417,4.909630964495591,12.337242507153883
1730,test,4,1,0.19416343830645563,0.5047238511374006,0.5047238511374006,6.277693632616396,6.471821777824516,12.437877897922887
1731,test,4,1,0.2463031102946261,0.44275642359309486,0.4427564235930949,6.714779825038626,6.960820943757426,15.165855236037613
1732,test,4,1,0.1191461184719301,0.29661210518258974,0.29661210518258974,4.030545463254144,4.149584826845967,13.58860745340452
1733,test,4,1,0.5279047923119724,0.726274294351651,0.7262742943516508,6.156137661453897,6.683958055342373,8.476325968482081
1734,test,0,0,2.267755983974552,1.7807659725369707,1.7807659725369709,2.963808537814999,5.229333641938865,1.6643447727118261
1735,test,0,0,2.057522855196381,1.5950965493693305,1.5950965493693308,2.6335443635841367,4.688737594289705,1.6510250521358016
1736,test,0,0,1.9080106310993432,1.4573227892385179,1.457322789238518,2.4458549923747777,4.346090608276427,1.6783206921870675
1737,test,0,0,1.7837120561861228,1.3494739032479695,1.3494739032479697,2.218515727017002,4.0020329611579655,1.6439856463154914
1738,test,0,0,1.6913148230143706,1.264146087148469,1.2641460871484695,2.1449428731373628,3.835715516761411,1.6967523729600775
1739,test,0,0,1.611236201231135,1.191493520838497,1.1914935208384974,2.0316454306200615,3.6399647153448313,1.7051250343269333
1740,test,0,0,1.5489695241661392,1.1342600089488242,1.134260008948824,1.9123365709571518,3.46036460850155,1.6859772502509462
1741,test,0,0,1.4925665616180632,1.0827998692773582,1.0827998692773577,1.8621995688293245,3.3540436896146275,1.7198003266034054
1742,test,0,0,1.449193790022051,1.0434584037294574,1.0434584037294572,1.773152992662275,3.2211945846211165,1.69930395531321
1743,test,0,0,1.4119400113844895,1.0099916578846706,1.0099916578846706,1.754851427671907,3.1663739147479646,1.7374910119032791
1744,test,0,0,1.3745525163176353,0.9760887661594125,0.9760887661594125,1.6590616423127358,3.0326631919597276,1.6997036538393904
1745,test,0,0,1.35244738832023,0.9519306487816008,0.9519306487816008,1.6319309495398775,2.983327868860215,1.7143380682496414
1746,test,0,0,1.3301730799409561,0.9316779762697319,0.9316779762697318,1.573912794616539,2.9015626495238394,1.6893313298208443
1747,test,0,0,1.305915001206682,0.9112184415822835,0.9112184415822834,1.5470453469225904,2.852661589393392,1.6977765992490526
1748,test,0,0,1.2885085225220536,0.89280369712067,0.89280369712067,1.5276042342070724,2.814505155547522,1.7110191625926967
1749,test,0,0,1.2718462655809708,0.8779569001817582,0.8779569001817583,1.4922657301160507,2.76287198998034,1.6997027186723124
1750,test,4,1,0.2471324522007126,0.6342877209353689,0.634287720935369,7.031313745309053,7.278409790837031,11.085369483331856
1751,test,4,1,0.1850542850091151,0.47723300069919655,0.47723300069919666,7.809482114832194,7.994409871738753,16.364086522496304
1752,test,4,1,0.21623457563694684,0.6639819673788854,0.6639819673788852,8.197674382798112,8.413793033367256,12.346230448334314
1753,test,4,1,0.20080571846087697,0.6405025218848583,0.6405025218848585,10.913112585982482,11.113420364563353,17.03836005808
1754,test,4,1,0.11716171484807274,0.21129519613709893,0.21129519613709896,2.9146492840685534,3.031202604994178,13.794205156360404
1755,test,4,1,0.14280503575801776,0.34593200712113475,0.34593200712113475,4.524011675667763,4.666771287829761,13.077748177501233
1756,test,4,1,0.2967815433308715,0.45916834108693966,0.4591683410869396,5.706421371860779,6.003061581388465,12.427732622751352
1757,test,4,1,0.1765967931362975,0.6525464365766167,0.6525464365766167,8.604163971939386,8.780648481246317,13.185519818449203
1758,test,0,0,1.70077139254941,1.2750495488346585,1.2750495488346585,2.1246058333264446,3.8253227426685044,1.6662927611466116
1759,test,0,0,1.6218908739078324,1.200067503971071,1.2000675039710709,2.016086726189824,3.635503292316571,1.6799777675160048
1760,test,0,0,1.558668392801308,1.1429193784881395,1.1429193784881397,1.9359059155940777,3.4937801141059026,1.6938254368868126
1761,test,0,0,1.4978596480949782,1.0905316885785339,1.0905316885785339,1.8487508980170824,3.3453281722031534,1.69527480712354
1762,test,0,0,1.454887410330819,1.0468817812355413,1.046881781235541,1.793649653267814,3.2461493506561965,1.7133258839894312
1763,test,0,0,1.4122565938786138,1.0094224850833449,1.0094224850833449,1.7102786348506342,3.12220282596536,1.6943139865855295
1764,test,0,0,1.3739598516938858,0.9751711160588424,0.9751711160588427,1.6691929574491806,3.042555075546261,1.7116923686124232
1765,test,0,0,1.3478899711669656,0.9518508369715751,0.9518508369715751,1.6065749412475852,2.953829277015757,1.687843177570859
1766,test,0,0,1.3263756100710016,0.9280357105798709,0.9280357105798713,1.5916174586240668,2.915766327874735,1.7150390232608235
1767,test,0,0,1.3036596844245214,0.9089487036605013,0.9089487036605015,1.5838115146111231,2.885390490293503,1.7424652328924906
1768,test,0,0,5.075400503571669,4.072357082882714,4.072357082882713,6.706813661162218,11.781493690621573,1.6469119786555266
1769,test,0,0,3.1921436143831814,2.6101209021952805,2.6101209021952805,4.267910783199826,7.4590090026613325,1.6351391154372341
1770,test,0,0,2.3276102667734957,1.8979486909408094,1.8979486909408096,3.283640133769717,5.606856791768223,1.7300995276864006
1771,test,0,0,1.8972156126204063,1.5460219147378946,1.5460219147378944,2.868177167683549,4.764961300592404,1.8551982609960653
1772,test,0,0,1.656408304763492,1.3251800797528424,1.3251800797528426,2.4541912130587735,4.110005648806691,1.851968083852046
1773,test,0,0,1.5158238439264888,1.2259425077369361,1.2259425077369357,2.3947558374699955,3.9105670186045245,1.9533997902484554
1774,test,0,0,1.382909297535196,1.1036049240606012,1.1036049240606012,2.294879675319418,3.6769417270552367,2.0794395034734383
1775,test,0,0,1.3303322726828628,1.0663362151446558,1.066336215144656,2.4322249954598374,3.7619839286780916,2.280917557629691
1776,test,0,0,1.2127075826771325,0.9254298726138188,0.9254298726138193,2.136158641611808,3.3482719886815175,2.3082879695447485
1777,test,0,0,1.171283055586973,0.8986093743898458,0.8986093743898459,1.9887604224251119,3.1566071617417037,2.2131534336323573
1778,test,0,0,1.1028528135783855,0.802243159756624,0.8022431597566241,1.421888597630721,2.5243524206453003,1.7723910516882166
1779,test,0,0,1.0787220593043603,0.7911295619357473,0.7911295619357473,1.5720829371861182,2.648170370142907,1.9871371426691764
1780,test,0,0,1.0211857526497916,0.7223423936290332,0.7223423936290332,1.2775000364584848,2.295845916494727,1.768551932886496
1781,test,0,0,1.0110586548202554,0.7234247325967615,0.7234247325967612,1.6876179313308677,2.697849668271374,2.3328175762986394
1782,test,0,0,0.9968210918118566,0.7174770937932651,0.7174770937932649,1.5987745064089687,2.5954402043280425,2.228328291229939
1783,test,0,0,0.9500607877782313,0.6528461700369755,0.6528461700369753,1.1534698575922522,2.1016607141355053,1.7668325411588506
1784,test,0,0,0.9461791555132367,0.661228772004388,0.6612287720043878,1.5031061132703325,2.449022995249834,2.273201313841737
1785,test,0,0,0.9215101648427081,0.6459214246292743,0.6459214246292747,1.6403549264811446,2.5605270725209266,2.5395580080388616
1786,test,0,0,0.8959562670525048,0.5991083959477227,0.5991083959477228,1.0280276644889381,1.9232882479554974,1.7159293233784727
1787,test,0,0,0.8875398987174267,0.6020845997564455,0.6020845997564453,1.17587920490501,2.0622235274640843,1.9530132565766927
1788,test,0,0,0.8737180050613679,0.580624422695319,0.5806244226953191,1.0030384246108732,1.8766183530533453,1.727516765406912
1789,test,0,0,0.8685727334786861,0.5779374471694937,0.5779374471694937,0.9877854370306522,1.856288009606942,1.7091563141797266
1790,test,0,0,0.8502810224621499,0.5604571103306492,0.5604571103306494,0.9518629089267051,1.8017606687790249,1.69836886959136
1791,test,0,0,0.8475111751777876,0.5610728051504321,0.5610728051504321,0.9777096481101762,1.825021306722192,1.7425718001927353
1792,test,0,0,0.8359577159178443,0.540393311978607,0.540393311978607,0.9512208004700952,1.7865503150969744,1.7602379218707873
1793,test,0,0,0.8234964588649818,0.5385997473765027,0.5385997473765028,0.9374556561939171,1.7609126405077404,1.7405423243516636
1794,test,0,0,0.8252098124263284,0.5313408003754709,0.5313408003754706,0.9194028813602927,1.744214087171713,1.7303449701408193
1795,test,5,1,0.3253314500202096,0.29441165801849795,0.2944116580184979,0.9815118307720267,1.3068349861869137,3.333807626294331
1796,test,5,1,0.1685888319893711,0.2569028937934535,0.25690289379345355,2.27184323969642,2.4402370073803468,8.84319832349943
1797,test,5,1,0.17772115417246823,0.24561452367483574,0.24561452367483572,2.6883052473473072,2.865875128452899,10.945221020017131
1798,test,5,1,0.09497564433317165,0.19754190695051546,0.1975419069505154,2.4573221862484935,2.551659918797668,12.439498150962251
1799,test,5,1,0.09514009130650447,0.20710468604620724,0.20710468604620724,2.32437194215602,2.4194746081011544,11.223174069742816
1800,test,5,1,0.23331291896488984,0.32018322437978314,0.3201832243797831,1.8055628992876736,2.0384334418922663,5.639155214284487
1801,test,5,1,0.09121178202459122,0.21784333321801144,0.21784333321801144,2.7148220676915953,2.8057803865522146,12.462268308090374
1802,test,5,1,0.21791255135470328,0.3048045986967598,0.3048045986967597,1.5820084844118982,1.7999069410370794,5.190238241732658
1803,test,5,1,0.1549205915365019,0.24886552753834804,0.2488655275383481,1.9322335584726533,2.0863490360789,7.764167169255342
1804,test,5,1,0.24204483711719332,0.3901384692953345,0.39013846929533447,2.8221748760938663,3.0642013486522046,7.233777487237441
1805,test,5,1,0.1070982656160968,0.20878893994717723,0.20878893994717726,2.6286125936826092,2.7356968703488747,12.589807651438038
1806,test,5,1,0.07706915089103131,0.23733962145496446,0.23733962145496448,2.544563186679159,2.621601225240738,10.721190044376948
1807,test,5,1,0.16187205265553167,0.23573711249684895,0.23573711249684898,1.6335685019633037,1.7954226250822103,6.92961954382613
1808,test,5,1,0.12004498558925115,0.2871721088288086,0.2871721088288086,2.9725560752780584,3.0925069146906026,10.351130851116475
1809,test,5,1,0.09985159142614429,0.18494195800520938,0.18494195800520938,2.267171638172855,2.366968454232847,12.258827918913857
1810,test,5,1,0.0762117570812261,0.16841573341603905,0.16841573341603905,1.7366064125125849,1.8127894654608099,10.311426238441921
1811,test,5,1,0.24083034769414008,0.44013532682317563,0.44013532682317563,2.963217332206983,3.2039914150773257,6.732514187386407
1812,test,5,1,0.2406173072251986,0.3927594012131065,0.39275940121310643,4.157094923457175,4.397524087471538,10.584329517300556
1813,test,5,1,0.12013502581378999,0.288735931521739,0.288735931521739,2.8034432365153115,2.923492517285922,9.709367385417494
1814,test,5,1,0.11037594929954503,0.14126184878246503,0.14126184878246503,1.5933647666809847,1.7034077590506058,11.279512341188973
1815,test,5,1,0.18733222042530542,0.28975736974433974,0.28975736974433963,2.278191022525134,2.465011355932802,7.862409244449037
1816,test,5,1,0.08945605434547178,0.1912959328139708,0.1912959328139708,2.732138183935778,2.821047733479645,14.282259657829188
1817,test,5,1,0.4602755668805039,0.6019148669105572,0.6019148669105572,2.0963078376605115,2.556395205028821,3.4827314507452045
1818,test,5,1,0.08761260904333903,0.15477140137432108,0.1547714013743211,2.042286177501461,2.129650916904211,13.195500973478339
1819,test,5,1,0.19230073663953226,0.32575833197352255,0.32575833197352255,2.621561825540033,2.8135483742516953,8.047566457189227
1820,test,5,1,0.13865860833373153,0.2808378756856065,0.2808378756856065,3.431274329288339,3.5696477445599157,12.217989902222433
1821,test,5,1,0.08503851267363643,0.22238433394318613,0.22238433394318613,2.7880603375766078,2.8729406579077477,12.537125651525841
1822,test,5,1,0.3406926824001639,0.5327437351021902,0.5327437351021902,3.4945696161838207,3.8351637565210694,6.559569612796098
1823,test,5,1,0.4651205913417507,0.49160075498812583,0.4916007549881259,1.742867432416184,2.207641367742326,3.5452903900814414
1824,test,5,1,0.07606343189561085,0.11312964950230912,0.11312964950230914,1.5060168131223945,1.582025299914676,13.312308663094148
1825,test,5,1,0.10848268676894077,0.22899537742069212,0.22899537742069212,3.1059085447679244,3.2141595024295384,13.563193195214573
1826,test,5,1,0.23063855500845237,0.3922982123775785,0.39229821237757845,2.8611514058527536,3.091721713601146,7.293307273852571
1827,test,5,1,0.19674001278744982,0.3174517451919425,0.31745174519194236,3.2991901820672864,3.4958256553145475,10.392729704706715
1828,test,0,0,2.3480035347065424,1.9153037628710174,1.9153037628710174,3.291648240653565,5.638539756066166,1.7186037559490948
1829,test,0,0,1.910169949733303,1.5474680177082152,1.5474680177082154,2.976156840122654,4.884571849717759,1.923242875500789
1830,test,0,0,1.66653856200492,1.3344696215569773,1.334469621556977,2.7392527206488886,4.3996444758959115,2.052690204706869
1831,test,0,0,1.4745791649250313,1.1468611965720217,1.1468611965720217,1.9883341098399834,3.4614790426567197,1.7337181829702948
1832,test,0,0,1.344977749263402,1.0250874947501523,1.0250874947501516,1.8170550933727063,3.1590980319306254,1.7725853672769503
1833,test,0,0,1.2643845429632348,0.9531568113863389,0.9531568113863395,1.8000692972925025,3.0613757164683193,1.888534264025615
1834,test,0,0,1.1670916312704793,0.8565819089054744,0.8565819089054745,1.5100762611855754,2.6738186422735453,1.7629093557615811
1835,test,0,0,1.1169734825568158,0.8023631881084309,0.8023631881084311,1.4335338244957965,2.5497596683562733,1.7866395738759506
1836,test,0,0,1.0683484889308457,0.7775050776374884,0.7775050776374886,1.7563981198032852,2.821510743582621,2.2590181984923388
1837,test,0,0,1.0385374279867974,0.7497145255185406,0.7497145255185409,1.6883841303933296,2.726098859566264,2.2520360389517022
1838,test,0,0,0.9907231661934638,0.6949072400616649,0.6949072400616648,1.2636418011527275,2.252698053023778,1.8184323436327907
1839,test,0,0,0.9545137184483464,0.6558481484523823,0.6558481484523824,1.2034455043452326,2.1570819303160533,1.8349453409070777
1840,test,0,0,0.947674710522173,0.6655470784689315,0.6655470784689315,1.4559183528323192,2.4023112470749766,2.1875512641143433
1841,test,0,0,0.9293578230764833,0.6376868925552558,0.6376868925552559,1.2907297051522764,2.219589170999825,2.024080658111432
1842,test,0,0,0.9015441298196675,0.6060481361274455,0.6060481361274453,1.0940802932073712,1.9954823031439446,1.8052696279182978
1843,test,0,0,0.8784414005576983,0.5867202615248939,0.5867202615248935,1.0233712720573531,1.9012079919339158,1.7442235067825984
1844,test,0,0,0.8753976094145328,0.5887790872056051,0.5887790872056052,1.2185340655427426,2.0910082878544927,2.0695946782451244
1845,test,0,0,0.8679690979067527,0.5855681775209179,0.5855681775209178,1.4040235855038918,2.2715373746759724,2.397711555037051
1846,test,0,0,0.849099873430212,0.5573155064982197,0.5573155064982198,0.9751756201916142,1.8230417332379147,1.7497729900230743
1847,test,0,0,0.8470916938015726,0.5563823117885757,0.5563823117885757,0.9620189476779196,1.8074958396609873,1.729060984317354
1848,test,0,0,0.8357285436944439,0.5428427245625478,0.5428427245625478,0.9392214837713764,1.7749397821971797,1.730190792421971
1849,test,0,0,0.8292749011106789,0.5364323651420655,0.5364323651420655,0.931568137448281,1.754879543557763,1.736599426102059
1850,test,0,0,0.8178913852504774,0.5294352491761661,0.5294352491761664,0.9358877876468614,1.7536809161974816,1.7677096285205038
1851,test,0,0,0.8166089509003795,0.5274345205961418,0.5274345205961418,0.9270399357802235,1.7412242826540023,1.7576398578015349
1852,test,0,0,0.8034027054611652,0.5178581101820988,0.5178581101820986,0.9041298196013958,1.70723814619123,1.7459025973030902
1853,test,0,0,0.8014585772120918,0.5137531724124431,0.5137531724124431,0.8819192847645317,1.683209693263052,1.716620611067533
1854,test,0,0,1.0749731972140404,2.395717210680917,2.395717210680917,9.46250238872346,10.53747408066431,3.949757653589675
1855,test,0,0,1.7910123759922976,2.794388303237581,2.7943883032375805,7.717382819015027,9.508388340505462,2.761743172941878
1856,test,0,0,1.7873444342033085,2.351970886785991,2.3519708867859905,5.174067995606261,6.961406230346711,2.1998860720069184
1857,test,0,0,1.8490214569214145,1.9936643236243667,1.9936643236243676,3.3237504737731656,5.1727670214445425,1.6671565189724504
1858,test,0,0,1.9030015007704932,1.657653807416802,1.6576538074168017,2.130650327995376,4.033417338505387,1.2853409550668884
1859,test,0,0,1.9794266947650836,1.3032849577166732,1.3032849577166723,1.9794254096050732,3.450181391155297,1.5187970964331428
1860,test,0,0,1.9686480072432606,1.0000610829294048,1.000061082929405,1.9682887876570168,3.1171601590758655,1.9681685661554331
1861,test,0,0,1.8672407833638136,0.9500351119986525,0.9500351119986524,1.8664846560696606,2.9562570028938353,1.9646480772094959
1862,test,0,0,1.8140535236625002,0.9233375556334509,0.9233375556334503,1.813716631632764,2.86423777876189,1.9643050589320763
1863,test,0,0,1.7870966762517637,0.9098374286531282,0.9098374286531282,1.786841788950056,2.8316147149016615,1.9639132582127286
1864,test,0,0,1.7718631927837851,0.9026430800917692,0.902643080091769,1.7705543662869605,2.809007259318605,1.9615221180302558
1865,test,0,0,1.7566653491293838,0.894999742923108,0.8949997429231082,1.7563221737281711,2.777751354704378,1.9623717074956315
1866,test,0,0,1.7534513887083594,0.8929776700153342,0.8929776700153342,1.753382755080398,2.7700181316613453,1.96352362881626
1867,test,0,0,1.749087829231954,0.8908176485087627,0.8908176485087628,1.7489593120135543,2.7715213202754967,1.9633191090694362
1868,test,0,0,1.7444585349393165,0.8891832595888447,0.8891832595888456,1.7443532730929874,2.756407380060409,1.9617477660337068
1869,test,0,0,1.7437636041714577,0.8882223476930332,0.8882223476930333,1.7426467210453702,2.764952767523937,1.9619487457971763
1870,test,0,0,1.741872356372125,0.8874566253540904,0.8874566253540902,1.7418368509758984,2.7614958476005995,1.9627289956632137
1871,test,0,0,1.741278468348435,0.8878192406912311,0.887819240691231,1.7400501468883594,2.75908781203907,1.9599148871042775
1872,test,0,0,1.741670814603567,0.8876257868953518,0.8876257868953518,1.7406884084036574,2.7505763744702563,1.9610611071722717
1873,test,0,0,1.7403387658362626,0.8872859573301396,0.8872859573301398,1.7400906479982077,2.746620015706867,1.9611384961328289
1874,test,0,0,1.7357146383273065,0.8861517437061337,0.8861517437061336,1.735032131209562,2.7578130621113814,1.957940210051581
1875,test,0,0,1.7362765169086634,0.8854775975475081,0.8854775975475084,1.7348854216829641,2.731756287510507,1.9592651767679334
1876,test,0,0,1.7359595834077335,0.8846141818919493,0.8846141818919493,1.7334708485086447,2.7306848738808185,1.9595784060359758
1877,test,0,0,1.7365214346898719,0.8841865573111245,0.8841865573111244,1.7363964697103946,2.758234705659561,1.9638349569472109
1878,test,0,0,1.7356850781299145,0.8844925173183646,0.8844925173183645,1.7355417374138924,2.7578072036412777,1.96218928191249
1879,test,0,0,1.7375041520329542,0.8862041746930602,0.8862041746930603,1.7371055714077666,2.75126057426678,1.9601640581409117
1880,test,0,0,1.7324435280347534,0.8830237424307313,0.8830237424307311,1.732307746936829,2.7385576946253423,1.9617906786608517
1881,test,0,0,1.7352139624219454,0.8845012595002015,0.8845012595002012,1.7351616784637336,2.7486576331102697,1.9617402008496958
1882,test,0,0,1.7340565494110343,0.8832718550346581,0.8832718550346581,1.731524257020792,2.7376191129442304,1.9603525767871885
1883,test,0,0,1.735506062071421,0.8848321358552056,0.8848321358552059,1.734090895416797,2.7332197095965967,1.9597964688983267
1884,test,0,0,1.7318286923278357,0.8825433785628058,0.8825433785628058,1.7316238447843353,2.729412271291949,1.9620835494842535
1885,test,6,1,1.2192100345200743,0.9475267833612219,0.9475267833612219,1.237502449839667,2.456462465634104,1.306034268973164
1886,test,6,1,1.2361870866954996,1.0182707571522434,1.0182707571522434,1.3436521428882406,2.579719738176209,1.3195430915113169
1887,test,6,1,1.2409049919312238,0.9714814523995148,0.971481452399515,1.3058975288207293,2.5467307812941726,1.3442331046004243
1888,test,6,1,0.983645829426121,0.9072729307190726,0.9072729307190726,1.4281009109150655,2.411714022502565,1.5740587672809803
1889,test,6,1,1.299741197165622,1.0439260370493546,1.0439260370493542,1.2996940209369314,2.594042570246529,1.2450058479339232
1890,test,6,1,1.3008287066773119,1.0574197892943829,1.057419789294383,1.3215966110869704,2.6223579421566683,1.2498315470044992
1891,test,6,1,1.1199163110482264,1.0134597663498983,1.0134597663498985,1.3383871404898595,2.458297489265078,1.3206120113778441
1892,test,6,1,1.1222476743878425,1.0687496700122225,1.0687496700122225,1.547196171361059,2.669428905640416,1.4476693792507696
1893,test,6,1,1.1743240506040566,1.0865887960674152,1.086588796067415,1.5282409041536338,2.702526571305498,1.406457447090056
1894,test,6,1,0.7546120237213909,0.9032389237408107,0.9032389237408105,1.7957341123717487,2.5501712560944725,1.9881053231570485
1895,test,6,1,1.0104063121398212,1.0688487025767082,1.0688487025767082,1.6814903648773907,2.691815101308748,1.5731790297576893
1896,test,6,1,1.083304298187766,1.1094365544358995,1.1094365544358993,1.755100834105935,2.8383462060592137,1.5819749467317024
1897,test,6,1,0.9563163970768801,1.0002555028757996,1.0002555028757998,1.6916433120906005,2.647869708001963,1.6912112027647093
1898,test,6,1,1.0510170641632868,1.0733217768258194,1.0733217768258194,1.5775182065276312,2.627927288413048,1.4697532842321466
1899,test,6,1,1.0521581060090683,1.0926619324360645,1.0926619324360647,1.6498522871336319,2.7014594002976082,1.5099384705892738
1900,test,6,1,1.0001007214712645,1.1473742084158678,1.1473742084158682,1.863120685465381,2.8631992014688876,1.6238125903472365
1901,test,6,1,1.1474954229957912,1.1799259568958353,1.1799259568958353,1.6743358033530857,2.821790536025219,1.4190176879894654
1902,test,6,1,1.1006160341313624,1.0949699083697506,1.0949699083697495,1.684118691820786,2.784683441670495,1.538050204802608
1903,test,6,1,1.136711483605788,1.0964173243506334,1.0964173243506332,1.5811947530427715,2.7177499589161016,1.442146815747602
1904,test,6,1,1.2331653580935964,1.0822758819346048,1.0822758819346046,1.5590347304073802,2.791954434098443,1.440515081626464
1905,test,6,1,1.3119425886774625,1.1490414351891027,1.149041435189103,1.517855156073514,2.8296962334643467,1.3209751272578902
1906,test,6,1,0.9544731253286937,1.0047550393528712,1.0047550393528715,1.8582795983651539,2.8127307077393198,1.8494852233455914
1907,test,6,1,1.053805983248254,1.0662527744765835,1.066252774476584,1.7245570061774051,2.778316425567027,1.617399783108633
1908,test,0,0,2.017356350795966,1.0236074736592113,1.023607473659212,2.0173147753084084,3.2160185861030186,1.9707894160804358
1909,test,0,0,1.8854654911728577,0.9597339048953549,0.9597339048953553,1.8832317735822872,2.9931257031857967,1.9622436635575833
1910,test,0,0,1.8158613052677537,0.9244602551057578,0.9244602551057574,1.8154601427544548,2.8828259473957587,1.963805510001907
1911,test,0,0,1.78303829923569,0.9087261304072544,0.9087261304072544,1.7826318479452166,2.828940205508843,1.961682170563658
1912,test,0,0,1.7592182131973386,0.8962015706203964,0.8962015706203961,1.7589048795833078,2.7994100531504955,1.962621956091535
1913,test,0,0,1.75026210305735,0.8916478584111,0.8916478584111002,1.7489320851302472,2.770741105196066,1.9614605347079637
1914,test,0,0,1.742368014883832,0.8876418749341775,0.8876418749341776,1.7406816689815605,2.7610518819419667,1.9610179714771112
1915,test,0,0,1.7387109979955422,0.8874708344326039,0.8874708344326041,1.7385134786510317,2.7443491324956995,1.958952802953275
1916,test,0,0,1.733709959851374,0.8845785610772219,0.8845785610772214,1.733236873798567,2.749355967825977,1.9593928115190438
1917,test,0,0,1.7337570645645901,0.8849907450969804,0.8849907450969805,1.7334688536680478,2.761426724406192,1.9587423521339626
1918,test,0,0,1.7313448555782087,0.8830159537731337,0.8830159537731337,1.730778508367075,2.7417692107264884,1.9600761469500587
1919,test,0,0,1.7347670120759722,0.8831830896289357,0.8831830896289359,1.7346056332132866,2.7438733882881934,1.964038548272104
1920,test,0,0,1.7359663561785128,0.8859422849773878,0.8859422849773877,1.7347240479995962,2.7503946737851948,1.958055369310962
1921,test,0,0,1.7313198632848361,0.8831574528968987,0.883157452896899,1.7311739618682913,2.7408845532190753,1.9602098767210325
1922,test,6,1,1.1007423485253238,0.9742907826341132,0.9742907826341132,1.6355419074561215,2.736081629380351,1.6786999698737124
1923,test,6,1,0.8221088104178343,0.8335679165582095,0.8335679165582096,1.2746366806099978,2.0965909068327164,1.52913356583223
1924,test,6,1,1.1360971253372036,1.088462315143151,1.088462315143151,1.4580805975937046,2.594176737045018,1.3395783917442678
1925,test,6,1,1.1722756481987309,1.1113972816183835,1.1113972816183826,1.5265473269599605,2.6987985027371906,1.3735388345894182
1926,test,6,1,1.1047654338969732,1.0841194571557666,1.0841194571557669,1.5896770767078852,2.694054628140293,1.4663301781138307
1927,test,6,1,0.986706572992378,1.0804454897523197,1.0804454897523192,1.6162199196986622,2.602750567981275,1.4958828881493722
1928,test,6,1,1.110290125999858,1.053763574524543,1.053763574524543,1.6205822666545608,2.730854220895708,1.53789930287329
1929,test,6,1,0.9700474275598208,1.0769375808789814,1.0769375808789816,1.8487296567907652,2.8187563834108005,1.7166544186171473
1930,test,6,1,1.147452461798137,1.112972885431108,1.112972885431108,1.5095449804473464,2.6568239577609347,1.3563178404500185
1931,test,6,1,0.8225024439232657,0.8549449562031168,0.8549449562031171,1.439544370041578,2.2618957775412127,1.6837860257515482
1932,test,6,1,0.9096468592424986,0.9479551326306034,0.947955132630603,1.7473520135144596,2.6569923671800098,1.8432855663384689
1933,test,6,1,1.0944739771905587,1.0625359277212927,1.0625359277212927,1.7691908883032157,2.8634128169796895,1.665064533015284
1934,test,6,1,0.9671409671605797,1.0045445919032325,1.0045445919032325,1.752805655687931,2.7195911159506068,1.7448759067698791
1935,test,6,1,1.1107454230748044,1.21023690181213,1.21023690181213,1.7786662647761478,2.8892995285496,1.4696843751110948
1936,test,6,1,1.162163632187273,1.102667332424231,1.1026673324242309,1.5236137935787182,2.6857639127183575,1.3817529084035074
1937,test,6,1,1.034169395158373,1.010137025499974,1.0101370254999744,1.5356028483413828,2.5695328982401406,1.5201926170178006
1938,test,6,1,1.1823512754601107,1.14479771223106,1.1447977122310593,1.6093412198859587,2.791653204760223,1.4057865443752202
1939,test,6,1,1.2166049645366583,1.152328332551059,1.152328332551059,1.5295603110370721,2.7460986364312703,1.3273650120629124
1940,test,0,0,1.9741748928109009,1.0024335200102898,1.00243352001029,1.9737232947564043,3.135376896971138,1.9689318596769827
1941,test,0,0,7.920372817328199,3.825764402418053,3.8257644024180544,7.902821395209059,12.238086700439453,2.0656842826531925
1942,test,0,0,7.917673900617286,3.8225938135795263,3.8225938135795263,7.913270478961989,12.272584607824683,2.070131137357725
1943,test,0,0,7.9189181092474605,3.822864638235259,3.8228646382352585,7.911550468513742,12.281739681959152,2.0695345551565056
1944,test,0,0,7.909179289886728,3.8194545629547254,3.819454562954724,7.902946995632723,12.271495786495507,2.0691297318429194
1945,test,0,0,7.906608691802249,3.8130327849559422,3.813032784955944,7.904698782032356,12.247333826497197,2.0730739093615442
1946,test,0,0,7.897612301584333,3.8156001012758995,3.8156001012759,7.883542394217104,12.233495362102985,2.0661343392828098
1947,test,0,0,7.898530127395876,3.810691549354551,3.810691549354552,7.890046854418703,12.240471499972045,2.070502624584009
1948,test,0,0,7.891128767728805,3.8080987189882087,3.8080987189882087,7.866298817545175,12.201404485851526,2.0656761806939734
1949,test,0,0,7.884542140966281,3.807065236826429,3.807065236826429,7.877997478326782,12.22092573530972,2.069309819574798
1950,test,0,0,7.881246639981866,3.8069350637414656,3.8069350637414656,7.864631580755114,12.209297988563776,2.065869642921026
1951,test,0,0,7.879251847362146,3.8039949065677394,3.803994906567739,7.864600422179326,12.205374591052532,2.067458189442052
1952,test,0,0,7.873881831522565,3.7986854147179763,3.7986854147179767,7.866642328202259,12.185729818884283,2.07088544308592
1953,test,0,0,7.865461796339601,3.799496965063252,3.799496965063252,7.851789753701538,12.177158188074827,2.066534024345727
1954,test,0,0,7.86486255806929,3.7962226505462167,3.796222650546217,7.863691932508373,12.182205686694942,2.071451718296057
1955,test,0,0,7.8593663621852174,3.793148704202597,3.7931487042025966,7.850750960611738,12.183226677589118,2.0697187410326268
1956,test,0,0,7.856597091878764,3.7958015729886494,3.7958015729886507,7.845936910125427,12.169738759286702,2.067003967214196
1957,test,0,0,7.851900880316272,3.790248748865782,3.7902487488657814,7.838610264563933,12.151756076142192,2.06809916286091
1958,test,0,0,7.851443541274406,3.7932081500496424,3.7932081500496437,7.845401287117042,12.153948056511581,2.06827597557871
1959,test,0,0,7.849735201171716,3.7879886493969694,3.787988649396969,7.848528271259856,12.155199472676031,2.0719513698937053
1960,test,0,0,7.839235755128582,3.785133111263766,3.7851331112637663,7.838806762077409,12.139433067495702,2.0709461283543122
1961,test,0,0,7.834491144338623,3.7836466130304673,3.7836466130304673,7.81073651596345,12.122743098065257,2.0643409162642525
1962,test,0,0,7.82920493250899,3.7774306612722,3.7774306612722004,7.801786093695089,12.10437418334186,2.065368445722185
1963,test,0,0,7.828116790587548,3.7784911373350756,3.7784911373350756,7.824272564342711,12.114611660595983,2.070739954113291
1964,test,0,0,7.822587594540208,3.7775340181606403,3.777534018160641,7.821507162215537,12.116261562914588,2.0705325549984033
1965,test,0,0,7.819076295145788,3.773716849082083,3.7737168490820827,7.81114284707699,12.113891770131886,2.0698804810904052
1966,test,0,0,7.819641541283578,3.774075684656094,3.7740756846560948,7.784041646461934,12.080161862075329,2.062502794554116
1967,test,0,0,7.810646710641683,3.7737445847223063,3.7737445847223063,7.800476172663272,12.09474889561534,2.067038719112803
1968,test,0,0,7.811730721298606,3.7695742668086085,3.769574266808608,7.7958980754800145,12.079499499872327,2.06811101829814
1969,test,0,0,7.809268555753865,3.7711953281801476,3.771195328180148,7.804632095769979,12.10936004575342,2.0695380155597065
1970,test,0,0,7.803648935395293,3.766831005985978,3.766831005985977,7.798536472718231,12.090677446685731,2.0703175853457076
1971,test,0,0,7.797563397432677,3.764307767023649,3.764307767023649,7.786360086980276,12.06918761972338,2.068470637600594
1972,test,0,0,7.794782003224827,3.765414799735869,3.765414799735869,7.780760654085316,12.064028310589492,2.066375437476665
1973,test,0,0,7.789488357717579,3.765058045222541,3.765058045222541,7.788934783828386,12.067816291528288,2.068742285052343
1974,test,0,0,7.78811421007663,3.7613264729849796,3.7613264729849796,7.778571718789637,12.054223988205194,2.068039500069395
1975,test,0,0,7.787784496866166,3.7607831125459636,3.7607831125459645,7.762964970044791,12.055941428989172,2.064188425051037
1976,test,0,0,7.7834914584318176,3.760412460487859,3.76041246048786,7.771891611316241,12.046060255728662,2.066765731945253
1977,test,0,0,7.777046377879567,3.7560107087234855,3.7560107087234864,7.77120477577392,12.04700244544074,2.069004957234276
1978,test,0,0,7.775417827504687,3.7580057660578894,3.7580057660578894,7.767090076084249,12.045183868147433,2.066811644153449
1979,test,0,0,7.776960256163031,3.758631512738897,3.758631512738895,7.7507636348046365,12.03546891361475,2.0621238364376655
1980,test,0,0,7.779764942457201,3.755018865739082,3.7550188657390833,7.778298091474222,12.059745688689873,2.071440482614794
1981,test,0,0,7.77332521839533,3.753612347553063,3.7536123475530627,7.763542295941152,12.033943044953048,2.068285581222077
1982,test,0,0,7.77237022347562,3.7546300440802427,3.754630044080242,7.752204010782763,12.02684230171144,2.064705155972775
1983,test,0,0,7.771080506576225,3.753806133692842,3.7538061336928403,7.76155590599589,12.039595348760486,2.0676496413415975
1984,test,0,0,7.767996542681009,3.753212951434125,3.7532129514341226,7.754823040742427,12.026060659438372,2.066182532429786
1985,test,0,0,7.762263058592565,3.751621476406822,3.7516214764068216,7.748071152624674,12.026277263648808,2.0652593022379
1986,test,0,0,7.767043791172094,3.7470542913338596,3.7470542913338596,7.757472044249065,12.033890052698553,2.070285467224334
1987,test,0,0,7.757709332890808,3.7530199599835927,3.753019959983593,7.72764835614711,12.014175206422806,2.0590480302643774
1988,test,0,0,7.756362267035991,3.746243272275434,3.746243272275434,7.733498968381435,12.000980466604233,2.064334429537508
1989,test,7,1,5.678536439152347,4.0235671254772605,4.0235671254772605,5.67841474427926,10.314246553112753,1.4112886817082013
1990,test,7,1,6.060016153133736,3.8306583718576404,3.8306583718576412,6.059662549015163,10.381220072944416,1.5818853995263973
1991,test,7,1,6.012167269792975,3.8606674435952044,3.8606674435952035,6.011924116326249,10.485328707800363,1.557224030342202
1992,test,7,1,5.7567980105859755,3.8964864538892154,3.8964864538892137,5.75639180135206,10.222934778925264,1.47732883701069
1993,test,7,1,5.792758393058961,3.909637671766361,3.909637671766361,5.791972163498343,10.45166261534905,1.481460086525499
1994,test,7,1,5.725365834887111,3.956016592203203,3.9560165922032016,5.725056145712937,10.431905047764303,1.4471769802473236
1995,test,7,1,6.033587401320721,3.8894266419133707,3.889426641913371,6.033103826771287,10.650543151219608,1.5511550627429629
1996,test,7,1,5.9292358642772305,3.866559539024145,3.8665595390241445,5.928046237756731,10.379063211614266,1.5331578831068178
1997,test,7,1,5.835486618035095,4.102979373231229,4.102979373231229,5.835220072262775,10.9251380028727,1.4221909352830477
1998,test,7,1,5.936421653955709,4.032008586462294,4.032008586462294,5.934535114328843,10.733074016403407,1.4718557728905621
1999,test,7,1,5.292396433375426,4.063636848938541,4.063636848938541,5.291202948269085,10.137516536866315,1.3020855812081722
2000,test,7,1,5.588540621156921,4.028292349674756,4.028292349674756,5.587599280228955,10.392615253920667,1.387088819578871
2001,test,7,1,5.6254043561843865,4.068605266275543,4.068605266275542,5.625268856927956,10.579848211986246,1.3826037398013316
2002,test,7,1,5.0672455530012375,4.026611781874384,4.026611781874384,5.788226058021712,10.854996315028984,1.437492952282402
2003,test,7,1,4.758521951485076,3.547467349672827,3.5474673496728273,4.757916748623014,8.96270408516284,1.3412150922437167
2004,test,7,1,4.478353503754828,3.7093436729917877,3.7093436729917877,4.826900478789117,9.303899165708572,1.3012815485214824
2005,test,7,1,5.227571530052461,4.136187055030347,4.136187055030347,5.225846247962676,10.45096462755464,1.2634453370785317
2006,test,7,1,4.734568949366571,3.613974246702377,3.6139742467023765,4.734286980892415,9.221240362763638,1.3099946645198937
2007,test,7,1,5.213197062271837,3.911363108230956,3.911363108230956,5.548150708419081,10.761266155037447,1.4184698671273241
2008,test,7,1,5.298256497271242,3.9061203950921337,3.9061203950921346,5.298181450716103,10.362586315139197,1.3563794545024856
2009,test,7,1,5.155721452487531,4.051575104925728,4.0515751049257265,5.546520445095477,10.702082517309464,1.3689788048979425
2010,test,7,1,5.634546475812327,4.391108473023905,4.391108473023905,5.633147246880922,10.907158662914298,1.2828531295656413
2011,test,7,1,5.693342789425369,4.085879422212089,4.0858794222120896,5.6929831481828295,10.603892220329726,1.3933311681284652
2012,test,7,1,5.778588649223093,4.279784390465955,4.279784390465954,5.777499369333964,10.784063155413605,1.3499510354317052
2013,test,7,1,5.239899959529808,3.9614520919083747,3.9614520919083747,5.619356784854958,10.858833048900124,1.4185093381119018
2014,test,7,1,5.050837977051917,3.763311126289694,3.763311126289694,5.050790082566157,9.978021410934161,1.342113344624208
2015,test,7,1,5.365813617326232,4.349814055091346,4.349814055091346,5.365523947396461,10.729185351432534,1.233506508425631
2016,test,7,1,5.825031131633179,4.170095793742178,4.170095793742178,5.8246082875228895,10.820841422857484,1.3967564717010923
2017,test,7,1,5.80556048911771,4.287806815896646,4.287806815896644,5.805547398374841,10.838393472062307,1.3539666425388652
2018,test,7,1,5.761049585032044,4.169148071488101,4.1691480714881,5.760737582510803,10.714053002971923,1.3817541338738335
2019,test,7,1,5.7853954484108145,4.114355673602871,4.114355673602871,5.785389295922902,10.792017506264528,1.4061470992994476
2020,test,7,1,5.6384576686698855,4.1183018589662685,4.118301858966269,5.638360474427187,10.541138729524391,1.3690983972317332
2021,test,0,0,7.74231977776438,3.7439436341428145,3.7439436341428127,7.719386059947312,11.975992444902658,2.0618328731101982
2022,test,0,0,7.750212425336242,3.7443776455735343,3.744377645573536,7.72527959753573,11.996206317096949,2.063167855589638
2023,test,0,0,7.747819989662617,3.7401993874155393,3.740199387415539,7.715621534477919,11.974798653274775,2.06289043317805
2024,test,0,0,7.744434216530993,3.7412052589109313,3.7412052589109313,7.718279916333034,11.978864887729287,2.063046366662019
2025,test,0,0,7.739849820805714,3.738885599206781,3.7388855992067795,7.731194824052975,11.973391130566597,2.067780524146869
2026,test,0,0,7.73835594964691,3.740818803848028,3.7408188038480272,7.737712354408694,12.004608289222233,2.0684541968323154
2027,test,0,0,7.735250781464856,3.7410259014440266,3.7410259014440266,7.730793386406731,12.001897890586406,2.066490206181856
2028,test,0,0,8.239757250969298,3.98534470894566,3.985344708945661,8.229507620421238,12.714477046392858,2.064942488399802
2029,test,0,0,8.24647327752877,3.9878766896554017,3.9878766896554034,8.232623653096146,12.736178032122552,2.0644127925147897
2030,test,0,0,8.249218232518528,3.9897335137814687,3.9897335137814687,8.242861990871374,12.726853368338197,2.0660181845225023
2031,test,0,0,8.25116524702916,3.9920369748823337,3.992036974882333,8.244159784140532,12.734207381960005,2.0651511586722044
2032,test,0,0,8.252806759865955,3.9930819060048193,3.9930819060048184,8.244637300686911,12.738531781360507,2.0647303247871225
2033,test,0,0,8.254919914216735,3.9923601850825716,3.9923601850825716,8.24650693933014,12.740369183011353,2.0655718815509583
2034,test,0,0,8.25348262934573,3.9929399988784775,3.992939998878477,8.238807226331904,12.73421928845346,2.063343608630731
2035,test,0,0,8.253715596041642,3.9927868622673666,3.9927868622673666,8.240858781962656,12.732041982002556,2.063936560160628
2036,test,0,0,8.250818210544995,3.995185729230865,3.995185729230865,8.248317122350446,12.735429209657013,2.0645641232650216
2037,test,0,0,8.251264389863703,3.990777892827433,3.9907778928274333,8.24478596987063,12.733477482106537,2.0659596177198596
2038,test,0,0,8.247576281091199,3.9938957326219895,3.99389573262199,8.228583516215906,12.712362902238965,2.0602900193425544
2039,test,0,0,8.254095584479161,3.9923634537372283,3.9923634537372275,8.249958780919203,12.75244736392051,2.066434801469908
2040,test,0,0,8.250904004357755,3.9929885106183756,3.9929885106183747,8.225365876488388,12.728394825011492,2.059952302546086
2041,test,0,0,8.251341764193029,3.9935521549573334,3.993552154957334,8.24787937135622,12.737451951950788,2.06529902485882
2042,test,0,0,8.253278004732216,3.994356185345227,3.9943561853452274,8.25179449704499,12.747507504886016,2.065863461881479
2043,test,0,0,8.253179098334629,3.9925698424362257,3.992569842436225,8.245370719902683,12.751282045152038,2.065178831003603
2044,test,0,0,8.255441622402518,3.9951691939094602,3.9951691939094607,8.234270749207585,12.734699945896864,2.0610568287722413
2045,test,0,0,8.25141336855176,3.992625656800425,3.992625656800425,8.248145519920392,12.736129200318828,2.0658449423806533
2046,test,0,0,8.25265021458827,3.9921084521138934,3.992108452113894,8.223135113945231,12.713589834049344,2.0598476250290574
2047,test,0,0,8.250429852290079,3.9959015924222014,3.9959015924222014,8.234216653166339,12.730024555698037,2.0606655250924213
2048,test,0,0,8.249865204664879,3.992373101793476,3.9923731017934747,8.245131631950848,12.730340470559895,2.0652207150295965
2049,test,0,0,8.252822214443237,3.9926876920401093,3.9926876920401093,8.242019878406078,12.73593895882368,2.0642786298656692
2050,test,0,0,8.253115225011483,3.996755165856381,3.996755165856382,8.236157016256824,12.728622464463115,2.060710920352828
2051,test,0,0,8.252295563191176,3.9939603742943226,3.993960374294324,8.242949580967426,12.729641940444708,2.063853621087525
2052,test,0,0,8.255128717379645,3.9975547992428617,3.997554799242862,8.246046573253349,12.743240052834153,2.062772616604318
2053,test,0,0,8.251430014855229,3.996281640048991,3.9962816400489927,8.236737455948257,12.734597907401621,2.061100342228952
2054,test,0,0,8.250366553761996,3.9932860138420803,3.9932860138420807,8.239939010799862,12.725596359930933,2.0634482434359684
2055,test,0,0,8.249120155921672,3.994149134899782,3.994149134899782,8.241479394132737,12.735512810293585,2.0633879997421594
2056,test,0,0,8.249228240390309,3.9952375798597695,3.99523757985977,8.237339040664025,12.744078894145787,2.06178953717019
2057,test,0,0,8.250350184514188,3.993169933389402,3.993169933389402,8.236719180605375,12.735164505429566,2.062701892983064
2058,test,0,0,8.250562888665124,3.9944601952376844,3.994460195237684,8.229511062709614,12.721187172457576,2.06023108517168
2059,test,0,0,8.250474423425505,3.9949188278440015,3.994918827844003,8.247345430799061,12.742409718921408,2.0644588253749396
2060,test,0,0,8.25316843622364,3.994249146811696,3.9942491468116974,8.223172743329778,12.715863453224301,2.058753082514571
2061,test,0,0,8.248357213739306,3.9941291826564482,3.9941291826564473,8.227008297745138,12.720876730978489,2.0597752154509568
2062,test,0,0,8.249287045326083,3.9931543230494166,3.9931543230494153,8.216840932842343,12.710525307804346,2.057731875127597
2063,test,0,0,8.247067207992076,3.9903201306053684,3.990320130605369,8.209247338175773,12.695155136287212,2.057290410163245
2064,test,0,0,8.246960461833515,3.9927522699388764,3.9927522699388764,8.23698985552881,12.722591458819807,2.06298545430541
2065,test,0,0,8.248659698858857,3.9947748152901803,3.9947748152901807,8.227230938717723,12.716864887624979,2.059498049108457
2066,test,0,0,8.249071599970572,3.9935507920904705,3.99355079209047,8.235564994680695,12.721790597774088,2.0622161638689698
2067,test,0,0,8.250445403579622,3.9959306223211635,3.995930622321165,8.2442655399926,12.735953276976943,2.063165334738383
2068,test,0,0,8.250004186268896,3.9948999658909403,3.9948999658909394,8.23450779074058,12.715783931314945,2.061255065470488
2069,test,0,0,8.251019312135876,3.994517988464895,3.9945179884648927,8.235333453930915,12.720266519114375,2.0616588729134206
2070,test,0,0,8.250504393422975,3.9952537975346303,3.9952537975346307,8.233367657581343,12.730560140684247,2.060787142649597
2071,test,0,0,8.252818763503805,3.9944029154224374,3.9944029154224374,8.23906450929679,12.737149829044938,2.0626523372205803
2072,test,0,0,8.254039485030924,3.9943919145971147,3.994391914597113,8.252724743355182,12.757948296959512,2.0660778711263688
2073,test,0,0,8.251679424861447,3.9960945706282796,3.9960945706282796,8.222701570684091,12.71130801923573,2.0576844279717057
2074,test,0,0,8.24929911287129,3.994224138070521,3.994224138070521,8.215872146353126,12.710915837436914,2.0569381843258165
2075,test,0,0,8.247167509088293,3.991501395099761,3.991501395099761,8.243199287021532,12.730002420023084,2.0651876251731855
2076,test,0,0,8.247671708696755,3.9941417683372857,3.994141768337286,8.243831302038627,12.733903924701735,2.0639806447006603
2077,test,0,0,8.246091512281447,3.9938516154527943,3.9938516154527925,8.22409081577137,12.712650869041681,2.0591878736684075
2078,test,0,0,8.246634027830558,3.991610368868662,3.991610368868664,8.243464195777895,12.725268545327708,2.0651976104857965
2079,test,0,0,8.24755406480655,3.9946396427930253,3.994639642793024,8.245032196011394,12.742149952799082,2.0640240255179876
2080,test,0,0,8.251149269012734,3.994420709934216,3.9944207099342144,8.241272617323324,12.74166257865727,2.06319594649284
2081,test,8,1,5.229832745362575,4.588046317748198,4.588046317748199,6.003220462034886,11.23300946647214,1.3084480945216896
2082,test,8,1,5.065152836320951,3.883425813057451,3.883425813057455,5.282192515851901,10.347105188964633,1.3601888564708242
2083,test,8,1,6.179854242140646,4.280840318379036,4.2808403183790364,6.179660617048722,11.21305653512536,1.4435625151719473
2084,test,8,1,5.334001693371494,4.522813983009214,4.522813983009213,6.189650383349697,11.523592286699568,1.3685396760959578
2085,test,8,1,4.692536558983236,4.025914801683314,4.025914801683315,5.419136796119303,10.111585413047578,1.3460634571435677
2086,test,8,1,6.363529667059207,4.35136730650456,4.351367306504559,6.363395439218162,11.602844478518819,1.4623898629991452
2087,test,8,1,6.3188984266328045,4.215874473155519,4.2158744731555196,6.318407055894786,11.338266144215595,1.498718023064276
2088,test,8,1,6.326076214799658,4.187993817491661,4.187993817491658,6.322219646668062,11.111905188765377,1.5096057735955946
2089,test,8,1,5.002228241149336,4.135741059328021,4.135741059328021,5.864943046387285,10.864626408088952,1.4181117633462832
2090,test,8,1,6.098879353261815,4.363062223739915,4.363062223739913,6.098473571388546,11.123672968737083,1.3977507673867369
2091,test,8,1,6.110508347189229,4.306065744931792,4.306065744931792,6.109930059025705,11.147691365156788,1.4189123949668088
2092,test,8,1,6.442175646763295,4.047356143391334,4.047356143391335,6.431947048272938,11.14898637495935,1.5891724919674406
2093,test,8,1,6.311081750077545,4.551365708357298,4.551365708357298,6.310962299575447,11.544228312559426,1.386608482809269
2094,test,8,1,5.636777177670388,4.407962141583811,4.407962141583811,5.635751708744443,11.156519620795734,1.2785390454191783
2095,test,8,1,6.1000926251788625,4.468983861257661,4.468983861257661,6.099386732493062,11.357876603957266,1.3648263054538248
2096,test,8,1,5.702046021530783,4.180606733523652,4.180606733523652,5.7015856713141835,11.345916068850784,1.363817750565733
2097,test,8,1,5.747831769170239,4.296336679983509,4.2963366799835105,5.742038376977667,11.361808956135064,1.3364963699725005
2098,test,8,1,5.374154532755674,3.6335972388488895,3.6335972388488917,5.3740653710101105,9.750229365476116,1.478993134834226
2099,test,8,1,5.143271962117695,3.8697739156686906,3.8697739156686883,5.142603475653858,10.253206292283721,1.3289157422947866
2100,test,8,1,5.998139529418957,4.292206660681969,4.292206660681967,5.997876630036451,11.369169549958315,1.3973876619173502
2101,test,8,1,6.246771499784198,4.440683640501084,4.440683640501083,6.243743758918252,11.531187232583761,1.4060321032492449
2102,test,8,1,6.135073094248284,4.366428252730778,4.366428252730777,6.134962521294867,11.36211495957832,1.4050299618362088
2103,test,8,1,5.171775022310205,3.6502680830130423,3.6502680830130427,5.169636711266823,9.773951357230544,1.4162348062391206
2104,test,8,1,5.64471471693604,4.258317400540305,4.258317400540302,5.695311184858394,11.339849871772458,1.3374557716472153
2105,test,8,1,4.752677431674238,3.976400815506296,3.976400815506298,5.04557276669002,9.797927122068359,1.2688793209714673
2106,test,8,1,5.50824324496428,4.383229494073239,4.38322949407324,5.991628009003005,11.499199891695753,1.366943715154443
2107,test,8,1,5.200839081533661,4.1422786362335815,4.1422786362335815,5.628802260629425,10.829152740829159,1.3588661591696989
2108,test,8,1,5.928592284610524,4.591619302442686,4.591619302442686,5.928161253825557,11.362591773475287,1.2910829194118614
2109,test,8,1,6.020773956360354,4.384723768301945,4.384723768301945,6.020604265254515,11.244192186335567,1.3730863295833322
2110,test,8,1,6.275646769892526,4.5259117123271455,4.525911712327145,6.275566102674682,11.49471703938616,1.3865860629985411
2111,test,8,1,6.56949097646444,4.816326668498933,4.816326668498931,6.569031717641483,12.703476364345988,1.3639090887680185
2112,test,0,0,8.239409167031758,3.991439887558297,3.9914398875582973,8.226708014207892,12.720580936409533,2.061087789359257
2113,test,0,0,8.238680775571614,3.990717857949838,3.9907178579498375,8.219808890778571,12.705082315951586,2.0597319037235464
2114,test,0,0,8.239229124992155,3.9916587656640163,3.9916587656640163,8.230471598005854,12.726439540274441,2.0619176340432266
2115,test,0,0,3.466590837149299,2.6292356791124587,2.62923567911246,4.190398737283074,7.656239961623214,1.5937706804197975
2116,test,0,0,2.099584551154403,1.5618458107660405,1.5618458107660407,2.6037841126334387,4.700441204709932,1.6671198236632316
2117,test,0,0,1.495679241284146,1.1025272353063194,1.1025272353063198,1.868524688616977,3.363294951035641,1.6947651076373065
2118,test,0,0,1.2418121367513886,0.8953902174372494,0.8953902174372494,1.5747021168649444,2.8164458223691327,1.7586769278896017
2119,test,0,0,1.0990713749809364,0.7809302597258145,0.7809302597258148,1.314430841358175,2.4133606907271314,1.683160339848622
2120,test,0,0,0.9428428006004542,0.6539019825967999,0.6539019825967997,1.115342538373545,2.0560919968411326,1.7056723607783777
2121,test,0,0,0.8717994504105009,0.5965002778557238,0.5965002778557237,1.0421737618316256,1.9135400445957202,1.7471471523500237
2122,test,0,0,0.8204320547004463,0.5507128907567929,0.5507128907567929,0.9998111847023247,1.8186161677585915,1.8154853490507155
2123,test,0,0,0.7818486484598689,0.5194053345601184,0.5194053345601183,0.8947500196385808,1.6764444273576373,1.72264310761525
2124,test,0,0,0.7400875230932142,0.4835763365657739,0.48357633656577387,0.8087668279504869,1.5455332403071225,1.6724698187138902
2125,test,0,0,0.7171348886204141,0.46796697176729557,0.4679669717672954,0.7915166063594443,1.5085951028668205,1.6913941669221895
2126,test,0,0,0.6843551671630267,0.44031977292832436,0.44031977292832436,0.763299318539488,1.4474334575497778,1.7335113375972295
2127,test,0,0,0.6682588489461887,0.4246951368983704,0.42469513689837046,0.7514501182626736,1.419656282178039,1.7693871508646344
2128,test,0,0,0.6483758966029854,0.41193833261079155,0.4119383326107916,0.7206728180347709,1.3680183802498505,1.7494677260726752
2129,test,0,0,0.6302585549802753,0.4007208242620005,0.40072082426200045,0.7175883106737164,1.3460468299454078,1.7907437478331316
2130,test,0,0,0.6284382684326265,0.39167527380683925,0.39167527380683925,0.6651196138763334,1.293043623212725,1.6981404197711687
2131,test,0,0,0.6206381162667203,0.3914309671806299,0.39143096718063,0.690742746922977,1.3113406690281408,1.7646604505979886
2132,test,0,0,0.6076231667339161,0.38711482768517363,0.38711482768517363,0.6921921303928539,1.2994146063865628,1.7880796107241557
2133,test,0,0,0.5923957510057372,0.372497955966855,0.3724979559668549,0.6721532659467775,1.26386458176421,1.8044481994596129
2134,test,0,0,0.5977543864779,0.3733607568407677,0.37336075684076786,0.6572725500531669,1.2545422526018228,1.7604221600972452
2135,test,0,0,0.5833297547013498,0.36017427433262444,0.36017427433262456,0.6525974694578909,1.2349138692952693,1.8118936191850574
2136,test,0,0,0.5784841678885277,0.35311135040516267,0.35311135040516256,0.597518215343589,1.175297770416364,1.6921523894884494
2137,test,0,0,0.5827992711703992,0.36092722619124296,0.36092722619124296,0.6172574009258532,1.1988158876774833,1.710199054362249
2138,test,9,1,0.255904117533195,0.3473268918947123,0.3473268918947124,0.9002953377280355,1.1560923781944439,2.5920691968790837
2139,test,9,1,0.07469934559313697,0.06978145626959997,0.06978145626959997,0.6112052168801602,0.6855288734077476,8.758848690671842
2140,test,9,1,0.10064402912289006,0.11279838357119412,0.11279838357119414,1.4122368922409405,1.5128513175041007,12.520010017249842
2141,test,9,1,0.10649006972841744,0.13676973071926882,0.13676973071926884,1.404927080769019,1.5113985581265297,10.272207698154702
2142,test,9,1,0.09688032822873446,0.13215494541536005,0.13215494541536008,1.769375312754847,1.8662515780006288,13.388642454459344
2143,test,9,1,0.17227884972876928,0.17149742453611005,0.17149742453610997,0.9424965695064602,1.1147097363864304,5.4956893495972645
2144,test,9,1,0.15066187168046236,0.1707138928051639,0.1707138928051639,1.1521576187522768,1.3027649543400912,6.749055977929321
2145,test,9,1,0.1478805533418781,0.18011657983467735,0.18011657983467733,1.6849973210325115,1.8325419328757562,9.355037290731987
2146,test,9,1,0.09655076772109168,0.10998394893006434,0.10998394893006436,1.290220076738442,1.386766178700782,11.730985196384028
2147,test,9,1,0.14697208565537584,0.18718926785872772,0.18718926785872778,1.217550371467427,1.3643047879158985,6.504381289563648
2148,test,9,1,0.12218876120533968,0.1287246022897127,0.1287246022897127,0.9823961711219308,1.1044883060603752,7.63176699440027
2149,test,9,1,0.1439801722629054,0.13860626142658225,0.13860626142658225,1.1406774252789036,1.2845452544424916,8.229624069927779
2150,test,9,1,0.14626533480723447,0.13952832974610702,0.13952832974610704,1.5984685948268598,1.7446707191847963,11.456229697119687
2151,test,0,0,0.8238668990165897,0.552810399884541,0.5528103998845411,0.9124348807304196,1.7360595834470587,1.6505385588277446
2152,test,0,0,0.7798605142745655,0.5181663111264617,0.5181663111264619,0.8875692905273754,1.6660238737240434,1.7129042770029839
2153,test,0,0,0.735253600509066,0.4845628702820636,0.4845628702820635,0.834575148193937,1.5697184708697023,1.7223258309249565
2154,test,0,0,0.7025060452163452,0.4527174718474929,0.45271747184749295,0.8206879102051026,1.5219945119461045,1.81280370482712
2155,test,0,0,0.6940876302530523,0.44965125228891245,0.4496512522889124,0.7818211260030512,1.475695650151465,1.7387277851963174
2156,test,0,0,0.6724184059482068,0.43402097138631907,0.434020971386319,0.7302692628521472,1.4001512131653726,1.6825667674987523
2157,test,0,0,0.655423745274893,0.4166599051058707,0.4166599051058704,0.723441377520212,1.3782921904930845,1.7362874820805965
2158,test,0,0,0.6312665168881649,0.405273825067274,0.40527382506727394,0.7403995569109684,1.369842175510712,1.8269118583912118
2159,test,0,0,0.624637321776143,0.39464636704826694,0.39464636704826694,0.704255147629985,1.3286961755220545,1.7845220593247006
2160,test,0,0,0.610249217510107,0.38317219998280944,0.3831721999828095,0.6492106356621953,1.2589016187703237,1.6943051601638148
2161,test,0,0,0.5958040219568648,0.370621561083349,0.37062156108334876,0.684700085518416,1.2770195007324219,1.8474372713692024
2162,test,0,0,0.5946940510285204,0.3696535673841111,0.3696535673841111,0.6540711791503127,1.2480969002936035,1.769416656192202
2163,test,0,0,0.572370616182292,0.3456277551166343,0.34562775511663446,0.6419045055065508,1.2142362480954034,1.8572134210978968
2164,test,9,1,0.443235808638623,0.35860125469190623,0.3586012546919063,1.0593341052255127,1.502281998284161,2.95407250076591
2165,test,9,1,0.08306426676656702,0.11151218465516571,0.11151218465516571,1.4107566389188577,1.4936877346772235,12.65114339999172
2166,test,9,1,0.09348481351611554,0.13397338263293096,0.13397338263293096,1.318497842009092,1.41191970455111,9.84149101931388
2167,test,9,1,0.16682722341832779,0.16945752004522316,0.16945752004522321,0.9014570497292552,1.0682630076298665,5.319663886788163
2168,test,9,1,0.1327223638856267,0.16882211357084775,0.16882211357084775,1.6347174783384943,1.7674127327663882,9.683076723550615
2169,test,9,1,0.0721013414258232,0.11277370469827155,0.11277370469827155,1.2842205894594918,1.3562631860659167,11.387588914414502
2170,test,9,1,0.07569687160805097,0.07796767402869187,0.07796767402869187,0.9143542191092647,0.9900418538536542,11.727350219179106
2171,test,9,1,0.08746789297211217,0.12030564762897394,0.1203056476289739,1.4035406271542306,1.4908034358522855,11.666456686080029
2172,test,9,1,0.08904083707499376,0.11420838453071369,0.11420838453071369,1.0942371275169862,1.1832453774259193,9.581057748196383
2173,test,9,1,0.08139874355117172,0.12119374207097765,0.12119374207097758,1.363727789957129,1.445109734451762,11.252460454257255
2174,test,9,1,0.06854066822055029,0.10374811999051817,0.1037481199905182,1.1555918696212466,1.2237685376312584,11.13843672277492
2175,test,0,0,0.762878034284222,0.5293758718230844,0.5293758718230845,0.9918643496726872,1.7537422507302836,1.8736485783850847
2176,test,0,0,0.7783898497843184,0.518197663800158,0.5181976638001579,0.8995213125920855,1.6770087748300284,1.735865241065588
2177,test,0,0,0.744170430008322,0.4911250776381555,0.49112507763815555,0.8479590389095247,1.5899146136362106,1.7265643265202444
2178,test,0,0,0.7077524834737997,0.4621054960622145,0.46210549606221446,0.8223436898126383,1.529721445927862,1.7795583407255646
2179,test,0,0,0.6865544592789374,0.4439195267507372,0.4439195267507372,0.7855152810164727,1.4705356186022982,1.7694992756143009
2180,test,0,0,0.6628364853420062,0.42630391550191243,0.4263039155019126,0.7371209330997662,1.398946151486598,1.7290972620598863
2181,test,0,0,0.6442262550015585,0.4032587187185715,0.4032587187185715,0.7264398912768228,1.3700990822981112,1.801423893785158
2182,test,0,0,0.6352427061768685,0.4015657264806711,0.4015657264806711,0.7038426343230094,1.338951377561898,1.7527457845854981
2183,test,0,0,0.6238942590202787,0.3966362664962996,0.39663626649629974,0.699384883359482,1.3224931562435813,1.7632903050886464
2184,test,0,0,0.6158019360799808,0.38380826463765233,0.3838082646376524,0.6651672068338376,1.279157963115722,1.7330716092364815
2185,test,0,0,0.590466463665638,0.36743795811946783,0.3674379581194678,0.66306082000288,1.2533403550914954,1.804551776295508
2186,test,0,0,0.5934242029756751,0.36212472674365376,0.36212472674365365,0.6244171838193688,1.2177936231273634,1.7243152364499836
2187,test,0,0,0.5821314927269705,0.36013249981469886,0.36013249981469875,0.6492440823386423,1.2270193616859615,1.802792257496066
2188,test,0,0,0.5564568305242574,0.336030844479741,0.3360308444797409,0.5789942478906596,1.134343939484097,1.723038993004009
2189,test,0,0,0.5755436211832566,0.35524792899401575,0.3552479289940158,0.6245686024419265,1.1988977269502357,1.758120319548569
2190,test,0,0,0.5270683223190717,0.32270101291485154,0.32270101291485154,0.5877435749587603,1.1143733451608568,1.8213254729195516
2191,test,0,0,0.535957593012834,0.33231656936733084,0.3323165693673309,0.6378630218019243,1.1711874108295888,1.9194439296731343
2192,test,0,0,0.5341310998996487,0.3239520824749059,0.3239520824749059,0.5928656557003269,1.1260092252632603,1.8301029311835082
2193,test,0,0,0.5334347536074056,0.3197728964099965,0.3197728964099963,0.5958118389142619,1.1291186050802935,1.8632343316249753
2194,test,0,0,0.5442076100530103,0.32373737806552283,0.3237373780655229,0.5599741564569994,1.1032156818546355,1.7297173400337584
2195,test,0,0,0.556693192226172,0.3381164970169928,0.3381164970169927,0.5815342705423827,1.1373110561980866,1.7199227948737343
2196,test,0,0,0.530536537673077,0.3278325503091233,0.32783255030912334,0.606863970253864,1.1372247785475338,1.851140070385425
2197,test,0,0,0.5376124622411153,0.32256499749743706,0.3225649974974372,0.5985458848887065,1.1360996913572308,1.8555822532897792
2198,test,0,0,0.525379945464374,0.3234386662626296,0.3234386662626296,0.5561565859839902,1.0811434830538929,1.7195117467260252
2199,test,0,0,0.5295203359148,0.31945263621792364,0.31945263621792375,0.5755838720777537,1.1031872008461505,1.8017815689118395
2200,test,0,0,0.5338482361792413,0.3237159381325642,0.32371593813256433,0.609643747234455,1.1431038993468974,1.883267628870349
2201,test,0,0,0.5344174577073427,0.3269363625501179,0.3269363625501178,0.6150587128325132,1.148883864399977,1.881279610609932
2202,test,0,0,0.5146347249524551,0.3117875111925632,0.3117875111925631,0.5947910582048935,1.1084767537540756,1.9076808302226853
2203,test,0,0,4.073499313639012,2.6983669841909306,2.69836698419093,5.1440442883507345,9.21525752497837,1.9063545909390485
2204,test,0,0,4.084523748239735,2.6998852252570043,2.6998852252570047,5.245713640371105,9.328348036622629,1.9429394965749924
2205,test,0,0,4.064788932633586,2.688924053511334,2.6889240535113337,5.157562141585164,9.21748493751511,1.9180765387739966
2206,test,0,0,4.060433681808645,2.6809850188254236,2.680985018825423,5.15470856825239,9.211926982505247,1.9226920449226306
2207,test,0,0,4.089693114101887,2.7181143338464526,2.7181143338464526,5.269685700595379,9.348953169770539,1.9387284909160358
2208,test,0,0,4.0920326958205555,2.7323678002480767,2.7323678002480776,5.298098300883546,9.378467325121164,1.9390135912165707
2209,test,0,0,4.081581652148627,2.713420109084928,2.713420109084928,5.204093396679498,9.281284960918128,1.9179092022114201
2210,test,0,0,4.2029485411639325,2.825849747291989,2.8258497472919895,5.857878714085091,10.055560908745974,2.0729618479180267
2211,test,0,0,4.310062051579356,2.9249951324812113,2.924995132481213,6.45625913067162,10.752568749710917,2.2072717520028515
2212,test,0,0,4.172507527249545,2.7963581135571753,2.796358113557175,5.592192408663541,9.764525561913615,1.9998126783374885
2213,test,0,0,4.173120788906701,2.7848505222199513,2.784850522219951,5.6167733150972055,9.787770472466946,2.0169029792736524
2214,test,0,0,4.176664200942963,2.7805689799996975,2.780568979999696,5.638624342758209,9.80561563745141,2.0278670960210543
2215,test,0,0,4.182987095016054,2.798409744905018,2.798409744905018,5.637416957718321,9.815407898277044,2.014507335097085
2216,test,0,0,4.18804913327517,2.7872611112072434,2.787261111207243,5.627035324122291,9.814560502767563,2.0188403955039074
2217,test,0,0,4.181982803071849,2.7949242433637234,2.7949242433637256,5.5993473055707295,9.771676409058273,2.0033985961751317
2218,test,0,0,4.180942946441937,2.791890708229433,2.7918907082294337,5.680755204192828,9.858878998551518,2.0347340916491174
2219,test,10,1,3.6915199853722007,2.1603766727236575,2.160376672723658,6.815839519327506,10.486284935846925,3.1549310846494896
2220,test,10,1,3.634749389048666,3.291366503533006,3.291366503533005,12.844038986805826,16.440410785377026,3.9023423775562005
2221,test,10,1,3.1865086191035807,2.04780874390349,2.047808743903491,5.266945398535579,8.436311352998018,2.5719908727881666
2222,test,10,1,4.130775530867279,2.6612613148930255,2.661261314893026,15.436166684098541,19.52099097520113,5.8003197948710365
2223,test,10,1,4.406897263929248,3.0436691586295,3.043669158629499,8.2867091127187,12.566453382372856,2.7226050798668386
2224,test,10,1,3.749061642229557,2.0030016277934126,2.0030016277934117,6.282258929669857,9.909898206591606,3.136422278693128
2225,test,10,1,3.643075118450739,2.6180969504324088,2.6180969504324088,9.33748709163227,12.980256067297887,3.5665169275301576
2226,test,10,1,4.076765329882503,3.0221510527274558,3.0221510527274567,12.44782611604035,16.430506393313408,4.118862988270004
2227,test,10,1,4.152951790809631,2.3653598978675965,2.3653598978675965,9.92723505306244,13.85518792271614,4.196923716349454
2228,test,10,1,3.519755021218676,2.4914286348341417,2.4914286348341417,5.9055169666963625,9.420821338426322,2.3703335845658295
2229,test,10,1,4.002480405807495,2.623982073020332,2.623982073020332,7.399939638137817,11.364138394594193,2.820118214306291
2230,test,10,1,3.9965987501218914,2.647651397010361,2.6476513970103617,11.4359945955202,15.351379670202732,4.319297702270524
2231,test,10,1,4.092874672582606,2.5176486748383873,2.5176486748383877,10.246570441553136,14.335905464133248,4.069896862083381
2232,test,10,1,3.9912672897689045,2.4093394269734043,2.4093394269734043,10.773564253199845,14.723794389516115,4.471584257737202
2233,test,10,1,3.7938506993502377,2.1020519239485496,2.102051923948549,14.199853142812849,17.85089936852455,6.755234245660057
2234,test,10,1,4.192892461664974,2.3836239413968374,2.3836239413968383,5.544837564580143,9.621036566793919,2.3262216276158005
2235,test,10,1,4.26104213456437,3.051404865881298,3.0514048658812984,8.422605974871665,12.626478437334299,2.760238757251595
2236,test,10,1,3.5166442010765895,2.1350202317971276,2.135020231797127,4.563449182712473,8.070859298110008,2.1374266691942516
2237,test,10,1,3.6170326510239392,2.5037507554369007,2.5037507554369003,5.679774638099596,9.291299985721707,2.2685064101392496
2238,test,10,1,4.195578297199681,2.6016216752464114,2.601621675246412,8.202040950236842,12.379373347386718,3.1526647507116836
2239,test,10,1,3.9609058856107295,2.7931527631786937,2.793152763178693,12.088223600473254,16.00745164602995,4.327806112085501
2240,test,10,1,3.7290687125888655,2.9765567274917317,2.976556727491731,8.036689801815431,11.76486795162782,2.699995510781932
2241,test,10,1,3.517088610038627,2.179903401651444,2.179903401651444,9.829345983162057,13.343973163049668,4.509074106547828
2242,test,10,1,4.193344054135029,3.5265122353524343,3.526512235352434,10.909975113955792,15.095736355986446,3.093701194224119
2243,test,10,1,3.5788831760473547,2.3250814475652106,2.3250814475652106,5.333435053627938,8.90834957966581,2.2938702036494374
2244,test,10,1,3.8604405510276556,2.0444374254551922,2.044437425455193,6.833295525327324,10.586221516132355,3.342384286379366
2245,test,10,1,3.804570385083556,2.636003488353542,2.636003488353542,6.32899933232367,10.127544676885009,2.400982912308962
2246,test,10,1,4.021740598643198,2.5428837934318427,2.5428837934318427,10.677428560292348,14.674169635400176,4.198944752360166
2247,test,10,1,3.998895613159053,2.4874601471004834,2.4874601471004834,13.866596253906376,17.85274524707347,5.574600369002906
2248,test,10,1,3.88329207072407,2.5815846154811095,2.5815846154811077,5.896831639908254,9.767322909086943,2.2841907271008863
2249,test,10,1,3.8847603531340136,2.5158379854415984,2.5158379854415998,5.8794656066438185,9.75423736218363,2.3369810141457927
2250,test,10,1,4.076594323068857,2.4450095695086747,2.4450095695086747,7.309888869374991,11.293896108865738,2.9897178974411602
2251,test,10,1,3.986352970805019,3.2188792949324885,3.2188792949324885,8.690234133992345,12.674972463399172,2.6997701180263145
2252,test,10,1,3.6986942029984204,2.5553167937088133,2.555316793708813,5.7659521364180835,9.462553483666852,2.256452957462594
2253,test,10,1,3.4642350837737323,2.0589404447300557,2.058940444730056,10.314309342190622,13.772721078246832,5.009522916794668
2254,test,10,1,3.669769057603553,3.0259003265446043,3.0259003265446043,9.39286541047506,13.041343642398715,3.1041555890246877
2255,test,10,1,3.777567371698096,3.0168120351747225,3.0168120351747203,8.503594890264795,12.260778838768601,2.8187354038357597
2256,test,10,1,3.754046077504754,2.794822711923915,2.794822711923915,9.547319774851204,13.277847360819578,3.4160734897846057
2257,test,10,1,3.6308684456450866,1.9199377463965315,1.919937746396532,6.956370819796808,10.573457543738186,3.623227280599588
2258,test,10,1,3.3279191203564404,2.0440319040719226,2.0440319040719217,6.463059311345219,9.682478055357933,3.161917041739975
2259,test,10,1,4.915341188410297,3.982726111638513,3.982726111638513,15.32951659967564,20.228000381961465,3.849000953110733
2260,test,0,0,4.598416222111322,2.9790752291120013,2.9790752291120026,6.047906028254889,10.638499266467988,2.0301286685055073
2261,test,0,0,4.486084249085747,2.9267794978569572,2.9267794978569563,6.021164629393257,10.495722603984177,2.0572662319802597
2262,test,0,0,4.398790220050142,2.894784745292869,2.8947847452928697,5.975402971478179,10.362046657130122,2.064195958333212
2263,test,0,0,4.339403462406247,2.854552368500769,2.854552368500768,5.769171404842288,10.10368712246418,2.0210424122897765
2264,test,0,0,4.297130782192108,2.837880609054631,2.8378806090546314,5.778558533603791,10.071951385121793,2.036223269987659
2265,test,0,0,4.284948268385138,2.861218182046328,2.8612181820463283,5.959537586717401,10.242502600187436,2.082867229109795
2266,test,0,0,4.263205563792493,2.8430174613928876,2.8430174613928885,5.829202616444324,10.087413644883782,2.0503576554146115
2267,test,0,0,4.262433164288057,2.851174871686195,2.851174871686196,5.8437918494448535,10.103479879442602,2.0496083588127347
2268,test,0,0,4.216127439478412,2.8071080428897686,2.807108042889769,5.792601541539654,9.998142359778285,2.063547769816682
2269,test,0,0,4.239138367515057,2.8373117264625276,2.837311726462528,5.90843224253133,10.136443315073848,2.0824050411611905
2270,test,0,0,4.238929941640236,2.848786743683952,2.8487867436839514,6.02494220496621,10.253369058482349,2.114915136531057
2271,test,0,0,4.233628038670169,2.8462777434186592,2.8462777434186592,5.811521764491452,10.042713216273114,2.041797142927887
2272,test,0,0,4.210730982916895,2.8010435088081733,2.8010435088081738,5.695082234246191,9.900815308094025,2.0332002042586663
2273,test,0,0,4.205736299106851,2.800148107767632,2.800148107767632,5.850440840175375,10.042891951277852,2.089332640636475
2274,test,0,0,4.216740367206279,2.824233006966685,2.8242330069666854,5.855166676250752,10.066100779455155,2.073188246793909
2275,test,0,0,4.214389169378904,2.828568752844899,2.828568752844899,5.867223417596193,10.080894192913547,2.0742728673980775
2276,test,0,0,4.210757708878722,2.8136687302544203,2.8136687302544203,5.789640926985536,9.996852153446525,2.057683928719647
2277,test,0,0,4.22070171903912,2.827653584958682,2.827653584958682,5.752473329789005,9.962524554692209,2.034362823080063
2278,test,0,0,4.215720069747884,2.830752144215136,2.830752144215134,5.916652786392253,10.127621247898787,2.0901345243112863
2279,test,0,0,4.202009499598295,2.809905875393087,2.809905875393086,5.750926672887057,9.91318030282855,2.0466616776202664
2280,test,0,0,4.206022043742239,2.8148619002850572,2.8148619002850572,5.741030911885202,9.94678582251072,2.03954265440298
2281,test,0,0,4.210868097345345,2.8210267699478075,2.8210267699478053,5.91559293170739,10.122463209554553,2.0969644792902264
2282,test,0,0,4.215141064518597,2.8301825651515773,2.8301825651515773,5.868679278498981,10.079365831334144,2.073604491371273
2283,test,0,0,4.217113331206608,2.839697788265943,2.839697788265943,5.900320216767025,10.112228321377188,2.077798645034705
2284,test,0,0,4.201334223490209,2.815628898756921,2.8156288987569225,5.852304234761744,10.048669886309654,2.078506950026507
2285,test,0,0,4.211986890090353,2.8115043102384383,2.811504310238438,5.831778177963846,10.043630505024339,2.0742554641395037
2286,test,0,0,4.264968321467517,2.894585884857221,2.8945858848572215,5.9107909940232055,10.174137227935717,2.0420161049444077
2287,test,0,0,4.231279870370403,2.8540043947937956,2.854004394793795,5.97603175987862,10.203169878572226,2.0939111974669524
2288,test,0,0,4.21331905282475,2.830020387498889,2.8300203874988883,5.743607293000445,9.92820100672543,2.0295285922220945
2289,test,0,0,4.198387439979823,2.7991400581210426,2.7991400581210457,5.821871463523595,10.018679818022065,2.079878585079302
2290,test,0,0,2.5931079596909696,1.2626432661390117,1.2626432661390117,2.6341678886977022,5.225030215922743,2.086232873005075
2291,test,0,0,2.6286568358540534,0.7207492353164378,0.7207492353164374,2.1598658844828607,4.300624638795853,2.996695353460339
2292,test,0,0,2.6092246847450733,0.7041247111562913,0.7041247111562912,2.2689201312363148,4.396659672260284,3.222327089629288
2293,test,0,0,2.491544598221779,0.5043468762583362,0.5043468762583361,2.159632497906685,2.6691002249717712,4.282038017026362
2294,test,10,1,2.6012501056194304,0.2201118229601101,0.22011182296011012,0.5820240314006804,1.1204497814178467,2.644219758727626
2295,test,10,1,2.6849817283153534,0.45719303656260574,0.45719303656260574,1.4153157227039337,2.3682050704956055,3.0956633402489
2296,test,10,1,2.8420269870758057,1.3287837308831458,1.3287837308831458,8.670972547531129,11.306310057640076,6.525495719132687
2297,test,10,1,3.264585776343942,3.1796104256394098,3.179610425639411,21.404712395653128,24.56512589752674,6.731866339049602
2298,test,10,1,2.5738284347057343,0.21279580682277316,0.2127958068227731,0.5688645598888398,1.1181209087371826,2.6732883903234916
2299,test,10,1,2.617696184158325,0.16977370580927081,0.16977370580927084,0.4317115726470946,0.8233087062835693,2.5428647539336455
2300,test,10,1,2.730056171581149,1.0325431781923011,1.0325431781923011,6.216352100208402,8.879537090659142,6.020428231477471
2301,test,10,1,2.638401637792587,0.1740882423513967,0.17408824235139678,0.448294510126114,0.8320212364196777,2.5750992948807676
2302,test,10,1,3.202128988049924,3.15492401857956,3.15492401857956,21.92593230650574,25.037254445254803,6.94974971738858
2303,test,10,1,3.1741495535373687,3.117155285408828,3.117155285408829,23.416869123220444,24.459163427352905,7.512256201297721
2304,test,10,1,2.5986958047151565,0.1945004694565675,0.19450046945656738,0.6174833079576492,1.1896628141403198,3.174713714999723
2305,test,10,1,2.525493695497513,0.15690922482593206,0.15690922482593203,0.4016164996623992,0.7748932838439941,2.5595467704842356
2306,test,0,0,2.5349837644696236,0.6701051836621563,0.6701051836621562,2.2571830256581307,4.265026390552521,3.3684010819354055
2307,test,0,0,2.53637893101573,0.6672530712713776,0.6672530712713773,2.210487704485655,4.3541944324970245,3.312817579503701
2308,test,0,0,2.6038132413327695,0.6752809811450595,0.6752809811450595,2.1364304824769498,4.179392009973526,3.163765220892569
2309,test,0,0,2.6054357991218566,0.6546633367846265,0.6546633367846263,2.0434764132499694,3.9879754781723022,3.1214156932729535
2310,test,0,0,2.5785377472639084,0.6547927966483997,0.6547927966483997,2.1446918696165085,4.10633385181427,3.2753748675829297
2311,test,0,0,2.554747983306646,0.6557450283343852,0.6557450283343854,2.071910544723272,3.965163469314575,3.159628293310885
2312,test,0,0,2.5590730821192262,0.6569874601743165,0.6569874601743164,2.1524043296873567,4.101849466562271,3.2761726214930587
2313,test,0,0,2.575352879345417,0.6592435152309317,0.6592435152309317,2.0790603439211846,4.128443241119385,3.1537061736479783
2314,test,0,0,2.584814322769642,0.6517543802608713,0.6517543802608713,2.043653202831745,3.9624094367027283,3.1356186697414326
2315,test,0,0,2.6039605939090253,0.6779798365271282,0.6779798365271286,2.2052110933959486,4.204348415136337,3.2526204683193547
2316,test,0,0,2.596506900906563,0.6673749639475265,0.6673749639475262,2.120541848063469,4.048762291669846,3.177436917202368
2317,test,0,0,2.5437653633356097,0.6541144340172281,0.6541144340172281,1.9916143985986712,3.9606359004974365,3.0447491983431996
2318,test,0,0,2.5579066196382048,0.6510082000272518,0.6510082000272516,2.1022969106137754,4.0714541375637054,3.2292940557826646
2319,test,0,0,2.5636375930905344,0.65283716586966,0.6528371658696601,2.162372597754002,4.055547386407852,3.312269446047014
2320,test,0,0,2.5703836913108824,0.6474872683789126,0.6474872683789128,2.059309386730194,4.0069615840911865,3.1804631338713456
2321,test,0,0,2.580532869040966,0.6537440064158996,0.6537440064158996,2.0733242833018304,4.056963205337524,3.171462014112632
2322,test,0,0,2.558674592167139,0.6457872548419369,0.6457872548419369,2.072912204653025,4.02261945605278,3.209899528228366
2323,test,0,0,2.5351715501248835,0.651283020712746,0.6512830207127462,2.0931979831159113,3.9607759714126587,3.2139606231791102
2324,test,0,0,2.5561781661510468,0.6541605126209089,0.654160512620909,2.178321524143219,4.05125817656517,3.329949579829764
2325,test,0,0,2.567641156613827,0.6505925572057292,0.6505925572057291,2.0746640142798425,4.090950965881348,3.188883720389375
2326,test,0,0,2.560788556396961,0.6533527519009341,0.6533527519009342,1.9744627321362493,3.9368541836738586,3.02204701272251
2327,test,0,0,2.5902955840826034,0.6531569938900128,0.6531569938900129,2.0598312925100326,4.099530100822449,3.153654193063565
2328,test,0,0,1.266984178832732,0.9524439401518742,0.952443940151874,1.532886550613679,2.7979875868186355,1.609424435383829
2329,test,0,0,1.0494132405565761,0.7836812518113896,0.7836812518113897,1.2664782637311436,2.3155191033438314,1.6160629858170317
2330,test,0,0,0.9017393950979458,0.6638779480480365,0.6638779480480366,1.1136631603677525,2.0139041770016775,1.6775119035693147
2331,test,0,0,0.8090464472463355,0.5891927096630295,0.5891927096630294,0.9848856330225244,1.7932153181172907,1.6715848938215807
2332,test,0,0,0.7561199608135503,0.5453578098459351,0.5453578098459353,0.9118350801181514,1.6668735278071836,1.6719941727354133
2333,test,0,0,0.7207642509527213,0.5169286629569558,0.5169286629569558,0.8771410272531502,1.5974307855649386,1.6968318650308407
2334,test,0,0,0.7020138687563012,0.5001144658113569,0.500114465811357,0.8504221253919532,1.5517649984103628,1.7004549628699044
2335,test,0,0,0.6873822162430734,0.4885614165054713,0.48856141650547114,0.8240016748625785,1.5073733222670853,1.6865876981371306
2336,test,0,0,0.6818365032117581,0.482631168065137,0.4826311680651372,0.8214306657869601,1.5019634442869574,1.7019842897425508
2337,test,0,0,0.6732903644524049,0.47819806356626277,0.4781980635662627,0.8183413818397094,1.4900396771263331,1.711302165752735
2338,test,0,0,0.6734992795391008,0.47842887151068386,0.47842887151068386,0.8347202009754255,1.5079260504280683,1.7447111800333424
2339,test,0,0,0.6737233161381955,0.47806586836315756,0.4780658683631575,0.8100371599741703,1.4836782128622872,1.694404921120272
2340,test,0,0,0.67055282113055,0.4732226573318488,0.4732226573318489,0.793060927419865,1.4632042410667054,1.6758726893833584
2341,test,0,0,0.6663175240742567,0.47177401700289445,0.47177401700289434,0.817135392071068,1.4831311866582837,1.7320483168238043
2342,test,0,0,0.6639454971591476,0.4715092848547675,0.4715092848547675,0.8031342614849564,1.4637062677647918,1.7033265033844132
2343,test,0,0,0.66739540301729,0.4734080126223408,0.4734080126223409,0.8169868687493727,1.4822372780181468,1.7257563179462285
2344,test,0,0,0.6679123818849475,0.46941510132973213,0.46941510132973197,0.804303747418031,1.4720701586193172,1.7134168567215793
2345,test,0,0,0.6655305334518198,0.4701441533244109,0.4701441533244108,0.8046343616058584,1.468751690350473,1.711463081942532
2346,test,0,0,0.6639305141508812,0.4719453929759376,0.47194539297593774,0.817885181611753,1.4812153857201338,1.73300808480072
2347,test,0,0,0.6648905455024906,0.4711590602213727,0.47115906022137277,0.8093915999976925,1.4742343698635523,1.7178733645011561
2348,test,0,0,0.6644590709037147,0.4680863775932787,0.4680863775932788,0.8099109318428673,1.4729455814231187,1.730259564499868
2349,test,0,0,0.6635965736819198,0.46992298288448436,0.4699229828844844,0.8145410386609147,1.477633757633157,1.7333500772000836
2350,test,0,0,0.6639104380975331,0.47173144637534703,0.47173144637534703,0.8197795853247081,1.4835574220778653,1.7378099162641498
2351,test,11,1,0.556902784262289,0.6630121087628067,0.6630121087628065,7.86093626603068,8.417710505484138,11.856399245406452
2352,test,11,1,0.1364525963494889,0.14358753916541134,0.1435875391654113,1.3976759503652938,1.5340556768278475,9.733964092491243
2353,test,11,1,0.11232706690868872,0.10724011116747219,0.1072401111674722,0.9847115597621486,1.0970054803801759,9.182306406083145
2354,test,11,1,0.19390616840212896,0.1603747357610657,0.16037473576106567,0.6858958798042004,0.8796485570637742,4.276832485798028
2355,test,11,1,0.1718933338130155,0.19834907364665777,0.1983490736466577,2.434209609607395,2.60590471336036,12.27235179299973
2356,test,11,1,0.20169146363389245,0.2595984420413672,0.2595984420413672,5.544011279896381,5.745699248843266,21.356103820580476
2357,test,11,1,0.1620060610898072,0.1922781261203364,0.1922781261203364,3.1300872158877318,3.292009249853436,16.278956317312876
2358,test,11,1,0.1486889592789812,0.22472802243788198,0.22472802243788204,4.736761403880198,4.885261173723848,21.07775146372547
2359,test,11,1,0.14938820510955703,0.33765229395527824,0.3376522939552783,6.287759412230531,6.436930113079143,18.621995244206275
2360,test,11,1,0.10813874823581136,0.2013260482490369,0.2013260482490369,4.294274143152128,4.402184644146473,21.32994801467609
2361,test,11,1,0.12561450591830362,0.23636346362150928,0.23636346362150928,5.102542537538728,5.227929403350572,21.5876957434905
2362,test,11,1,0.21086827424647844,0.2656877441469616,0.2656877441469616,4.496016109908795,4.706879154384751,16.922181052588876
2363,test,11,1,0.1548486680190763,0.2979021531205228,0.2979021531205227,7.103107836802701,7.257894727074017,23.84376132363497
2364,test,11,1,0.19412383165724167,0.33142857514083207,0.33142857514083207,5.539253625007797,5.733260241671815,16.71326506066664
2365,test,11,1,0.1572588588383369,0.34365088176968883,0.3436508817696889,6.69988788112138,6.856989206673461,19.496204539383584
2366,test,0,0,1.0292525692600756,0.7661989205509409,0.7661989205509409,1.2766108111720533,2.3021779684349895,1.6661610672253324
2367,test,0,0,0.8812631477853283,0.647975271016569,0.6479752710165688,1.0866255650976673,1.9654412551317364,1.6769553001504622
2368,test,0,0,0.7896212928514433,0.5730095682244537,0.5730095682244539,0.9633603698988008,1.7527898081607418,1.6812291160929487
2369,test,0,0,0.7415953772487118,0.5343485963579744,0.5343485963579744,0.901843915659003,1.6430666486267,1.6877445207226365
2370,test,0,0,0.7083659491006401,0.50935815300445,0.5093581530044502,0.8579544702108833,1.5659475525608286,1.6843835033369683
2371,test,0,0,0.6871107694215607,0.4927107729526111,0.4927107729526113,0.853285563319223,1.5393409770913422,1.7318183611164752
2372,test,0,0,0.6800405279233237,0.4834824220364065,0.4834824220364065,0.8325845703051309,1.5117137506022118,1.7220575813249253
2373,test,0,0,0.6703272667239653,0.4759035222431856,0.47590352224318566,0.819421688048984,1.4885121028637514,1.7218231211792991
2374,test,0,0,0.6632802201382001,0.46828780048274526,0.46828780048274515,0.8105286644824664,1.472906886076089,1.7308344647178817
2375,test,0,0,0.660406532589972,0.46792481334407426,0.46792481334407415,0.8145076605634094,1.4747104850393953,1.7406806335882132
2376,test,0,0,0.6605857532845112,0.4668170118554344,0.4668170118554344,0.7995233613624004,1.4582421145169064,1.7127125641470833
2377,test,0,0,0.657585370049801,0.46239536332913783,0.4623953633291378,0.8005238895556067,1.458080362801411,1.7312541453530657
2378,test,0,0,0.6553243561887648,0.4621239096906234,0.46212390969062345,0.8026419714784715,1.4566181611735374,1.736854455368504
2379,test,0,0,0.6565726230663713,0.4626260506609771,0.46262605066097706,0.8036142160373274,1.4568783116992563,1.7370708261870758
2380,test,0,0,0.6552648339911502,0.46073777647991965,0.46073777647991954,0.7908208574608762,1.4460726825382153,1.7164228718183752
2381,test,11,1,0.0792614721917198,0.1654364978085895,0.1654364978085895,3.4657150006628945,3.544941662788915,20.948914215246123
2382,test,11,1,0.06937786866166243,0.1024406093380285,0.10244060933802847,0.9106276340391433,0.9799786627354479,8.889322700476129
2383,test,11,1,0.10879244177020155,0.3391785547999921,0.3391785547999921,6.301089150026673,6.409630003967322,18.577498668046154
2384,test,11,1,0.1327577706541124,0.36473038614649117,0.36473038614649117,4.789593589666932,4.922272244933993,13.13187431480751
2385,test,11,1,0.15584855291360872,0.32130245257796847,0.3213024525779685,6.618762443332729,6.774474956764607,20.59978811312246
2386,test,11,1,0.09345266190750044,0.19463951445686872,0.1946395144568687,3.831254989230805,3.9246803571841156,19.683849910547302
2387,test,11,1,0.132099476358635,0.19079189953075842,0.19079189953075837,2.679858121373909,2.8117584392311983,14.045974320528623
2388,test,11,1,0.10310161456410424,0.24691051651249168,0.24691051651249168,3.5915034975117015,3.6945258347550407,14.545769650641835
2389,test,11,1,0.14046055817876185,0.4728595422458552,0.47285954224585525,6.935362272021433,7.0756811457831645,14.666854853096124
2390,test,11,1,0.09504293287338987,0.18876187338968645,0.18876187338968645,3.834107171649315,3.929136921693498,20.31187285227909
2391,test,11,1,0.12927764518430196,0.2477259143430244,0.24772591434302443,5.266473354266382,5.395732416036481,21.25927506709666
2392,test,11,1,0.10716341588135765,0.17308247527871334,0.17308247527871332,3.087489141491689,3.194614776479284,17.838253910570266
2393,test,11,1,0.09005706794682919,0.1175597195407524,0.11755971954075238,1.8789700936513765,1.9689326335137594,15.98311140067008
2394,test,11,1,0.18305423053467212,0.30408399481395604,0.3040839948139559,6.836231448328853,7.019278176284843,22.48139186842564
2395,test,11,1,0.15511923033746644,0.37684516054116146,0.37684516054116146,6.200280855111752,6.355361963145697,16.453125857336087
2396,test,11,1,0.21718554403685267,0.18131581264665725,0.18131581264665725,0.7493611106643803,0.9662724385270849,4.1329054522382584
2397,test,11,1,0.1525782621598155,0.3120074529654506,0.3120074529654506,5.21991500489951,5.372457867459161,16.73009716686968
2398,test,11,1,0.2463470702872437,0.3795142583534437,0.3795142583534436,4.8748973602547485,5.121087724139215,12.845096733400544
2399,test,0,0,1.0225068304665619,0.7619200074974731,0.761920007497474,1.2193039681784577,2.240550085552968,1.6003044363978065
2400,test,0,0,0.8766117003826658,0.6423761677843317,0.6423761677843317,1.041909346255823,1.9166530173970386,1.621961396621471
2401,test,0,0,0.7876843597183469,0.572168281240359,0.5721682812403589,0.9465976570358035,1.732477757614106,1.654404286416836
2402,test,0,0,0.7392649221427273,0.5318319313337541,0.5318319313337541,0.8952923250191379,1.6331651251530275,1.6834121312984727
2403,test,0,0,0.7108640632052556,0.5088517794525576,0.5088517794525576,0.8468858042340144,1.5571224179002456,1.6643074436039644
2404,test,0,0,0.6884522515090211,0.49176001358135646,0.49176001358135657,0.8327966851441161,1.521109736568178,1.6935022412234795
2405,test,0,0,0.676116313201128,0.479481267341301,0.479481267341301,0.8200378759086743,1.495934703401872,1.7102605081023128
2406,test,0,0,0.6678926645962056,0.47072503260328546,0.47072503260328563,0.8105314076694194,1.4774758730782196,1.7218787010048677
2407,test,0,0,0.6621489648793358,0.46738980491505683,0.46738980491505683,0.8075895185496192,1.4689538482343778,1.7278714898293301
2408,test,0,0,0.6591347657426959,0.4671411782702503,0.4671411782702505,0.795960883022868,1.4544166560517624,1.7038979221874309
2409,test,0,0,0.6575856786323712,0.46294720502002945,0.46294720502002956,0.7889823336051777,1.4441792115103453,1.7042598487467746
2410,test,0,0,0.6566036302524153,0.46340396823186075,0.46340396823186075,0.790613357357448,1.4443943044170737,1.7060996701734552
2411,test,0,0,0.6542164623159915,0.46216187640452255,0.46216187640452233,0.8060951889138669,1.4587050629779696,1.7441836509429125
2412,test,0,0,0.6567779803705925,0.45996853811833366,0.45996853811833366,0.7903628325032478,1.4466929739865009,1.7182975943017984
2413,test,0,0,0.650909007498587,0.460203504884592,0.46020350488459194,0.8034629216701141,1.4538614483899437,1.7458861419832157
2414,test,0,0,0.6521775913009187,0.46020045194808706,0.46020045194808684,0.7767939377060393,1.427703514113091,1.6879469249058148
2415,test,0,0,15.99180098308297,10.986965486747803,10.986965486747808,16.620789806711954,32.60501886671409,1.5127734611307844
2416,test,0,0,10.859817660748027,7.480701341323228,7.48070134132323,11.040345989764669,21.895642747171223,1.4758437058271583
2417,test,0,0,8.59319315545843,5.8841308853076395,5.8841308853076395,8.590006502788746,17.01161246537231,1.4598598620974823
2418,test,0,0,7.36934894789569,5.005501792302654,5.005501792302654,7.364357166463509,14.594061601441354,1.471252528125801
2419,test,0,0,6.614468188573839,4.4483199094847565,4.4483199094847565,6.612147073577391,12.928819784661755,1.4864369488082227
2420,test,0,0,6.123802722996566,4.083267083979839,4.083267083979839,6.118712159904185,11.96004215022549,1.4984844327009974
2421,test,0,0,5.792494110618718,3.8341947357702186,3.8341947357702204,5.783919238341041,11.351585955359042,1.5085095142354985
2422,test,0,0,5.5533210380095985,3.6571437436862078,3.6571437436862078,5.538951634066179,10.77201041020453,1.514556720289919
2423,test,0,0,5.374465163147193,3.5230537278697334,3.5230537278697334,5.373463328161393,10.389567851903848,1.5252288903951907
2424,test,0,0,5.230102943407838,3.417441992425985,3.4174419924259856,5.222938955447171,10.113334669265896,1.5283182471049035
2425,test,0,0,5.129502106055617,3.3416219671107212,3.341621967110721,5.123516764089465,9.91219512373209,1.5332424835953034
2426,test,0,0,5.047309339376516,3.280338541152949,3.280338541152949,5.045524734984501,9.768823343911208,1.5381109820485594
2427,test,0,0,4.994585052262642,3.233535922137744,3.233535922137744,4.99273220777011,9.586271430714987,1.5440472374493777
2428,test,0,0,4.953797017540783,3.2036005275125303,3.2036005275125303,4.946154151428491,9.500929712317884,1.5439359898186136
2429,test,0,0,4.916289854894043,3.175144275687743,3.1751442756877415,4.915028670319938,9.447907020687126,1.547970184521878
2430,test,0,0,4.88831052759604,3.1516288498864666,3.1516288498864675,4.886662534255883,9.380410150275566,1.5505196731626307
2431,test,0,0,4.863207368249619,3.135957574565103,3.135957574565103,4.863124804095038,9.32779257317452,1.5507623073534276
2432,test,0,0,4.841864887124859,3.119783482173595,3.1197834821735957,4.830254571943544,9.275462820194662,1.5482659612577472
2433,test,0,0,4.829973332048627,3.1100235346166074,3.1100235346166087,4.828311404376524,9.242892591981217,1.5524999571978282
2434,test,0,0,4.820502283160574,3.102234550071903,3.1022345500719033,4.811635725309141,9.201684704050422,1.5510225444422368
2435,test,0,0,4.814951434221118,3.0979404980648284,3.0979404980648266,4.801528533410281,9.19303328357637,1.5499098631525121
2436,test,0,0,4.81053962714877,3.0958482981497317,3.095848298149733,4.8080912853395565,9.19178841356188,1.5530771608586778
2437,test,0,0,4.803340089965611,3.091756202462941,3.09175620246294,4.793681801754981,9.187205839902163,1.5504721225872407
2438,test,0,0,4.802958867885638,3.0897316543101363,3.0897316543101376,4.796795019787271,9.176947342697531,1.5524956716211262
2439,test,0,0,4.794646231235936,3.08401170393114,3.08401170393114,4.779401564748958,9.16083699092269,1.5497352226830825
2440,test,0,0,4.786435916672344,3.076016818338932,3.076016818338931,4.785023346312228,9.15525513899047,1.55559076198295
2441,test,0,0,4.786772297516465,3.078985465640217,3.0789854656402165,4.766561623483896,9.158796856179833,1.5480948762753513
2442,test,0,0,4.782015621944331,3.073947426635585,3.0739474266355846,4.77546712039318,9.133434675633907,1.5535292110118804
2443,test,0,0,4.788465546277352,3.0783916598309173,3.0783916598309173,4.785341220042668,9.154242426389828,1.5544939529577293
2444,test,0,0,4.781399870146066,3.075182142436935,3.0751821424369346,4.775075438287109,9.139811852015555,1.5527780850415223
2445,test,0,0,4.773542695018463,3.06974652263315,3.06974652263315,4.761542085829191,9.110392045229673,1.5511189769977693
2446,test,0,0,4.777575221432839,3.0713808132056903,3.071380813205691,4.772057743331883,9.124444489367306,1.5537173778041369
2447,test,0,0,4.783490902371705,3.074768373774445,3.074768373774446,4.772051117010415,9.119804874062538,1.5520034477109124
2448,test,0,0,4.779904904575552,3.0749304077326536,3.074930407732655,4.775152819497045,9.102290227543563,1.5529303712008473
2449,test,12,1,3.158359093968058,2.799443014397639,2.7994430143976388,5.990373091395711,9.148194614099339,2.139844626444261
2450,test,12,1,2.7677765008984334,2.3282391572170087,2.3282391572170082,3.6146674039782756,6.3824144863556285,1.5525326909710433
2451,test,12,1,3.04090701914567,2.6205489000393354,2.620548900039336,4.613940602772054,7.654601197398733,1.7606771629801665
2452,test,12,1,3.3927019441930444,2.7342435626418755,2.7342435626418755,4.289692560354075,7.6823737760041695,1.5688772642512125
2453,test,12,1,3.0789653434723734,2.8133418108686135,2.8133418108686135,4.857780300143349,7.936521404073574,1.726693955699439
2454,test,12,1,3.2085741436161914,2.722679392083465,2.722679392083465,4.039508017333516,7.2478269788844045,1.4836517399290186
2455,test,12,1,3.36638433127047,2.8913566345888904,2.8913566345888904,4.316480811551795,7.682589395320974,1.4928911777656018
2456,test,12,1,2.852635282403411,2.6758774418651554,2.675877441865156,4.933475118750153,7.785659529006807,1.8436850064819834
2457,test,12,1,2.960697393475566,2.774156067266821,2.774156067266821,5.351260919512715,8.311542572861072,1.9289689511898773
2458,test,12,1,2.8712523926469746,2.844713354524697,2.844713354524697,5.931378031852537,8.80260647844807,2.085052971125651
2459,test,12,1,2.8376382431230702,2.6431700299562952,2.643170029956296,5.575036660746559,8.412649965164746,2.109223620713776
2460,test,12,1,2.783611908278344,2.6088525420150375,2.6088525420150375,5.047280654587867,7.8308739299063745,1.9346745641244352
2461,test,12,1,2.9864321421266067,2.8382780975902193,2.83827809759022,5.771806650292827,8.758204971032683,2.0335592397352666
2462,test,12,1,3.679797514120892,3.168536375052921,3.168536375052923,4.736160890420123,8.415907664642873,1.4947472049586354
2463,test,12,1,3.7809394447278892,3.1933219297621926,3.193321929762192,4.899003639988908,8.679932980697231,1.5341402300624722
2464,test,12,1,3.777623647694433,3.165863836999476,3.165863836999475,4.944890504832422,8.722507759156997,1.5619403611240157
2465,test,12,1,3.101219270333604,2.8953123377468564,2.8953123377468573,6.203944113150283,9.304938215602306,2.1427546977464322
2466,test,12,1,2.932743327255361,2.647082583642105,2.6470825836421055,4.9754583672331645,7.907828596682521,1.8796007340229863
2467,test,12,1,3.1894404518693626,2.804357902481558,2.804357902481557,5.07809189676345,8.267264282010728,1.8107859529163097
2468,test,12,1,3.843316632216971,3.210381203277573,3.2103812032775716,4.797256869369943,8.640233012934914,1.4942950900884555
2469,test,12,1,3.7969204294340453,3.0535058871534377,3.053505887153437,4.650218356881872,8.445788959856145,1.5229112137775949
2470,test,12,1,2.904394034519399,2.5099190995045144,2.5099190995045135,4.449826832637584,7.354073032314773,1.7728965182646843
2471,test,12,1,3.431750117375981,3.151502564918001,3.151502564918001,5.188033284113277,8.61949074070435,1.646209443668425
2472,test,12,1,3.9614638542772735,3.370350999016847,3.3703509990168476,5.67656238321052,9.634736840380356,1.6842644534252986
2473,test,12,1,2.547730258317664,2.2446928869781915,2.24469288697819,3.746710487989709,6.293945245211944,1.66914169404864
2474,test,12,1,3.061541048247047,2.816660835571408,2.8166608355714087,5.8522439325268785,8.9133927403891,2.0777240406865136
2475,test,12,1,3.2370121409613604,2.796065657529933,2.7960656575299327,5.050198323516179,8.28716838849141,1.8061801624420957
2476,test,12,1,3.0227658408729186,2.507588200694021,2.507588200694022,3.8175614220054994,6.840093651262578,1.5224036470377862
2477,test,12,1,3.2683371227737514,3.035747236070716,3.035747236070716,6.228293545866386,9.496111042564735,2.0516508989489863
2478,test,12,1,3.521625211014238,3.233866702889627,3.233866702889626,6.635248491988692,10.155977566435467,2.0518002445987515
2479,test,12,1,3.4412529722480922,3.2809155865415542,3.2809155865415542,6.395962451335892,9.83719176224804,1.949444379968928
2480,test,12,1,2.889267389848879,2.6570162242996456,2.6570162242996456,5.407935674115965,8.297144338437647,2.035341607874986
2481,test,12,1,2.8453581207126626,2.4186050178911653,2.418605017891165,3.7780854828029624,6.623346566258988,1.5620927993017886
2482,test,12,1,3.2018897758512757,3.0799037616414577,3.0799037616414577,6.443500734707806,9.644819063600153,2.092111063650149
2483,test,12,1,3.776485217245208,3.572081667437596,3.5720816674375957,5.858504521219148,9.634906719002174,1.6400813493779103
2484,test,12,1,3.2664783180450288,3.2247731113541485,3.2247731113541476,5.392232161691299,8.658667399799015,1.6721276119258486
2485,test,12,1,3.0817002421770514,3.112633315099161,3.1126333150991607,6.719452940806347,9.801144066136658,2.1587679178947172
2486,test,12,1,5.453718755725455,4.220225141409781,4.220225141409782,7.1793998737301115,12.633100639443,1.701188830729492
2487,test,0,0,6.127024719369947,4.080640045509385,4.080640045509385,6.125535101158894,12.017449400038458,1.5011211557117983
2488,test,0,0,5.80053427883191,3.8356110140039306,3.835611014003931,5.796212011228781,11.311990522313863,1.5111574114441315
2489,test,0,0,5.560653167458251,3.661083519888043,3.6610835198880425,5.557379587234929,10.808373834937811,1.517960340714892
2490,test,0,0,5.378143159125466,3.522155758311394,3.5221557583113934,5.375801675871481,10.411734368186444,1.5262816424815835
2491,test,0,0,5.245271100433543,3.422920459469904,3.4229204594699056,5.234137060822919,10.126933205872774,1.529143642921083
2492,test,0,0,5.144309032632038,3.347060592932563,3.3470605929325634,5.1380753060039135,9.90708967577666,1.5351007737514943
2493,test,0,0,5.066691524662078,3.2865729437533977,3.2865729437533977,5.063758489988745,9.734522333368659,1.5407412452576603
2494,test,0,0,5.0020876802825365,3.244590843119783,3.244590843119782,4.995314533947501,9.66635021334514,1.5395822695302745
2495,test,0,0,4.953276214086218,3.2028258756627515,3.2028258756627506,4.95279932104866,9.54963869228959,1.5463841973687669
2496,test,0,0,4.915743962084875,3.1749735771800274,3.174973577180028,4.9063139196168635,9.430604823864996,1.5453085830007414
2497,test,0,0,4.8879557081549425,3.1538464507601685,3.1538464507601685,4.881609205347951,9.401011666748673,1.5478271632949478
2498,test,0,0,4.865255338072311,3.1361595427798195,3.136159542779819,4.8601408837619235,9.326746087986976,1.5497109816849457
2499,test,0,0,4.849201056614518,3.123547393844261,3.123547393844261,4.847182637054473,9.31015637749806,1.5518197824073585
2500,test,0,0,4.8349775068452585,3.1169887237425318,3.1169887237425327,4.823037486708723,9.293498975224793,1.5473387664097025
2501,test,0,0,4.820128706463074,3.103954091914621,3.103954091914621,4.819988905238497,9.222348602095735,1.5528544438830179
2502,test,0,0,18.807102327359374,14.254460642275014,14.25446064227501,21.045139188753907,39.846954518929124,1.4763897222697797
2503,test,0,0,14.317235777841764,10.979989901611514,10.97998990161151,16.724615265859406,31.040432370384224,1.5231904050662897
2504,test,0,0,11.709696421031142,8.987996559786938,8.98799655978694,13.250033727284288,24.957913312362507,1.4741921226990746
2505,test,0,0,10.041716604633715,7.675333115538614,7.675333115538613,11.667973489360426,21.70957381657354,1.5201911518001432
2506,test,0,0,8.92099289178991,6.77006853092469,6.770068530924686,10.341923673151497,19.262435097509297,1.5275951234335514
2507,test,0,0,8.119539755693244,6.121615400285489,6.121615400285487,9.009791833051873,17.129153620961006,1.4717997201574757
2508,test,0,0,7.526844460769556,5.634838708986008,5.634838708986009,8.299645941452123,15.825511940638535,1.4729163282378401
2509,test,0,0,7.07346766233776,5.25473942336024,5.254739423360238,7.767054150101205,14.84045925657847,1.4781045308492997
2510,test,0,0,6.7034477895319,4.951730465267521,4.95173046526752,7.4057336145818695,14.108470087870955,1.495584960960061
2511,test,0,0,6.428859272072092,4.711369694241382,4.711369694241381,6.95611806862615,13.384713500447106,1.4764534562270677
2512,test,0,0,6.19479506967355,4.515083302066201,4.515083302066202,6.67750889303397,12.872232020439696,1.4789337087043763
2513,test,0,0,6.005089258033557,4.352820557361735,4.352820557361736,6.445116544883923,12.450114871135156,1.480675911159163
2514,test,0,0,5.86717994696775,4.23480007361604,4.234800073616041,6.235423965385766,12.10164342308417,1.4724246379974717
2515,test,0,0,5.733692311790859,4.114667887713483,4.114667887713485,6.082712984534824,11.81619691188098,1.4782998653908321
2516,test,0,0,5.622020947202775,4.036366461839291,4.036366461839291,5.970872653261092,11.592855537750438,1.4792692164378665
2517,test,0,0,5.519737307291231,3.967213848983709,3.967213848983706,5.972027714986601,11.491723731291131,1.5053455503832935
2518,test,0,0,5.4569896411095975,3.9090962906086704,3.9090962906086673,5.820301656803,11.275470876484178,1.4889123275847338
2519,test,0,0,5.373269743357901,3.835342953059394,3.8353429530593957,5.6344407134902434,11.006968854228035,1.4690839339401798
2520,test,0,0,5.317918076588073,3.798040139723029,3.7980401397230272,5.65492032520636,10.97227297257632,1.4889048343809095
2521,test,0,0,5.255058836210577,3.7492216061128487,3.7492216061128474,5.565173555146845,10.819509778579231,1.4843543913417154
2522,test,0,0,5.19099273854855,3.7002080699218785,3.7002080699218802,5.4316326124035985,10.621460048481822,1.467926265162238
2523,test,0,0,5.177534935614443,3.684170066104714,3.6841700661047136,5.3877536080867285,10.564680505776778,1.4624063252821604
2524,test,0,0,5.12901594329701,3.6413814715848427,3.6413814715848423,5.403048494569201,10.531585396791343,1.4837908460652507
2525,test,0,0,5.095947367788991,3.615831013619053,3.6158310136190535,5.396185772774974,10.491665537469089,1.4923777556114213
2526,test,0,0,5.063306290344917,3.5928308150903887,3.5928308150903896,5.367939513488091,10.430726381368004,1.4940696597629919
2527,test,0,0,5.034403683524462,3.574920262337748,3.5749202623377503,5.309023020882276,10.342751463642344,1.4850745279030484
2528,test,0,0,5.013414403365983,3.5479464599284096,3.5479464599284087,5.3355607782136065,10.348565026128199,1.50384478415192
2529,test,0,0,5.001444171252806,3.529620102313812,3.529620102313811,5.262833286938112,10.264137875899905,1.4910480829050436
2530,test,12,1,3.182746691432869,2.646980136579469,2.6469801365794687,4.543873982700432,7.726455465221079,1.7166256444115986
2531,test,12,1,3.190364046390052,2.605943621261114,2.6059436212611145,4.227228479092126,7.416985634423327,1.622148861780214
2532,test,12,1,2.9601516602572957,2.7534681060555535,2.7534681060555544,5.150651943868681,8.110665825792239,1.8706052677861527
2533,test,12,1,2.845846844861691,2.5257607076242072,2.5257607076242072,4.422893809130008,7.268639154324774,1.7511135539400684
2534,test,12,1,2.8252676469543947,2.450656859333775,2.4506568593337756,4.663569595172071,7.488584979320876,1.9029875918409431
2535,test,12,1,2.8145592920856144,2.5414049596205217,2.5414049596205226,4.946507621519122,7.760688866052078,1.9463673440921136
2536,test,12,1,3.1623594582928707,2.7080646163137754,2.7080646163137763,4.661779183064551,7.824029142961081,1.7214431129085006
2537,test,12,1,3.067527069131538,2.5823732860941258,2.5823732860941266,4.45145009609063,7.518791963884723,1.723782584052171
2538,test,12,1,3.326508471388064,2.8502185949360115,2.850218594936013,4.474278500657834,7.800592476545717,1.5698018771638396
2539,test,12,1,3.018218422822014,2.5585090864583675,2.5585090864583666,4.4021721831045,7.419816696492489,1.7206005663236617
2540,test,12,1,2.6315980474654936,2.216965950287541,2.2169659502875416,4.346139379292319,6.977148796606343,1.9603996979424168
2541,test,12,1,3.5628133869987213,3.1437720778050933,3.1437720778050933,6.096052541651181,9.657875022501685,1.9390885823718174
2542,test,12,1,3.4297793253136915,2.8748223740977203,2.8748223740977203,4.929292406253691,8.358888018352445,1.7146424247518173
2543,test,12,1,2.438582869131089,2.0781519896703435,2.078151989670344,4.5577330869846335,6.9959997048426885,2.1931663851533902
2544,test,0,0,5.9553792194315465,4.511896301538483,4.511896301538481,6.854503898244235,12.80848418478854,1.5192068789140751
2545,test,0,0,5.887949123044775,4.292409573870672,4.292409573870675,6.416331158022119,12.304134095917107,1.4948086960481268
2546,test,0,0,5.762763515306695,4.183249889253829,4.183249889253828,6.182680591748969,11.944579745118972,1.4779610961399636
2547,test,0,0,5.638814704346616,4.076379701831601,4.076379701831602,6.1493656469107085,11.78770738033927,1.5085360287089231
2548,test,0,0,5.543028249784606,3.9973559727201087,3.9973559727201073,5.995074853853089,11.535682238638401,1.4997600650946232
2549,test,0,0,5.458382531606359,3.924488371883723,3.9244883718837236,5.998113707102137,11.45454910909757,1.5283810623760594
2550,test,0,0,5.372463912938722,3.853238025446753,3.853238025446753,5.778351097132079,11.148974064039066,1.4996091751851028
2551,test,0,0,5.311198220955906,3.8067719185465787,3.806771918546579,5.707595838797512,11.015300038736314,1.4993269785852221
2552,test,0,0,5.243874763525447,3.7595532945845953,3.7595532945845944,5.6805722961059,10.924339503275405,1.5109700145196547
2553,test,0,0,5.217307403722167,3.726726384401432,3.7267263844014296,5.45793597396338,10.675118495390052,1.4645389575172716
2554,test,0,0,5.162119073868904,3.6743670956793593,3.6743670956793597,5.471393423079339,10.632760727836285,1.4890709830035977
2555,test,0,0,5.1262976390784605,3.6515002051237864,3.6515002051237864,5.421561552816071,10.54716377821751,1.4847490752454384
2556,test,0,0,5.081294868680096,3.6006191469079707,3.6006191469079702,5.3668700712002755,10.447814756858861,1.4905408909490114
2557,test,0,0,5.0688835667925884,3.5967190599754164,3.5967190599754164,5.41062769419374,10.476741793332621,1.5043231356053484
2558,test,12,1,3.5087907174933934,3.0186993298726374,3.018699329872638,6.796341194738051,10.304808123328257,2.251413755415249
2559,test,12,1,2.95122357108834,2.451622622995187,2.451622622995188,4.884445469591592,7.834946682851296,1.9923317005551955
2560,test,12,1,3.2316154682620044,2.701842327389765,2.701842327389765,4.400338248016071,7.6319473449648285,1.6286436123262653
2561,test,12,1,3.1676204131555568,2.5912205745034638,2.5912205745034624,4.079630620627402,7.246999998955289,1.5744049969227931
2562,test,12,1,2.843022543880972,2.6017873596389967,2.6017873596389967,5.542071145083872,8.384257268742658,2.1301014952478075
2563,test,12,1,2.462573794035721,2.0633504054019762,2.0633504054019776,3.6341840947582242,6.096651296233176,1.761302435710245
2564,test,12,1,2.6960731673841365,2.1311115064706176,2.131111506470618,3.585492498814594,6.280957062263042,1.6824518510308308
2565,test,12,1,2.7479337121890275,2.3102121100128166,2.3102121100128166,3.924641761596373,6.672252966382075,1.6988231273597643
2566,test,12,1,2.687632678071619,2.1401043044982058,2.1401043044982058,3.6319044847091426,6.319316807581345,1.6970689125176643
2567,test,12,1,3.3367707989751363,2.990270699387456,2.9902706993874557,6.212866041845176,9.549084942962509,2.07769351554622
2568,test,12,1,3.485192036902765,2.8511139025762793,2.8511139025762793,4.576954149925848,8.061425408814102,1.605321395890249
2569,test,12,1,2.7179863917170586,2.1910573405881255,2.191057340588125,3.528279973334211,6.246142935517128,1.610309282178415
2570,test,0,0,5.113370870691717,4.290989424805746,4.290989424805747,7.252996469396174,12.36634920869983,1.6902853284763146
2571,test,0,0,5.788264935221581,4.200008201422153,4.200008201422152,6.340786273274513,12.12845442496473,1.5097080694098355
2572,test,0,0,5.643852503308328,4.07651852525169,4.076518525251689,5.983200757494894,11.625893509597518,1.4677231859569395
2573,test,0,0,5.548042988462883,3.9973756866322074,3.9973756866322074,5.946419024781746,11.494364644619054,1.4875807256914622
2574,test,0,0,5.468855905697157,3.9203602797116437,3.920360279711644,5.903270673587511,11.371599416539539,1.505798001305563
2575,test,0,0,5.395062153037871,3.859208150531867,3.8592081505318667,5.706611926857149,11.100661079632118,1.4787002162789995
2576,test,0,0,5.318754717128919,3.794451338452297,3.794451338452295,5.588098958713366,10.906725668275612,1.4727027599707407
2577,test,0,0,5.258367633551534,3.7445305312931887,3.744530531293188,5.639390850335185,10.8971619445947,1.5060341485285207
2578,test,0,0,5.222585137441085,3.7118535085431574,3.711853508543156,5.476728979990556,10.698918647394748,1.4754701303231348
2579,test,0,0,5.165150425367756,3.6725988700015932,3.6725988700015932,5.363544681138592,10.527457154006697,1.4604221345676842
2580,test,0,0,5.122981721682241,3.641077532252629,3.6410775322526283,5.4380295927098485,10.559806973207742,1.4935220534415532
2581,test,0,0,5.102782062312705,3.6259411756724815,3.6259411756724798,5.489953228214639,10.591177729307674,1.514076749244685
2582,test,12,1,3.493438439282676,3.184661734198841,3.18466173419884,6.953151984301309,10.446110721473815,2.183325126695285
2583,test,12,1,2.66720191392937,2.2189626300536034,2.2189626300536025,3.9374485835071535,6.604129891551565,1.7744546619120116
2584,test,12,1,2.248562583909952,1.94560323490036,1.9456032349003598,6.723112335218466,8.970392494695261,3.4555413018537546
2585,test,12,1,2.854962904855289,2.5617896043473634,2.5617896043473642,4.890827576712094,7.745406142057618,1.9091449072993136
2586,test,12,1,3.1129780607055872,2.627233424672548,2.6272334246725477,4.246307770745829,7.358174795983359,1.6162658905251552
2587,test,12,1,3.1278209579259566,2.5879959795011325,2.5879959795011325,5.269728671285469,8.397421826433856,2.036219805991071
2588,test,12,1,3.3999247117466367,2.953818606660629,2.9538186066606285,5.1979604200893,8.597767056773591,1.7597425950152488
2589,test,0,0,6.2908573952129805,9.470084085540012,9.470084085540012,23.311273494679597,29.601934610531316,2.461569853458204
2590,test,0,0,5.805608762449454,8.803978425963074,8.803978425963077,21.73690794592457,27.542383628329844,2.468986961828765
2591,test,0,0,5.820397314064562,8.709105311826825,8.709105311826825,21.075570169455947,26.89596635332714,2.419946643754056
2592,test,0,0,5.614360683019215,8.309744877113957,8.309744877113959,19.525097019617505,25.139256788941566,2.349662632049268
2593,test,0,0,5.2828550739817,7.790453881353515,7.790453881353515,18.31733794969994,23.60001025632664,2.3512542694774905
2594,test,0,0,5.191897701909693,7.526112165786573,7.526112165786569,17.98943202526316,23.18125916419376,2.390268923580818
2595,test,0,0,5.133215552957685,7.326203703229257,7.326203703229257,17.113793724386063,22.246806337338057,2.335970226550296
2596,test,0,0,4.949145291294281,6.978299670473067,6.978299670473067,15.970219637904938,20.919315797549643,2.2885545751895604
2597,test,0,0,4.7752265058382255,6.626718651840833,6.626718651840832,15.003479091085602,19.778701220990115,2.2640887412532287
2598,test,0,0,4.784082822810062,6.495628848482556,6.495628848482556,14.594684190739743,19.378756297272048,2.246846999909671
2599,test,0,0,4.773095560711594,6.336550681378064,6.336550681378064,13.811310338336257,18.584400482347974,2.179625956267518
2600,test,0,0,4.680441990643165,6.10321200939531,6.1032120093953095,13.136515483111719,17.81690406367852,2.152393766247889
2601,test,0,0,4.596099173369934,5.87775656443844,5.877756564438441,12.435677254852722,17.031646189643652,2.115718321866367
2602,test,0,0,4.524377352141517,5.6777813537727155,5.6777813537727155,11.733461850739342,16.257779576855683,2.066557537116643
2603,test,0,0,4.474119229613439,5.501622476571797,5.5016224765717965,11.02906794995199,15.50303659515339,2.00469370570561
2604,test,0,0,4.528047828201372,5.406802402113385,5.406802402113387,10.6183535771331,15.146395336756086,1.9638878559687412
2605,test,0,0,4.495027310076345,5.252834610275769,5.252834610275768,10.137788050946604,14.632806827604327,1.9299652098535007
2606,test,0,0,4.5407109568226875,5.148282515539123,5.148282515539122,9.61187502645368,14.152565878554014,1.8670061321308697
2607,test,0,0,4.508190465034728,4.999768618938473,4.9997686189384725,9.14631907933783,13.654446807639033,1.8293484711857995
2608,test,0,0,4.55978197346878,4.891972821395566,4.891972821395565,8.559842164409638,13.119387280603405,1.7497730418640625
2609,test,0,0,4.605729465600191,4.786407534358226,4.786407534358225,8.194543475989164,12.800046274875058,1.7120446633861301
2610,test,0,0,4.645362930881129,4.671163083444736,4.671163083444736,7.751379889858617,12.396621581654472,1.6594111041274935
2611,test,0,0,4.577340804414125,4.536632858849609,4.536632858849608,7.468755043669371,12.045304288505577,1.6463212422182396
2612,test,0,0,4.419801621126942,4.394266518846907,4.394266518846908,7.214855285000987,11.633893527148757,1.6418793111561711
2613,test,0,0,4.340904082059286,4.287889884113037,4.287889884113038,6.990189706087687,11.331068459105154,1.6302167021562
2614,test,0,0,4.273063624342511,4.1971225535685965,4.197122553568596,6.7887859697737,11.061718944707536,1.6174857615252496
2615,test,0,0,4.217841674272349,4.123589349984122,4.123589349984123,6.58755726676769,10.805165105004562,1.5975298963251647
2616,test,0,0,4.129053737427123,4.053887306203605,4.053887306203605,6.485360477660768,10.61424539553991,1.5997880522569816
2617,test,0,0,4.04977727691214,3.992386800941826,3.992386800941826,6.488754026493622,10.538516238058946,1.6252819052910628
2618,test,0,0,4.022219412193459,3.9461031915408404,3.946103191540839,6.382530458106834,10.404068925825413,1.6174261412597881
2619,test,0,0,3.998434114410877,3.9082627655980344,3.9082627655980353,6.248096418426037,10.246401690135826,1.5986889298805795
2620,test,0,0,3.981675746350258,3.876147012217706,3.876147012217707,6.204510090441734,10.185236723686103,1.6006900849954793
2621,test,0,0,3.922305452844157,3.837494758866431,3.8374947588664305,6.153935086706625,10.075836137664737,1.603633483143689
2622,test,0,0,3.8704788017604734,3.8022129837157137,3.8022129837157124,6.108650989499292,9.978992326927255,1.6066041054674463
2623,test,0,0,3.8638611844694823,3.7817074517911453,3.7817074517911453,6.071121115335205,9.934804119053297,1.6053915308704578
2624,test,13,1,3.541832557088259,3.805549411361689,3.8055494113616892,6.342754730814573,9.884552841511322,1.6667119632917942
2625,test,13,1,2.7180426296140068,2.6853225802941125,2.6853225802941134,5.2866437259768135,8.000858427025378,1.9687183077266595
2626,test,13,1,2.711860640114639,2.5280777901575076,2.5280777901575076,3.7917652296363378,6.502928118570708,1.4998609791196726
2627,test,13,1,2.762388629299181,2.7978691325553418,2.797869132555342,5.4375034147682015,8.199468952836469,1.943444513361508
2628,test,13,1,2.93726024936513,2.959280465901988,2.959280465901987,7.04131641079112,9.978566133966524,2.379401510577988
2629,test,13,1,2.7611659369591655,2.5813026339081597,2.5813026339081593,3.7718097367163717,6.532780573659693,1.4612040010999228
2630,test,13,1,2.873456647381827,2.7657981511611553,2.7657981511611553,4.906102964892343,7.778783092915546,1.7738470765961827
2631,test,13,1,2.9834397144847897,2.8711471506267263,2.871147150626726,4.446325033134839,7.429553321766434,1.5486231808649293
2632,test,13,1,2.997795973832894,2.8849246213314825,2.8849246213314843,4.32930382627697,7.326579786778893,1.500664452119674
2633,test,13,1,3.0143329902239713,2.9342116331799586,2.9342116331799586,4.692044516032132,7.706301096659445,1.5990818327398961
2634,test,13,1,2.867438322499569,2.760880094049642,2.760880094049642,4.227595799967472,7.094904503843281,1.5312493320803584
2635,test,13,1,3.137624999090578,3.006618820345545,3.0066188203455444,4.703210095361326,7.840669188255561,1.5642854569841336
2636,test,13,1,3.3713373009653034,3.2269445431142563,3.2269445431142563,5.026026361754424,8.39735211916286,1.557518666529023
2637,test,13,1,2.759814625835148,2.804814389588803,2.8048143895888025,5.620206469440731,8.379861828711,2.003771262120727
2638,test,13,1,2.5465033563022152,2.5395471791181214,2.5395471791181228,4.963123985921905,7.509589286957635,1.9543342319969768
2639,test,13,1,2.9532581357659655,3.0190926752064042,3.0190926752064047,5.951548001318995,8.904466402134858,1.9713035145276252
2640,test,13,1,3.258735972191382,3.2202264928014572,3.220226492801457,5.220669430945826,8.4784638673882,1.6212118751945521
2641,test,0,0,3.7466634108633152,4.068045220865073,4.068045220865073,7.277313868799771,11.023481276992243,1.7888969944272757
2642,test,0,0,3.8852953314067418,4.092783707072065,4.092783707072065,7.080941736769528,10.966115854811505,1.730104066954264
2643,test,0,0,3.9628200598292462,4.081106939487751,4.081106939487749,6.908477776474465,10.87110018308158,1.6927950869480526
2644,test,0,0,4.076395809491325,4.07458330240316,4.074583302403158,6.706354320208382,10.782586232860922,1.6458994263911662
2645,test,0,0,4.088865353039291,4.03026046854912,4.030260468549119,6.525597499438736,10.614125903462991,1.6191503130783829
2646,test,0,0,4.0584921938682745,3.9839618535513,3.983961853551301,6.4389233487342645,10.497330863894604,1.616211094740933
2647,test,0,0,4.033011019266327,3.940814934286725,3.940814934286725,6.343721806966583,10.37616826966405,1.6097487227257417
2648,test,0,0,4.0045736526152975,3.900067274886487,3.9000672748864864,6.184316804538023,10.188886166004522,1.5856949043829047
2649,test,0,0,3.942640179658425,3.8584579647201664,3.858457964720167,6.151025897001731,10.093661107763182,1.594166880459415
2650,test,0,0,3.9243201258336775,3.82775558862401,3.827755588624011,6.095984554036928,10.020202878629789,1.5925741372186963
2651,test,13,1,3.2871488810427256,3.4063026929424907,3.406302692942491,6.702018332397216,9.987607392133214,1.9675345782637312
2652,test,13,1,2.7378719256899204,2.6351302306095197,2.63513023060952,4.544783790252462,7.282468864548719,1.724690391943638
2653,test,13,1,2.782046916846797,2.8503393784851,2.850339378485099,5.56459653102918,8.34654183263774,1.9522575357277827
2654,test,13,1,2.4654717552884957,2.323718429114184,2.3237184291141846,4.024765957571612,6.490232770027433,1.732036854011558
2655,test,13,1,2.4233431707813433,2.466759838464381,2.4667598384643803,4.856918822626859,7.280056710456847,1.968946772560726
2656,test,13,1,3.047200341882999,2.829133520696592,2.8291335206965913,5.090016226110166,8.13687237421982,1.7991431612803124
2657,test,13,1,2.9198405158909737,2.7172243245814856,2.7172243245814873,5.041418372353656,7.960692549240775,1.8553559699676785
2658,test,13,1,2.687496128246188,2.5539145946398274,2.5539145946398287,4.281922397449613,6.966573639772832,1.6766114287598093
2659,test,13,1,3.176405144551856,3.0222628357336565,3.0222628357336556,4.961899565836328,8.138242494227597,1.6417829406395175
2660,test,13,1,2.9136022099067924,2.7896739513702338,2.789673951370233,4.289618157524848,7.200120582710952,1.5376772455497434
2661,test,13,1,2.8256764374265915,2.7142167849637984,2.714216784963798,4.7439904250612015,7.568484734045342,1.7478303322497788
2662,test,13,1,3.2502935292065085,3.083331810358712,3.0833318103587115,4.7182099459827,7.968448273371905,1.530231008589954
2663,test,13,1,3.354147968839032,3.1014861223728114,3.101486122372812,4.700262011934894,8.054296523921948,1.5154870363691741
2664,test,13,1,3.409402966039626,3.21569877412291,3.2156987741229095,4.9334305529423075,8.342773556862085,1.5341706109546638
2665,test,13,1,3.426374047997757,3.1957837583479654,3.1957837583479654,5.013204008337692,8.439007442560978,1.5686931242585787
2666,test,0,0,4.48834980135283,4.215454828123943,4.215454828123941,6.68545448178926,11.172795189428143,1.5859390633690114
2667,test,0,0,3.812457820024458,4.032234520153521,4.032234520153521,7.011547306928668,10.823781553772278,1.7388738854062769
