index,label,class,mean,std,rms,peak,peak_to_peak,crest_factor
0,0,NORMAL,0.5334958651149354,0.3239591461793529,0.6241533196963617,1.1691412925720215,1.1687762956426013,1.8731636213050757
1,0,NORMAL,0.5404131761606841,0.3053227522220374,0.6206999146065014,0.9942598938941956,0.9938256954483222,1.6018366854851527
2,0,NORMAL,0.45890611703286416,0.27449348913680854,0.5347349809285717,0.8615783452987671,0.8603681402746588,1.6112249544674058
3,0,NORMAL,0.38083077025320383,0.22093412925174571,0.44027714571605414,0.6978719234466553,0.6977305437321775,1.585074152126739
4,0,NORMAL,0.37976051602029476,0.22047696257574034,0.439122011011319,0.694865882396698,0.6947182305448223,1.5823982059027026
5,0,NORMAL,0.3800008579418063,0.22042671786021173,0.4393046664709291,0.6947596073150635,0.693279302213341,1.5814983548804145
6,0,NORMAL,0.3801470052524237,0.22060209284457913,0.4395190882883183,0.6955320239067078,0.6949240090325475,1.5824842252367628
7,0,NORMAL,0.3799512551445805,0.2203211378609452,0.43920878870337254,0.694401204586029,0.6940679472754709,1.5810275715020021
8,0,NORMAL,0.38016235012351535,0.22054031134984373,0.439501355380982,0.6957935094833374,0.6944483279949054,1.5831430346333935
9,0,NORMAL,0.3795180780689989,0.22020529065582087,0.43877595833637156,0.693781316280365,0.6934730001667049,1.5811744082580361
10,0,NORMAL,0.37992993384753937,0.220508599503708,0.43928441480262226,0.6939737796783447,0.6938662040920462,1.579782383106304
11,0,NORMAL,0.3808624314001063,0.22110689818828555,0.4403912488667838,0.6966361403465271,0.6957125504268333,1.5818573646481702
12,0,NORMAL,0.38022623514558657,0.22058119050241512,0.43957712804063137,0.6968293190002441,0.6961770972702652,1.5852265155520882
13,0,NORMAL,0.3795975547050475,0.22041147977641462,0.4389482019045987,0.6959705352783203,0.695179718604777,1.5855413742635243
14,0,NORMAL,0.37946131648150183,0.21996799522085364,0.43860780844321046,0.6952893733978271,0.6952256194999791,1.5852188675474779
15,0,NORMAL,0.3792439724664728,0.2200222333635297,0.4384470023006501,0.6967358589172363,0.696373092912836,1.589099378627918
16,0,NORMAL,0.37929111776285573,0.22021663468461797,0.438585360227191,0.6957525610923767,0.6950572525965981,1.586356098917599
17,0,NORMAL,0.3797542164528859,0.22046261223712518,0.4391093580284555,0.6947198510169983,0.6942560028401203,1.5821112402072253
18,0,NORMAL,0.3796036848768126,0.22029043032419124,0.4388927332099175,0.6953849196434021,0.6940951012074947,1.5844074577347975
19,0,NORMAL,0.37970607239881066,0.22021460014422792,0.4389432440910932,0.6937532424926758,0.6935790476854891,1.5805078488659965
20,0,NORMAL,0.3796672447323217,0.22026162479150685,0.438933252418209,0.6958773136138916,0.6950256540440023,1.5853829933824886
21,0,NORMAL,0.3791129425802501,0.21997214422894623,0.43830852999746234,0.6941894888877869,0.6928923631785437,1.583791875763417
22,0,NORMAL,0.37922622006687745,0.22021254263444967,0.43852718264634527,0.6962239742279053,0.6961021899915067,1.587641546018784
23,0,NORMAL,0.3791078692937299,0.22023722741197074,0.4384372394066725,0.694868266582489,0.6946422281762352,1.584875106692212
24,0,NORMAL,0.37960444488062056,0.2203721708621109,0.4389344236484574,0.6960527300834656,0.695574581681285,1.585778404659677
25,0,NORMAL,0.37891895818384363,0.21990753298697135,0.43810831986569865,0.6942753195762634,0.6937356745474972,1.5847115612620466
26,0,NORMAL,0.37919796046076226,0.21997516310846202,0.43838358272430356,0.6948422789573669,0.6944461841776501,1.585009809535565
27,0,NORMAL,0.37900914901780197,0.21972494028371728,0.4380947208331567,0.6940988302230835,0.6932913493947126,1.5843578961715519
28,0,NORMAL,0.37892897682056353,0.21975987268380875,0.4380428873024684,0.6928304433822632,0.6926210574893048,1.5816497960937421
29,0,NORMAL,0.37877003204677023,0.21976848015786032,0.43790971906045567,0.6927553415298462,0.6925274771056138,1.581959274656354
30,0,NORMAL,0.37899500626558436,0.21995772779363967,0.438199288897633,0.6944729685783386,0.69314970751293,1.5848336274698367
31,0,NORMAL,0.3788328914948506,0.21987094610363142,0.4380155164133518,0.6936281323432922,0.6928902241634205,1.5835697740185095
32,0,NORMAL,0.37883077589690217,0.21977176949758842,0.43796391110997956,0.6928991079330444,0.692813852103427,1.5820917896567206
33,0,NORMAL,0.3787036425391561,0.21970707376035714,0.4378214786105908,0.6935843229293823,0.6927773818024434,1.5841715329509298
34,0,NORMAL,0.37879147363855736,0.21983749049531714,0.43796290108700825,0.6930749416351318,0.6922348066582344,1.5824969190653926
35,0,NORMAL,0.3785434072999633,0.21957323362348133,0.4376157174212757,0.6933060884475708,0.6923935158993118,1.584280593331962
36,0,NORMAL,0.3786059942759748,0.21997992072028355,0.43787402802838366,0.6948350667953491,0.6944434150645975,1.586837817086308
37,0,NORMAL,0.37882393840031,0.21976492627007513,0.43795456285282997,0.6946226358413696,0.6936604531365447,1.5860609633031504
38,1,ARC,0.11898597344676091,0.08747853653789692,0.14768261993845266,0.35482466220855713,0.3547928538318956,2.4026162479811894
39,1,ARC,0.0831336832485449,0.061283005996913435,0.10328027940747994,0.2266084849834442,0.22658500124271086,2.19411185062143
40,1,ARC,0.09329326783126089,0.06430694581917007,0.11330938665099662,0.23364359140396118,0.23360651807524846,2.0619967887003487
41,1,ARC,0.08376809030691948,0.08709781207431092,0.1208433772359917,0.3347115218639374,0.33469976118794875,2.7697961569734058
42,1,ARC,0.10866709804401034,0.08095662152931095,0.13550834943554824,0.2629818320274353,0.26292625357746147,1.9407057433941899
43,1,ARC,0.11062403819850443,0.09270232669142765,0.14433086711216123,0.4018636643886566,0.4017775015599909,2.7843223866753575
44,1,ARC,0.061623072191952816,0.045306647383808615,0.07648591585079831,0.17083944380283356,0.17077962345865672,2.2336065653720016
45,1,ARC,0.07735779368382464,0.06118259341250404,0.09862828184810359,0.2680215537548065,0.2679959478427918,2.717491866760731
46,1,ARC,0.09610447499713973,0.10247165514283163,0.1404866905517646,0.41021767258644104,0.4102069129667143,2.9199753441077014
47,1,ARC,0.13475648225052284,0.13658622768157208,0.1918726324956681,0.4545520544052124,0.45441971544642,2.369030165964262
48,1,ARC,0.1293465032091781,0.1310205980249399,0.18411114849257446,0.44931086897850037,0.44929879147002794,2.440432709573923
49,1,ARC,0.10678964042769803,0.09616166809202877,0.14370488409556073,0.41773295402526855,0.4176941623809398,2.9068806996669987
50,1,ARC,0.1432591398820441,0.14250957226384198,0.2020696893315924,0.532778799533844,0.5326977491131402,2.636609188127985
51,1,ARC,0.11308860303954134,0.08505910361758724,0.1415064777515941,0.29263007640838623,0.2926134016379365,2.067962407502505
52,1,ARC,0.06972014657370527,0.05500144848858163,0.08880348064181408,0.2037568837404251,0.20372160871556844,2.294469566595839
53,1,ARC,0.1480940847065358,0.13936102405971781,0.20335523831964558,0.45196014642715454,0.45150113172712736,2.2225153881540898
54,1,ARC,0.14475211419328843,0.16691294295646034,0.22093688032968464,0.5255171656608582,0.5254556958752801,2.37858507315155
55,1,ARC,0.12770568475358596,0.1290096114370434,0.1815274683388693,0.45323899388313293,0.45313616820203606,2.4968066708066563
56,1,ARC,0.08622157424892794,0.0868701423108673,0.12239518573487167,0.36440056562423706,0.3643489987225621,2.977245905844608
57,1,ARC,0.08506616772706974,0.0923133786431131,0.1255309235538269,0.41476011276245117,0.4147595210964141,3.3040473296972483
58,1,ARC,0.12640715834547883,0.12175798497429173,0.17551004696591818,0.40017247200012207,0.40002682778867893,2.280054497836414
59,1,ARC,0.08633246660110672,0.08255105422474554,0.11944861381802672,0.28793245553970337,0.2878900836039975,2.4105131598961234
60,1,ARC,0.08617568361056328,0.09407619673479045,0.1275796975926456,0.3931433856487274,0.3929369607794797,3.0815513209947474
61,1,ARC,0.08353303394827254,0.06259638595847702,0.10438426747199919,0.1824609786272049,0.18245408263737772,1.747973933678747
62,0,NORMAL,0.7434381809297774,0.656436183287911,0.9917705337394211,2.5734384059906006,2.5730880761693697,2.5947921605288875
63,0,NORMAL,0.5241392665632302,0.3074892538373054,0.6076772268061916,1.062564492225647,1.061503837350756,1.7485672415440605
64,0,NORMAL,0.39220808331505397,0.23276885359045468,0.4560795104140098,0.7592631578445435,0.7572860682848841,1.6647605088755606
65,0,NORMAL,0.3792021833026083,0.2202369261045061,0.43851864206830093,0.6965104341506958,0.6954062283039093,1.5883257114579217
66,0,NORMAL,0.3783426691936911,0.21954765588218234,0.43742924974899416,0.6945908069610596,0.6941118791000918,1.5878929160764397
67,0,NORMAL,0.3787096074875444,0.21991512602819974,0.4379310784351448,0.6953873634338379,0.6938213969115168,1.5878922453246738
68,0,NORMAL,0.3791506393106538,0.21983442023666944,0.43827203836255635,0.69486004114151,0.6943064551451243,1.5854537372212956
69,0,NORMAL,0.37865287045278817,0.21978689252058273,0.43781762690187587,0.6952230930328369,0.6944637799751945,1.5879285125005966
70,0,NORMAL,0.37899669501313477,0.21980790220454482,0.43812556271283903,0.695053219795227,0.6940072861034423,1.5864247123393398
71,0,NORMAL,0.3787779653452744,0.22002456269032633,0.43804515203135763,0.6947376132011414,0.6943776968691964,1.5859954390076398
72,0,NORMAL,0.37908963014185426,0.22007389925512708,0.43833944473939795,0.6951996088027954,0.6942153244744986,1.585984599711546
73,0,NORMAL,0.37884613337670453,0.22014095410705042,0.4381625639527438,0.6951885223388672,0.6944210963556543,1.5865995398316226
74,0,NORMAL,0.3788051041191284,0.2199080509499353,0.4380101115034937,0.6967431306838989,0.6967123511640239,1.5907010189611603
75,0,NORMAL,0.3785951436053001,0.21961577367425497,0.43768181457316613,0.695664644241333,0.6954591885005357,1.5894300861454698
76,0,NORMAL,0.37812606233527185,0.21954029752932158,0.43723822026035297,0.6931602358818054,0.6930129480897449,1.5853148324249056
77,0,NORMAL,0.3786249628938385,0.21960852560027608,0.4377039719293026,0.6938093900680542,0.6935474955826066,1.5851110215196251
78,0,NORMAL,0.378491130561044,0.21981459520334645,0.4376916633633639,0.6940476894378662,0.6934689402696677,1.5857000430498949
79,0,NORMAL,0.3778293321914898,0.21956874106679106,0.4369959225415298,0.6924395561218262,0.6923485554361832,1.5845446614116183
80,0,NORMAL,0.3781454312675633,0.219867049304451,0.43741912001920685,0.6936213374137878,0.6918170214630663,1.585713348294723
81,0,NORMAL,0.37847003315971234,0.21965760277298335,0.4375945937233314,0.6931757926940918,0.6919818031601608,1.5840593157152925
82,1,ARC,0.33012547663605074,0.22454361269634118,0.39925263221036394,0.6930059194564819,0.6923642779001966,1.735757922545996
83,1,ARC,0.0672610094287229,0.07956212341415239,0.10418337137729594,0.26338842511177063,0.2632978893525433,2.52812345799331
84,1,ARC,0.07463913518733897,0.06538622748670696,0.09922882265983636,0.2179839015007019,0.21795917933195597,2.1967800852375987
85,1,ARC,0.07722645751653182,0.06877375897291861,0.10341061678482436,0.2208259254693985,0.2207537439171574,2.1354279892642998
86,1,ARC,0.2165322085837979,0.2600513880622369,0.3383975794642649,0.7627363204956055,0.7625748093560105,2.25396505998398
87,1,ARC,0.08395526037985473,0.07371295649532425,0.11172325496838503,0.2530592978000641,0.2530423126518144,2.265054825619552
88,0,NORMAL,0.08960163266365999,0.12485867675825194,0.15368194994147852,0.6425856947898865,0.6424084815371316,4.181269791504992
89,0,NORMAL,0.06607286914329256,0.07264138709512377,0.09819569825572949,0.39417707920074463,0.3941747874739576,4.014199055585872
90,0,NORMAL,0.06289813261145559,0.06063065627944545,0.08736275846654862,0.35541293025016785,0.3554100668877709,4.06824299608461
91,0,NORMAL,0.060119266172838255,0.0556030368033016,0.08189031607528381,0.33791249990463257,0.3378953006649681,4.126403659182133
92,0,NORMAL,0.0575879604893853,0.04918616190313373,0.07573408556316162,0.29652225971221924,0.29620989930117503,3.915307849923428
93,0,NORMAL,0.05764556246715074,0.04860737033185412,0.07540349675401128,0.3183431029319763,0.318228778152843,4.221861274822659
94,0,NORMAL,0.05656377493110995,0.0447339227320062,0.07211507801736308,0.2674581706523895,0.26741195436989074,3.7087690675172515
95,0,NORMAL,0.05691760720929233,0.04459169780509718,0.07230514175058642,0.2673763334751129,0.26734743519409676,3.6978882414395433
96,0,NORMAL,0.05619022334089095,0.044057095211224744,0.07140286295065576,0.2560959458351135,0.25590195883705746,3.586634138355114
97,0,NORMAL,0.05683268049736944,0.043102423679340585,0.07132862328371029,0.26310813426971436,0.2630012463123421,3.6886753473875307
98,0,NORMAL,0.056763890577596614,0.041104730261582755,0.0700837935858415,0.24457338452339172,0.2441785431583412,3.4897281098779023
99,0,NORMAL,0.05549194718792569,0.041827066095305995,0.06948999684018291,0.2716052234172821,0.2711605853983201,3.908551385344504
100,0,NORMAL,0.05655907360097626,0.0436038586473097,0.07141586165226332,0.2760634422302246,0.27580345640308224,3.8655760197143203
101,0,NORMAL,0.05502777587863966,0.041850886385995045,0.0691343099296092,0.24166339635849,0.24130072971456684,3.4955638756580565
102,0,NORMAL,0.054706036514689915,0.04172778141298638,0.06880376568761741,0.25374001264572144,0.25361711623554584,3.6878797273647907
103,0,NORMAL,0.05541715767304049,0.04218805783216631,0.06964835667988757,0.2635728418827057,0.26351621997673647,3.784336837897252
104,0,NORMAL,0.05369262248937594,0.040662746460424,0.06735248072262345,0.25028011202812195,0.25019707032333827,3.715974665563488
105,0,NORMAL,0.0667268027481332,0.08626280451188237,0.1090584139222807,0.5483196973800659,0.5479473699233495,5.027761523937254
106,0,NORMAL,0.22944046978649568,0.3911362094944492,0.45346495294954553,1.364768385887146,1.36456961746444,3.0096446859014394
107,0,NORMAL,0.23573106288821147,0.40464776793156976,0.46830433491737766,1.3973560333251953,1.3971243145788321,2.983863118780929
108,0,NORMAL,0.2372616117761936,0.40235288238460193,0.4670983990401108,1.3763400316238403,1.3756289519369602,2.946574071870563
109,0,NORMAL,0.23697473643964623,0.4087085720079745,0.4724401787987951,1.3989653587341309,1.3981535016791895,2.9611481442816245
110,0,NORMAL,0.23707622546551282,0.40961435915892824,0.4732748249274982,1.3920655250549316,1.3919842006871477,2.9413470815148144
111,0,NORMAL,0.24110816875379532,0.4125103869372162,0.4778053666200292,1.4072262048721313,1.4069309244805481,2.9451871058434897
112,0,NORMAL,0.26928332118474646,0.4661855591246462,0.5383702096184803,1.5398972034454346,1.5396164853009395,2.8602942286436934
113,0,NORMAL,0.26237879456328667,0.4567942191352459,0.5267860955566903,1.5324536561965942,1.532366777282732,2.9090624622070695
114,0,NORMAL,0.26418205669059536,0.4572769332589167,0.5281044903879843,1.4981745481491089,1.4981543868489098,2.8368903794937244
115,0,NORMAL,0.26501186797805715,0.4576552073050683,0.5288474061037496,1.5053918361663818,1.5052356690575834,2.846552368020981
116,0,NORMAL,0.3707181277329455,0.6514623879332928,0.7495566510421802,1.987894892692566,1.9878700954486703,2.6520942612257605
117,0,NORMAL,0.4357010546082165,0.7570484639026953,0.873474547817017,2.3187055587768555,2.316347850719467,2.6545771305778194
118,0,NORMAL,0.4384018154676887,0.7676429353711445,0.8840089524606594,2.343172550201416,2.342896420392208,2.6506208378084195
119,0,NORMAL,0.4418508694504635,0.770340924104859,0.888063809748409,2.3673932552337646,2.3673860723429243,2.6657918375307443
120,0,NORMAL,0.4588831598536344,0.807672132924861,0.9289284303436139,2.4349138736724854,2.433557076146826,2.6212071825294463
121,0,NORMAL,0.42587393242836696,0.748413823744009,0.8610992148952,2.273571252822876,2.2732152658863924,2.640312769417146
122,0,NORMAL,0.47237441500973365,0.8278871739247303,0.9531708979531763,2.5623056888580322,2.5621764412353514,2.6881912722684733
123,0,NORMAL,0.4191206970429921,0.738772856411693,0.8493806520403532,2.286329746246338,2.286125836195424,2.6917610387688895
124,0,NORMAL,0.41687192101383697,0.7395796502795112,0.8489760053366237,2.2701618671417236,2.269947728520492,2.674000034007548
125,0,NORMAL,0.41650737891689277,0.7387322354485489,0.8480587906407375,2.284558057785034,2.2845193257126084,2.693867551398143
126,0,NORMAL,0.4221488380162045,0.7435707733199006,0.8550480316180996,2.2867114543914795,2.2859882679767907,2.6743660821767974
127,0,NORMAL,0.4239454362891993,0.7496224556289035,0.8611989078799084,2.300370216369629,2.300233767935424,2.671125329260646
128,0,NORMAL,0.424577903794765,0.7474941995275513,0.8596592201088123,2.323822498321533,2.32327960972907,2.7031903386406917
129,0,NORMAL,0.4259989399742917,0.7514756361298861,0.8638233202200768,2.3002073764801025,2.2995875678607263,2.6628215777898627
130,0,NORMAL,0.4246254270842692,0.7581092225528979,0.8689282747420856,2.3223023414611816,2.322226646829222,2.6726053334499733
131,0,NORMAL,0.426690648914082,0.7518395087905058,0.8644810910882142,2.318539619445801,2.3149856354575604,2.6820015421357666
132,0,NORMAL,0.4274533044362324,0.7586522832115205,0.8707867788933795,2.3138763904571533,2.313410764618311,2.6572249907120695
133,0,NORMAL,0.43103808373911306,0.7636252532478105,0.8768793286600326,2.3673629760742188,2.361634508240968,2.6997591329833353
134,0,NORMAL,0.43075727527361596,0.7604586194294306,0.873984634913947,2.3603248596191406,2.360052568546962,2.7006480037850316
135,0,NORMAL,0.4299721711770981,0.766336634299484,0.8787194689183851,2.326738119125366,2.3265738605405204,2.6478736404797605
136,0,NORMAL,0.43151057011063676,0.7656067165674294,0.8788373095006645,2.3500566482543945,2.3483740008668974,2.6740519807808836
137,0,NORMAL,0.43208624534412227,0.761550634082841,0.8755900248903926,2.3491015434265137,2.3490084257064154,2.6828783753224883
138,0,NORMAL,0.43344102580298205,0.7701606792341549,0.8837525641759442,2.3592052459716797,2.358463093522005,2.669531429503147
139,0,NORMAL,0.4346281391240191,0.7693488924688764,0.8836285065917093,2.369727611541748,2.3686010653618723,2.6818143528236216
140,1,ARC,0.4332776244977722,0.7683894684151168,0.8821291714152175,2.372490882873535,2.3722131913527846,2.689505074486201
141,1,ARC,0.04237349501714925,0.022187875472915085,0.04783110805709982,0.10700391978025436,0.10671204520622268,2.2371198186024714
142,1,ARC,0.037137531874624985,0.023979734273067408,0.044206605044333706,0.16374202072620392,0.16373797031337745,3.704017093418305
143,1,ARC,1.3538988320469871,4.53620984806399,4.733945693931323,20.567537307739258,20.56750315384852,4.344692279445831
144,1,ARC,0.06617091687416542,0.04594147279390061,0.08055562775151354,0.15749001502990723,0.15746524702990428,1.95504671027715
145,1,ARC,0.06978683893677953,0.044948372620256534,0.08300939157708262,0.21061144769191742,0.21043458416534122,2.5372002334981985
146,1,ARC,0.045769970329885834,0.02029395079726456,0.050067300935445126,0.11986888200044632,0.11984836729243398,2.394155062502784
147,1,ARC,0.052044231244452024,0.031954467910526044,0.061071188176347393,0.21271303296089172,0.21269855850368913,3.4830341329968517
148,1,ARC,0.06180244102916913,0.05315977070666683,0.08151995423667338,0.3739181160926819,0.3733156417729333,4.586829317974118
149,1,ARC,0.04373894461186501,0.019743953025992942,0.047988737812661955,0.10541857033967972,0.10536965610299376,2.1967356330814924
150,1,ARC,0.054557938996556914,0.02463699500705266,0.059862761634672045,0.1396029144525528,0.1394554664439056,2.332049351557077
151,0,NORMAL,1.9845035894425818,3.807176455454222,4.29334916579999,13.470932006835938,13.469627105514519,3.1376278719985886
152,0,NORMAL,0.2437871823009482,0.432461181073227,0.4964422054876944,1.5036108493804932,1.5033943523740163,3.0287732041303324
153,0,NORMAL,0.2401776811569289,0.42871041583210634,0.49140404879168115,1.5347485542297363,1.5344270500645507,3.1231906981709785
154,0,NORMAL,0.23502009506744798,0.4185203332476135,0.4799934524836831,1.506338119506836,1.50516267423518,3.1382472233994534
155,0,NORMAL,0.23561839221153968,0.417990815104362,0.4798253309903093,1.460621953010559,1.4606081190049736,3.044070120258112
156,0,NORMAL,0.23839070033122334,0.4231236145667171,0.4856580270194397,1.511069655418396,1.5110152033994382,3.1113861428216683
157,0,NORMAL,0.23580554532268433,0.4144939070847856,0.4768746734891039,1.4650318622589111,1.464945918356534,3.072152797589041
158,1,ARC,0.13270591725057057,0.30899349298577466,0.3362853538007049,1.421073079109192,1.4210541292468406,4.2257953343735934
159,1,ARC,0.03885577807755908,0.023638741057712187,0.04548144202645831,0.12723056972026825,0.12707956138183363,2.797417233302614
160,1,ARC,0.04106847897150874,0.024057106891890695,0.047595843905125904,0.14073403179645538,0.1406391857090057,2.956855478326729
161,1,ARC,0.053298659861251506,0.03834566436724152,0.06565925006250467,0.15357166528701782,0.15351915324208676,2.33891896634251
162,1,ARC,0.07729507986422686,0.06164429006717574,0.09886631311575905,0.31982749700546265,0.3197164683806477,3.2349491644437878
163,1,ARC,0.06163218015794882,0.04353382013911671,0.075456736789546,0.1695893555879593,0.16955972361574823,2.247504501300601
164,1,ARC,0.07620894488803243,0.04727154447060157,0.08967944133179702,0.19062983989715576,0.1905917145741114,2.1256805023111296
165,1,ARC,0.0746237205749203,0.052117781844037286,0.09102177133404099,0.24597755074501038,0.24582630187796894,2.702403470509235
166,1,ARC,0.0649399833897478,0.042636267287881696,0.0776856018249483,0.1660371869802475,0.16588621481787413,2.137296784472172
167,1,ARC,0.06814101967646638,0.047074739165925854,0.08282046625133507,0.27612513303756714,0.2760741961938038,3.3340205088873907
168,1,ARC,0.07773435040649201,0.09619336621756018,0.1236761615566433,2.497511625289917,2.497325079384609,20.193961341095346
169,0,NORMAL,0.2612712761086686,0.4628452195423151,0.5314963564998597,1.6073487997055054,1.6073429378529909,3.024195330877926
170,0,NORMAL,0.24071674999561218,0.4239039794249202,0.4874824484027433,1.5294910669326782,1.5292939104547258,3.1375305345743625
171,0,NORMAL,0.23925153834506638,0.4209198680883133,0.48416405685672687,1.5520601272583008,1.551658099226188,3.2056492118281805
172,0,NORMAL,0.23808243684081207,0.4222949848737227,0.4847847986287904,1.512792944908142,1.512767892660122,3.1205453413289024
173,0,NORMAL,0.23639961884733565,0.4214702176849031,0.48324106219000595,1.5320374965667725,1.5319866250683845,3.1703379874709183
174,0,NORMAL,0.23696915955942677,0.417560171507913,0.4801154854949159,1.5162848234176636,1.516229583277891,3.1581668769851
175,0,NORMAL,5.496170519651845,2.66812569269871,6.109565049422831,8.767707824707031,8.745112873613834,1.4350788892141044
176,0,NORMAL,5.500643960824702,2.669664668943148,6.114261478572911,8.789870262145996,8.785581625532359,1.437601301964204
177,0,NORMAL,5.5019467069807,2.6693275824909497,6.115286363622127,8.775720596313477,8.775282870745286,1.435046549662403
178,0,NORMAL,5.502897754787467,2.673139693393117,6.117806757330506,8.787727355957031,8.775843788869679,1.4364179361218563
179,0,NORMAL,5.5045218393497635,2.6710103770506888,6.11833777379044,8.782601356506348,8.780160424532369,1.4354554588550184
180,0,NORMAL,5.507415947517031,2.6710391061370116,6.120954200570211,8.786550521850586,8.786431098706089,1.4354870554385222
181,0,NORMAL,5.505802964392118,2.6724573109801533,6.120122087158091,8.787818908691406,8.77476756926626,1.4358894779453777
182,0,NORMAL,5.505241468993947,2.6706588955297272,6.11883179767206,8.791747093200684,8.790914048440754,1.4368342493979893
183,0,NORMAL,5.506397880672943,2.6728434323033032,6.120825894753614,8.790067672729492,8.782846920657903,1.4360917666787065
184,0,NORMAL,5.503545098184608,2.672530928155605,6.118123095337334,8.785784721374512,8.781344749964774,1.4360261446962748
185,0,NORMAL,5.507222968531773,2.6721532023189343,6.121266826547202,8.796330451965332,8.765870885923505,1.4370114391708428
186,0,NORMAL,5.504102437965572,2.673497654031582,6.119046768388923,8.798810005187988,8.793532273732126,1.437938021759003
187,0,NORMAL,5.508580630814657,2.6719288825860876,6.1223904252982875,8.792409896850586,8.785085985437036,1.4361073512266596
188,0,NORMAL,5.507220000705915,2.6721603075642846,6.121267258133508,8.810774803161621,8.810004523722455,1.4393710373378135
189,0,NORMAL,5.507341068726033,2.6730539152943904,6.121766320380669,8.79637622833252,8.790901937521994,1.436901666606826
190,0,NORMAL,5.5009004589208415,2.67010089277899,6.1146827093950415,8.790650367736816,8.79060895312432,1.4376298469633142
191,0,NORMAL,5.507986976151471,2.6727731435264337,6.122224824866398,8.789722442626953,8.787910747225396,1.4357072296538482
192,0,NORMAL,5.507838004480698,2.6728746149226845,6.122135100657287,8.794301986694336,8.7935682348907,1.436476301503075
193,0,NORMAL,5.503301153241657,2.67097118769065,6.1172224635650245,8.78084659576416,8.769233947619796,1.435430319571346
194,0,NORMAL,5.505687730051111,2.6731785432116033,6.120333398167315,8.802078247070312,8.794675169046968,1.4381697326662017
195,0,NORMAL,5.505655361695215,2.6720731662185537,6.119821563361837,8.794816017150879,8.77717556990683,1.4371033413463727
196,0,NORMAL,5.502933122717775,2.6706013719553066,6.116729897665416,8.79162311553955,8.786633676849306,1.43730772203871
197,0,NORMAL,5.503192744377069,2.6690421040594656,6.116282869113118,8.772793769836426,8.764527391642332,1.434334212065066
198,0,NORMAL,5.501705714847951,2.6704215855012525,6.115547172338843,8.793978691101074,8.793294204340782,1.437970870517852
199,0,NORMAL,5.498920944135636,2.6695403161101217,6.112657118568886,8.771254539489746,8.766876473091543,1.4349331836141497
200,0,NORMAL,5.497985914839083,2.6671321220214796,6.110764508315448,8.767733573913574,8.766345583251677,1.4348014167429555
201,0,NORMAL,5.4983769480912015,2.66956932897965,6.112180418273791,8.776595115661621,8.766709675081074,1.4359188562925826
202,0,NORMAL,5.498701143791666,2.6684307263565543,6.111974869884492,8.78786563873291,8.784101824043319,1.437811153647461
203,0,NORMAL,5.502406375936698,2.6699111494597583,6.115954665623214,8.789430618286133,8.786801531445235,1.437131420821363
204,0,NORMAL,5.5004008883377535,2.6693910594074746,6.1139233361624115,8.771032333374023,8.768331043422222,1.4345996590267072
205,0,NORMAL,5.499814785031136,2.669488860346734,6.113438757782921,8.774191856384277,8.771386402193457,1.4352301877914446
206,0,NORMAL,5.499416312479822,2.6682977037945066,6.112560217621107,8.774617195129395,8.773758608440403,1.4355060535574258
207,0,NORMAL,5.499098903169855,2.668141355406715,6.112206396979365,8.783075332641602,8.772824263200164,1.4369729623302923
208,0,NORMAL,5.50387411623355,2.668759221039894,6.116772520474429,8.783768653869629,8.77455651666969,1.4360136206582916
209,0,NORMAL,5.50348115607258,2.670721200390607,6.117275256636882,8.784653663635254,8.775746989063919,1.4360402785708268
210,0,NORMAL,5.504283696869388,2.6712658913034137,6.118235078653252,8.78559684753418,8.782203393988311,1.4359691536187373
211,0,NORMAL,5.501939023190643,2.6724892195440937,6.116660170672179,8.78516960144043,8.780695135239512,1.4362690351121794
212,0,NORMAL,5.501540022328496,2.6699317583978237,6.115184233674691,8.786882400512695,8.765979249030352,1.4368957769294461
213,0,NORMAL,5.505907304637134,2.6717253130529697,6.119896354977308,8.798274993896484,8.784688729792833,1.437650980272052
214,0,NORMAL,5.506606529398589,2.6721714889649606,6.120720213835328,8.797194480895996,8.794262542622164,1.4372809364837071
215,1,ARC,3.743974790551234,2.7763271566196637,4.661044916418097,7.267546653747559,7.265922089572996,1.5592097446107633
216,1,ARC,3.9355543091334404,2.862836947435004,4.866664474538774,7.372653484344482,7.3709485018625855,1.5149294805336273
217,1,ARC,3.8144884452929255,2.9749228856148484,4.837405117894119,7.415705680847168,7.414265089435503,1.532992482563765
218,1,ARC,3.7354477468671976,2.7541213736458268,4.640986361792932,7.296449184417725,7.295834249816835,1.5721763900204435
219,1,ARC,3.895179423181573,2.8468934108467763,4.824647638066423,7.412368297576904,7.411218118155375,1.536354331680803
220,1,ARC,4.065429020394455,2.9474690086694117,5.021482517835948,7.622332572937012,7.620555152534507,1.5179446599411686
221,1,ARC,3.846707979718107,2.976080406613831,4.863560102215013,7.831233978271484,7.829989655991085,1.6101855047920355
222,1,ARC,3.909433442889509,2.972819725393566,4.9113467566515805,7.478142738342285,7.477671358472435,1.522625688812222
223,1,ARC,3.9634231514618734,2.9423693167579437,4.936219228695436,7.753899097442627,7.753812533948803,1.5708174086692375
224,1,ARC,4.060837508681725,2.98996292562302,5.042844392653472,7.8510355949401855,7.850597505399492,1.5568665188990858
225,1,ARC,3.9077234282115487,2.9023751812686847,4.867656939867255,7.461206912994385,7.461200828755864,1.532812810180879
226,1,ARC,3.984799138009701,3.0298623317529443,5.005865551496389,7.789650917053223,7.789619451992621,1.5561047009591946
227,1,ARC,3.9610610041889593,2.9863802098643144,4.960692596480423,7.7975850105285645,7.796447619679384,1.5718742612797447
228,1,ARC,3.91287978970923,2.984292456612598,4.921039495402349,7.662355899810791,7.661196682951413,1.5570604354973399
229,1,ARC,3.4813820823492714,2.757883370988739,4.441389635156857,6.953512191772461,6.952483140747063,1.565616341500487
230,1,ARC,3.990545826940535,2.9517499117393964,4.963595827458764,7.802506446838379,7.802189301495673,1.5719463707489385
231,1,ARC,4.188915524589015,3.0709212654564126,5.193993713008831,7.923835754394531,7.923193806316704,1.525576693431215
232,1,ARC,3.7452181896827534,2.8305380120288595,4.694529233679438,7.397359848022461,7.396743557706941,1.5757405012950834
233,1,ARC,3.5195522890968425,2.5432643824844314,4.342285347014949,6.607326030731201,6.607134752935963,1.5216240994556764
234,1,ARC,3.373897931572399,2.6120181359417054,4.266828564069208,6.618280410766602,6.6172049244632944,1.551100615220137
235,1,ARC,3.70896772717312,2.7783082451249586,4.634159935321726,7.706420421600342,7.70216185040772,1.6629595286217338
236,1,ARC,3.8793825060885867,2.9702208752366013,4.885879723881611,7.820876598358154,7.819277429487556,1.6007100134149068
237,1,ARC,4.262848066262901,2.473605699979265,4.928549360107014,7.56673002243042,7.554161975160241,1.535285429761045
238,0,NORMAL,5.506675159892999,2.674485116065212,6.121792380719631,8.804912567138672,8.793618072755635,1.4382899679625583
239,0,NORMAL,5.507486291389912,2.6740329156142235,6.122324500027429,8.802804946899414,8.788097899407148,1.4378207079451564
240,0,NORMAL,5.502250527910422,2.6708701958105556,6.11623319329468,8.800015449523926,8.795246610883623,1.4387965879344689
241,0,NORMAL,5.499606173484877,2.66897793667153,6.113027996817322,8.779793739318848,8.779534277215134,1.4362430114650133
242,0,NORMAL,5.502226038469002,2.671499569874119,6.116486027961144,8.79764175415039,8.78907815553248,1.4383490314426464
243,0,NORMAL,5.501219407563098,2.6700933096500736,6.1149663328907184,8.785811424255371,8.775632600300014,1.4367718391185431
244,0,NORMAL,5.503955942868139,2.671260182005748,6.11793772287712,8.792935371398926,8.791200990905054,1.4372384567628154
245,0,NORMAL,5.502637136530829,2.6678429076177683,6.1152597030751386,8.784613609313965,8.781884446972981,1.4365070390872372
246,0,NORMAL,5.502654259967967,2.6701517356597573,6.116282710616836,8.782639503479004,8.780804291018285,1.4359440070083456
247,0,NORMAL,5.501809192792891,2.6674280341471293,6.1143337095103325,8.792280197143555,8.792002606525784,1.437978464189467
248,0,NORMAL,5.503439082527533,2.6692125573567576,6.116578897671679,8.780695915222168,8.774167591705918,1.4355567159551568
249,0,NORMAL,5.500858124786988,2.6697300046350074,6.114482676946877,8.792755126953125,8.787303951568902,1.438021103584773
250,0,NORMAL,5.503814237192273,2.671291618033268,6.117823964948252,8.807342529296875,8.799030328169465,1.4396201296013218
251,0,NORMAL,5.500290731443471,2.6699268407087895,6.114058183002528,8.781610488891602,8.781240064738085,1.4362981551770377
252,0,NORMAL,5.5013786822406106,2.668867638453005,6.114574545869333,8.771133422851562,8.768623104551807,1.434463404943988
253,0,NORMAL,5.4837200798792765,2.659742679806614,6.094704015557773,8.758172988891602,8.751247621141374,1.4370136706450172
254,0,NORMAL,5.487362333903787,2.6595759239083856,6.097908615138404,8.747111320495605,8.746695219771937,1.4344444747467036
255,0,NORMAL,5.488629083776846,2.660743510302294,6.099557791094108,8.743837356567383,8.731493653729558,1.4335198806271097
256,0,NORMAL,5.487524823404616,2.659565747486633,6.098050397683345,8.746227264404297,8.745399598265067,1.4342661496741642
257,0,NORMAL,5.493314468176104,2.660732768069904,6.103769549168272,8.756056785583496,8.747004826553166,1.4345326629798199
258,0,NORMAL,5.487741651650518,2.658747972687641,6.097888914823769,8.740310668945312,8.73132700752467,1.4333338621006857
259,0,NORMAL,5.494452832351438,2.6619899542338286,6.1053421233684,8.74543285369873,8.735257892869413,1.4324230611459585
260,0,NORMAL,5.486138525004499,2.6596788452109243,6.0968522595845345,8.753328323364258,8.737756551243365,1.435712717099815
261,0,NORMAL,5.4830587855099004,2.6566464837518,6.09275833961828,8.71971607208252,8.719077016576193,1.4311606641908634
262,0,NORMAL,5.48730882775411,2.6564605767725626,6.096502355211142,8.731571197509766,8.713561289012432,1.432226330569073
263,0,NORMAL,5.488874839281663,2.657019315619436,6.09815534771574,8.7521333694458,8.745331840589643,1.4352099725901857
264,0,NORMAL,5.4884356904586316,2.6588707939962086,6.098567063455655,8.756007194519043,8.753798065008596,1.4357482837218474
265,0,NORMAL,5.485682996281889,2.657629707650936,6.095548670848674,8.737749099731445,8.734092293772846,1.4334639212248141
266,0,NORMAL,5.492023007720709,2.65770066852453,6.101285894039826,8.740942001342773,8.719276305288076,1.4326393080320254
267,0,NORMAL,5.487695089970716,2.6574222568435633,6.097269097854894,8.74099349975586,8.736910480074584,1.433591557051511
268,0,NORMAL,5.487523540912662,2.656680109608842,6.0967912722071995,8.744959831237793,8.741609055083245,1.4343544728359852
269,0,NORMAL,5.486834156350232,2.6577544259830006,6.096639045254673,8.749848365783691,8.743317547254264,1.4351921281274063
270,0,NORMAL,5.483947348931804,2.6589953355097307,6.094582407361366,8.742815971374512,8.725424446165562,1.4345225623357667
271,0,NORMAL,5.485577787597664,2.6555973565112727,6.094568153995371,8.752449035644531,8.74255121871829,1.4361065155874504
272,0,NORMAL,5.4870528769651425,2.6569505475323085,6.096485502865047,8.744512557983398,8.729708776809275,1.4343530471570727
273,0,NORMAL,5.48232292043278,2.6591936263657563,6.0932073119504855,8.734457015991211,8.730332137551159,1.4334744525859962
274,0,NORMAL,5.487049055330223,2.6580208314559446,6.096948587289714,8.750154495239258,8.748672456713393,1.4351694737070069
275,0,NORMAL,5.4869063205344135,2.657235920739223,6.096477975748565,8.746512413024902,8.744572831084952,1.434682852594239
276,0,NORMAL,5.484394068547874,2.6570937516120927,6.0941550278918175,8.744484901428223,8.74434370326344,1.4348970220492154
277,0,NORMAL,5.484816159753362,2.6575957649347703,6.094753773212733,8.750839233398438,8.746983112534508,1.435798648972426
278,0,NORMAL,5.484971006476204,2.6578339336236136,6.0949969778996405,8.739648818969727,8.738336356938817,1.4339053572396427
279,1,ARC,5.150603623246367,2.76900317093923,5.847742833305011,8.730911254882812,8.73061294638319,1.493039537436071
280,1,ARC,3.4604290689872577,2.7002777709795693,4.389313087709557,7.025938510894775,7.025692792609334,1.6006920377969822
281,1,ARC,4.033943787963828,2.714551673370433,4.862251872522666,7.369847774505615,7.3691945150494576,1.5157272736432597
282,1,ARC,3.686611619282281,2.8679411913522874,4.670780653004624,7.550788402557373,7.548319340450689,1.616600941793337
283,1,ARC,3.3128896089492192,2.4930577195469246,4.1461517524176825,6.459650039672852,6.459367557865335,1.5579868816683167
284,1,ARC,3.445773832549807,2.512234312387779,4.2643497212850034,6.6711201667785645,6.668573594652116,1.5643933079598156
285,1,ARC,3.061051375878509,2.464260246950018,3.929709161053255,6.27006196975708,6.2679270000662655,1.5955536943799056
286,1,ARC,3.9999955258973934,3.089779431671267,5.054374456208996,7.795515537261963,7.795199430634966,1.5423304317482136
287,1,ARC,3.4099634796860627,2.7488244697123934,4.379941426330071,7.13921594619751,7.135111212264746,1.629979776277378
288,1,ARC,3.9680288579311456,2.867263067399363,4.895554158115989,7.329848766326904,7.328772886074148,1.4972459765714718
289,1,ARC,3.8857091812004803,2.992964338301947,4.9047498785578165,7.71081018447876,7.707374009536579,1.5721107855444878
290,1,ARC,3.76387459113705,2.973037351143688,4.796426068345323,7.680146217346191,7.6788085147272795,1.6012226828705605
291,1,ARC,3.9779825851438217,2.953744160170993,4.954689698805746,7.470622539520264,7.469984946015757,1.5077881751749147
292,1,ARC,3.890519199353177,2.847426187937008,4.821200632237282,7.394357204437256,7.3905139728449285,1.5337169656442815
293,1,ARC,3.8101154942995636,2.8370814862688545,4.750369610844097,7.33928918838501,7.338668802345637,1.544993293075754
294,1,ARC,3.953719335668371,3.0142523977398556,4.971681214892847,7.719749927520752,7.719115517102182,1.552744352231589
295,1,ARC,3.620666246946086,2.7239690464230586,4.530919491410723,7.457502365112305,7.455712718539871,1.6459136780623698
296,1,ARC,3.642289907428203,2.6823796393654677,4.523431916082718,7.473934173583984,7.473015273688361,1.6522707343092708
297,1,ARC,3.37730273344554,2.4954053295211547,4.199192959598463,6.692887783050537,6.690285818418488,1.5938509726617867
298,1,ARC,4.000533913592575,2.8094286954485286,4.888472275528822,7.431525230407715,7.430306848487817,1.520214253358692
299,1,ARC,3.438833778273116,2.5708071306612577,4.2935564579554475,6.790555953979492,6.790527218059651,1.5815690373413869
300,1,ARC,3.4202879897392706,2.5716326789671182,4.279213078158915,6.672168731689453,6.671445547661278,1.5592046037025296
301,1,ARC,3.438675226432446,2.542422589426196,4.2764938835575155,6.985299110412598,6.9845690334332176,1.6334173041308526
302,0,NORMAL,5.496877150929999,2.6562728042304373,6.105034285154386,8.774384498596191,8.772037293296307,1.4372375467133518
303,0,NORMAL,2.8451380261238666,3.0225157478841282,4.150953123549285,8.232926368713379,8.215262880548835,1.9833821591494607
304,0,NORMAL,0.30023879419846344,0.2968180207768103,0.42218985184346897,0.8895384073257446,0.8895095375337405,2.1069630249084
305,0,NORMAL,0.29450763762988935,0.2959078056242435,0.41748793761220615,0.8862146735191345,0.8862048869777936,2.122731206529652
306,0,NORMAL,0.29533415003170377,0.3009350079591555,0.42164456499559655,0.9040065407752991,0.9039134692138759,2.1440014074051685
307,0,NORMAL,0.29240592121021475,0.29724131706582546,0.41695757977259623,0.8944258689880371,0.8941250177740585,2.1451243780622633
308,0,NORMAL,0.2919984019097137,0.29764654710734056,0.4169610697927913,0.8891295194625854,0.8890955060815031,2.1324041592286735
309,0,NORMAL,0.19381789811662747,0.1887615274148267,0.2705481322469733,0.5816892385482788,0.5815959123210632,2.150039749737678
310,0,NORMAL,0.1930655684279991,0.1886403229522326,0.2699249620838151,0.6162499785423279,0.6161404813392437,2.2830418268280592
311,0,NORMAL,0.19733739747824255,0.20367343396172147,0.2835928704062315,0.6363233327865601,0.636294040525172,2.24379171406905
312,0,NORMAL,0.17862156647545271,0.17286428913792806,0.2485713709768399,0.6614477634429932,0.6614400184025726,2.6609973660426975
313,0,NORMAL,0.18980772238477947,0.19374970930797078,0.27123038423786655,0.6692835092544556,0.6692684199642827,2.4675830885801497
314,0,NORMAL,0.16036014375334343,0.1671410793200417,0.23162796916793413,0.7886733412742615,0.7886322954691423,3.404914113383519
315,0,NORMAL,0.17695035030366854,0.17599866498311492,0.24957354937659107,0.6510969400405884,0.6509552373318002,2.608837922395868
316,0,NORMAL,0.17807178745175042,0.17916862274415435,0.25260830719178357,0.7740546464920044,0.7739380562197766,3.064248579538328
317,0,NORMAL,0.16315059221794945,0.17112339479147878,0.23643462518427358,0.7613936066627502,0.7611303890298586,3.220313463264239
318,0,NORMAL,0.159866366014674,0.16920195852122655,0.23278006304268536,0.7838317155838013,0.7837922530416108,3.3672630952078935
319,0,NORMAL,0.17487794576837767,0.1789151157455846,0.25018576010321525,0.6535818576812744,0.6534692765781074,2.6123863221137618
320,0,NORMAL,0.17252695920727273,0.17396584489414366,0.245009523984357,0.5273807048797607,0.52737130317837,2.1524906309904597
321,0,NORMAL,0.1649914289319131,0.15994975963904218,0.22979577287143882,0.5851030945777893,0.5849356630642433,2.546187370057195
322,0,NORMAL,0.16859758665176924,0.1787025629677013,0.24568221798906423,0.8551961779594421,0.8548955892038066,3.480903847902857
323,0,NORMAL,0.17103716304711997,0.18309940248742476,0.25055758287160074,0.861893355846405,0.8617643250036053,3.439901303198977
324,0,NORMAL,0.1624523844656069,0.17114332062477974,0.23596782283404133,0.827694296836853,0.8275255465996452,3.50765747166714
325,0,NORMAL,0.16743527243880807,0.17393898046585798,0.24143185245977797,0.7515856623649597,0.7515840089037056,3.1130344016648435
326,0,NORMAL,0.16685910757369857,0.18025498043248575,0.24562943583985802,1.009497880935669,1.009434598207008,4.1098408156334605
327,0,NORMAL,0.15358018413255922,0.16552172552142405,0.2257970650335837,0.7346758842468262,0.7345531864266377,3.253699883732124
328,0,NORMAL,0.15799786586926712,0.16877544236945666,0.23118926351854818,0.6948689222335815,0.6948177373160433,3.0056279935241568
329,0,NORMAL,0.14309914279541408,0.15310983518029983,0.20957095766761408,0.6021497249603271,0.6021167109720409,2.8732498608674346
330,0,NORMAL,0.17700175990798744,0.18248455276644196,0.2542247726105644,0.7332547307014465,0.7332186580315465,2.8842772605197164
331,0,NORMAL,0.1300660835786948,0.1506457803181491,0.19902597123281188,0.7380104064941406,0.7379612340773747,3.7081110667252983
332,0,NORMAL,0.2890362738871918,0.2895761523534105,0.4091409483715818,0.8482548594474792,0.8481304352317238,2.0732582813419453
333,0,NORMAL,0.2943640459092567,0.29459520171571674,0.41645710991408325,0.858819842338562,0.8587408875173423,2.0622047790605373
334,0,NORMAL,0.29544606262661544,0.2990578103495744,0.42038547769000295,0.8850207924842834,0.8849215822192491,2.1052601468238823
335,0,NORMAL,0.2927327511495387,0.29665540015778075,0.41676958866782826,0.8899821043014526,0.8899543324041588,2.13542957187978
336,0,NORMAL,0.2988479412153101,0.3001937025855638,0.42358747743607744,0.8998433351516724,0.8998041990198544,2.1243388510876495
337,0,NORMAL,0.2945014584956843,0.29814706340184666,0.4190737172279241,0.8972607851028442,0.8972137732016563,2.141057165402825
338,0,NORMAL,0.29183581337535724,0.29863516189576644,0.4175537113821011,0.9007024168968201,0.9006785509191104,2.157093548313817
339,0,NORMAL,0.28963107485214457,0.2975400186492239,0.41523032429940504,0.8925816416740417,0.8925662623569224,2.149606108802494
340,0,NORMAL,0.2932054203655134,0.3025787931778514,0.4213351927060952,0.9116991758346558,0.9115996227337746,2.1638334314755823
341,0,NORMAL,0.28793175398275345,0.29844190378877733,0.41469538807256423,0.9002628326416016,0.9001609611295862,2.170901482232235
342,0,NORMAL,0.29037598039302975,0.29858503925312907,0.4164987822971465,0.906723141670227,0.9066956269380171,2.177012707382504
343,0,NORMAL,0.2880703265176057,0.29610601589024504,0.41311413152584603,0.9033753275871277,0.9033738443908987,2.186745159867786
344,0,NORMAL,0.29212659924432227,0.29918089234625395,0.41814729023533526,0.9019495844841003,0.901915108996036,2.1570140607068837
345,0,NORMAL,0.2951845231897605,0.2999242435703193,0.42081879070687245,0.9109585881233215,0.910723383363802,2.1647288767527093
346,0,NORMAL,0.2911365209775353,0.2996639784470566,0.41780255363702706,0.9159498810768127,0.9159484735106389,2.192303213810798
347,0,NORMAL,0.29145351002069403,0.2997007850540086,0.4180498882494431,0.8971273899078369,0.8971019072905619,2.1459816522484907
348,0,NORMAL,1.6148445077242795,2.419381859048712,2.908802393429515,8.749702453613281,8.749584124918329,3.008008544470864
349,0,NORMAL,3.102997366811891,4.179176085814666,5.205199843875998,12.996820449829102,12.996672489636694,2.496891731279073
350,0,NORMAL,4.684306874947426,5.464249748198043,7.1972742207979055,15.624259948730469,15.624198266224994,2.1708579483578894
351,0,NORMAL,6.484241720413324,5.185763597877582,8.30286304727598,14.681488037109375,14.677384763490409,1.7682440326323468
352,0,NORMAL,4.525486035043373,3.6772187817688287,5.8311201172987355,10.468435287475586,10.464059795252979,1.795270047073749
353,0,NORMAL,3.481679272109992,2.828552286644402,4.485844245191939,8.022640228271484,8.021340700681321,1.7884348608114042
354,0,NORMAL,2.8732506842964214,2.313466355195555,3.688861080527655,6.637360572814941,6.636525107023772,1.7992980564791377
355,0,NORMAL,2.485255609803833,1.9755089660935707,3.174764734776029,5.745848655700684,5.733907964080572,1.8098502206356522
356,0,NORMAL,2.22065541220305,1.7429931185376608,2.823001146123809,5.115906715393066,5.11438642826397,1.8122226845063762
357,0,NORMAL,2.0298216347539566,1.5744867878827213,2.5688877971084048,4.655482292175293,4.654275003238581,1.8122559877529894
358,0,NORMAL,1.8857081386391072,1.4441671403787655,2.375187132307589,4.328786373138428,4.328074965393171,1.8225032942700559
359,0,NORMAL,1.7827561902031301,1.34992852128751,2.236185736090154,4.005827903747559,4.0013621635735035,1.7913663606277737
360,0,NORMAL,1.6900295274269301,1.2682029776342054,2.1129454787228084,3.8245961666107178,3.822180953575298,1.8100780191084411
361,0,NORMAL,1.617410262514837,1.199377968833082,2.0135847311227018,3.6633083820343018,3.6569968666881323,1.819296861668083
362,0,NORMAL,1.5589019640808692,1.1439122153071182,1.9335745369506783,3.4630355834960938,3.462205454125069,1.791001855536138
363,0,NORMAL,1.5068668297813275,1.0957554666741738,1.8631499363823525,3.349513292312622,3.347925476846285,1.7977690506306307
364,0,NORMAL,1.4625257164579817,1.055899698145717,1.803858543191552,3.2462501525878906,3.2437739255838096,1.7996145899801694
365,0,NORMAL,1.427604759840993,1.0232471338982803,1.7564424406600134,3.187472105026245,3.185737006831914,1.8147318871596485
366,0,NORMAL,1.3921971528573194,0.9901042751424541,1.708367462836784,3.0909547805786133,3.089558095554821,1.8093032370483169
367,0,NORMAL,1.3641733270795557,0.9668952749924156,1.6720811401119156,3.019021511077881,3.0189853643059905,1.805547254050011
368,0,NORMAL,1.3410144993716677,0.9433201197610849,1.6395648007538803,2.925841808319092,2.9254543797287624,1.7845234338854887
369,0,NORMAL,1.3226920052456552,0.9266701400890015,1.615002070981131,2.9171230792999268,2.9161478260648437,1.8062658443080157
370,0,NORMAL,1.3057070206376666,0.9101358354466696,1.5916086399321596,2.870422840118408,2.8699886673421133,1.8034727684317902
371,0,NORMAL,1.2921858788505196,0.8958666033159902,1.5723617002578063,2.8344621658325195,2.8307794923894107,1.802678203983077
372,0,NORMAL,1.2779757705895463,0.882432180254829,1.5530320740291346,2.7904508113861084,2.7896676271921024,1.7967760344747137
373,0,NORMAL,1.2650083163888777,0.8718675736491246,1.5363590421883273,2.7541956901550293,2.753223915991839,1.792677111615827
374,0,NORMAL,1.2533281648824923,0.861374434211914,1.52078841552716,2.724452495574951,2.718376556877047,1.7914737301773553
375,0,NORMAL,1.242165993637871,0.8515044557268795,1.5060000643668938,2.689215898513794,2.68449239525944,1.785667850980014
376,0,NORMAL,1.2355662433422985,0.8448020790673295,1.4967680162548511,2.672252655029297,2.671781907149125,1.7853485817499581
377,0,NORMAL,1.223579828736838,0.835700004682715,1.4817361759498078,2.629765748977661,2.628113495418802,1.7747867614097732
378,0,NORMAL,1.2181301474559587,0.8297152267668724,1.4738617349228789,2.6338701248168945,2.6335153428371996,1.7870537394436894
379,0,NORMAL,1.2134422525700648,0.8250907087989678,1.4673843320918674,2.6357061862945557,2.634328087326139,1.796193491133408
380,0,NORMAL,1.2078173255255096,0.8180191557640308,1.4587590723064903,2.592106342315674,2.591556452389341,1.7769256017151702
381,0,NORMAL,1.1838263844720787,0.8298627536198823,1.4457237282474846,2.6067099571228027,2.605083434842527,1.8030484705972647
382,1,ARC,0.46943516384960093,0.396128401776243,0.6142369931486562,1.7241339683532715,1.7240547692490509,2.806952345079614
383,1,ARC,0.4702292471767141,0.494660641712655,0.6824988610686137,3.258255958557129,3.258190171174647,4.774009371173978
384,1,ARC,0.3417800599884688,0.4444917523047488,0.5607018167196067,5.039480209350586,5.039478003990325,8.987807884829285
385,1,ARC,0.3230562203841746,0.43154133519088755,0.5390670139298475,4.365393161773682,4.365372965368806,8.098052837530476
386,1,ARC,0.40464326429809444,0.5030114542648155,0.6455669558329501,6.638218879699707,6.637651739700232,10.282773645275368
387,1,ARC,0.19306653028493748,0.2914599958772118,0.3496049403441104,4.725613117218018,4.725472561709466,13.517008977523814
388,1,ARC,0.1632189709336726,0.4034125434615921,0.435180551834291,5.175371170043945,5.175359361937808,11.892468880398484
389,1,ARC,0.14642431395525637,0.46375292021888515,0.48631970012411707,8.919795989990234,8.91963225082145,18.341424350512124
390,1,ARC,0.2815214560645727,0.6210389542265731,0.6818678118899238,10.10311508178711,10.103081642733741,14.816823591928237
391,1,ARC,0.2925549147358943,0.5775393167311939,0.6474102567201577,8.940850257873535,8.940830331037432,13.810177032363894
392,1,ARC,0.21210239473116235,0.43491106011582514,0.48387504178430685,6.47513484954834,6.474882338749012,13.381832684882948
393,1,ARC,0.2790411425537277,0.6099034007235602,0.6707056861633525,8.302301406860352,8.302263883593696,12.378456867351353
394,1,ARC,0.2869573628399412,0.4042108344713687,0.4957125445175802,5.835990905761719,5.83595078099097,11.77293366953466
395,1,ARC,0.28177438534424437,0.4367604640173689,0.5197658195426034,6.833178997039795,6.833081560012943,13.146649395016063
396,1,ARC,0.3172101293501637,0.47296284971074776,0.5694875972037133,7.487359046936035,7.487341788129925,13.147536634160808
397,1,ARC,0.15703437875612145,0.5081323598673136,0.5318442358958553,7.577211380004883,7.577095752414607,14.247049922881251
398,1,ARC,0.14464198086070246,0.4718904439792185,0.49356042562812086,8.707484245300293,8.707143976149382,17.64218481297172
399,1,ARC,0.3208828930836753,0.5196256549123117,0.6107181447417445,5.960046291351318,5.959695437428309,9.75907845978877
400,0,NORMAL,2.407093113227282,1.895741661234486,3.0639735152064054,5.542294025421143,5.5398822533898056,1.8088583331138175
401,0,NORMAL,2.153953913631616,1.6804149995432873,2.7319063001389745,4.9700846672058105,4.96815212094225,1.8192734746989594
402,0,NORMAL,1.97670375366183,1.5216689689754288,2.4945609194572724,4.50221061706543,4.49804814113304,1.8048108514603645
403,0,NORMAL,1.8405930972516071,1.4000996799431489,2.3125877417791463,4.180911064147949,4.180498813511804,1.8078929454721762
404,0,NORMAL,1.7303505682114628,1.3025091546872134,2.1657892757500052,3.87996506690979,3.8794984882115386,1.7914785664298627
405,0,NORMAL,1.6452843044663896,1.2243780590392452,2.0508686145095107,3.6817643642425537,3.681424133654218,1.7952219553192055
406,0,NORMAL,1.575539613059722,1.1626971415214777,1.9581087087346793,3.547658920288086,3.5431152265518904,1.8117783269451708
407,0,NORMAL,1.5215027397265657,1.1081015695690908,1.8822485689931943,3.3960728645324707,3.391624817624688,1.8042637515984479
408,0,NORMAL,1.4700824351941701,1.0642870740291783,1.814896510055604,3.267063856124878,3.265733450418338,1.8001378249522244
409,0,NORMAL,1.4288152256433386,1.0251908635258937,1.7585588576124465,3.1940548419952393,3.1930656970944256,1.816291122795703
410,0,NORMAL,1.3924161106985993,0.9912996639657827,1.7092389093136418,3.078702688217163,3.0722864512354136,1.8012126165870166
411,0,NORMAL,1.3646733345326503,0.965163860374472,1.6714887338410078,2.9987521171569824,2.9977141523268074,1.79406062179431
412,0,NORMAL,1.3399083432612824,0.9410706266656185,1.6373662671235214,2.9347784519195557,2.9338279052753933,1.792377497232364
413,0,NORMAL,1.3193877220989672,0.9223918986626158,1.6098418481154995,2.9192299842834473,2.9178955734241754,1.8133644542168745
414,0,NORMAL,1.2970922697872156,0.9021069628237052,1.5799510526332012,2.855027198791504,2.853925780742429,1.8070352205109244
415,0,NORMAL,1.2816404753687094,0.8865635254987496,1.5583957112518318,2.789546489715576,2.78905396675691,1.7900116572284344
416,0,NORMAL,1.2640214078206335,0.8706998473442136,1.5348838208783404,2.7371528148651123,2.736081807874143,1.7832964147727943
417,1,ARC,0.16436295875054202,0.5578162248393289,0.5815274051179644,9.153347969055176,9.153334413218545,15.740183331855864
418,1,ARC,0.20224768559314543,0.5197307588112715,0.5576954258215894,6.216687202453613,6.216556292944006,11.147100934699749
419,1,ARC,0.16460925548172237,0.40908865398017064,0.44096454937506563,6.600459098815918,6.600379878880631,14.968230684689006
420,1,ARC,0.15606145925764575,0.43430795251145293,0.4614960202215359,6.363000869750977,6.362517376051983,13.787769755189851
421,1,ARC,0.2868383678201499,0.5050364647131007,0.5808081266163849,5.571845054626465,5.5717092124104965,9.593262902649752
422,1,ARC,0.13696393185323177,0.5113595723076966,0.5293842940807812,7.300212860107422,7.30016388337026,13.79000650705638
423,1,ARC,0.1218520209274102,0.3804130642270951,0.39945214286412584,6.086491107940674,6.086445320066559,15.237097150861954
424,1,ARC,1.128466344571956,1.1906782973293066,1.6404728277428462,7.333632469177246,7.333551935160358,4.470438245092857
425,0,NORMAL,1.6610688634787403,1.238017791596404,2.0716751245134435,3.76961088180542,3.7695711236847274,1.819595571333008
426,0,NORMAL,1.5862946178147104,1.1721223594296135,1.9723593587332817,3.557668447494507,3.554180398816243,1.803762804045692
427,0,NORMAL,1.5271575090611587,1.117223536005836,1.892194093344355,3.4040606021881104,3.402688304078765,1.799001811791733
428,0,NORMAL,1.4708375101083366,1.0680819173521183,1.81773539419693,3.2951877117156982,3.2950592945271637,1.8127983436068273
429,0,NORMAL,1.4349601379914676,1.0265557801661402,1.7643489925230225,3.1723461151123047,3.169916052138433,1.79802642705956
430,0,NORMAL,1.3926747615670902,0.9906450589585032,1.7090701051580206,3.0866751670837402,3.08650318250875,1.8060553266762256
431,0,NORMAL,1.36427822274348,0.9631821109608478,1.670022409408659,2.992940664291382,2.992005252453964,1.792155989901451
432,0,NORMAL,1.335915867438467,0.9392447962843147,1.6330499050001612,2.9189393520355225,2.9187343119556317,1.7874158916381886
433,0,NORMAL,1.3148469899222255,0.9187240485974884,1.6040188541220135,2.8651130199432373,2.8601032458245754,1.7862090664211705
434,0,NORMAL,6.860876671801321,5.421845977320553,8.744600763182653,15.652268409729004,15.649071346502751,1.7899351649797057
435,0,NORMAL,3.9453196697481907,3.1959100750530527,5.077340692166282,9.095837593078613,9.094180336105637,1.7914570135331636
436,0,NORMAL,2.6889885218618437,2.1986709248573555,3.473443983500791,6.411989688873291,6.41012522066012,1.8460034822299964
437,0,NORMAL,2.0951861858123446,1.7154935576900476,2.707900164277653,5.044777870178223,5.042355964193121,1.8629851782308764
438,0,NORMAL,1.7758358387986664,1.4529542613396111,2.29448665542136,4.574483871459961,4.571305287769064,1.9936851062748508
439,0,NORMAL,1.5740364022619324,1.267139945535244,2.020701422085101,4.033156871795654,4.032083494705148,1.9959192524514389
440,0,NORMAL,1.4495844558826647,1.1686267396822378,1.8619837677694666,3.847442150115967,3.846167357871309,2.066313475291435
441,0,NORMAL,1.3608050950933248,1.102523667853079,1.7513848649021033,3.6173880100250244,3.615692845080048,2.06544437063365
442,0,NORMAL,1.2544752523846692,0.9686968017733961,1.5849547793585739,3.113997459411621,3.112842239555903,1.964723221107826
443,0,NORMAL,1.1854129347363487,0.8908770429784276,1.4828572863044611,3.2344601154327393,3.22986255120486,2.181234934275825
444,0,NORMAL,1.128835104619735,0.8233741537783889,1.3972164079097145,2.573795795440674,2.573481593397446,1.8420881553281814
445,0,NORMAL,1.0947694650446065,0.794535816973671,1.3527037170230858,2.504194974899292,2.5030628842068836,1.851251640241153
446,0,NORMAL,1.076277856456465,0.8005110125015442,1.3413395936282395,2.9812705516815186,2.979438597452827,2.2226068371077967
447,0,NORMAL,1.043937387604965,0.7622815842293397,1.2926246488809776,2.5157792568206787,2.5134719910565764,1.9462566020217729
448,0,NORMAL,0.9980476464648528,0.7058882318826045,1.222447258790489,2.2644052505493164,2.2643569246138213,1.8523541480143355
449,0,NORMAL,0.9817115410561673,0.7023927867871724,1.207109430322506,2.595397472381592,2.5925627145916224,2.1500929469900454
450,0,NORMAL,0.9408335966448267,0.6411833164696223,1.138544642029738,2.057586193084717,2.0575642242129106,1.8072073040689554
451,0,NORMAL,0.9255965984200593,0.6289008953856201,1.1190377112607148,2.0368072986602783,2.035397481173277,1.8201417862545477
452,0,NORMAL,0.899301518780936,0.6118598883502244,1.087711241393435,1.9737000465393066,1.9731703795841895,1.8145441284681931
453,0,NORMAL,0.882238125684511,0.5919890203560545,1.0624476978343171,1.9362900257110596,1.9361333341075806,1.8224803250625645
454,0,NORMAL,0.8795802732079756,0.5856368383176361,1.0567080786155152,1.9171018600463867,1.9146464301738888,1.8142208797704547
455,0,NORMAL,0.8730882122043986,0.580643467170678,1.0485370104380003,1.865053653717041,1.862749514868483,1.7787199070235595
456,0,NORMAL,0.8612778387255967,0.566511281332865,1.0308901723060702,1.8343167304992676,1.83275941608008,1.779352233415861
457,0,NORMAL,0.8489884644612321,0.5583515848758759,1.0161387233648973,1.8257746696472168,1.824984452163335,1.7967769829706388
458,0,NORMAL,0.8390714356339304,0.5479999558364141,1.0021700582703001,1.802600622177124,1.801646436448209,1.7986973441297285
459,0,NORMAL,0.832762016251043,0.542903254436695,0.9941008597664811,1.7645000219345093,1.7642490868456662,1.7749708237341215
460,0,NORMAL,0.8337448558010656,0.5563295114552816,1.0023138280452943,2.2285256385803223,2.2284549153846456,2.223381116996438
461,1,ARC,0.789745870775354,0.5798213909221629,0.9797404685821821,1.7577757835388184,1.7576285810064292,1.7941238929147831
462,1,ARC,0.2664012900384205,0.28011663570853584,0.38656820476444154,1.7809274196624756,1.7809019639589678,4.607019919674196
463,1,ARC,0.16396858435472678,0.2477481176369023,0.29709396905343183,2.051830768585205,2.0517444625729695,6.9063359822568025
464,1,ARC,0.26600937413360953,0.3392081795051959,0.4310721240931543,2.689939260482788,2.689905577870377,6.240114148279963
465,1,ARC,0.3178445836379542,0.3226531158585723,0.45291302975431136,2.343780279159546,2.343229755759239,5.174901416351304
466,1,ARC,0.2880669225997699,0.30989565262676577,0.42310503118383136,2.8041203022003174,2.803798268956598,6.627480402098974
467,1,ARC,0.2339735216426343,0.33041753281912695,0.4048695528489826,2.7461342811584473,2.7459390756703215,6.782763143917524
468,1,ARC,0.08469308941497002,0.20829334349471954,0.22485336630537986,2.4467742443084717,2.4467355935485102,10.881643821980575
469,1,ARC,0.2549883976104029,0.28899838902961333,0.3854077733746851,1.719335675239563,1.7190719874633942,4.461081986449874
470,1,ARC,0.16357798925618228,0.3144932323637174,0.35449083453832037,2.678584337234497,2.6785542864981835,7.556145536803555
471,1,ARC,0.10314246975253263,0.20425821580795825,0.2288226120638049,2.4095144271850586,2.4094619685456564,10.530053850242693
472,1,ARC,0.07929278428920225,0.17224635422372778,0.189621075262482,2.205507278442383,2.205456759838853,11.631129479618341
473,1,ARC,0.10281655848445007,0.27400624842178717,0.2926613552773384,3.191568613052368,3.1915430982771795,10.90532984796678
474,1,ARC,0.21881396657021832,0.33015231770419834,0.39608093219902235,2.240422248840332,2.240103889722377,5.6564759035523755
475,1,ARC,0.3224583199909084,0.3462275406411485,0.47313093116998517,3.048773765563965,3.0487590220891434,6.443826781784871
476,1,ARC,0.22077691237523503,0.32872805836271524,0.39598558230428405,2.2882227897644043,2.2881976190128626,5.778550765532882
477,1,ARC,0.1270926307954869,0.3238771187384548,0.34792086003118744,3.666477680206299,3.6664556646646815,10.538251945794908
478,1,ARC,0.2621664292692731,0.30365604069938995,0.4011710703540702,2.2859225273132324,2.285768861096585,5.698124057888064
479,1,ARC,0.2296562754329352,0.3651042351106689,0.4313271465389986,3.728771448135376,3.728673184843501,8.644880059266656
480,1,ARC,0.08748712521959533,0.16777935408967196,0.18921920816327467,2.765164613723755,2.7650702700702823,14.613551343781822
481,1,ARC,0.13044860242588038,0.25884272591822644,0.2898558169774129,2.8401291370391846,2.8399585978331743,9.798420354836288
482,1,ARC,0.2925404175170988,0.3574394982402122,0.4618905614788996,2.927788257598877,2.9274049196683336,6.338705532809693
483,1,ARC,0.24020052713701354,0.34953516892341296,0.42411216388028533,1.8839930295944214,1.8839799997285809,4.442204657271321
484,1,ARC,0.17434492817935096,0.2515174242429912,0.30603458739118344,1.8364120721817017,1.83634806379996,6.0006683814282065
485,1,ARC,0.27330516587673265,0.39458415127186414,0.4799920479860534,2.863712787628174,2.863663647094654,5.966167147234451
486,1,ARC,0.12027480738289888,0.2665573354874182,0.2924360483817709,2.8785626888275146,2.8784357274271315,9.84339210147442
487,1,ARC,0.09986016043425479,0.2532024665524956,0.2721829177414019,3.7771549224853516,3.7770193579344777,13.877266633147
488,1,ARC,0.14381889557770047,0.29546900967014866,0.32861194500603275,4.002032279968262,4.001921606031829,12.178596489834815
489,1,ARC,0.17294218323015229,0.2612509711721574,0.3133066687429538,1.8405814170837402,1.8405176254964317,5.874695947164177
490,1,ARC,0.10711083617061376,0.26312732036694203,0.28409279812880756,3.1150896549224854,3.114630388095975,10.96504267422543
491,1,ARC,0.08854331989767161,0.18455709503168843,0.2046979257956394,4.027533054351807,4.027506729398738,19.6754951897886
492,1,ARC,0.39966909030403214,0.6289679208138366,0.7452087138227337,2.7236111164093018,2.7236048131749158,3.654829936754041
493,1,ARC,0.08131528729622914,0.17553022822015324,0.19345034754966806,2.3230810165405273,2.3230615478405525,12.008668094763078
494,0,NORMAL,2.5072801406356158,2.190400688052818,3.329310570951291,6.279817581176758,6.278945062716957,1.8862216207670923
495,0,NORMAL,2.0934877162284975,1.708292099424698,2.702027519281854,5.180624485015869,5.180349149944959,1.9173100377574162
496,0,NORMAL,1.7641281057926825,1.422922468053468,2.266463395631849,4.217742919921875,4.215400383574888,1.8609358210023264
497,0,NORMAL,1.5536883800302312,1.207980627369189,1.9680357665297203,3.698078155517578,3.6979340622056043,1.8790706034974551
498,0,NORMAL,1.4182559927284746,1.122977730659686,1.8090132792403182,3.7920145988464355,3.7919677955069346,2.0961784207791245
499,0,NORMAL,1.3000658392049371,0.9774720501188329,1.6265370561506283,2.968738079071045,2.966258856933564,1.8251893295913448
500,0,NORMAL,1.2116972594554536,0.892927803508728,1.505167867997048,2.81007981300354,2.805279092863202,1.8669544259823725
501,0,NORMAL,1.1386653147274628,0.8260902777755549,1.4067636070067655,2.596558094024658,2.5955138362478465,1.8457671787155996
502,0,NORMAL,1.0909864530558697,0.7883772568667333,1.346027540541479,2.448359251022339,2.4420340447686613,1.8189518247430618
503,0,NORMAL,1.0467812061842705,0.7599548352872333,1.2935541137876845,2.6973793506622314,2.6969931074709166,2.0852466254882644
504,0,NORMAL,1.0029966381604318,0.7023392990362345,1.224452019121957,2.266075372695923,2.2639504459220916,1.8506853166209847
505,0,NORMAL,0.9759409034787677,0.6724961307401153,1.1852053378817442,2.1952321529388428,2.192611231934279,1.852195634608149
506,0,NORMAL,0.9668660664692288,0.6788722339962923,1.1813964197426687,2.348511219024658,2.3466855144361034,1.9879112377335713
507,0,NORMAL,0.927547307721863,0.6277662083315688,1.1200153661379253,2.04278302192688,2.04228104458889,1.8238883891127968
508,0,NORMAL,0.9120375599216204,0.6216698454161449,1.1037598957234842,2.2346644401550293,2.2323011197149754,2.0245928927235286
509,0,NORMAL,0.8887328768543666,0.5950963003319045,1.0695726871375124,1.9515398740768433,1.9509608263033442,1.8245977085481975
510,0,NORMAL,0.8754781583079347,0.5820877137246183,1.0513268341212483,1.8572412729263306,1.8571984984700975,1.766568884811835
511,0,NORMAL,0.8683526027831249,0.575072039019407,1.0415104861796476,1.8473607301712036,1.8433032813481987,1.7737322424352018
512,0,NORMAL,0.8540446167197661,0.562688040934276,1.0227463218014845,1.8030234575271606,1.8023551775841042,1.7629234337907775
513,0,NORMAL,0.8477651527074631,0.5567951924286628,1.0142616232791122,1.798392415046692,1.7977600704180077,1.7731050586657133
514,0,NORMAL,0.8365472047217191,0.5439934401608171,0.9978677711328903,1.7981855869293213,1.795693064108491,1.8020279228858362
515,0,NORMAL,0.831140188644058,0.5360694734939988,0.9890219884266545,1.7597498893737793,1.7584774458082393,1.779282877394067
516,0,NORMAL,0.8223939683198387,0.5320469923659602,0.9794926447985793,1.744493842124939,1.7444783526316314,1.7810178069113247
517,0,NORMAL,0.8239572541505331,0.5360744579771721,0.9829961246936861,1.7433212995529175,1.7419851719168946,1.7734772861858008
518,0,NORMAL,0.8165303351471084,0.5250379287397299,0.9707659938578168,1.7293074131011963,1.7286012445692904,1.7813844160619405
519,0,NORMAL,0.808528021588776,0.5157347049215029,0.9590098266205253,1.7171413898468018,1.7169855960237328,1.7905357611379982
520,0,NORMAL,0.9283115464265574,2.2260449693090587,2.411853754400344,10.636643409729004,10.636623609403614,4.410152726019484
521,0,NORMAL,1.6595715007954714,2.8924779993084595,3.33475734390615,10.639829635620117,10.639751794362382,3.190585862285623
522,0,NORMAL,1.7915707200488578,2.5662813951271546,3.1297804785499186,8.123717308044434,8.123677403254987,2.595618882448999
523,0,NORMAL,1.8054258152123948,2.164417380010816,2.818557249574368,5.926115036010742,5.926029712805757,2.1025349181414175
524,0,NORMAL,1.8716350327209492,1.8219357147862312,2.6119853453880566,4.495121955871582,4.495106529235272,1.7209598682506209
525,0,NORMAL,1.9322806013400404,1.4895646380716139,2.439776861376558,3.7051143646240234,3.7049867665336933,1.5186283726510725
526,0,NORMAL,2.0500930050462483,1.0410630919485087,2.2992811247772527,3.2662880420684814,3.263386103324592,1.4205692409121609
527,0,NORMAL,1.9083781637168504,0.9713212042159867,2.141348196233133,3.0199131965637207,3.0198219281664933,1.4102859132746743
528,0,NORMAL,1.8391501571404223,0.9369737833097461,2.0640719878723752,2.9069011211395264,2.906676720973337,1.4083332065060052
529,0,NORMAL,1.797994393060857,0.9162257600144639,2.0179825273753886,2.847593069076538,2.8470438212389126,1.4111088824838094
530,0,NORMAL,1.7760945847294642,0.9057036201490021,1.9936928102033011,2.819019079208374,2.818150893494021,1.4139686238427638
531,0,NORMAL,1.7650200680588606,0.8985186773286922,1.9805634688540044,2.7894527912139893,2.787996330182068,1.4084137343137129
532,0,NORMAL,1.7563770830567227,0.8952614127349385,1.971383639736061,2.7700917720794678,2.7690050965175033,1.4051510402360559
533,0,NORMAL,1.749643755533616,0.8926196221016875,1.9641850882843845,2.75846266746521,2.7572354174917564,1.4043802103571545
534,0,NORMAL,1.7472090132625309,0.890150936588384,1.9608947003689423,2.752645492553711,2.751188263995573,1.4037701728888352
535,0,NORMAL,1.7457393140694475,0.890509697376119,1.9597482679692746,2.76273775100708,2.7622302540694363,1.4097411367378716
536,0,NORMAL,1.7439005426999357,0.8877900356246258,1.9568751238092594,2.761315107345581,2.761057609517593,1.4110839643003874
537,0,NORMAL,1.7424368424314889,0.8880959253457505,1.9557097234708278,2.763740301132202,2.763386423175689,1.4131648822747325
538,0,NORMAL,1.739821852094632,0.8867890557318436,1.952786446693998,2.7493600845336914,2.7492511654345435,1.4079164105159916
539,0,NORMAL,1.739955248394981,0.8862917657490538,1.9526795334749159,2.753293514251709,2.7516817692667246,1.4100078722861658
540,0,NORMAL,1.7372689108159394,0.8861736940477347,1.9502325719025946,2.7299087047576904,2.728511427761987,1.399786232723241
541,0,NORMAL,1.7381332607302467,0.8852419253597683,1.950579528876336,2.74788761138916,2.747368225187529,1.4087544602562947
542,0,NORMAL,1.7340721289677312,0.8839557528057954,1.9463771272241002,2.7313270568847656,2.730104802758433,1.403287686996277
543,0,NORMAL,1.7345031255275827,0.8823443077576587,1.9460299509250352,2.739225387573242,2.738398058398161,1.4075967259759623
544,0,NORMAL,1.7366013867215953,0.8842041644469151,1.9487435389985606,2.760136842727661,2.758704067207873,1.416367411868915
545,0,NORMAL,1.7369243976944126,0.8855227161327942,1.949629924907109,2.7682530879974365,2.7675703656859696,1.4198864372320974
546,0,NORMAL,1.733432780467032,0.8835348684052566,1.945616372280404,2.7336232662200928,2.7327100471011363,1.4050165824910732
547,0,NORMAL,1.7356363723401738,0.8838337324513041,1.9477155037656195,2.7547223567962646,2.754563107562717,1.4143350768992786
548,0,NORMAL,1.7353244190693367,0.8850474537806216,1.9479886639459412,2.734856605529785,2.732155656442046,1.4039386656336725
549,0,NORMAL,1.7328058904829087,0.884944126086597,1.945698424830384,2.746142864227295,2.745900383568369,1.4113918319416277
550,0,NORMAL,1.7366936862784788,0.8851246142077254,1.9492435821712755,2.744382381439209,2.743825923593249,1.4079217223238067
551,1,ARC,1.661883663648041,0.8582184377787283,1.870400010276838,2.739001750946045,2.7383705633692443,1.4643935713733476
552,1,ARC,1.22035351654033,0.9455484469894366,1.5438019856628264,2.3787331581115723,2.378655234540929,1.5408278912727729
553,1,ARC,1.2202457271722087,0.9166108087960366,1.52616349369383,2.3856496810913086,2.3853612431848887,1.5631678329018555
554,1,ARC,1.1866642046221276,0.9319747752538114,1.5088899616078237,2.4296934604644775,2.4296572609418945,1.6102522531699235
555,1,ARC,1.0973405134398209,1.064373147924786,1.5287401350326641,2.645111322402954,2.645106901763029,1.7302556934219804
556,1,ARC,1.3149189937598713,1.052912637559758,1.68452871227638,2.677816867828369,2.6775201771815773,1.5896534433121736
557,1,ARC,1.0922478523138561,1.0564937700934969,1.5196000977660544,2.613307476043701,2.613021181168733,1.7197336851224823
558,1,ARC,1.0842098066390427,1.0100904333583531,1.481821037903814,2.504662036895752,2.504645909244573,1.6902594664459956
559,1,ARC,1.1766195921691687,1.017983464729856,1.5558676033453949,2.659641742706299,2.6594934324530186,1.7094267770519749
560,1,ARC,1.008956508454772,1.0388035605074346,1.4481388308018566,2.7090718746185303,2.709014374151593,1.8707266299312448
561,1,ARC,1.373230195424112,1.1493812364698501,1.7907647518235068,2.8457868099212646,2.8457188586035045,1.5891460936024377
562,1,ARC,0.984792712390521,1.0184139854052796,1.4166805328113126,2.585035562515259,2.5849771654939104,1.8247131252558542
563,1,ARC,0.9893320335414101,1.0519918002068542,1.444113783707378,2.7797558307647705,2.779649632218934,1.9248869875256551
564,1,ARC,0.957397757225117,0.950131764957707,1.3488368457012625,2.611467123031616,2.6112181075441185,1.936088216565518
565,1,ARC,1.2009611626451515,1.104313355619934,1.631507187107232,2.7820029258728027,2.7819263358105673,1.7051735645771038
566,1,ARC,0.6790810027729604,0.8605333466417648,1.0962064810105827,2.6456260681152344,2.6454843112442177,2.413437718116988
567,1,ARC,0.9593359905318648,1.002635344963722,1.3876610456809242,2.805096387863159,2.804919554910157,2.0214564620041635
568,1,ARC,1.141845108878828,1.0969768080638627,1.5834040451194014,2.7488245964050293,2.7487898442632286,1.7360222142149107
569,1,ARC,1.2967069344905102,1.1866664152967574,1.7577332150098983,2.8858718872070312,2.885831077408511,1.641814504364805
570,1,ARC,0.887504595806,0.9348049182714582,1.2890014130330807,2.375730514526367,2.375661981124722,1.8430782856445145
571,1,ARC,1.1799385766592823,1.16808303116261,1.660323165043108,2.8159797191619873,2.815914302744204,1.6960431429557716
572,1,ARC,1.0325863815005287,1.0247782965746983,1.454786992102588,2.6098222732543945,2.609742262895452,1.7939549139647217
573,1,ARC,1.0830416647534002,1.0685931369070258,1.5214698616261233,2.82340407371521,2.823221479629865,1.855708183859521
574,1,ARC,1.2249542423457933,1.2562203583459823,1.7545946781418964,3.261240243911743,3.2612074913013203,1.8586858176073884
575,0,NORMAL,1.939816923417442,0.9854245257684676,2.1757645075611283,3.069585084915161,3.068754388659727,1.4108075916524347
576,0,NORMAL,1.8455064413741928,0.9385594639050661,2.0704559624487073,2.9333744049072266,2.932413928792812,1.4167770085957077
577,0,NORMAL,1.794538246061158,0.9138823117077176,2.013839218067942,2.8598525524139404,2.8594935096625704,1.4200997412085636
578,0,NORMAL,1.7675908292274836,0.9011521997035784,1.9840495524557096,2.8100836277008057,2.809852445134311,1.4163374217255271
579,0,NORMAL,1.7516532866482157,0.8927000781241216,1.9660118682521497,2.7797226905822754,2.7791705774725415,1.4138890692727821
580,0,NORMAL,1.7430414954299485,0.8879090389307397,1.9561636220433047,2.756598472595215,2.756387996763806,1.4091860422779043
581,0,NORMAL,1.7391902554822154,0.8858790971042063,1.9518105746845562,2.7417967319488525,2.739661177387461,1.4047453003434878
582,0,NORMAL,1.7358308591313836,0.8848673427489359,1.9483580229968924,2.7324538230895996,2.7322728589351755,1.4024392800696044
583,0,NORMAL,1.733772888784297,0.8836327036131167,1.9459638189797035,2.7458178997039795,2.743748173583299,1.4110323495858472
584,0,NORMAL,1.73583852032898,0.8840680705460325,1.9480019820361805,2.7474007606506348,2.747248530620709,1.410368565322952
585,0,NORMAL,1.7338031796340947,0.8846041867978829,1.9464321290529605,2.740854024887085,2.7400790607207455,1.4081426133366652
586,0,NORMAL,1.731588411711389,0.8829307545402815,1.9436988308084775,2.7470879554748535,2.7464344883337617,1.4133300447231365
587,0,NORMAL,1.7319225494038546,0.8838145596855166,1.944398079881188,2.735623359680176,2.7343005570583045,1.4069255611728106
588,0,NORMAL,1.7315683730919846,0.8839468559148798,1.94414276090369,2.73837947845459,2.7367820668732747,1.4085279813411011
589,1,ARC,0.7552286510397389,0.9214129489999939,1.1913740545841045,2.4968345165252686,2.496701728188782,2.095760359156794
590,1,ARC,0.8614391868667435,1.0023059028358599,1.321625739583353,2.6071677207946777,2.607160171072792,1.972697445811396
591,1,ARC,1.0173229391528584,1.0337270721928542,1.4503577566624797,2.4904584884643555,2.490039593569236,1.7171339119772246
592,1,ARC,1.0284130201139197,1.0927101284047551,1.5005494875738588,2.6612048149108887,2.6609575688198674,1.773486870608725
593,1,ARC,1.0493632080837925,0.9852817239553793,1.4394246135315294,2.5992259979248047,2.5991802934295265,1.8057395805868446
594,1,ARC,0.9542855524971383,1.037529234967177,1.40965521639738,2.6877458095550537,2.6874154114630073,1.906668934566892
595,1,ARC,1.2252974214906862,1.139070469963248,1.6729719981679367,2.7477033138275146,2.747501485340763,1.6424084305275346
596,1,ARC,0.9246005976936286,1.0430533143485978,1.3938602805980984,2.6649322509765625,2.664738154519,1.9119077342766762
597,1,ARC,1.1405250940423266,1.1095885556893714,1.5912209944118647,2.6801950931549072,2.6801796737436234,1.6843638329103
598,1,ARC,1.219984210967028,1.202258381197536,1.7128300237234755,2.8716912269592285,2.8714236972446088,1.6765768857300478
599,1,ARC,1.3104152751826832,1.1476551708636447,1.7419243911956022,2.7995564937591553,2.7995484542670965,1.6071630364149316
600,1,ARC,1.0203642100535761,1.0268795571543343,1.447627281471215,2.7028424739837646,2.7028036454903486,1.867084510342249
601,1,ARC,1.0555662495534053,1.0460180376368535,1.486059838047545,2.717804193496704,2.7171932430937886,1.8288659204110398
602,1,ARC,1.2287993325830757,1.140044531830577,1.676200863355407,2.8625853061676025,2.8625170240557054,1.707781787224056
603,1,ARC,0.9176368145950401,0.9511106372885629,1.321615968374924,2.5577988624572754,2.55768903416174,1.93535711103913
604,1,ARC,1.0190339021112305,1.068041870222389,1.4761922402587608,2.7209768295288086,2.7209040009474847,1.8432401656926811
605,1,ARC,1.2886264209494547,1.146789783982659,1.7250173510478075,2.815871000289917,2.8156361465371447,1.632372566327814
606,1,ARC,1.4167388266956986,1.2337746861964072,1.8786561365417962,3.1704936027526855,3.1703237502806587,1.6876391272906843
607,0,NORMAL,7.921681493796408,3.8277143538678344,8.797979021568667,12.271839141845703,12.263711581006646,1.3948475112023684
608,0,NORMAL,7.919808354005218,3.82045195278294,8.793134679265059,12.293495178222656,12.279622115194798,1.3980787997267616
609,0,NORMAL,7.919272929331288,3.8206870205615475,8.792754576259185,12.272041320800781,12.259875850751996,1.3956992901787364
610,0,NORMAL,7.911801176461857,3.8223289041575255,8.786739788307225,12.259256362915039,12.257110594306141,1.3951996597451077
611,0,NORMAL,7.906960691790096,3.8175527467040804,8.780303887416515,12.260997772216797,12.247334093786776,1.3964206625910334
612,0,NORMAL,7.90019600704126,3.8164569275004525,8.773735830826961,12.248357772827148,12.236442664638162,1.3960253658187347
613,0,NORMAL,7.891314383670688,3.8140308151767686,8.764683323488981,12.217967987060547,12.188548676669598,1.393999935435991
614,0,NORMAL,7.8927335480041805,3.8126694734325732,8.765368866935109,12.244800567626953,12.221689546480775,1.3969521138827394
615,0,NORMAL,7.886572995560244,3.8094279367261557,8.758411660764168,12.21982192993164,12.218437055125833,1.39520981694362
616,0,NORMAL,7.883932427669875,3.8115914607653543,8.756975504581705,12.239338874816895,12.224294860847294,1.3976673645384978
617,0,NORMAL,7.884357547343243,3.8042916832298075,8.754183522490251,12.243880271911621,12.238675131928176,1.3986318930207526
618,0,NORMAL,7.8713606385774915,3.802104486640516,8.741528289142522,12.216950416564941,12.200824230909348,1.3975760316121257
619,0,NORMAL,7.869118681779131,3.7960324868523996,8.736869660763181,12.1909761428833,12.163829108700156,1.395348290204251
620,0,NORMAL,7.867390239018947,3.792984231455865,8.733988696642758,12.204668045043945,12.185367975383997,1.3973762125127636
621,0,NORMAL,7.8586448039673265,3.797474217368414,8.728064423828489,12.186558723449707,12.181202966719866,1.3962498592676726
622,0,NORMAL,7.854109882090241,3.794657503526784,8.722755734801915,12.1865873336792,12.169403977692127,1.3971029000683057
623,0,NORMAL,7.858087045345456,3.787862729540555,8.723384438970262,12.164730072021484,12.16013004630804,1.3944966150611895
624,0,NORMAL,7.850136934295296,3.7903324238983314,8.717297159718841,12.158112525939941,12.1316541377455,1.3947112623532587
625,0,NORMAL,7.85054588717781,3.78815788679548,8.716720191790902,12.183937072753906,12.166105343028903,1.3977662245288436
626,0,NORMAL,7.8453957054189525,3.7830481058807655,8.709861465374418,12.140789985656738,12.13987515278859,1.3939130988388035
627,0,NORMAL,7.8377892680289225,3.784766984899109,8.703757909087985,12.140678405761719,12.13634695764631,1.394877768036849
628,0,NORMAL,7.827727061661892,3.7799144648885297,8.692586744677758,12.12215805053711,12.113063746131957,1.39453978505986
629,0,NORMAL,7.825117747340351,3.7797743726206128,8.690176181623734,12.122763633728027,12.104311019182205,1.3949963016127165
630,0,NORMAL,7.826873649472604,3.77965612877884,8.691705907163682,12.114143371582031,12.111777741229162,1.393759004385731
631,0,NORMAL,7.823820036239922,3.7784784728695175,8.688444022344141,12.121583938598633,12.112453693524003,1.3951386355745008
632,0,NORMAL,7.820151909869164,3.7730563474022722,8.682783545275266,12.118739128112793,12.112631557509303,1.395720515767919
633,0,NORMAL,7.812815006360878,3.7761389707905226,8.677517147798708,12.115301132202148,12.110850261058658,1.3961713847232822
634,0,NORMAL,7.8141547127198425,3.767691644574609,8.675051250737315,12.109025001525879,12.085572496056557,1.395844779648616
635,0,NORMAL,7.808149797595339,3.767968482716957,8.669762958030423,12.106293678283691,12.103228510124609,1.396381162540339
636,0,NORMAL,7.803457930224016,3.7688499911342364,8.66592095073851,12.08481502532959,12.067284846678376,1.394521724122088
637,0,NORMAL,7.799046154540032,3.765021322849103,8.660283279555818,12.08643627166748,12.068635452538729,1.3956167346395842
638,0,NORMAL,7.796301594465971,3.7642158294106034,8.657461484884468,12.077841758728027,12.054783135652542,1.39507889002052
639,0,NORMAL,7.7976929886643775,3.7615493260758446,8.65755561795402,12.073009490966797,12.070940411183983,1.3945055652810148
640,0,NORMAL,7.790487565709278,3.760082680315913,8.650428791353788,12.07612419128418,12.055371159687638,1.3960145193443378
641,0,NORMAL,7.787572162162513,3.7611253218240264,8.648256695274164,12.058914184570312,12.049215819686651,1.3943751451272142
642,0,NORMAL,7.784881361987442,3.7602978038167167,8.645473809665278,12.058472633361816,12.046654935926199,1.394772906475172
643,0,NORMAL,7.786748599810526,3.75560521613756,8.645115632316948,12.060312271118164,12.033185543492436,1.395043488606979
644,0,NORMAL,7.782255010480992,3.757783453973634,8.642015363045505,12.050100326538086,12.04640503320843,1.394362289387501
645,0,NORMAL,7.775552502401173,3.757801339078535,8.635987935469664,12.073383331298828,12.054622868075967,1.3980315189778252
646,0,NORMAL,7.775015309266746,3.7561853673335173,8.634801188973762,12.061763763427734,12.042779225856066,1.3968779939982918
647,0,NORMAL,7.774079508195631,3.7540705338901694,8.633038733445462,12.061579704284668,12.048238107003272,1.3971418496660526
648,0,NORMAL,7.771370007443707,3.7521781041592526,8.629775913540728,12.035745620727539,12.030606881249696,1.3946764946518024
649,0,NORMAL,7.766730323456228,3.753982625918152,8.62638310492815,12.03829288482666,12.029247521422803,1.3955203169621955
650,0,NORMAL,7.767092044658959,3.7564941967336236,8.627802007481273,12.029231071472168,12.005886932834983,1.394240510044328
651,0,NORMAL,7.771193198347929,3.748285396788868,8.62792484562944,12.040020942687988,12.032630543690175,1.3954712353326744
652,0,NORMAL,7.767888100525364,3.748675287337522,8.625117503673708,12.036478996276855,12.027369113638997,1.3955147847145435
653,0,NORMAL,7.757175506441679,3.7469116236725157,8.614703625392513,12.031670570373535,12.031160907063168,1.3966435867752018
654,0,NORMAL,7.755791625264348,3.749141381583669,8.614427713645503,12.031105041503906,12.031060826717294,1.3966226708764748
655,1,ARC,7.459883879772562,3.961597361538119,8.446544924087975,12.023619651794434,12.022820521320682,1.4234956138699157
656,1,ARC,5.98276182093149,3.9099729087490305,7.147120199992919,10.38798999786377,10.387884168398159,1.4534511393657632
657,1,ARC,6.005715150664036,3.8374182782332817,7.127018557085034,10.335505485534668,10.335026532993652,1.450186414241906
658,1,ARC,5.757923827811377,3.9782946050415156,6.998608059563019,10.420947074890137,10.419647148810327,1.4890028111591096
659,1,ARC,5.784104778425302,3.9415847953786174,6.9994256040736875,10.422284126281738,10.421304655144922,1.4890199161793987
660,1,ARC,5.864193240371009,3.916471130875498,7.051773427967906,10.454695701599121,10.453902598179411,1.4825626217846064
661,1,ARC,5.76587991683383,3.9802033520528406,7.00623935781817,10.402139663696289,10.40078833908774,1.4846965872053286
662,1,ARC,5.912468874131795,3.905574991805217,7.085958241775886,10.431842803955078,10.431162315944675,1.4721851933099517
663,1,ARC,6.017820787272504,4.012130769599249,7.232659285497563,10.762577056884766,10.762174169096397,1.4880525449975437
664,1,ARC,5.534231541769724,4.0759919519709,6.873240076590548,10.32254695892334,10.322161105606938,1.5018458316450676
665,1,ARC,6.025994333370719,4.0893480449751936,7.282539058512385,10.767535209655762,10.767308486611,1.4785413608005094
666,1,ARC,5.714080773704918,3.959002953910702,6.951577049669942,10.397923469543457,10.396379408426583,1.495764686955048
667,1,ARC,5.503334555382025,4.013409842575722,6.81132511285033,10.222521781921387,10.22064314398449,1.5008124869323078
668,1,ARC,5.633602130391635,3.987771387094581,6.902158618815088,10.290218353271484,10.284259682521224,1.4908695846572755
669,1,ARC,4.624647441488341,3.4684227630350155,5.780771611230123,8.895119667053223,8.894365459331311,1.5387426221393963
670,1,ARC,4.555761314426083,3.703473510194995,5.871173408675416,9.126935958862305,9.123513018712401,1.5545335358986467
671,1,ARC,5.242260090071941,4.153159630134978,6.6880509691048236,10.788936614990234,10.786534608574584,1.6131660277155906
672,1,ARC,5.144509782568086,3.854656998762027,6.428402716153043,10.271376609802246,10.270376882981509,1.5978116280725112
673,1,ARC,5.375427087136904,3.9742799409101615,6.6850667474488255,10.722081184387207,10.722062182601803,1.6038854344242708
674,1,ARC,5.788871193965097,4.134164577983777,7.113532628601253,10.650184631347656,10.64997264680278,1.497172387812864
675,1,ARC,4.79750677108136,3.8952027955138937,6.179698701130238,10.412886619567871,10.412442319677211,1.6850152609646492
676,1,ARC,5.150501616814105,4.107157869026223,6.587595362946083,10.7998628616333,10.799842165270093,1.6394241398584355
677,1,ARC,5.136383219715106,4.054909418547785,6.544060129032927,10.43932819366455,10.439201070737909,1.5952372056225683
678,1,ARC,5.310162982543377,3.999402208656385,6.647785264866754,10.744168281555176,10.74391633697087,1.6162026680280457
679,1,ARC,5.922388180232811,4.215896060912568,7.269694722186029,10.77333927154541,10.773007421084912,1.4819520878458319
680,1,ARC,5.153246036170633,3.986799496078093,6.515405968259911,10.256839752197266,10.256133023125585,1.57424415334423
681,1,ARC,4.882874652751518,3.984429190284881,6.302233004806906,10.663349151611328,10.662927930738078,1.6919953837755706
682,1,ARC,5.3372574399154695,3.977445957067882,6.656304779780496,10.055891990661621,10.055846668314189,1.5107319035642526
683,1,ARC,5.879103167161218,4.351403749270927,7.314271572705935,10.868087768554688,10.868083992954325,1.485874247424752
684,1,ARC,5.7502341638601795,4.097392664003169,7.060723729353228,10.448160171508789,10.447876680147601,1.479757680940429
685,1,ARC,5.923572793302345,4.1588825590408645,7.237749565814365,10.770875930786133,10.770704341295641,1.4881526133011806
686,1,ARC,5.760081487306045,4.04772339987601,7.040071268269208,10.77759838104248,10.777431212249212,1.5308933631991681
687,1,ARC,6.1760168743056,4.301608652103231,7.526421555264951,11.968138694763184,11.968112664178989,1.590149928074534
688,0,NORMAL,7.744729664190206,3.741187936022222,8.601007193580644,12.026995658874512,12.022530283313245,1.3983241018390093
689,0,NORMAL,7.74426451853849,3.743757296165334,8.60170632059043,12.022172927856445,12.012638723477721,1.397649777821202
690,0,NORMAL,7.742970569808036,3.7390886170696462,8.598510157650171,12.007643699645996,11.988556271418929,1.3964795620974744
691,0,NORMAL,7.747125235570013,3.7392446615757646,8.602319457839762,12.001412391662598,11.99967925727833,1.3951367942659996
692,0,NORMAL,7.737984330082313,3.744773019069268,8.596495009999632,11.990119934082031,11.96871935017407,1.3947684399438212
693,0,NORMAL,7.7357115696147085,3.7411467513142824,8.59286986420371,12.01615047454834,11.994141835719347,1.3983861811529785
694,0,NORMAL,8.24000410352042,3.9856708744945823,9.153318520942431,12.733903884887695,12.726286227349192,1.39117893207289
695,0,NORMAL,8.242430228322744,3.9865020783851812,9.155864508048266,12.740700721740723,12.71861058101058,1.391534432443958
696,0,NORMAL,8.248572062593885,3.9915018361913006,9.163570700339626,12.745545387268066,12.729934983886778,1.3908928958005073
697,0,NORMAL,8.24984694397077,3.9889310830042906,9.163598953680896,12.741095542907715,12.72026052698493,1.3904030073020366
698,0,NORMAL,8.254808267116546,3.9922227094339955,9.169498442585406,12.751531600952148,12.714032091200352,1.390646574705864
699,0,NORMAL,8.253471431875601,3.9931817848774496,9.168712638307722,12.750412940979004,12.739130392670631,1.3906437516327657
700,0,NORMAL,8.25475115695782,3.992502612305957,9.169568897858085,12.751112937927246,12.731574008241296,1.390590231663538
701,0,NORMAL,8.249104512571357,3.992820769199451,9.164624539732962,12.748950958251953,12.740958438254893,1.3911045567638094
702,0,NORMAL,8.250538484960794,3.9929176299647744,9.16595747816357,12.730857849121094,12.711252178996801,1.3889283121212737
703,0,NORMAL,8.24898175873817,3.9914263506842196,9.16390661066182,12.740059852600098,12.736229361733422,1.390243309308453
704,0,NORMAL,8.2505875792671,3.9909548778950783,9.16514682045798,12.739897727966309,12.731699027121067,1.3900374950381535
705,0,NORMAL,8.245703297505155,3.9957425574953875,9.162836976410045,12.740142822265625,12.735758346039802,1.3904146559701371
706,0,NORMAL,8.252095750526292,3.9934290590412043,9.167582010838453,12.749573707580566,12.746209226781502,1.3907237145527875
707,0,NORMAL,8.249064098514616,3.992347045188934,9.164381781147682,12.740275382995605,12.713608399033546,1.390194743872849
708,0,NORMAL,8.254592736732564,3.994738003654086,9.170399825915782,12.754983901977539,12.75400573539082,1.3908863456456535
709,0,NORMAL,8.252230953119696,3.9938659187321255,9.167894015554324,12.744389533996582,12.709614530205727,1.3901109144994854
710,0,NORMAL,8.252538721686694,3.9929390182123603,9.167767304862235,12.748807907104492,12.742822480853647,1.390612074146233
711,0,NORMAL,8.25501842728816,3.993214640349948,9.170119541138613,12.753735542297363,12.741688054054976,1.3907927246839127
712,0,NORMAL,8.250123394587543,3.9919065452394773,9.16514341905496,12.744072914123535,12.737750141415745,1.390493561467651
713,0,NORMAL,8.25224452495575,3.9935836221886505,9.167783256986148,12.744263648986816,12.723653256893158,1.390113977582888
714,0,NORMAL,8.25184092369536,3.9949948786250893,9.168034833606065,12.747858047485352,12.740574182476848,1.3904678896678269
715,0,NORMAL,8.24983316520555,3.991650289195203,9.164770552772042,12.738061904907227,12.73390130745247,1.3898942512046175
716,0,NORMAL,8.251734544393141,3.996055611003522,9.16840135669048,12.751021385192871,12.747953686397523,1.390757329344885
717,0,NORMAL,8.252568785946817,3.9950536807910817,9.168715585030768,12.756878852844238,12.752563297748566,1.3913485192704262
718,0,NORMAL,8.25579102851823,3.994892937146535,9.17154594852064,12.741377830505371,12.727121498435736,1.389229024422054
719,0,NORMAL,8.250000419659541,3.9937280672479436,9.165826247508,12.743267059326172,12.729341695085168,1.3903020540882285
720,0,NORMAL,8.250219671156257,3.992935731394458,9.165678391552927,12.746159553527832,12.73123174160719,1.390640060562748
721,0,NORMAL,8.24962774213776,3.9923048118463647,9.164870735288119,12.745965957641602,12.736586768180132,1.3907414873365262
722,0,NORMAL,8.246487512456369,3.9933331346769236,9.162492336564734,12.747391700744629,12.746558485436253,1.3912581023258974
723,0,NORMAL,8.254692031223327,3.9950747589753925,9.170635902713846,12.75519847869873,12.729957450181246,1.3908739387335303
724,0,NORMAL,8.250835308387177,3.993270519238645,9.166378386579346,12.7374906539917,12.733738478971645,1.389588135772453
725,0,NORMAL,8.249073575182353,3.993597383972114,9.164935074185777,12.748625755310059,12.743968387600034,1.3910219387389016
726,0,NORMAL,8.246491164864041,3.991555443657901,9.161720984180631,12.740683555603027,12.736596387811005,1.3906430437689734
727,0,NORMAL,8.249014054395259,3.994201843851019,9.165144910967495,12.73720932006836,12.721909323707223,1.3897444550850848
728,0,NORMAL,8.251023737272247,3.9948821857163366,9.16725020880219,12.743025779724121,12.725807996466756,1.3900597768661915
729,0,NORMAL,8.2480140264933,3.9940052242602126,9.164159160154743,12.741918563842773,12.738589708227664,1.3904078204189132
730,0,NORMAL,8.247334738787263,3.992330707432985,9.162818058387908,12.738680839538574,12.704653698951006,1.3902579706771783
731,0,NORMAL,8.24634464544803,3.9938114205372224,9.162572219323726,12.743062019348145,12.730682952329516,1.3907734328656334
732,0,NORMAL,8.249460776858497,3.993875685077671,9.165404851766311,12.744622230529785,12.743037476669997,1.3905138329021773
733,0,NORMAL,8.252273914067075,3.995175187310263,9.168503123743347,12.742646217346191,12.724867990240455,1.3898284207753622
734,0,NORMAL,8.248787909628824,3.995291871225259,9.165416472496887,12.734935760498047,12.719025811180472,1.389455219925073
735,0,NORMAL,8.250781184278429,3.995097607783118,9.167125778920967,12.7356595993042,12.70086620375514,1.3892751017542242
736,0,NORMAL,8.250093103073537,3.995405693410388,9.166640762259515,12.742952346801758,12.728185996413231,1.3901441844722957
737,0,NORMAL,8.250975935190915,3.994324041353256,9.166963970172032,12.746938705444336,12.719715414568782,1.390530032289973
738,0,NORMAL,8.249567629523575,3.9924172126857673,9.16486558953446,12.743715286254883,12.732250962406397,1.3904966921508572
739,0,NORMAL,8.252481828341582,3.9952330275827665,9.168715464654586,12.74429702758789,12.743825044162804,1.3899762814886314
740,0,NORMAL,8.248391708190088,3.9946688040908844,9.16478830230769,12.739839553833008,12.736242490354925,1.390085524465974
741,0,NORMAL,8.245450883700046,3.9922026536748003,9.161066657519637,12.737322807312012,12.73138060187921,1.3903755188656872
742,0,NORMAL,8.248458070354477,3.9950700363150307,9.165022920509152,12.76480484008789,12.764219647331629,1.3927739134752493
743,0,NORMAL,8.247881908698007,3.9945156303275198,9.164262714520943,12.738452911376953,12.720349974930286,1.3900139387310055
744,0,NORMAL,8.250473739973037,3.993654119814984,9.16622005860103,12.747286796569824,12.744168632896617,1.3906808602754999
745,0,NORMAL,8.248332575798035,3.994205202124787,9.164533020162661,12.743325233459473,12.713177513331175,1.3905045904055557
746,0,NORMAL,8.249461480476894,3.9956496772808956,9.166178650966112,12.740671157836914,12.725310650654137,1.3899653981208464
747,0,NORMAL,8.143918947419035,4.121424456984373,9.127406826517579,12.74808406829834,12.746234797057696,1.396681917503854
748,1,ARC,5.840581382277538,4.465012228001005,7.351783802534286,11.332225799560547,11.331669949286152,1.5414253334890144
749,1,ARC,5.7932502672672275,4.619131995381445,7.409327165805838,11.49465560913086,11.494151175487787,1.5513764410591662
750,1,ARC,5.144932910726697,4.052388033367467,6.549212428136571,11.070265769958496,11.070056162250694,1.6903201555042988
751,1,ARC,6.047158705746057,4.7546507271715015,7.692517920022859,11.600467681884766,11.599489420070313,1.508019585068486
752,1,ARC,6.0640733382558105,4.149898679521821,7.34810482383328,10.86925983428955,10.868561971292365,1.4791922672408737
753,1,ARC,6.153277629019809,4.248406407815902,7.47741817646752,10.998499870300293,10.997040420188569,1.4708953827022955
754,1,ARC,6.0497184228614325,4.1113542967767085,7.3145284981011125,10.82249927520752,10.822494082257435,1.4795894606217057
755,1,ARC,6.204157201707421,4.401811354455469,7.607069723862872,11.562911033630371,11.562039096548688,1.5200216973637415
756,1,ARC,5.568442310043145,4.286840798973382,7.027414446012231,10.937239646911621,10.936345216003247,1.5563675276214932
757,1,ARC,6.179332286463002,4.223392115027801,7.484730353446482,11.12956714630127,11.12819014431443,1.4869696863797446
758,1,ARC,6.162253211830452,4.11328731656271,7.408947104367151,10.873786926269531,10.873427573184017,1.4676561693712262
759,1,ARC,6.2163944401675835,4.501910342799175,7.675334296976819,11.496438980102539,11.494880199665204,1.4978421180469998
760,1,ARC,6.354368632360245,4.607464047488096,7.848995200968033,11.580912590026855,11.580446459003724,1.4754643484300458
761,1,ARC,6.340088482050923,4.194121474530459,7.601800898691858,11.106880187988281,11.104682882549241,1.4610853843724831
762,1,ARC,6.092304909902392,4.253625766174409,7.43031030804795,10.977685928344727,10.974740147357807,1.4774195791600422
763,1,ARC,5.364533204802777,4.0505610200600906,6.721998295348028,10.910207748413086,10.908232167828828,1.62306017779914
764,1,ARC,5.944541809309449,4.426559685687239,7.411613048019949,11.4667387008667,11.466059783066157,1.5471313230431125
765,1,ARC,5.7199157114276895,4.145627112636197,7.064252253626116,11.431951522827148,11.43096551427152,1.6182818948685007
766,1,ARC,5.959608896414749,4.197876668414607,7.289657517431498,11.272231101989746,11.270725162466988,1.5463320567577918
767,1,ARC,5.951153168871067,4.185507658217821,7.275623574399941,11.268647193908691,11.267553613055497,1.5488221839236749
768,1,ARC,6.153098241008702,4.171691858076022,7.433951232167329,11.00914192199707,11.008508321014233,1.480927380093589
769,1,ARC,5.957918138133129,4.268255844676999,7.329037897044542,11.143756866455078,11.142446759389713,1.520493825110228
770,1,ARC,5.697580035879452,4.3063102912919815,7.141899368525107,11.29806900024414,11.297542588377837,1.5819417800866236
771,1,ARC,4.786502795167719,3.8010303746103165,6.112155177746931,9.415606498718262,9.415426471590763,1.5404724233767002
772,1,ARC,5.414017886366492,4.496087874100907,7.03749926078387,11.491018295288086,11.490667448117165,1.632826927502677
773,1,ARC,5.2181017869096555,4.1862129363485385,6.689765691487378,11.174168586730957,11.174149908949403,1.670337811823501
774,1,ARC,5.125963642280054,4.164092450943596,6.6041781624955,10.662272453308105,10.662253580798279,1.6144737756861463
775,1,ARC,5.546937248766575,4.260511398435624,6.994316994385797,11.276110649108887,11.27600754681771,1.6121818124857656
776,1,ARC,6.049682579728105,4.298465754510872,7.42128473771007,11.204375267028809,11.203948653506814,1.5097622127467458
777,1,ARC,6.150604198059125,4.559015806345315,7.656014441188637,11.367977142333984,11.3673901106813,1.4848426984640126
778,0,NORMAL,8.232624527536332,3.988108697266534,9.147738386760183,12.737549781799316,12.71773874759674,1.3924261105056068
779,0,NORMAL,8.239528871024959,3.9923845439928947,9.155816204116768,12.730855941772461,12.715789564885199,1.3904665250978099
780,0,NORMAL,8.236128156871535,3.9907199563879616,9.152029981743134,12.715513229370117,12.71466966625303,1.3893653380436444
781,0,NORMAL,8.239649593569338,3.9901344087729385,9.154943911618526,12.713492393493652,12.699422914534807,1.3887023794169813
782,0,NORMAL,2.612773998459568,1.9914875355899424,3.285210886904599,6.137414932250977,6.134788746247068,1.8681951154842877
783,0,NORMAL,1.7420241642867913,1.2798503465539055,2.1616348208088354,3.8354194164276123,3.8350101381656714,1.7743142271331862
784,0,NORMAL,1.3554036784628407,0.9727990762098979,1.668369615602439,2.964451789855957,2.9631116890814155,1.7768555373657473
785,0,NORMAL,1.1613760934062594,0.8384370736596392,1.4324004875810825,2.5959572792053223,2.595583200425608,1.8123124794443184
786,0,NORMAL,1.0053547481263523,0.7060425834825814,1.2285089740294772,2.210043430328369,2.20754128950648,1.798964010071074
787,0,NORMAL,0.9043076742868871,0.6201043567798911,1.096495227108427,1.9360195398330688,1.9330712603405118,1.7656433808093772
788,0,NORMAL,0.8419904798610133,0.5730324879371487,1.0184862298568487,1.8722805976867676,1.872260140191429,1.8382974092344109
789,0,NORMAL,0.7959610856795917,0.5302285930072704,0.9563976216818525,1.6666220426559448,1.6653475089697167,1.7426037088268187
790,0,NORMAL,0.7591352448156103,0.5002366835749018,0.9091331362981294,1.683943748474121,1.6819055671803653,1.8522520863455914
791,0,NORMAL,0.7266981376442564,0.47699241668146836,0.8692594255038354,1.5291218757629395,1.5289164105633972,1.7591087664958458
792,0,NORMAL,0.7025809517456219,0.45423597403503546,0.8366303328611395,1.4901655912399292,1.4862045934423804,1.7811517616673131
793,0,NORMAL,0.6726553836162202,0.43449092584538335,0.8007793889392152,1.45536208152771,1.4533813931047916,1.8174319939173438
794,0,NORMAL,0.6517864697154878,0.40854686095389886,0.7692438753083854,1.3910638093948364,1.3910565152032177,1.808352141688703
795,0,NORMAL,0.6407678198562353,0.4108553453203157,0.761173773682192,1.3855551481246948,1.3848864501924254,1.8202875559178118
796,0,NORMAL,0.6352371422809665,0.40221025585559833,0.751863895162359,1.3535445928573608,1.3528847902198322,1.8002521487816272
797,0,NORMAL,0.6239999921518611,0.3889297181987153,0.7352838335660962,1.2942231893539429,1.29301025881432,1.760168155849441
798,0,NORMAL,0.6171868434543721,0.3833313033582774,0.7265414563997895,1.2821904420852661,1.2802255619317293,1.7647863460384883
799,0,NORMAL,0.5935622259117226,0.3666115180482113,0.6976532958389093,1.2183876037597656,1.218186485391925,1.7464084395884452
800,0,NORMAL,0.6034556993017904,0.3767246285567499,0.7113931590766347,1.2776317596435547,1.2762406726833433,1.7959573315294166
801,0,NORMAL,0.5984519190583378,0.3684031723762652,0.7027557163349889,1.2374508380889893,1.2359689439181238,1.7608548878727617
802,0,NORMAL,0.5779892200114555,0.3600228197528807,0.6809463776188738,1.242904782295227,1.2426458894624375,1.82526087684232
803,0,NORMAL,0.5764114963746979,0.35223320215462717,0.6755134653380499,1.2135252952575684,1.2134004468098283,1.7964487127584927
804,0,NORMAL,0.5808518838569289,0.35357668942555687,0.6800039604923489,1.2402912378311157,1.2386086474871263,1.8239470795627386
805,1,ARC,0.1543579827067806,0.14075388058042598,0.20889720372411788,1.2032831907272339,1.2031762202750542,5.760168969596939
806,1,ARC,0.13059231762223864,0.16054807126754989,0.2069541896403113,1.3816637992858887,1.381632654742134,6.676181824041523
807,1,ARC,0.17711197534677195,0.2073756839705569,0.272714733950133,1.3480361700057983,1.3479633299357374,4.943026548218302
808,1,ARC,0.169478193643954,0.1810054374416557,0.2479633571805776,1.1949386596679688,1.1949229662277503,4.8190130721522815
809,1,ARC,0.09442041259973849,0.14348931253302974,0.17176844042694903,1.4020631313323975,1.402056071615334,8.162518841339061
810,1,ARC,0.2022315079850414,0.18194735876129403,0.2720338658735616,0.8890324234962463,0.8890105422869965,3.2680946566757942
811,1,ARC,0.08308450988385811,0.110545651879802,0.1382872985207654,1.2901309728622437,1.2900749814616574,9.32935263514831
812,1,ARC,0.09957503044511054,0.12380307362664221,0.15887853136137833,1.2139517068862915,1.2139503862888432,7.640753577493039
813,1,ARC,0.09160802176202378,0.09708364235401856,0.13348132177902047,1.0845789909362793,1.0845704201292392,8.12532402647173
814,1,ARC,0.09559587872595966,0.12253837813661114,0.1554162994854127,1.5951778888702393,1.5951705212874003,10.263903426808602
815,1,ARC,0.0912955106954032,0.11769519485575915,0.1489531106263632,1.1771608591079712,1.1768261266697664,7.902895442450904
816,1,ARC,0.16109228597448963,0.16889291728610759,0.23339996167501553,1.5094810724258423,1.5094301311692107,6.467357841847606
817,0,NORMAL,0.6038192958813925,0.48876279342024165,0.7768441351459495,1.7655396461486816,1.7654885527699662,2.272707698072511
818,0,NORMAL,0.7956464546624338,0.5320945074592023,0.9571717952829323,1.7429152727127075,1.7421021451009437,1.8209012021687452
819,0,NORMAL,0.7574563972107444,0.4974414766654882,0.9061943590547352,1.5722748041152954,1.5722523036220082,1.7350304472821465
820,0,NORMAL,0.7323803878913168,0.4786017802372287,0.8748946774407078,1.5696114301681519,1.567254952620715,1.7940575827477536
821,0,NORMAL,0.6880695230371784,0.44658950273263537,0.8202937598711774,1.486806869506836,1.4857804171042517,1.8125297816971457
822,0,NORMAL,0.6640058303676778,0.4221163083264167,0.7868201322522143,1.4143656492233276,1.4134309740038589,1.7975717590941793
823,0,NORMAL,0.6585838873298598,0.4240420713338233,0.7832907601341846,1.4067566394805908,1.4067130414077837,1.7959571478152008
824,0,NORMAL,0.6447889766282752,0.40866115854968094,0.7633850711721483,1.3722903728485107,1.371360227407422,1.7976384719462903
825,0,NORMAL,0.612094270582078,0.3741086485828738,0.7173678812324331,1.319656252861023,1.3183021952863783,1.8395809003796804
826,0,NORMAL,0.6152865371990484,0.385846299031854,0.7262608961901879,1.3007107973098755,1.2978374445810914,1.7909690637801527
827,0,NORMAL,0.6004665957416874,0.3792575027995831,0.7102086918866783,1.2637097835540771,1.263271727366373,1.779349926282958
828,0,NORMAL,0.5818932890949945,0.3665392884449391,0.6877142210740688,1.301655650138855,1.301388328342,1.8927275461978021
829,0,NORMAL,0.5874851315540727,0.36537830302674806,0.6918381921517576,1.2568206787109375,1.25559537706431,1.8166396318797744
830,0,NORMAL,0.5888388154733839,0.3638050286910647,0.6921598439009621,1.221374750137329,1.2211973761295667,1.7645848150533419
831,1,ARC,0.09132293782924535,0.1464565681873035,0.17259607567661114,1.625684380531311,1.625541321511264,9.419011261746844
832,1,ARC,0.08305681370255297,0.11073121926323827,0.13841906379521549,1.3166637420654297,1.3166339346153109,9.512156100212987
833,1,ARC,0.0784135868268204,0.08232826694787561,0.1136953567112042,0.8558856248855591,0.8554844867321663,7.527885479611808
834,1,ARC,0.09591810614828865,0.14336101551051275,0.17248960506442074,1.327608346939087,1.327584675331309,7.696744081727458
835,1,ARC,0.06076916111524406,0.09286681057124269,0.11098259074433955,1.4690124988555908,1.4689806602036697,13.23642283896238
836,1,ARC,0.07221710025849461,0.11541560929770682,0.13614724543414886,1.445799469947815,1.445698495474062,10.619380989585377
837,1,ARC,0.17056179474467353,0.17200016166764323,0.24223001762832688,0.9935799837112427,0.9935163489863044,4.101803704757074
838,1,ARC,0.08464457676783695,0.11548734747946726,0.14318530582447855,1.590819001197815,1.5908166472227094,11.110211289054305
839,1,ARC,0.11952043254965974,0.15440576942171452,0.1952595079056829,1.5854406356811523,1.5852428276411956,8.119659076714335
840,1,ARC,0.07562418557512865,0.1307944493480252,0.1510834386163971,1.4937561750411987,1.4935750035219826,9.886961726055667
841,1,ARC,0.06394050512466493,0.08299636191199646,0.10477014978620768,1.0880744457244873,1.0880067385951406,10.385347810848748
842,0,NORMAL,0.7952774537031073,0.5334862308801825,0.957639695766232,1.7094967365264893,1.7077695752959698,1.7851147400052974
843,0,NORMAL,0.7631652312637889,0.5006090870839062,0.9127051157306473,1.6041840314865112,1.603356675885152,1.757614813194418
844,0,NORMAL,0.7251453461750061,0.4751333996347738,0.8669414746842876,1.5656780004501343,1.5651837326586246,1.8059788880446679
845,0,NORMAL,0.699643195517594,0.4495794441248218,0.8316383093711196,1.4623740911483765,1.4596237866207957,1.7584255976065073
846,0,NORMAL,0.6767260205028579,0.4351078035179744,0.8045352120994274,1.4370434284210205,1.4331347928382456,1.786178413087811
847,0,NORMAL,0.6452122291532578,0.409996451440902,0.764457919602543,1.3621143102645874,1.3610258880071342,1.7818041717361996
848,0,NORMAL,0.6410160120271612,0.4072233464134325,0.75942898386838,1.393500566482544,1.3914638948626816,1.8349320293048728
849,0,NORMAL,0.6264781381121138,0.39447636914526424,0.7403286184840159,1.3179941177368164,1.3171865893527865,1.7802825459262894
850,0,NORMAL,0.6137476578635905,0.38226357903469343,0.7230571425478461,1.2584668397903442,1.2583534781078924,1.7404804762122503
851,0,NORMAL,0.5891982359217945,0.3649504915391395,0.6930681225449734,1.2539790868759155,1.2506107108201832,1.8093157744310255
852,0,NORMAL,0.5953289380327332,0.36232157394517595,0.6969171165965804,1.2284071445465088,1.227774073020555,1.7626301826901294
853,0,NORMAL,0.5544500075675314,0.33331445399668047,0.6469260669773176,1.170976161956787,1.1702521702391095,1.8100618010772531
854,0,NORMAL,0.561953391638759,0.33957327197304454,0.6565832935833684,1.212469220161438,1.2119164040195756,1.8466342838914878
855,0,NORMAL,0.5670111703865114,0.34569805709600787,0.6640849448850924,1.2089463472366333,1.2082223379984498,1.8204694392609955
856,0,NORMAL,0.565546918765176,0.34132290436876417,0.6605638821276207,1.1781539916992188,1.1745309075340629,1.7835579927629162
857,0,NORMAL,0.5493426263544534,0.3367466491193191,0.64434123476858,1.148759126663208,1.1483086028310936,1.7828427930361985
858,0,NORMAL,0.5299891693120444,0.32166667307245883,0.6199661024230075,1.1501798629760742,1.1501155489968369,1.855230243203358
859,0,NORMAL,0.5308821169378062,0.3182950323387455,0.6189891353617522,1.0865609645843506,1.0862616256636102,1.7553797029883864
860,0,NORMAL,0.5409573303225661,0.34104247248695047,0.639487921128875,1.1755342483520508,1.1754806519056729,1.8382430840552926
861,0,NORMAL,0.538391251150635,0.3283620088211688,0.6306240941738743,1.1367813348770142,1.1366702979430556,1.8026290866133372
862,0,NORMAL,0.5234288797743502,0.3151845827493147,0.610998456123001,1.1025077104568481,1.1019146558246575,1.8044361641314863
863,0,NORMAL,0.5394051461364142,0.3351498642953343,0.6350459378782195,1.161121129989624,1.1595537643879652,1.8284049400726787
864,0,NORMAL,0.5318481810342928,0.31537999377987797,0.6183259885740544,1.1515884399414062,1.1512978310056496,1.8624293030236836
865,0,NORMAL,0.5240576079769671,0.3139925911808397,0.6109236644581698,1.09336519241333,1.0933079462702153,1.7896919959436164
866,0,NORMAL,0.5389804340264527,0.32772019038406436,0.6307934935053712,1.1208568811416626,1.1197891738265753,1.7768998771895521
867,0,NORMAL,0.5384517328767106,0.32694576454173635,0.629939522168369,1.1297515630722046,1.128878078656271,1.7934286122950178
868,0,NORMAL,0.5315726520642348,0.31994134012256537,0.6204288400308507,1.0946104526519775,1.0943581638275646,1.764280417070148
869,0,NORMAL,4.076113352120156,2.7072225715785816,4.893235546281904,9.27536678314209,9.273914749035612,1.8955488031206513
870,0,NORMAL,4.085783444169909,2.704329366695956,4.89969628407997,9.34406852722168,9.333309892565012,1.9070709663336292
871,0,NORMAL,4.075791176403989,2.6982317137026333,4.887998373003336,9.30836296081543,9.307523866766132,1.904330208501294
872,0,NORMAL,4.072193995812442,2.6902039819235397,4.88056978270859,9.328142166137695,9.324038296472281,1.9112813834127411
873,0,NORMAL,4.078437989633531,2.7006843840374803,4.891559319631102,9.331021308898926,9.314962409436703,1.9075760302959235
874,0,NORMAL,4.09181811981136,2.7310851777068126,4.91953267836554,9.37452507019043,9.37152116280049,1.9055722734430562
875,0,NORMAL,4.095107542207464,2.7193473219753748,4.9157660277701485,9.293305397033691,9.273833882063627,1.890510114707239
876,0,NORMAL,4.105681920253206,2.7352225994275186,4.933362615773656,9.450922966003418,9.449905766639858,1.9157162572614406
877,0,NORMAL,4.25171530270399,2.86929680407503,5.1293222910168605,10.399532318115234,10.399070292623946,2.0274671249120484
878,0,NORMAL,4.213449266268872,2.770228780200239,5.042551161274559,9.65674877166748,9.648646908812225,1.9150522152018452
879,0,NORMAL,4.166991701098625,2.779371685902594,5.008864822035212,9.725663185119629,9.722178441938013,1.941690089605548
880,0,NORMAL,4.172087484665215,2.786185233521677,5.0168857008301835,9.78391170501709,9.768278764560819,1.950196254899343
881,0,NORMAL,4.168967772600474,2.781445384001922,5.01165947697636,9.742478370666504,9.73908573272638,1.9439625567985213
882,0,NORMAL,4.177167465596925,2.784816104624271,5.020351459033136,9.79173755645752,9.785601370502263,1.9504087784211228
883,0,NORMAL,4.179109989357181,2.7790048812962733,5.018747695731824,9.828263282775879,9.820415667258203,1.9583098969359007
884,0,NORMAL,4.183845370264258,2.7966491231334234,5.0324753750221785,9.82453727722168,9.81831227382645,1.9522275908162556
885,0,NORMAL,4.171169079719577,2.7803542065978233,5.012885496972265,9.800414085388184,9.792699771467596,1.9550444731497538
886,1,ARC,3.2325750745963306,2.1748990442856635,3.896116972799477,11.630702018737793,11.622347010299563,2.9852034987493674
887,1,ARC,3.634794752036687,2.5470967591900924,4.438404532048663,12.29759693145752,12.28992956271395,2.770724669790574
888,1,ARC,3.550099269406404,2.3907123327441995,4.280036247577244,12.646717071533203,12.64045673655346,2.9548154127647868
889,1,ARC,3.135794292244129,2.0289392911138218,3.734943170959408,9.264667510986328,9.254548504017293,2.480537744997732
890,1,ARC,3.523502001632005,2.7756357059171117,4.485445343270468,13.498699188232422,13.487300220876932,3.009444582461488
891,1,ARC,3.8740696270683546,3.1197945214229703,4.974086180523447,15.118258476257324,15.116752563626505,3.039404209652507
892,1,ARC,4.293697403483093,2.5797731567851043,5.00909841519873,12.430826187133789,12.405767910182476,2.4816494220628345
893,1,ARC,3.5928115028440955,2.067476651789582,4.145208583492983,18.078689575195312,17.652297854423523,4.361346168969187
894,1,ARC,3.507299047637731,1.8056371590327962,3.944803183891506,10.937162399291992,10.920045737177134,2.772549577112894
895,1,ARC,4.278247330196201,2.5243443543767734,4.967465615160795,9.986927032470703,9.884079806506634,2.010467269665727
896,1,ARC,3.84542216631677,2.353664301930073,4.508548245652955,20.208229064941406,20.197434545494616,4.48220313144608
897,1,ARC,3.9454438144555315,2.7826365424737745,4.8280009341896175,22.079368591308594,22.064266578294337,4.573190621185045
898,1,ARC,3.8324205601513386,2.251151294611616,4.444674285153217,16.82981300354004,16.695589140057564,3.7865121095054284
899,1,ARC,4.167670793391764,3.072393433041201,5.177748666117875,13.199140548706055,13.174549676477909,2.5492045674365236
900,1,ARC,3.543366986026056,2.343962234646954,4.248483088716551,9.225811958312988,9.217251892201602,2.1715543561455175
901,1,ARC,3.7030715518817305,3.121097722237938,4.842931953900924,13.60222339630127,13.562831461429596,2.808675307804984
902,1,ARC,3.911596066813916,3.066133614894796,4.97008643127078,12.150825500488281,12.10302658751607,2.4447915883389353
903,1,ARC,4.1220598701471465,2.635449360166988,4.892542376217307,11.775801658630371,11.762881710194051,2.4068880253082017
904,1,ARC,3.8118535579033197,2.447587566911119,4.53000137357574,9.452704429626465,9.42567839473486,2.086689086843479
905,1,ARC,3.9571543927956374,2.6004927898525727,4.735148745129029,15.993622779846191,15.963466869667172,3.377638938227352
906,1,ARC,3.895899674251676,2.1710762280949116,4.460000701797382,15.129071235656738,14.936018705368042,3.3921679047179785
907,1,ARC,4.190931529253721,2.441204092411715,4.8500911850913315,11.464391708374023,11.114727646112442,2.3637476638819397
908,1,ARC,3.7413700075754894,2.5178436875548824,4.509699143905876,9.874712944030762,9.866623484529555,2.1896611345736505
909,1,ARC,3.598898401306942,2.025280750886858,4.12962853327542,12.313536643981934,12.2933709602803,2.9817540596600436
910,1,ARC,4.094549956095405,3.1137873716719517,5.144026743607055,13.52404499053955,13.51909945346415,2.629077503795465
911,1,ARC,4.224393374533393,3.5361683086656024,5.509082109572572,14.868732452392578,14.855397580191493,2.6989491455494363
912,1,ARC,4.137291585039347,2.48966250453036,4.828623100439894,15.314955711364746,15.291900306940079,3.171702448668966
913,1,ARC,3.7602889417810363,2.09188626428623,4.302994430439127,14.630707740783691,14.621322658844292,3.400122397855534
914,1,ARC,3.535485450370237,1.9316428458299344,4.028759294575143,7.439691066741943,7.408470334485173,1.846645709700188
915,1,ARC,3.7189303248126526,2.304119373870651,4.374861009204432,8.93807315826416,8.937028772896156,2.0430530568763254
916,1,ARC,3.756723787406576,2.477129842498274,4.499905095828348,9.979899406433105,9.97968317673076,2.217802196691882
917,1,ARC,4.299006859768648,2.7950828652761506,5.127762494899527,15.94037914276123,15.932730491738766,3.1086422506145275
918,1,ARC,3.339587832653429,2.2073865620029216,4.003174031455279,7.504563331604004,7.499784616287798,1.874653280780766
919,1,ARC,4.428996415981092,3.1072348990522483,5.410260434642827,13.095712661743164,13.08135907817632,2.42053276731173
920,1,ARC,4.097883617773652,2.73758179670295,4.928184679824512,10.436022758483887,10.410487577319145,2.117620064282068
921,1,ARC,4.304008433307986,3.401757538303078,5.486022506642503,13.857467651367188,13.855241410899907,2.5259589501480346
922,1,ARC,4.008055857788771,2.1436705857064973,4.54530915771173,12.631277084350586,12.580671589821577,2.778969844750806
923,1,ARC,4.2180323092326875,2.589450781665575,4.949449657527521,10.429309844970703,10.429206981847528,2.1071655571057217
924,1,ARC,4.47448510196805,2.8801614387798624,5.321310631899674,18.103384017944336,17.746865332126617,3.40205360488071
925,1,ARC,3.646938518792391,2.3661070790009564,4.347254681882588,10.101495742797852,9.971030533313751,2.3236494022069527
926,0,NORMAL,4.694001639846713,3.0118582315085107,5.577180416804642,10.746905326843262,10.732323784381151,1.9269423837288258
927,0,NORMAL,4.527501382176299,2.9437637427744856,5.400371629701232,10.492791175842285,10.490943422308192,1.9429757608038511
928,0,NORMAL,4.449070387567393,2.9196056485343487,5.321496448977745,10.42483901977539,10.41189472656697,1.959005163252151
929,0,NORMAL,4.373526222702814,2.8832905429910674,5.238424951831502,10.23849868774414,10.235198456095532,1.9544994500998762
930,0,NORMAL,4.32021206174558,2.851036123678588,5.176160665683806,10.124462127685547,10.117665372323245,1.9559791091507852
931,0,NORMAL,4.297025813282468,2.8532443970551182,5.158045601712171,10.186437606811523,10.184774708002806,1.974863813423871
932,0,NORMAL,4.286147139490582,2.860658254251261,5.153098383398009,10.264997482299805,10.252106837928295,1.992004948978085
933,0,NORMAL,4.264264344072435,2.8617107770094266,5.135497927891649,10.139423370361328,10.132581747602671,1.9743797997254795
934,0,NORMAL,4.23088498023292,2.814824402700826,5.081695005999531,10.105426788330078,10.100054394453764,1.9885937224487986
935,0,NORMAL,4.223615728719742,2.8154025357272094,5.075965057215031,10.027644157409668,10.026286665699445,1.97551481233234
936,0,NORMAL,4.241856830660254,2.8519890447060035,5.111476389747107,10.200753211975098,10.192419852130115,1.9956569167445153
937,0,NORMAL,4.2238756531586406,2.8340716019039003,5.086559483389973,10.14193058013916,10.138940910808742,1.9938684710672057
938,0,NORMAL,4.225711187738925,2.8355140396867267,5.08888739425844,10.04922866821289,10.048721433617175,1.9747398379360837
939,0,NORMAL,4.190221964686177,2.7897631256485895,5.033958522928757,9.987029075622559,9.984262619633228,1.9839315381987106
940,0,NORMAL,4.212136575989425,2.8218015275825965,5.069976173105293,10.060216903686523,10.045562468469143,1.9842730143492517
941,0,NORMAL,4.211208368812397,2.8321677743048834,5.074982780992133,10.059603691101074,10.058737821236718,1.9821946448327603
942,0,NORMAL,4.208154877998866,2.823338824308717,5.067524996886999,10.074810028076172,10.069311558268964,1.9881125469070537
943,0,NORMAL,4.210493958408478,2.819524669422118,5.067344347414552,10.061038970947266,10.055941321887076,1.9854658142742134
944,0,NORMAL,4.210837440397354,2.8316183827135886,5.0743683956502075,10.092097282409668,10.092055130287918,1.9888381164955822
945,0,NORMAL,4.208640811680816,2.824546713680302,5.068601544756458,10.247907638549805,10.243249330669641,2.021841241229825
946,0,NORMAL,4.211073720122455,2.8347661841809004,5.076321620551786,10.043564796447754,10.0404024340678,1.9785123061915133
947,0,NORMAL,4.193747582193464,2.808367164022249,5.047221504066559,9.918228149414062,9.91048203036189,1.965086759402757
948,0,NORMAL,4.22250035627,2.8389590347181715,5.0881428497545365,10.128521919250488,10.109674649313092,1.990612728127142
949,0,NORMAL,4.2122628060490825,2.8217020313583454,5.070025670644706,10.055109024047852,10.050698549952358,1.9832461761025444
950,0,NORMAL,4.229865705831908,2.850656372157249,5.100784806428672,10.0477876663208,10.038392725400627,1.9698513165380496
951,0,NORMAL,4.188112665461376,2.802276151724762,5.039150655529494,9.992355346679688,9.986401489004493,1.982944355060115
952,0,NORMAL,4.2287300318677445,2.850086895927127,5.099524781463043,10.053253173828125,10.052210866939276,1.9714098086888534
953,0,NORMAL,4.242868885338074,2.8820290159421287,5.129135173389594,10.277742385864258,10.275095022981986,2.0037963591184127
954,0,NORMAL,4.204906102633802,2.826518425405752,5.06660060998745,10.05836009979248,10.05688112671487,1.985228533696757
955,0,NORMAL,4.20479944053269,2.8104905240905467,5.057587895539412,9.885982513427734,9.883587261894718,1.9546832833388363
956,0,NORMAL,4.199159828045871,2.8143070362682487,5.05502397183863,10.007818222045898,10.003401080612093,1.979776609922944
957,0,NORMAL,2.6162051040232184,0.721811003071545,2.7139528865609086,4.823503494262695,4.517205059528351,1.7772981683462405
958,0,NORMAL,2.6196694800555704,0.7109243538379039,2.7144210472243366,4.6960129737854,4.228876858949661,1.7300237848462618
959,0,NORMAL,2.6407997573316098,0.7139759430038874,2.73561419164161,4.766526222229004,4.4073090851306915,1.7423970956111567
960,1,ARC,2.633996204137802,0.18637886063226752,2.6405819591716773,3.1060738563537598,0.9756484031677246,1.1762838284815451
961,1,ARC,2.577567123889923,0.3159511224066429,2.596859139404405,3.409585952758789,1.737145185470581,1.3129653052882893
962,1,ARC,2.660135518193245,0.4051425431172687,2.6908105573222305,3.9667677879333496,2.3174322843551636,1.4741906586990994
963,1,ARC,2.6507740503549577,0.33317773885841123,2.671630676516878,4.429590225219727,2.4465705156326294,1.6580099428244242
964,1,ARC,2.5701665811538694,0.20499870397394382,2.5783290564842893,3.0548830032348633,0.9135193824768066,1.1848305380386104
965,1,ARC,3.4980209634304047,4.170269549963454,5.443096433093113,26.786197662353516,25.6588271856308,4.921132298795577
966,1,ARC,2.6094029405117034,0.18882605364651142,2.616226095827125,3.124032735824585,0.9630341529846191,1.1940989124783252
967,1,ARC,3.3757023565769195,3.282887268128966,4.708791269045829,22.98061180114746,20.93149995803833,4.880363237210164
968,1,ARC,2.6116324589252473,0.16543885689649526,2.6168672331402583,3.093374729156494,0.846912145614624,1.1820908183578056
969,1,ARC,2.566035064458847,0.16513792443801778,2.5713433232689904,2.9668691158294678,0.8103213310241699,1.153820685468652
970,1,ARC,2.603646914243698,0.14328251751138554,2.607586457603109,3.029926300048828,0.7774720191955566,1.16196580604807
971,1,ARC,3.0994805572479964,3.0338034085764845,4.337135327223333,25.590179443359375,25.39206214249134,5.900249245794782
972,0,NORMAL,3.0374828574620185,1.8887743561501986,3.576838083814562,12.803460121154785,12.79471705853939,3.5795470248125913
973,0,NORMAL,2.5432771560549736,0.660784316520848,2.6277166143766335,4.540587425231934,4.171071320772171,1.727959324224574
974,0,NORMAL,2.5380110866427423,0.6616259771169135,2.622832287722069,4.503658294677734,4.155394583940506,1.7170973209991873
975,0,NORMAL,2.610935951322317,0.6640728718248967,2.6940637188086587,4.607514381408691,4.111957281827927,1.7102469957340798
976,0,NORMAL,2.5746564707756043,0.6615608297954291,2.6582924357614055,4.493464469909668,4.053897827863693,1.6903574676209845
977,0,NORMAL,2.5624079755842684,0.6582046761069102,2.645594078649798,4.546150207519531,4.187674194574356,1.7183853880712112
978,0,NORMAL,2.5596483431458474,0.6460591213721129,2.639922731611171,4.444057941436768,3.9386849403381348,1.683404551285679
979,0,NORMAL,2.569673040211201,0.6514150928397265,2.6509547632443042,4.590159893035889,4.0455034375190735,1.7315119656807485
980,0,NORMAL,2.586024171888828,0.6571443236503529,2.668212825038359,4.56998348236084,4.04071718454361,1.7127507369263697
981,0,NORMAL,2.5674506764113905,0.662221851442285,2.651478975276431,4.516410827636719,4.104066640138626,1.7033553234816272
982,0,NORMAL,2.5771067660748956,0.6592213009442521,2.660084962434027,4.508570194244385,4.043475031852722,1.6948970645354724
983,0,NORMAL,2.5916237753927707,0.6602823346802116,2.674413310367683,4.562351703643799,4.062910586595535,1.705926187981976
984,0,NORMAL,2.553887497127056,0.6534973125243662,2.6361714825592184,4.5325236320495605,3.9811995029449463,1.7193584188420652
985,0,NORMAL,2.5617556973397733,0.6502530195269152,2.6429947488136745,4.542734622955322,4.06903600692749,1.7187830679551515
986,0,NORMAL,2.575693965345621,0.6541302645938556,2.6574585238862105,4.445058345794678,3.9757507145404816,1.6726727080934154
987,0,NORMAL,2.57660034006834,0.6573971365882669,2.6591427768427063,4.5058913230896,3.979938268661499,1.6944901801924313
988,0,NORMAL,2.5846978480517864,0.6506356382695394,2.665331067524248,4.64515495300293,4.229012459516525,1.742805991196315
989,0,NORMAL,2.5390702174305915,0.6480382774247366,2.6204639242032415,4.426846504211426,3.9647793769836426,1.6893369389000152
990,0,NORMAL,2.558446688503027,0.6547189085138597,2.640891195615163,4.487363815307617,3.9929637014865875,1.6991854199666643
991,0,NORMAL,2.5695660437643526,0.6546007154905186,2.651635674444641,4.505995273590088,4.156069815158844,1.6993266899434907
992,0,NORMAL,2.5473997361958025,0.6523746180443836,2.6296079666442678,4.492290019989014,3.999623626470566,1.7083497148518978
993,0,NORMAL,2.579968237102032,0.6484208658271783,2.660204075573044,4.519328594207764,4.025495827198029,1.6988653749183655
994,0,NORMAL,1.5105837646147702,1.10039104120376,1.8688830229522733,3.3301949501037598,3.3277002268005162,1.7819172785052395
995,0,NORMAL,1.1454177445076348,0.8616815078774277,1.4333446307329145,2.4695260524749756,2.469038323062705,1.7229115730612732
996,0,NORMAL,0.9599136058171279,0.7155043704989316,1.1972387543159104,2.126997709274292,2.1238749872427434,1.776586083274289
997,0,NORMAL,0.8496568655129814,0.6221316206158831,1.0530738542398104,1.868606448173523,1.8683883390040137,1.774430578302057
998,0,NORMAL,0.7802378211647738,0.5655611318181217,0.9636547366143895,1.7364500761032104,1.7357920312788337,1.8019421377036808
999,0,NORMAL,0.7347304818694829,0.5341452569047532,0.9083721904935264,1.6250042915344238,1.624942384485621,1.788919022996009
1000,0,NORMAL,0.7083827399577712,0.5081865705370977,0.8718140264668468,1.606065273284912,1.604463525232859,1.8422108666841772
1001,0,NORMAL,0.6926432683800813,0.4963031343869853,0.852098291533663,1.562081217765808,1.5591764540877193,1.8332171690595351
1002,0,NORMAL,0.6846249815293995,0.4880783873270083,0.840792410473515,1.5237523317337036,1.5234860052878503,1.812281263190234
1003,0,NORMAL,0.6795496435326659,0.48359072664535924,0.8340549795563598,1.522383451461792,1.522355299892297,1.8252794944903505
1004,0,NORMAL,0.6776245135871577,0.4809657064623617,0.8309650968645258,1.4934306144714355,1.4927912492421456,1.7972242397503646
1005,0,NORMAL,0.6714382503866217,0.47461956546313777,0.8222487798730173,1.4836162328720093,1.4823777978308499,1.8043398411623417
1006,0,NORMAL,0.6682440929570512,0.473366946655748,0.8189178432285975,1.4907633066177368,1.4906607494413038,1.8204064289775115
1007,0,NORMAL,0.667529138056736,0.475067706656085,0.8193195201276733,1.4934874773025513,1.4932169631356373,1.822838881062938
1008,0,NORMAL,0.6684791922852165,0.4745398118207601,0.8197880601235772,1.4825774431228638,1.4816644247621298,1.8084886999932346
1009,0,NORMAL,0.6683403514737729,0.47107318340075527,0.8176727765600417,1.4558416604995728,1.4552946828771383,1.7804697701008398
1010,0,NORMAL,0.66550579611602,0.47217241288198764,0.815993107906443,1.4750854969024658,1.4743508358369581,1.8077180831674262
1011,0,NORMAL,0.6629527827627608,0.47234350138045605,0.8140115327618136,1.4737846851348877,1.4735377441393211,1.8105206447561832
1012,0,NORMAL,0.6670632844222127,0.473098841268479,0.8177994491522524,1.4880456924438477,1.4876490545575507,1.8195728720365196
1013,0,NORMAL,0.66625192648964,0.47001724474101764,0.8153574920886509,1.4802924394607544,1.4774733413942158,1.815513383790441
1014,0,NORMAL,0.6634042169108361,0.47115621652810885,0.8136911793722247,1.465041160583496,1.4649456872357405,1.8004879464390875
1015,0,NORMAL,0.6651856681199569,0.4705497208810489,0.8147938468676764,1.4692208766937256,1.4689302888873499,1.8031811142681948
1016,0,NORMAL,0.6662839030567557,0.4688959692757191,0.814737791854263,1.4512606859207153,1.4496928171720356,1.781261039355728
1017,0,NORMAL,0.66135626163485,0.46867217011268913,0.810583560061368,1.4748613834381104,1.4735861154040322,1.8195056698737524
1018,1,ARC,0.13952221054591063,0.1677866968375075,0.21821737527350812,4.430764675140381,4.430610024617636,20.30436242570956
1019,1,ARC,0.11009811728484055,0.14439975865252164,0.18158437633390434,3.324185371398926,3.3241082874155836,18.306560501032784
1020,1,ARC,0.14024561289113627,0.3206108918552276,0.3499431038203423,5.570385932922363,5.570337192788429,15.917976014129856
1021,1,ARC,0.1615350730873579,0.13851263274469788,0.2127894012097539,0.7864124178886414,0.7863783500397403,3.695731147405445
1022,1,ARC,0.12805484261393757,0.3277012439580978,0.3518325567774606,6.728068828582764,6.7280561923598725,19.122928503851814
1023,1,ARC,0.15820888357185503,0.18453976625476826,0.24307401377032734,2.7588322162628174,2.758810533434371,11.349762047659885
1024,1,ARC,0.1234086452435531,0.1904619905476304,0.226948151709184,2.518484354019165,2.5184581275116216,11.097179400017332
1025,1,ARC,0.16694392372408037,0.23112021787549603,0.2851084509080857,3.4641451835632324,3.4641006617530365,12.150271844028982
1026,1,ARC,0.09010152827373531,0.15075177113858165,0.17562568689881902,3.3962016105651855,3.396052042939118,19.33772713169114
1027,1,ARC,0.13064808612510387,0.16024086480253663,0.20675119627421115,2.3891875743865967,2.389168012989103,11.555858526776557
1028,1,ARC,0.1504109829592744,0.3102514511143511,0.34478895967437195,5.3336944580078125,5.33363634770285,15.469446768379992
1029,1,ARC,0.12118341290771059,0.16010970747542944,0.20079974599542766,2.0187184810638428,2.0186306969917496,10.053391606928678
1030,1,ARC,0.14432738968492775,0.2626931399080037,0.29973001379239783,6.202727794647217,6.202526514403871,20.694383309051645
1031,1,ARC,0.18580323529368617,0.2702819201355472,0.3279865219757654,3.5812809467315674,3.5810049850842915,10.918988149751424
1032,1,ARC,0.6431758051893849,0.7880806696262317,1.0172247825429457,4.201004505157471,4.200804137770319,4.129868419697208
1033,0,NORMAL,0.9418562148823403,0.6999833279930948,1.173486169062413,2.0852785110473633,2.0819427026435733,1.7769945364702937
1034,0,NORMAL,0.8308629949635069,0.6051254329737885,1.0278667744564192,1.83834969997406,1.8379979991877917,1.7885097034547688
1035,0,NORMAL,0.7642718195457128,0.5561685777596926,0.9452168539752949,1.68766188621521,1.6869437248096801,1.7854758716133943
1036,0,NORMAL,0.7212915911439922,0.5163379044198471,0.8870548973968361,1.6067887544631958,1.6062068889732473,1.8113746501806156
1037,0,NORMAL,0.6989329715217464,0.4972746064429146,0.8577816347376376,1.5282238721847534,1.5274832289433107,1.7816001302617983
1038,0,NORMAL,0.6858211160316787,0.4849183518258213,0.839938337696529,1.5176217555999756,1.5175762182843755,1.8068252007188348
1039,0,NORMAL,0.6720430135289207,0.4765828687310282,0.8238768371552446,1.5061132907867432,1.5050352169200778,1.8280806339782356
1040,0,NORMAL,0.6666843386107939,0.4747062792922445,0.8184216877309631,1.4861109256744385,1.4851988487062044,1.8158254454309652
1041,0,NORMAL,0.6641682681308594,0.47006775764217995,0.8136849422022583,1.4677376747131348,1.4653963909950107,1.8038157013704428
1042,0,NORMAL,0.6596420807734831,0.46594303194230224,0.8076079393757564,1.4610646963119507,1.4599924836074933,1.8091262171608742
1043,0,NORMAL,0.6572063818813767,0.4652758377492727,0.8052340241065933,1.4782288074493408,1.4756628763861954,1.835775393481957
1044,0,NORMAL,0.6578057889807969,0.4646256937819342,0.8053480560223588,1.4513825178146362,1.451285364688374,1.8021804447918623
1045,0,NORMAL,0.6584925371647696,0.46499746944892134,0.8061234819155164,1.457694172859192,1.456883254868444,1.8082765302846762
1046,0,NORMAL,0.6540550611453946,0.46289237455591886,0.801284826657739,1.4692736864089966,1.469020289951004,1.8336472094916911
1047,1,ARC,0.2814769400624464,0.5322464303241702,0.6020926260798579,7.727914333343506,7.727885261821939,12.835092141318672
1048,1,ARC,0.08112925777402416,0.18574128863749706,0.20268641486710953,3.5392990112304688,3.539275697330595,17.461944914023935
1049,1,ARC,0.0878176104160084,0.22361188238611682,0.24023781268451552,5.677645206451416,5.677482179846265,23.63343698066132
1050,1,ARC,0.10717288546697637,0.3817885914377452,0.3965457803726263,6.375872611999512,6.375850090857057,16.078528451388966
1051,1,ARC,0.11963101781941077,0.23398983721870978,0.2627980676225502,6.142406463623047,6.142267042727326,23.373103612181882
1052,1,ARC,0.10152544621444759,0.3043335427898209,0.3208213233188318,5.12600040435791,5.125955814251938,15.977742225268793
1053,1,ARC,0.0827929726923976,0.18104171920540657,0.1990748111140467,4.966933727264404,4.96689458504261,24.95008634929172
1054,1,ARC,0.08866200255193689,0.2393247654666916,0.25522008945654456,5.051023006439209,5.0509368205675855,19.79085195524637
1055,1,ARC,0.08781940255738209,0.2255627137581033,0.24205533520964906,3.3930728435516357,3.393062454530991,14.017756892707308
1056,1,ARC,0.17274672789328907,0.392982364039089,0.4292744698250632,5.834808826446533,5.834732757488382,13.592256788120476
1057,1,ARC,0.13805786851143784,0.30469980911128075,0.3345174864343752,5.8342790603637695,5.834158433535777,17.440879167637547
1058,1,ARC,0.1193879185916594,0.34509141726030707,0.3651596382027675,7.416153907775879,7.4161057326055015,20.309347287877976
1059,1,ARC,0.10139264281161013,0.1767511523873533,0.20376809830437184,2.990110158920288,2.9900395495133125,14.674083842378066
1060,1,ARC,0.1075043415537657,0.23047330282764497,0.25431304875918587,4.172321796417236,4.172208413729095,16.406243473444775
1061,1,ARC,0.1819735142424397,0.22146947298061198,0.2866410426789112,3.5623345375061035,3.562269452791952,12.427859263324512
1062,1,ARC,0.11211810248196707,0.2586151790740571,0.28187280775495793,4.918694496154785,4.918604037316982,17.450049670739368
1063,1,ARC,0.18699718743877747,0.3011277250222368,0.35446559055440224,3.8083078861236572,3.808301016855694,10.743801338141933
1064,1,ARC,0.1721555766914389,0.30428420113703813,0.34960894961022865,4.487571716308594,4.4874249396671075,12.835974940892358
1065,0,NORMAL,1.1956481230291538,0.882884446851302,1.4862904765203426,2.6510677337646484,2.6509156943357084,1.7836807647259143
1066,0,NORMAL,0.9400111813722178,0.6990413876651032,1.1714435038761133,2.1026113033294678,2.1006145325955003,1.794889208376054
1067,0,NORMAL,0.8264665587252239,0.6025454478636889,1.0227942067847116,1.8072024583816528,1.8061530332779512,1.7669267643418045
1068,0,NORMAL,0.7615887335794977,0.5544849226409357,0.9420567544215941,1.705393671989441,1.7051498679211363,1.8102876116381352
1069,0,NORMAL,0.7186772257006377,0.5142974051173697,0.8837413511040577,1.6026588678359985,1.6019525284064002,1.8134931287687257
1070,0,NORMAL,0.6961739224507474,0.49569019564874234,0.8546150597565828,1.54383385181427,1.5416517374105752,1.8064669399273108
1071,0,NORMAL,0.6803949248923454,0.4824127368632347,0.834061929659385,1.5028258562088013,1.4990352902095765,1.8018156719160252
1072,0,NORMAL,0.6677247453602031,0.47598418235201195,0.8200105349418758,1.4879857301712036,1.4872324097086675,1.8145934311400955
1073,0,NORMAL,0.6656200839655939,0.47136620792662504,0.8156201310374154,1.4699122905731201,1.4697604989050888,1.802202072554889
1074,0,NORMAL,0.6611534455761503,0.46506567651745445,0.8083377772143605,1.4705142974853516,1.4704536763820215,1.8191829442302443
1075,0,NORMAL,0.659621753703781,0.46494204687955637,0.8070142284469358,1.4612072706222534,1.46108646227367,1.81063383905174
1076,0,NORMAL,0.6567082420720253,0.4639115229433177,0.8040395614177939,1.4420276880264282,1.4409941758494824,1.7934785267078717
1077,0,NORMAL,0.6531456274662633,0.4598577896795784,0.798791836092036,1.4287835359573364,1.4275952230673283,1.78868069426878
1078,0,NORMAL,0.6501645352600026,0.45833817185668496,0.7954796054524486,1.434904932975769,1.4341285280534066,1.803823659513724
1079,0,NORMAL,0.6533762946713833,0.4617249555941531,0.8000565711603954,1.4643794298171997,1.4635372941265814,1.83034485635594
1080,0,NORMAL,0.6529425739425351,0.45860768585923994,0.7979066451633738,1.436772346496582,1.435829029593151,1.8006772536684394
1081,0,NORMAL,21.17262871510815,14.20221777660438,25.494768021731826,40.929901123046875,40.918521341867745,1.6054235554588334
1082,0,NORMAL,12.85805813238211,8.869151719284467,15.620227628155881,25.766145706176758,25.73815823532641,1.6495371462918111
1083,0,NORMAL,9.541039560354372,6.554812814082576,11.575707620698974,19.174030303955078,19.173551811778452,1.6564024362250862
1084,0,NORMAL,7.900030965998769,5.3844545082414115,9.560483231252523,15.592948913574219,15.585155819542706,1.6309791604049892
1085,0,NORMAL,6.947623345009052,4.691297537615266,8.383182136310161,13.739752769470215,13.729429359547794,1.6389662715258309
1086,0,NORMAL,6.346654509594664,4.248773149206259,7.637545203635416,12.488144874572754,12.468472009524703,1.6350993076451432
1087,0,NORMAL,5.946262952397345,3.9484743266067874,7.137821278718466,11.667403221130371,11.663517429726198,1.6345888704046052
1088,0,NORMAL,5.667595711845439,3.7434878558528735,6.7923002348134425,11.074784278869629,11.07037320965901,1.6304909818483324
1089,0,NORMAL,5.45325659304054,3.5860071934746416,6.5266725872524045,10.568652153015137,10.567292848136276,1.6193017210113068
1090,0,NORMAL,5.3005013436040604,3.4672662843836344,6.333817962364559,10.32292652130127,10.32159458042588,1.6298110527710026
1091,0,NORMAL,5.175267656599579,3.3762022226226627,6.179169585428766,10.022150039672852,10.021718162635807,1.6219250663238474
1092,0,NORMAL,5.084375201836461,3.3043693552641082,6.063804748592923,9.844599723815918,9.840826075291261,1.6235020967817788
1093,0,NORMAL,5.019034212167375,3.2547523068179576,5.981982698206623,9.65566635131836,9.652411053422838,1.6141247540239616
1094,0,NORMAL,4.970980322885793,3.217746983015671,5.921531982285005,9.599027633666992,9.598356307018548,1.6210378770871574
1095,0,NORMAL,4.928751788812456,3.1875443543476907,5.86967062164955,9.493709564208984,9.489917955128476,1.6174177694388197
1096,0,NORMAL,4.899276299849269,3.1618526549944996,5.830970800317946,9.415035247802734,9.4137183240382,1.6146599889146007
1097,0,NORMAL,4.873952890292741,3.1434903223878643,5.799736906424215,9.315936088562012,9.305418916977942,1.6062687392324635
1098,0,NORMAL,4.858112684915773,3.1286336357532902,5.778374104028433,9.278316497802734,9.277336771599948,1.605696746310401
1099,0,NORMAL,4.837927998916246,3.1173530590504823,5.755296466514054,9.247002601623535,9.23576226271689,1.6066943997455592
1100,0,NORMAL,4.827125274560414,3.1080824529020683,5.74119455778479,9.23507308959961,9.229543818160892,1.608562990968018
1101,0,NORMAL,4.819161183835007,3.1014189963752075,5.730891231462959,9.212270736694336,9.206536496989429,1.6074761087975953
1102,0,NORMAL,4.813839323157328,3.097008135584557,5.724029037404748,9.2266263961792,9.225878609460779,1.6119111793259726
1103,0,NORMAL,4.809471177855507,3.0931678780366574,5.718277759285625,9.202330589294434,9.190436471253633,1.6092835949340218
1104,0,NORMAL,4.801551545442082,3.088609480577915,5.709151054846335,9.169151306152344,9.161113526672125,1.6060446147013248
1105,0,NORMAL,4.797689262907196,3.0879886160770824,5.705567102088682,9.1823091506958,9.181348426558543,1.609359593253116
1106,0,NORMAL,4.793884813325713,3.084739364282683,5.700609489255515,9.180238723754883,9.177589417202398,1.610396000823729
1107,0,NORMAL,4.784099077785854,3.077280285389543,5.688344042066953,9.136982917785645,9.132725400850177,1.606264116624277
1108,0,NORMAL,4.789217502564192,3.078803507599351,5.693473045977583,9.150259017944336,9.131217673420906,1.6071489131592465
1109,0,NORMAL,4.784952761290478,3.0782311078609803,5.689576406129406,9.134716987609863,9.133480936405249,1.6055179393968577
1110,0,NORMAL,4.7821289118509736,3.0750444099507552,5.685477557138922,9.139938354492188,9.132469752803445,1.607593779526172
1111,0,NORMAL,4.77920174789615,3.0699617929769043,5.6802671378581815,9.136089324951172,9.133203502744436,1.6083907857185837
1112,0,NORMAL,4.777732102158014,3.0688057526688564,5.678405831534472,9.116617202758789,9.11130641726777,1.605488841979301
1113,0,NORMAL,4.78316501838225,3.0752261153177023,5.686447331454647,9.133527755737305,9.131157183088362,1.6061922714407453
1114,0,NORMAL,4.775108312962577,3.070675653121019,5.677209558153944,9.113062858581543,9.104032235220075,1.6052010702146486
1115,0,NORMAL,4.779458855777513,3.073784741001549,5.682550447473744,9.154727935791016,9.1519769099541,1.6110244898680794
1116,1,ARC,2.951811702654746,2.3427170550117977,3.768489820574372,6.577685832977295,6.577660651857514,1.7454434391903866
1117,1,ARC,2.611864720676669,2.15577528975804,3.386621387023766,6.102842330932617,6.10273697568482,1.8020444665932744
1118,1,ARC,3.2475490420052955,2.6878540499506185,4.215582305455019,7.356573581695557,7.356216497166315,1.745090724993331
1119,1,ARC,3.433542674557335,2.939969131641364,4.5202470942427935,8.199252128601074,8.198902590782382,1.8138946738208273
1120,1,ARC,2.952701516326051,2.567268256058224,3.9127116611217847,7.595975875854492,7.595345691894181,1.941358457698543
1121,1,ARC,3.337934007973061,2.8304421415358054,4.37643761045041,7.66904354095459,7.668002133839764,1.7523484220686318
1122,1,ARC,3.3994999842233535,2.8716210527615034,4.450034563168883,7.881083965301514,7.881081683952061,1.7710163490706397
1123,1,ARC,2.477851679756655,2.47106688705865,3.4994171667851504,7.6501359939575195,7.649752399069257,2.186117181617863
1124,1,ARC,2.909562084568992,2.7994629561756437,4.037640940816943,8.562084197998047,8.56201399940619,2.1205660244433884
1125,1,ARC,3.0672967042763086,2.9432879994525045,4.251029677594057,8.941122055053711,8.94106161525633,2.10328384724759
1126,1,ARC,3.3334351703133143,3.3984154201264936,4.760358957309341,9.114554405212402,9.114118200872326,1.9146779658742683
1127,1,ARC,3.391339430758206,3.2294931168076797,4.68303415812052,9.115415573120117,9.115267797606066,1.9464764221960063
1128,1,ARC,3.5302436595911133,3.3696851793056144,4.880307214071176,9.111959457397461,9.111760647705523,1.8670872667862686
1129,1,ARC,3.878101773650211,3.273785315410908,5.07516932310529,8.790410041809082,8.7899126142147,1.7320427127011768
1130,1,ARC,3.772012227033214,3.136020956186158,4.905374978381042,8.453269004821777,8.453208311279013,1.7232666293763486
1131,1,ARC,3.7031122475710583,3.1522648880328674,4.863107467703715,8.600247383117676,8.599535550398286,1.768467474805483
1132,1,ARC,2.947756489341922,2.5630924717768107,3.906240051422387,7.529491424560547,7.529439628848195,1.9275547138529845
1133,1,ARC,2.8629996722587383,2.5075211066711485,3.8058414606700244,6.948268413543701,6.945887816604227,1.825685196124919
1134,1,ARC,3.8083242807094284,3.1885088843562692,4.9668825970280235,8.688164710998535,8.68807541437127,1.7492188593700952
1135,1,ARC,3.849562139611982,3.128687971144314,4.960626682942096,8.851770401000977,8.851350903918501,1.7844056742748244
1136,1,ARC,3.738111149058444,3.445049889096517,5.0834873562426575,9.584685325622559,9.583644329220988,1.8854547388324494
1137,1,ARC,3.454645290410059,3.0865159927687364,4.632618596017761,8.423307418823242,8.422923592443112,1.8182605030476693
1138,1,ARC,3.8288512201615377,3.405743666821476,5.124372311827771,9.791683197021484,9.791325302736368,1.9108063585506667
1139,1,ARC,3.2189016190943294,2.8946944452567873,4.329039566094146,9.063097953796387,9.063040557819477,2.0935585862463073
1140,1,ARC,3.0544660890731903,2.842865665746498,4.172726720356648,7.96566915512085,7.9654311329941265,1.908984146088535
1141,1,ARC,3.939251645068769,3.6411720430065535,5.364311453481194,9.71279239654541,9.712562683489523,1.8106317056296666
1142,1,ARC,3.175705818023649,2.73843575316599,4.193344466752885,7.835445880889893,7.834565134719014,1.8685433412431456
1143,1,ARC,2.992610253750434,2.651478386364357,3.9982563404826323,8.239547729492188,8.239255527645582,2.0607852593307174
1144,1,ARC,3.3825715519901713,3.189468426944028,4.649139614036774,9.547744750976562,9.547544984554406,2.053658427927142
1145,1,ARC,3.203509180312016,3.1081752747815528,4.463543951515067,10.115351676940918,10.115168856602395,2.266215318325128
1146,1,ARC,3.165733566542454,3.180017938794172,4.487135289400838,10.00778579711914,10.007723308233835,2.2303285173412877
1147,1,ARC,3.417670711829909,3.1577371938072716,4.6531470296621595,9.441991806030273,9.440876844106242,2.0291625744557242
1148,1,ARC,3.571916085555866,3.3106541978895625,4.870217216947979,9.505697250366211,9.505597684947134,1.9518014960990078
1149,1,ARC,2.6914737230052705,2.571983824151734,3.7227854616303135,6.894622802734375,6.894562273853808,1.8520064811134789
1150,1,ARC,3.3977959079923092,3.17654420716618,4.651392278925773,8.698898315429688,8.698808191693388,1.870170863644869
1151,1,ARC,2.35425581357006,2.356573695589993,3.3310598941590803,7.069470405578613,7.069383494403155,2.1222885898793744
1152,1,ARC,3.1581505988191765,3.1136221636717427,4.434924822692018,9.81369400024414,9.813663516930319,2.2128208239361284
1153,0,NORMAL,6.347573589446954,4.244194935791365,7.635763296910241,12.498807907104492,12.495567275211215,1.636877339055553
1154,0,NORMAL,5.945353471992305,3.9463712906085893,7.135900382591579,11.598893165588379,11.597428549313918,1.6254281231117682
1155,0,NORMAL,5.667098701679148,3.738585017048633,6.789184459437968,10.973092079162598,10.969715622719377,1.6162607077067086
1156,0,NORMAL,5.4649091059882196,3.5861085208753534,6.536467383855577,10.59557819366455,10.585764188319445,1.6209945787895421
1157,0,NORMAL,5.302946234188508,3.47000382275348,6.337362644871907,10.287086486816406,10.285714987199754,1.623244094314305
1158,0,NORMAL,5.191851668688003,3.380985371582116,6.195674768135482,9.972613334655762,9.96993806026876,1.609608913938668
1159,0,NORMAL,5.102194102034904,3.3135350634009937,6.083740565739764,9.828739166259766,9.820571470074356,1.615575000290076
1160,0,NORMAL,5.0331524322326295,3.2621167483599973,5.997835366698559,9.661415100097656,9.659329910296947,1.6108169880320795
1161,0,NORMAL,4.974475926381711,3.2184593016703573,5.924853670653784,9.560797691345215,9.560351193707902,1.6136765940229911
1162,0,NORMAL,4.932456192742568,3.1859367333221558,5.871909141161497,9.46209716796875,9.459892885293812,1.6114175033193878
1163,0,NORMAL,4.901828303998103,3.1618822997102383,5.8331312688039025,9.415993690490723,9.41431177710183,1.6142262631475965
1164,0,NORMAL,4.877089483707212,3.150591541512575,5.806223290017191,9.398676872253418,9.394242398440838,1.6187246688243695
1165,0,NORMAL,4.856416647415026,3.1295404895804806,5.777439426702234,9.317867279052734,9.316839554929174,1.6128022452277582
1166,0,NORMAL,4.839454127698293,3.114315465815157,5.754935019156299,9.264744758605957,9.264479820529232,1.6098782571422001
1167,0,NORMAL,4.834628160893917,3.1089832622551756,5.747991508265416,9.228719711303711,9.222647907212377,1.6055555576296738
1168,0,NORMAL,22.45370762654557,16.91305275626203,28.110858039456804,48.25548553466797,48.25337316165678,1.7166137535515948
1169,0,NORMAL,16.201168142182286,12.376706712235846,20.38775902869087,34.69689178466797,34.69473172770813,1.7018492192222026
1170,0,NORMAL,12.858188613086007,9.890579331341662,16.222101402693106,27.91434097290039,27.912999573280104,1.7207598621141773
1171,0,NORMAL,10.802865771011623,8.281463703882984,13.611926753594652,23.31804084777832,23.317470664100256,1.713059530063991
1172,0,NORMAL,9.437254339507462,7.191396123388434,11.864988313185927,20.34337615966797,20.342929455364356,1.7145719509103727
1173,0,NORMAL,8.48160465623322,6.408979131837349,10.630739911076915,18.093608856201172,18.09334914642386,1.702008421572629
1174,0,NORMAL,7.79740145457664,5.854066163433208,9.75036204915938,16.74030113220215,16.7392001071712,1.7168902085687578
1175,0,NORMAL,7.278563436761553,5.425469122372184,9.078171671695582,15.351813316345215,15.351783436843107,1.6910688486107763
1176,0,NORMAL,6.880114076480968,5.0914286302370595,8.559124674999728,14.497724533081055,14.496726831188425,1.6938326153172334
1177,0,NORMAL,6.564393722455032,4.8229059012282,8.145654441204147,13.86892032623291,13.868767240302986,1.7026158458279395
1178,0,NORMAL,6.307546058669046,4.603908076255985,7.809040072687967,13.237957954406738,13.237682286417112,1.695209376720495
1179,0,NORMAL,6.086471514452947,4.4296026557134,7.527716465419666,12.719189643859863,12.71788515150547,1.6896478104998307
1180,0,NORMAL,5.934967061655596,4.295675584228884,7.326435883011399,12.322075843811035,12.320197491440922,1.6818649668911412
1181,0,NORMAL,5.789108746405283,4.171741302157622,7.135629304401535,11.890000343322754,11.889318018569611,1.6662861586697808
1182,0,NORMAL,5.671476457857741,4.073145098997207,6.982560863287879,11.621683120727539,11.62167457542455,1.6643869417351898
1183,0,NORMAL,5.562588009769504,3.9984988630129057,6.850575050603194,11.5118989944458,11.511560353188543,1.6804281260201912
1184,0,NORMAL,5.488731975512405,3.9289825468528896,6.750043151898136,11.480544090270996,11.48028697463451,1.7008104736401022
1185,0,NORMAL,5.406917830100166,3.863511110928289,6.645410335390994,11.14453411102295,11.143266694271006,1.6770272336188614
1186,0,NORMAL,5.345312043568003,3.806800842778514,6.562323788086988,11.0664644241333,11.065481599187478,1.6863636695621407
1187,0,NORMAL,5.287690849819046,3.7772210318947996,6.49823616430247,10.909370422363281,10.908420719497371,1.678820243913728
1188,0,NORMAL,5.23473301415192,3.72415865602002,6.42431221413319,10.985596656799316,10.984548351727426,1.7100035444465964
1189,0,NORMAL,5.179823897136376,3.6941097525677935,6.362155489247457,10.614328384399414,10.614009495300706,1.6683541297188451
1190,0,NORMAL,5.14290411872018,3.661104439028984,6.312935013749684,10.550487518310547,10.550071288220352,1.671249188425257
1191,0,NORMAL,5.121004466052167,3.6290895077373464,6.276541834202616,10.587967872619629,10.585765824886039,1.686911065409117
1192,0,NORMAL,5.077932869172706,3.608113197690592,6.2292762879144785,10.536266326904297,10.536220583031536,1.691410982580092
1193,0,NORMAL,5.060451274153922,3.5881488177355325,6.203465083024401,10.401068687438965,10.400711114314618,1.676654667711628
1194,0,NORMAL,5.0288940549494,3.5593347614542954,6.161058298701801,10.31847095489502,10.317653241450898,1.674788722104647
1195,0,NORMAL,4.999849400810315,3.540802245905783,6.126644642493533,10.32319450378418,10.322326017078012,1.6849670751562733
1196,0,NORMAL,4.445430430744949,3.1342971356119,5.439271113752117,10.217495918273926,10.216556055063847,1.878467850672311
1197,1,ARC,3.1912947693796885,2.5590090108842865,4.090585462113845,7.590440273284912,7.590283917816123,1.8555877498675917
1198,1,ARC,3.5410472211074375,2.8025066600474333,4.5158674694595415,8.136619567871094,8.136299440055154,1.801784401977785
1199,1,ARC,2.7984467852065573,2.4049613099465357,3.6898703651988467,7.146183967590332,7.145391692058183,1.9367032606320913
1200,1,ARC,2.476946017402603,2.055837570475552,3.2189640708317073,5.898002624511719,5.8977109598054085,1.83226730548372
1201,1,ARC,2.9519513636629418,2.43683742397159,3.8278183713833647,7.854768753051758,7.854557663886226,2.0520223247199323
1202,1,ARC,3.388639364612143,2.933410338495205,4.481938526730319,8.760066986083984,8.759774402627954,1.954526358145894
1203,1,ARC,3.086881243906566,2.779219334680043,4.153660545138653,8.741222381591797,8.740046716062352,2.104462386032561
1204,1,ARC,2.888804403683171,2.5618900741052952,3.8611490044465406,8.167183876037598,8.166171727352776,2.1152211081810575
1205,1,ARC,3.0902603146499894,2.691438256729981,4.097993253055741,7.9907426834106445,7.990443130809581,1.9499160174195522
1206,1,ARC,3.109659619326412,2.6167543013227412,4.064158710183493,7.867559432983398,7.86694982618792,1.9358396150400792
1207,1,ARC,3.0900309532676475,2.7330611256153188,4.125277494727093,7.8503031730651855,7.84952103701653,1.902975783592595
1208,1,ARC,3.242836132620694,2.770871499486295,4.265409130399541,8.782496452331543,8.781744514824823,2.0590044668256446
1209,1,ARC,3.2324277167106628,2.6817507126449622,4.200044741253487,7.832148551940918,7.831591366732027,1.8647774093957492
1210,1,ARC,3.1537354024099185,2.728012737324437,4.169904133600438,8.974212646484375,8.973749661818147,2.1521388403564408
1211,0,NORMAL,5.964273382057785,4.355018984811294,7.385035364437316,12.482789039611816,12.481956632924266,1.6902815523027506
1212,0,NORMAL,5.817225075011258,4.244271486564833,7.20096854770294,12.140034675598145,12.138661380042322,1.6858891404921819
1213,0,NORMAL,5.691378770504897,4.115746465150003,7.02361454485855,11.833353042602539,11.83324328991148,1.6847953382158238
1214,0,NORMAL,5.594965685031552,4.039205558263873,6.900639286224889,11.649352073669434,11.648737703508232,1.6881554868291642
1215,0,NORMAL,5.4925222597660035,3.9572193453085167,6.769592729323457,11.387271881103516,11.38624682254158,1.6821206734901382
1216,0,NORMAL,5.4146332259039625,3.899997411639618,6.672947832993967,11.183920860290527,11.183474342979025,1.6760090353160475
1217,0,NORMAL,5.329416297074379,3.8212678739712196,6.557801936027536,10.980627059936523,10.980376255727606,1.6744371310775155
1218,0,NORMAL,5.2792936399403265,3.773924107905469,6.489487230047106,10.902664184570312,10.902361590997316,1.680050179325366
1219,0,NORMAL,5.225735878587933,3.7273175897938837,6.4188170162381235,10.709320068359375,10.707202420802787,1.668425823834403
1220,0,NORMAL,5.1775284325472315,3.6902118880926684,6.358023627579206,10.652547836303711,10.65061073016841,1.675449551665103
1221,0,NORMAL,5.13468878258788,3.6505937943062072,6.300147930410905,10.504185676574707,10.503403130336665,1.6672919100630719
1222,0,NORMAL,5.103533067741198,3.618972685648761,6.256437730290272,10.454489707946777,10.452126972610131,1.6709971646216215
1223,0,NORMAL,5.082429148043113,3.6141682208974513,6.2364491478583615,10.460396766662598,10.460170697464491,1.6773000979659665
1224,0,NORMAL,5.036432978855795,3.5735678757192724,6.175438811362235,10.312198638916016,10.311494010034949,1.6698730169494234
1225,1,ARC,3.0119260710320233,2.6211318884632537,3.9927473040603685,7.592284202575684,7.592132023230079,1.9015188351275867
1226,1,ARC,2.923432193630084,2.47148699595721,3.828146256602326,7.649916172027588,7.649336975533515,1.9983343527781712
1227,1,ARC,3.2105891921649454,2.632583435520515,4.151912632248342,8.201345443725586,8.19997439312283,1.9753174428635307
1228,1,ARC,3.223641462835727,2.6428703882524767,4.168528297854707,7.687689781188965,7.68765568481831,1.8442215649934197
1229,1,ARC,2.762180646735607,2.3831300625222895,3.648143475810433,7.477477550506592,7.477291436618543,2.04966652218783
1230,1,ARC,3.3658525383755333,2.6702166484873997,4.296396194480708,7.6995849609375,7.69920514972182,1.7921031051160135
1231,1,ARC,3.7549522870383574,3.1048318291953723,4.872334898744058,8.765077590942383,8.76507613585784,1.7989480963637694
1232,1,ARC,3.171649945824436,2.788759384935853,4.223333077785358,8.94931411743164,8.949271039862651,2.119016888463011
1233,1,ARC,2.668442814509326,2.1206490372968547,3.408480510974726,6.163581371307373,6.162765186280012,1.8083076466072467
1234,1,ARC,3.4674724006056206,2.9078514950992407,4.525369064122018,9.157326698303223,9.156475753930863,2.0235535640406086
1235,1,ARC,3.2800587325306805,2.741450304794157,4.2748491274554645,8.748197555541992,8.74819312096588,2.0464342236913557
1236,1,ARC,3.610516027331934,3.2695396009716164,4.870904965808962,9.232043266296387,9.231921523227356,1.8953445676111902
1237,0,NORMAL,5.857641573820467,4.261134605751568,7.2435649327995595,12.340429306030273,12.340196751494659,1.7036403235859212
1238,0,NORMAL,5.72160997026891,4.138440213956704,7.0614097782507,11.863241195678711,11.862079896149226,1.6800103050551973
1239,0,NORMAL,5.597808916543029,4.036433713923693,6.901323191463247,11.601052284240723,11.599655785830691,1.68098956712981
1240,0,NORMAL,5.509781153559568,3.954999289640546,6.782308437484795,11.294379234313965,11.292552319238894,1.6652706579800525
1241,0,NORMAL,5.424452303795929,3.8875287476053044,6.673646871060428,11.145119667053223,11.144961240846897,1.6700193885569325
1242,0,NORMAL,5.351515668186898,3.8181275116359474,6.573949926943555,11.087996482849121,11.087791940415627,1.6866566685280937
1243,0,NORMAL,5.283699176118069,3.754892095714378,6.482028358019507,10.815430641174316,10.815347484240192,1.6685256595327238
1244,0,NORMAL,5.241982446026144,3.7375501674346525,6.437985804468432,10.905170440673828,10.904737283475697,1.693879230535868
1245,0,NORMAL,5.1879419473139565,3.691692519992048,6.367364863965703,10.716242790222168,10.71593020571163,1.6829949310534578
1246,0,NORMAL,5.15521209583513,3.6693286160982677,6.327731366450574,10.603812217712402,10.603274919325486,1.6757683921181405
1247,0,NORMAL,5.09996929614729,3.6182059220397336,6.253087310755263,10.57748794555664,10.576808918325696,1.691562490637775
1248,0,NORMAL,5.070794648574083,3.595147843974191,6.215950964095504,10.44863510131836,10.448049266939051,1.6809391132059488
1249,1,ARC,2.7894082028409177,2.5516751912444082,3.780455581499191,8.02686882019043,8.026563176914351,2.1232543663447214
1250,1,ARC,2.98362797209141,2.545391625340156,3.9218687385222495,7.237380027770996,7.237338089697005,1.8453906824270776
1251,1,ARC,2.823521021144057,2.559688206207762,3.8110726403260133,8.10605239868164,8.105904608906712,2.126973994908745
1252,1,ARC,2.6956670192185554,2.2954898399443953,3.5406064853059567,7.010347843170166,7.009192153811455,1.979985031452705
1253,1,ARC,3.1973950536049087,2.8121576199419147,4.258117613243499,8.881118774414062,8.880442235153168,2.0856912798256704
1254,1,ARC,3.3983472718979173,2.8792121546983185,4.454057342713332,8.632107734680176,8.631829512130935,1.9380324657925598
1255,0,NORMAL,6.301184002171605,9.433699125045921,11.344584567586224,28.33488655090332,28.334732136994717,2.497657484246874
1256,0,NORMAL,5.993536239076401,9.070365921397286,10.871707069139019,26.92998504638672,26.92997216477397,2.477070516628575
1257,0,NORMAL,5.794292320581508,8.714191475767564,10.464748280426527,26.271060943603516,26.271042710717666,2.510434101194907
1258,0,NORMAL,5.580193828433388,8.317168832021544,10.01568073289263,24.69647979736328,24.696473973424872,2.4657814537016187
1259,0,NORMAL,5.623766726976981,8.247029248282296,9.98199597382593,24.245262145996094,24.245226201084733,2.428899211096686
1260,0,NORMAL,5.140378706156749,7.5415814659763045,9.12682552975935,22.751920700073242,22.75182039434003,2.4928624553945156
1261,0,NORMAL,5.072516022482979,7.3136102062722,8.900523189545401,21.520130157470703,21.52010898264598,2.4178500183841276
1262,0,NORMAL,4.885779474298215,6.967163461088578,8.509536283781948,20.634794235229492,20.63479372289345,2.4249023151304594
1263,0,NORMAL,4.989514276890313,6.929550790306975,8.538965211003983,20.280498504638672,20.28045372026463,2.375053417304432
1264,0,NORMAL,4.835693909042821,6.618863662586033,8.19715144216914,19.28692626953125,19.286820348599576,2.352881535201638
1265,0,NORMAL,4.836841073587399,6.467257189608906,8.075917726654364,18.91707992553711,18.91700797757221,2.3424062212894716
1266,0,NORMAL,4.617123240436617,6.116517732648684,7.66352504994834,17.73282814025879,17.7325954290136,2.3139257749771858
1267,0,NORMAL,4.531954005238924,5.894609747966654,7.435390452856166,16.8840389251709,16.883997973269288,2.2707669532923065
1268,0,NORMAL,4.655156948499221,5.85242809530714,7.478061301293333,16.54658317565918,16.54641097559943,2.212683543099258
1269,0,NORMAL,4.590204633976071,5.654163780992574,7.282825457476215,15.993088722229004,15.993057805382705,2.1960005516555707
1270,0,NORMAL,4.459089947694516,5.42784458970988,7.024598212828482,15.422901153564453,15.422876185100904,2.1955563416280235
1271,0,NORMAL,4.510661881888871,5.329451360894523,6.982057176854522,14.766475677490234,14.76646357172649,2.1149176100191522
1272,0,NORMAL,4.483825990087877,5.183156967208753,6.853452535482548,14.298624038696289,14.298377170285676,2.0863388145854476
1273,0,NORMAL,4.5926307975498455,5.1087956947805715,6.869647086540315,13.95028305053711,13.950278358508513,2.030713204739421
1274,0,NORMAL,4.565452905733007,4.961882444090883,6.742672884208701,13.396553993225098,13.396381897342508,1.98683136840284
1275,0,NORMAL,4.6153406687258975,4.853860212692956,6.697859990531223,12.957743644714355,12.956985290453304,1.9346095115503672
1276,0,NORMAL,4.537267204162283,4.702242544176471,6.534361378606928,12.63211727142334,12.632084019271133,1.9331831436167681
1277,0,NORMAL,4.638504955977376,4.611296677362248,6.5406257554823295,12.125548362731934,12.125444263903773,1.8538820009031003
1278,0,NORMAL,4.519831380116812,4.465309088552729,6.353570725269393,11.837611198425293,11.837314853968564,1.8631430592792173
1279,0,NORMAL,4.429378611984342,4.349908938868151,6.208148086567313,11.411174774169922,11.410997195955133,1.8380964202288435
1280,0,NORMAL,4.304326521136609,4.241196888952042,6.042762435460827,11.240862846374512,11.240681050927378,1.8602192236467214
1281,0,NORMAL,4.194504538734007,4.148460480178447,5.899456981880838,10.982335090637207,10.98200015994371,1.861584061781881
1282,0,NORMAL,4.150445386402716,4.083842691257103,5.822711398690961,10.733494758605957,10.732879043673165,1.8433842970508583
1283,0,NORMAL,4.112730480795842,4.027136504759197,5.756073352176058,10.624610900878906,10.623300369014032,1.845808809379109
1284,0,NORMAL,4.082775189902895,3.9804783762808,5.702040104675313,10.463631629943848,10.463305896584643,1.8350680524614917
1285,0,NORMAL,4.009529061312838,3.9247072801826692,5.610672912283432,10.363895416259766,10.363803162217664,1.8471751211107166
1286,0,NORMAL,3.9459220442568186,3.8815142000735063,5.53502062008121,10.177558898925781,10.176106750965118,1.838757178609473
1287,0,NORMAL,3.9349805312660755,3.853987770833923,5.507930057578843,10.122299194335938,10.121468633064069,1.8377682883623006
1288,0,NORMAL,3.922569499383215,3.8263477605632836,5.4797343605560975,10.038955688476562,10.033254322130233,1.8320150262644819
1289,0,NORMAL,3.911997775958036,3.8019514155945204,5.455140801633061,9.958027839660645,9.95796450515627,1.8254391961211323
1290,0,NORMAL,3.8638910522427468,3.772595582225478,5.400197356636955,9.925390243530273,9.925157754390966,1.8379680570992025
1291,1,ARC,2.97583130173455,2.7540160240872984,4.054648714415684,7.747921943664551,7.746509767137468,1.9108737869492856
1292,1,ARC,2.5120805371248536,2.5388724887909433,3.5716133804404158,7.669459342956543,7.669405168828234,2.1473374987778833
1293,1,ARC,3.3948116329273326,3.180921679645549,4.6522047198181005,8.16417407989502,8.163675660267472,1.75490430270967
1294,1,ARC,2.651380828727386,2.548577122841965,3.677644035250903,7.307187080383301,7.306565628270619,1.9869207053055031
1295,1,ARC,2.4428971944415245,2.2846685722934237,3.3447656401959676,5.907989025115967,5.9065922311274335,1.7663387096890357
1296,1,ARC,2.8061135586039163,2.665011826848065,3.8699562453625744,6.763999938964844,6.762907211086713,1.7478233628791655
1297,1,ARC,3.0376699340531994,2.9719288187396944,4.2496822859957755,8.458273887634277,8.458164928386395,1.990330880853686
1298,1,ARC,3.2460780290195834,3.0098606377588406,4.4267689830409855,7.714561462402344,7.713833549350966,1.742707038012812
1299,1,ARC,3.341183240276878,3.1571991423210273,4.596891544226351,8.62685775756836,8.626350679376628,1.8766720238165298
1300,1,ARC,2.8932485194674227,2.8428373087598144,4.056181820317868,7.269280910491943,7.268334902240895,1.7921486837891
1301,1,ARC,3.2260308073082125,3.0234978903080205,4.421404105303962,7.767280578613281,7.766679783060681,1.7567452315194558
1302,1,ARC,3.0546874429024755,2.9598826765436623,4.25347162124415,8.058956146240234,8.057886915514246,1.8946773045315328
1303,1,ARC,3.0998406278842157,2.9937455105711,4.309469120477165,7.865679740905762,7.865478163221269,1.8252085166431906
1304,1,ARC,3.2173191064503626,3.0446634739271397,4.429573106090094,7.911879062652588,7.911308788461611,1.7861493361007568
1305,1,ARC,2.6776544901609305,2.6546723183881245,3.7705594660070236,7.671791076660156,7.671604958843091,2.034655903407483
1306,1,ARC,3.018794231112668,3.0268027178108747,4.274886349640938,8.188714981079102,8.188233760389267,1.915539808857585
1307,1,ARC,3.627270299446769,3.698967923686361,5.180680797511968,11.250411987304688,11.248557385639288,2.171608795644719
1308,0,NORMAL,3.7878320968474437,4.071504587181061,5.561009044889616,11.015083312988281,11.014943260626751,1.9807706162806513
1309,0,NORMAL,3.9241405291400735,4.087098363865,5.665973166927963,10.913484573364258,10.91313597979024,1.9261447683984436
1310,0,NORMAL,3.9965306529249647,4.071276463304025,5.705045950772191,10.76862621307373,10.768156378355343,1.887561696434044
1311,0,NORMAL,4.154273933032804,4.068515313175909,5.8147062491774,10.632989883422852,10.632761005035718,1.8286374973674877
1312,0,NORMAL,4.072798051697813,4.004430734974807,5.711667837079146,10.589322090148926,10.58910358362482,1.853980727206317
1313,0,NORMAL,4.042777899314068,3.9586205126422205,5.6581560164327405,10.443528175354004,10.443378327414393,1.8457476508288764
1314,0,NORMAL,3.973760119221788,3.9112269978554988,5.575703194564009,10.251450538635254,10.251423253266694,1.8385933004163189
1315,0,NORMAL,3.9537243017114525,3.8749252098889304,5.535971571113464,10.194528579711914,10.194218367541907,1.8415066711878838
1316,0,NORMAL,3.9331052224664598,3.8403021499125316,5.49702076525237,10.109467506408691,10.108892166812439,1.8390811929095128
1317,0,NORMAL,3.920213647986023,3.815627870742152,5.4705658842427045,9.968210220336914,9.968197562598107,1.8221533989836634
1318,1,ARC,2.985486986321048,2.787886856797848,4.084782206164548,8.107661247253418,8.10598691564519,1.984845418445503
1319,1,ARC,3.2818074156729273,3.123766861690462,4.530803385687939,8.116497993469238,8.11632585991174,1.7914037097941433
1320,1,ARC,3.30375280871235,3.1434021123183564,4.5602367768354135,8.050091743469238,8.050057511034538,1.7652793346962168
1321,1,ARC,2.70487435828615,2.570346267833144,3.73135702267656,7.22395133972168,7.222812272142619,1.9360118305001615
1322,1,ARC,2.7310729000726717,2.4722697032860173,3.683867081111544,6.327330589294434,6.323949453420937,1.7175784169132589
1323,1,ARC,3.1217284493977204,3.0041551577049757,4.332451583496866,8.691608428955078,8.690598183427937,2.0061640070169675
1324,1,ARC,3.334109923932012,3.24469227168095,4.6523453142224955,8.48171615600586,8.481710770391146,1.8231054625452565
1325,1,ARC,3.003423938822816,2.84343389092052,4.135900343133206,7.289280891418457,7.288419330492616,1.7624411341343795
1326,1,ARC,3.41817775035464,3.255291941285161,4.720261089814378,8.366921424865723,8.366905777824286,1.7725547942507451
1327,1,ARC,2.9284058526399894,2.9070665677480316,4.126329708965883,8.446913719177246,8.446399422362447,2.0470767764445474
1328,1,ARC,2.809053740436677,2.679059050035957,3.881770254695768,7.961968421936035,7.96070268470794,2.0511178919732465
1329,1,ARC,2.654884356624985,2.6053019035983422,3.7196786092275778,7.420637130737305,7.420469933582353,1.9949672835520222
1330,1,ARC,3.287911270124372,3.102365687244258,4.52051251271373,7.983895778656006,7.9818825668189675,1.7661483639745874
1331,1,ARC,3.2614220226921606,3.10321241392481,4.501866379185245,8.16569709777832,8.16349986125715,1.8138470603066104
1332,1,ARC,2.7182286165796103,2.871939914072253,3.9543401070259043,7.58909273147583,7.588373473787215,1.9191805778141973
1333,0,NORMAL,3.7139760376684863,4.005791575258711,5.462598662979862,10.854354858398438,10.85421063330432,1.9870313614578008
