record_id,split,detailed_label,binary_label,mean,std,rms,peak,peak_to_peak,crest_factor,skewness,kurtosis,total_power,power_low,power_mid,power_high,hf_ratio,spectral_centroid
0,train,0,0,0.5334958651149354,0.32395914617935273,0.3239591461793527,0.6356454274570861,1.1687762956426013,1.9621160104711948,0.36216500987556727,-0.8298174548863315,52474.77873466186,52282.661497009874,176.14191199814007,15.975325653820036,0.00030443817085154556,2616.761990826021
1,train,0,0,0.5404131761606841,0.30532275222203753,0.3053227522220376,0.5399789777148107,0.9938256954483222,1.7685513895869962,-0.1292842232930674,-1.3800156337834955,46610.99295122155,46604.122733818534,6.396591986431242,0.4736254166597921,1.0161238512027441e-05,902.4162631498577
2,train,0,0,0.45890611703286416,0.2744934891368085,0.2744934891368086,0.45769591200875587,0.8603681402746588,1.667419921135683,-0.07366208357292256,-1.4018914127005815,37673.33837205998,37649.542825544246,21.580165589646743,2.215380925960012,5.8805006980826125e-05,1861.8701500463253
3,train,0,0,0.38083077025320383,0.22093412925174577,0.22093412925174583,0.380689390538726,0.6977305437321775,1.7230900079948503,-0.12298694877668674,-1.3461856079655297,24405.945062602903,24402.929804164625,2.6453191995025427,0.36993923883198837,1.5157751026771107e-05,1100.4580761971458
4,train,0,0,0.37976051602029476,0.22047696257574043,0.22047696257574034,0.37961286416841905,0.6947182305448223,1.7217801793600582,-0.12112872880261855,-1.3486405859673518,24305.045516907907,24302.051282376447,2.670312829680612,0.32392170173865026,1.3327343967050495e-05,1043.4251780514135
5,train,0,0,0.3800008579418063,0.22042671786021173,0.22042671786021167,0.37852055284008385,0.693279302213341,1.717217207217733,-0.12283281894628682,-1.3470891855614913,24293.968973349947,24291.032386879433,2.592369688430678,0.3442167820698619,1.4168816237785666e-05,1062.6470849223756
6,train,0,0,0.3801470052524237,0.22060209284457905,0.22060209284457907,0.3795389903782634,0.6949240090325475,1.7204686749987463,-0.12303936605328664,-1.3455215186684413,24332.64169535435,24329.73815885383,2.5882414548087818,0.3152950456694705,1.2957698946829411e-05,1030.8177956876723
7,train,0,0,0.3799512551445805,0.22032113786094507,0.22032113786094512,0.3796179978340224,0.6940679472754709,1.72302122946377,-0.1256183069191309,-1.3470508331265996,24270.702557631597,24267.818606539393,2.5051791423658623,0.3787719498746976,1.5606138675849656e-05,1107.6686142346705
8,train,0,0,0.38016235012351535,0.2205403113498436,0.2205403113498436,0.37881716863508336,0.6944483279949054,1.7176776722427167,-0.12355690871703819,-1.3471625372040295,24319.014474865133,24316.13868349007,2.5180479428560063,0.3577434322165117,1.4710441189393456e-05,1084.4027576353249
9,train,0,0,0.3795180780689989,0.22020529065582106,0.2202052906558211,0.3792097619553388,0.6934730001667049,1.7220738013422223,-0.12603108341670197,-1.3484917000356935,24245.185667943253,24242.219530116658,2.6241021104143147,0.3420357161944898,1.4107366339814262e-05,1070.9760706945247
10,train,0,0,0.37992993384753937,0.22050859950370802,0.220508599503708,0.3798223582612409,0.6938662040920462,1.7224832007282054,-0.12240236156302169,-1.3505551098170208,24312.02128051674,24308.879555696247,2.79146363625186,0.35026118425839414,1.4406913362612421e-05,1056.3029386728472
11,train,0,0,0.3808624314001063,0.22110689818828552,0.22110689818828544,0.3799388414804125,0.6957125504268333,1.7183491089313387,-0.12300196952782876,-1.347416887150051,24444.13032094464,24441.346365990827,2.42864946160477,0.3553054922300015,1.4535411469540503e-05,1076.5264260151357
12,train,0,0,0.38022623514558657,0.22058119050241523,0.22058119050241518,0.37957401341560765,0.6961770972702652,1.7207904833184389,-0.12258308533195489,-1.345422049188051,24328.03193058015,24324.979793474475,2.6894389870936535,0.3626981185876975,1.4908650219740494e-05,1077.0140368976204
13,train,0,0,0.3795975547050475,0.22041147977641448,0.22041147977641448,0.3788067380315042,0.695179718604777,1.718634339807373,-0.12360803263825698,-1.3483981459217365,24290.611736323124,24287.58103719591,2.663060629778319,0.3676384974169341,1.513500365522633e-05,1087.856593691689
14,train,0,0,0.37946131648150183,0.2199679952208535,0.2199679952208536,0.37939756258365376,0.6952256194999791,1.7247852907088992,-0.12230571267878265,-1.346569631940383,24192.95954496532,24190.095100418515,2.4819878951987135,0.382456651620692,1.5808593029300673e-05,1109.0131306700303
15,train,0,0,0.3792439724664728,0.22002223336352972,0.22002223336352975,0.37888120646207246,0.696373092912836,1.7220132741588412,-0.12543323181156193,-1.3464584597371387,24204.89181598423,24201.90760284149,2.6323532966837653,0.3518598460812039,1.4536724590888093e-05,1071.2562813813133
16,train,0,0,0.37929111776285573,0.2202166346846181,0.22021663468461808,0.37859580926707714,0.6950572525965981,1.719197143346055,-0.1241168994349228,-1.3476507778740163,24247.68315421385,24244.73227258143,2.6028000574000205,0.34808157502291104,1.4355250883522872e-05,1064.4229828199814
17,train,0,0,0.3797542164528859,0.22046261223712516,0.22046261223712518,0.3792903682760079,0.6942560028401203,1.7204294389293129,-0.12230816233428574,-1.3501528512737795,24301.881707577693,24298.786046296165,2.768155977926757,0.3275053035730335,1.3476540932668288e-05,1032.363361731927
18,train,0,0,0.3796036848768126,0.22029043032419132,0.22029043032419138,0.37831386644090526,0.6940951012074947,1.717341356518111,-0.121359466516226,-1.3437162700303857,24263.9377325421,24260.89627024329,2.673132879959263,0.36832941890772825,1.5180117216247854e-05,1093.2963884100836
19,train,0,0,0.37970607239881066,0.22021460014422783,0.22021460014422778,0.37953187759162393,0.6935790476854891,1.7234637364782017,-0.1231021523574835,-1.3462107061098993,24247.23505957284,24244.14528675128,2.7149954344253566,0.37477738713961295,1.545649993571743e-05,1126.2400443809936
20,train,0,0,0.3796672447323217,0.2202616247915068,0.22026162479150677,0.3788155851624324,0.6950256540440023,1.7198437790559669,-0.12169474818351397,-1.346963184098431,24257.592209255563,24254.478899578324,2.745972799614824,0.36733687766939027,1.5143171445071605e-05,1066.7480961119552
21,train,0,0,0.3791129425802501,0.21997214422894634,0.21997214422894634,0.37781581687100696,0.6928923631785437,1.7175620949431551,-0.12278491394322874,-1.3456111310398708,24193.87230929673,24191.021042138735,2.4759403337040338,0.37532682430351316,1.5513301033637768e-05,1069.2845604580418
22,train,0,0,0.37922622006687745,0.22021254263444962,0.22021254263444953,0.3791044358304789,0.6961021899915067,1.7215387974507348,-0.12444536648470418,-1.3480796380958993,24246.78197196882,24243.788408551067,2.643484968743643,0.35007844900495433,1.4438140674076769e-05,1066.3521465978336
23,train,0,0,0.3791078692937299,0.22023722741197066,0.22023722741197077,0.3788818308874761,0.6946422281762352,1.7203350920266915,-0.121420788018273,-1.3477091554935448,24252.21930378468,24249.198592663735,2.666322786082544,0.35438833488976934,1.4612614641599636e-05,1086.433038731483
24,train,0,0,0.37960444488062056,0.22037217086211092,0.22037217086211092,0.37912629647844004,0.695574581681285,1.720390986735177,-0.12123813778073096,-1.3481834624440432,24281.94686828144,24279.216008359926,2.4019822017053163,0.32887771983067976,1.3544124843641755e-05,1043.1063349338515
25,train,0,0,0.37891895818384363,0.21990753298697147,0.21990753298697147,0.3783793131550774,0.6937356745474972,1.7206291572444437,-0.12017943432173449,-1.3451207774065153,24179.661557698466,24176.60756792137,2.733837247130971,0.3201525299979311,1.3240571181443977e-05,1034.3835408174893
26,train,0,0,0.37919796046076226,0.21997516310846202,0.21997516310846202,0.37880186568104546,0.6944461841776501,1.7220210696889975,-0.12182689066667876,-1.3459654099295921,24194.536256837935,24191.362619177282,2.7911778103659106,0.38245985027587576,1.5807695019067942e-05,1105.4579572878433
27,train,0,0,0.37900914901780197,0.21972494028371709,0.2197249402837171,0.3782016681894311,0.6932913493947126,1.7212505221350058,-0.12301022270011136,-1.34607395480953,24139.52536305265,24136.53939343497,2.622832038332185,0.3631375793820043,1.504327752598705e-05,1087.136364772463
28,train,0,0,0.37892897682056353,0.21975987268380878,0.2197598726838087,0.37871959092760515,0.6926210574893048,1.7233336837271847,-0.1235797616409894,-1.346514459833682,24147.200868486398,24144.26257084759,2.578753865382135,0.3595437734228701,1.4889666731190244e-05,1096.5315122778047
29,train,0,0,0.37877003204677023,0.21976848015786027,0.21976848015786024,0.37854216762253784,0.6925274771056138,1.7224588683082764,-0.12542566991827933,-1.3465167527892847,24149.095772079356,24146.127807016997,2.6444006617973193,0.32356440063222713,1.3398613500316854e-05,1034.5871701935944
30,train,0,0,0.37899500626558436,0.21995772779363973,0.2199577277936397,0.37767174520017577,0.69314970751293,1.717019670045421,-0.12102234817138072,-1.3500637942459688,24190.701008609893,24187.693957192918,2.601271495358703,0.4057799216452836,1.677421094580349e-05,1120.1901420701379
31,train,0,0,0.3788328914948506,0.21987094610363128,0.21987094610363134,0.37809498331497887,0.6928902241634205,1.719622305790107,-0.120487600995935,-1.3447613156553195,24171.616485165137,24168.728471158945,2.5080102043748878,0.3800038018364808,1.572107525658041e-05,1100.7407887701688
32,train,0,0,0.37883077589690217,0.21977176949758837,0.21977176949758828,0.3787455200672848,0.692813852103427,1.7233583773435517,-0.12126765596163318,-1.3444579359125977,24149.816192541977,24146.90364763472,2.5434561354611445,0.36908877180354865,1.5283295278973255e-05,1096.9241182736725
33,train,0,0,0.3787036425391561,0.21970707376035706,0.21970707376035706,0.3778967014122172,0.6927773818024434,1.720002432986767,-0.12137052587401666,-1.3466326043549044,24135.599469448014,24132.452472651785,2.801627304665488,0.3453694915698825,1.430954685865862e-05,1067.3694432110756
34,train,0,0,0.37879147363855736,0.21983749049531723,0.21983749049531723,0.37795133866166,0.6922348066582344,1.719230590788202,-0.11958983203076828,-1.3468160786130898,24164.261262570428,24161.311464694332,2.562976516798665,0.3868213592431429,1.600799441124713e-05,1077.7221393693292
35,train,0,0,0.3785434072999633,0.21957323362348133,0.2195732336234814,0.3776308347517042,0.6923935158993118,1.719840021116854,-0.12357311247031275,-1.346042783350958,24106.20246471058,24103.232423734873,2.578462483984158,0.39157849170824943,1.6243889608140764e-05,1108.790854243591
36,train,0,0,0.3786059942759748,0.21997992072028366,0.21997992072028358,0.3782143425452232,0.6944434150645975,1.7193130232378948,-0.12169776799279049,-1.3488110062045218,24195.582828850842,24192.655378554686,2.589716524544628,0.3377337716148689,1.3958488787141542e-05,1054.839905206312
37,train,0,0,0.37882393840031,0.21976492627007527,0.2197649262700752,0.377861755695485,0.6936604531365447,1.7193906330217599,-0.12155685422824127,-1.348082554830162,24148.3115861882,24145.303340336442,2.662556831817681,0.34568901992777745,1.4315245962185478e-05,1070.3811021001104
38,train,1,1,0.11898597344676091,0.0874785365378969,0.08747853653789693,0.2358386887617962,0.3547928538318956,2.6959606104021594,0.7402925755026519,-0.0560509134744982,3826.2509061636824,3794.313134618187,28.893238616072004,3.044532929423009,0.0007956961015072459,3146.6885409985516
39,train,1,1,0.0831336832485449,0.06128300599691341,0.061283005996913414,0.1434748017348993,0.22658500124271086,2.3411841407082017,0.5039123721074195,-0.7527038629709559,1877.8047603411778,1861.6833003138345,14.601790778685077,1.5196692486588572,0.0008092796869802103,3589.3995682942605
40,train,1,1,0.09329326783126089,0.06430694581917011,0.06430694581917011,0.14035032357270028,0.23360651807524846,2.182506442886631,0.5206674849561047,-0.7178830480208798,2067.691941958683,2062.1317189196616,4.689457119125422,0.870765919896583,0.000421129425629876,2608.847957208815
41,train,1,1,0.08376809030691948,0.08709781207431093,0.08709781207431092,0.2509434315570179,0.33469976118794875,2.88116802914539,1.570717865589742,1.3590151027330748,3793.0199366152483,3774.122587289618,16.940327897016758,1.957021428619671,0.0005159533725957805,2762.600825544425
42,train,1,1,0.10866709804401034,0.08095662152931105,0.08095662152931103,0.15431473398342496,0.26292625357746147,1.9061409810382712,0.2716740017003561,-1.4791018678259205,3276.9873103869063,3271.6459023120624,4.573730687843963,0.7676773870030973,0.0002342631552370764,2448.977298674607
43,train,1,1,0.11062403819850443,0.09270232669142776,0.09270232669142776,0.2912396261901522,0.4017775015599909,3.1416646872260574,1.4402808813918826,1.862070131297851,4296.869406387669,4223.5119291102355,66.9402319636965,6.417245313736168,0.001493469944466168,3569.1541983137486
44,train,1,1,0.061623072191952816,0.0453066473838086,0.0453066473838086,0.10921637161088074,0.17077962345865672,2.410603695428406,0.5436098898770471,-0.8053918437233727,1026.347584303639,1018.9547007220938,6.466384482749403,0.9264990987947602,0.0009027147459243795,3190.406548493772
45,train,1,1,0.07735779368382464,0.061182593412504024,0.06118259341250402,0.19066376007098187,0.2679959478427918,3.1163072605551814,1.0482528487110936,0.9781331543164451,1871.6549085737872,1849.136971559074,20.410489320354454,2.107447694353812,0.001125980908499687,3157.787099990075
46,train,1,1,0.09610447499713973,0.10247165514283163,0.10247165514283163,0.31411319758930134,0.4102069129667143,3.0653666826350174,1.6796188075099567,2.1796799074570945,5250.233529784367,5175.258491042298,68.24172154853763,6.7333171935301985,0.0012824795612104407,3564.194258956296
47,train,1,1,0.13475648225052284,0.13658622768157205,0.13658622768157208,0.31979557215468957,0.45441971544642,2.3413456655398623,1.1567764290126747,0.051261599353595866,9327.89889307418,9308.823764573111,17.18422667966421,1.8909018214196194,0.00020271465665473547,2062.832956423711
48,train,1,1,0.1293465032091781,0.13102059802493987,0.13102059802493987,0.3199643657693223,0.44929879147002794,2.442092087752621,1.1218594501743273,-0.0033568823074792142,8583.200614220432,8577.882727451793,4.664510192906438,0.6533765757399597,7.612271984619138e-05,1416.9240025539884
49,train,1,1,0.10678964042769803,0.09616166809202872,0.09616166809202872,0.31094331359757055,0.4176941623809398,3.2335474182913644,1.1922289095326135,1.3847347023428265,4623.558602935907,4510.643313092251,102.03500488227795,10.880284961383957,0.00235322743708171,3997.6031340718814
50,train,1,1,0.1432591398820441,0.142509572263842,0.14250957226384198,0.3895196596517999,0.5326977491131402,2.7332876905324217,1.2748644731270495,0.6736952903130384,10154.48910367013,10107.562252236161,42.605904593721704,4.320946840237194,0.00042552085054436436,2642.698655517266
51,train,1,1,0.11308860303954134,0.08505910361758727,0.08505910361758727,0.1795414733688449,0.2926134016379365,2.110784921694401,0.44879674695182387,-0.9749472115650142,3617.527453065676,3604.4145530490587,11.555338335753003,1.5575616808640114,0.0004305597403397878,2710.7686372599546
52,train,1,1,0.06972014657370527,0.055001448488581656,0.05500144848858164,0.13403673716671982,0.20372160871556844,2.436967404495647,0.49123740225143653,-0.7786052778620158,1512.5797168172378,1504.9861146532692,6.560504090545873,1.0330980734242123,0.0006830040505885216,3085.7766157232504
53,train,1,1,0.1480940847065358,0.13936102405971787,0.13936102405971787,0.30386606172061875,0.45150113172712736,2.1804235708716413,0.9150290972545677,-0.517068866776373,9710.76699911446,9624.830947485749,77.95944616546727,7.976605463238315,0.0008214186854617884,3239.0681332675113
54,train,1,1,0.14475211419328843,0.1669129429564605,0.16691294295646047,0.3807650514675697,0.5254556958752801,2.2812194472353946,1.2205311707981052,-0.04529723455778667,13929.965307870301,13918.507450527753,10.240910726213928,1.21694661633485,8.736178371149901e-05,1563.886979906683
55,train,1,1,0.12770568475358596,0.12900961143704337,0.12900961143704337,0.325533309129547,0.45313616820203606,2.5233260181425092,1.1908624666522485,0.16831673495339627,8321.739952540296,8316.403990340066,4.645417317699719,0.6905448825403124,8.298082930715909e-05,1448.2793159093194
56,train,1,1,0.08622157424892794,0.08687014231086727,0.08687014231086729,0.2781789913753091,0.3643489987225621,3.202239388302573,1.6410136005304745,2.3133241460255265,3773.227817835328,3647.6492374867526,114.49978598261762,11.078794365956053,0.0029361583505741968,4129.206851969552
57,train,1,1,0.08506616772706974,0.09231337864311308,0.09231337864311313,0.3296939450353814,0.4147595210964141,3.571464395317933,2.156419415318337,4.408579378258721,4260.893734646175,4088.0473517920523,157.60437560302165,15.242007251097782,0.0035771854921332552,4151.13443950271
58,train,1,1,0.12640715834547883,0.12175798497429173,0.12175798497429167,0.27376531365464324,0.40002682778867893,2.2484382746022513,0.8885461971803366,-0.4768221255622662,7412.517997484286,7376.230031255862,32.93364530034214,3.354320928083928,0.0004525211175503846,2749.778358280901
59,train,1,1,0.08633246660110672,0.08255105422474555,0.08255105422474555,0.20159998893859665,0.2878900836039975,2.4421249471840776,0.9713103030174538,-0.18467480297334804,3407.3425869599646,3403.394823117927,3.0315827869577006,0.9161810550843997,0.00026888433778002275,2236.5589793353643
60,train,1,1,0.08617568361056328,0.09407619673479044,0.09407619673479045,0.30696770203816415,0.3929369607794797,3.2629688772765193,1.6919793789382689,2.529068399798793,4425.166455479157,4336.25462316139,81.26372986011164,7.64810245765678,0.0017283197218913753,3615.307840610096
61,train,1,1,0.08353303394827254,0.06259638595847705,0.06259638595847705,0.09892794467893236,0.18245408263737772,1.5804098457785667,0.05633250611409408,-1.5831917621694844,1959.1542522508628,1956.1170077474908,1.8818742350831132,1.1553702682905456,0.0005897290971158326,3343.4926653545685
62,train,0,0,0.7434381809297774,0.6564361832879116,0.6564361832879115,1.8300002250608232,2.5730880761693697,2.787780856160071,1.4777557141274897,1.4685617424964033,215454.40590652052,213518.46946788378,1771.141065058804,164.79537357801448,0.0007648735373251752,3178.345376934646
63,train,0,0,0.5241392665632302,0.3074892538373055,0.30748925383730563,0.5384252256624168,1.061503837350756,1.7510375368997473,0.002151951653027843,-1.2320461860056373,47274.82127443218,47247.62708293956,24.96614660724964,2.2280448853369084,4.712963106519263e-05,1582.9970176014704
64,train,0,0,0.39220808331505397,0.23276885359045468,0.23276885359045474,0.3902309937553946,0.7572860682848841,1.6764742693710504,-0.04296956417188686,-1.3122677124059794,27090.670536033278,27079.356980600653,10.171019888101501,1.1425355445170242,4.217450221460331e-05,1603.0708441171867
65,train,0,0,0.3792021833026083,0.22023692610450607,0.22023692610450593,0.3780979774558218,0.6954062283039093,1.716778308449548,-0.12273740804972179,-1.349011065413722,24252.153868062236,24249.00047616662,2.770026830040114,0.38336506557667066,1.5807464675602514e-05,1121.568757569428
66,train,0,0,0.3783426691936911,0.2195476558821822,0.21954765588218228,0.37786374133272327,0.6941118791000918,1.721101233417402,-0.12422245906893427,-1.3480959565366468,24100.587096160405,24097.499228009936,2.713573901306196,0.37429424916653403,1.5530503372101043e-05,1102.90262338953
67,train,0,0,0.3787096074875444,0.21991512602819968,0.21991512602819968,0.3771436409652233,0.6938213969115168,1.7149508893574799,-0.11993447937970196,-1.3490962663941015,24181.331422298575,24178.458133086086,2.493489618873511,0.37979959359899584,1.5706314386343813e-05,1097.553683256451
68,train,0,0,0.3791506393106538,0.21983442023666921,0.21983442023666927,0.37859705331426813,0.6943064551451243,1.7221918792638489,-0.12051253324763052,-1.3439468118127857,24163.588019163457,24160.71161844956,2.532003767448671,0.3443969464591279,1.425272381676084e-05,1059.00363798555
69,train,0,0,0.37865287045278817,0.21978689252058267,0.2197868925205827,0.37789355739514574,0.6944637799751945,1.719363484607057,-0.11783733101509537,-1.3437194610741676,24153.140175471624,24150.11856617796,2.665884591424856,0.355724702259544,1.4727886298643483e-05,1088.2061716878093
70,train,0,0,0.37899669501313477,0.21980790220454482,0.21980790220454477,0.37795076132135,0.6940072861034423,1.7194593894519934,-0.12240688424544152,-1.347079996802321,24157.75731292513,24154.630039283686,2.7721980730364075,0.3550755683703651,1.4698200821000422e-05,1083.286715634666
71,train,0,0,0.3787779653452744,0.2200245626903263,0.2200245626903263,0.3784180490133294,0.6943776968691964,1.7198900176701368,-0.11772187624240636,-1.344713065671302,24205.40412671624,24202.478434232857,2.5356107542324997,0.39008172916184053,1.611548095292057e-05,1088.1965507818968
72,train,0,0,0.37908963014185426,0.22007389925512694,0.22007389925512694,0.3781053458135575,0.6942153244744986,1.7180835487230046,-0.1218731832340314,-1.3459365439693085,24216.260814975805,24213.45250952965,2.4368170370558078,0.37148840908478054,1.5340452926367763e-05,1093.1238641189825
73,train,0,0,0.37884613337670453,0.22014095410705029,0.22014095410705034,0.37807870739349164,0.6944210963556543,1.717439214920633,-0.12012228319545615,-1.3490818157179725,24231.01988397904,24227.969151888876,2.7374485106467885,0.31328357950711605,1.2929029855414857e-05,1040.455172993581
74,train,0,0,0.3788051041191284,0.21990805094993512,0.21990805094993512,0.3787743245992533,0.6967123511640239,1.7224213618513045,-0.11846734544466798,-1.347225717774994,24179.775491501216,24176.552194077565,2.8842515620641818,0.3390458615911728,1.4021877982710869e-05,1071.5751871731927
75,train,0,0,0.3785951436053001,0.21961577367425494,0.21961577367425497,0.3783896878645028,0.6954591885005357,1.7229622514535279,-0.11919670502344168,-1.3435629981312964,24115.54509839959,24112.400960735136,2.7961538751036907,0.347983789337649,1.4429853769332491e-05,1074.164131743758
76,train,0,0,0.37812606233527185,0.21954029752932147,0.21954029752932147,0.3779787745432113,0.6930129480897449,1.7216828928307755,-0.1208519983175342,-1.3449873499170906,24098.971363572622,24095.971760478504,2.661653377314028,0.3379497168279549,1.4023408374134628e-05,1058.3039038894722
77,train,0,0,0.3786249628938385,0.21960852560027624,0.21960852560027624,0.37836306840839096,0.6935474955826066,1.7228979037775345,-0.12114296787009994,-1.3466672088814577,24113.952262371084,24110.951878662785,2.641892845673935,0.35849086264579005,1.4866532816571989e-05,1094.6559054839242
78,train,0,0,0.378491130561044,0.2198145952033464,0.2198145952033464,0.37791238139284544,0.6934689402696677,1.7192324333297602,-0.11998217317762411,-1.3452763810327162,24159.229271873013,24156.13875081644,2.689446067881774,0.40107498874602526,1.660131555657573e-05,1123.451542714872
79,train,0,0,0.3778293321914898,0.21956874106679128,0.21956874106679125,0.37773833150584685,0.6923485554361832,1.720364791775809,-0.12322821330859222,-1.3479946293270624,24105.217592925637,24102.306206043635,2.550801353985245,0.3605855280048018,1.4958816555575334e-05,1072.4889294353102
80,train,0,0,0.3781454312675633,0.21986704930445108,0.21986704930445106,0.3763411153168418,0.6918170214630663,1.711675835498753,-0.11990829544684137,-1.3484954862379719,24170.75998862063,24167.967796326888,2.4149380935728857,0.3772542001395748,1.560787498271393e-05,1097.3444704741619
81,train,0,0,0.37847003315971234,0.21965760277298346,0.21965760277298346,0.3772760436257813,0.6919818031601608,1.7175642402675988,-0.11954443216120385,-1.3470039414568764,24124.731871754127,24121.75319350748,2.618178822885152,0.3604994237467897,1.4943147375199307e-05,1093.2773806929988
82,train,1,1,0.33012547663605074,0.22454361269634113,0.22454361269634113,0.3628804428204312,0.6923642779001966,1.6160800054070932,0.34519989881805635,-1.3686162948423342,25209.957736373748,24851.233563794427,327.7135879193155,31.010584660039957,0.0012300926873549207,3589.659683558074
83,train,1,1,0.0672610094287229,0.07956212341415238,0.07956212341415238,0.19612741568304773,0.2632978893525433,2.465085234868944,1.2566062080515334,0.3016768406942565,3165.066341668689,3161.638405166604,2.7802877110310766,0.6476487910566981,0.0002046240808700535,1960.2249880661195
84,train,1,1,0.07463913518733897,0.06538622748670692,0.0653862274867069,0.14334476631336293,0.21795917933195597,2.192277667992164,0.6911018795425236,-0.7996368458874459,2137.6797407565723,2135.2522466796463,1.9152372483276503,0.5122568285953158,0.0002396321669840108,2063.9450971284305
85,train,1,1,0.07722645751653182,0.06877375897291865,0.06877375897291864,0.14359946795286668,0.2207537439171574,2.0879979529607,0.6361423026151501,-0.8589143331555422,2364.9152068876188,2330.860447922834,30.727469751210634,3.3272892135761016,0.0014069380601408662,3475.6940062296126
86,train,1,1,0.2165322085837979,0.26005138806223693,0.26005138806223693,0.5462041119118075,0.7625748093560105,2.100369915276464,1.0094184555145913,-0.588742034697789,33813.36227708097,33808.11693423848,4.7431249390596015,0.5022179033580211,1.48526461001611e-05,820.7098080291821
87,train,1,1,0.08395526037985473,0.07371295649532428,0.07371295649532425,0.16910403742020935,0.2530423126518144,2.2940883863603534,0.824129074235376,-0.6774803324807879,2716.8002392093026,2696.7487125187663,18.345751046516387,1.7057756440192506,0.0006278620045011847,2941.453657604411
88,train,0,0,0.08960163266365999,0.12485867675825191,0.12485867675825191,0.5529840621262265,0.6424084815371316,4.428879726131487,2.8800027815063247,7.359590167966788,7794.846057247857,7592.753055801131,174.42133387382444,27.67166757288965,0.003549995390500341,4015.3346778688
89,train,0,0,0.06607286914329256,0.07264138709512377,0.07264138709512377,0.32810421005745205,0.3941747874739576,4.516766862226903,2.8437353931891804,7.959279083421951,2638.3994005484824,2445.6296815531527,167.94440547586106,24.825313519469297,0.009409232549972722,5229.2202488927105
90,train,0,0,0.06289813261145559,0.06063065627944545,0.060630656279445465,0.29251479763871224,0.3554100668877709,4.824536226204075,2.648969432973113,7.764097770046385,1838.281268664981,1628.291309137778,178.93456419415517,31.055395333049358,0.016893712546830652,5849.39657620571
91,train,0,0,0.060119266172838255,0.055603036803301586,0.055603036803301586,0.2777932337317943,0.3378953006649681,4.996008306425803,2.6703603084938616,8.011950661618094,1545.8504327862504,1332.3520454961617,184.5040146463318,28.994372643758197,0.018756260003432907,6088.477445061861
92,train,0,0,0.0575879604893853,0.049186161903133734,0.04918616190313373,0.23893429922283393,0.29620989930117503,4.85775449797011,2.606025110397041,7.721316189764105,1209.6647367819944,1032.0561296296196,151.4891339029774,26.119473249397096,0.02159232426571458,6232.337084502406
93,train,0,0,0.05764556246715074,0.048607370331854145,0.048607370331854145,0.2606975404648256,0.318228778152843,5.363333557955945,2.6795592407593607,9.010778428996316,1181.4046249713017,1009.0972889207338,143.0045733293153,29.302762721251792,0.024803324874374522,6336.108042319058
94,train,0,0,0.05656377493110995,0.04473392273200623,0.04473392273200622,0.21089439572127958,0.26741195436989074,4.714417668772627,2.3730915052778454,6.934986035085572,1000.6116618463661,823.9154022756971,150.14079599338086,26.55546357728844,0.026539230542533657,6629.685182222272
95,train,0,0,0.05691760720929233,0.04459169780509718,0.04459169780509718,0.21045872626582057,0.26734743519409676,4.719684080783384,2.262544186338798,6.309359032449208,994.319388876339,826.0466587208689,141.60676591586238,26.66596423960611,0.026818308621881344,6683.229368911547
96,train,0,0,0.05619022334089095,0.04405709521122476,0.04405709521122476,0.19990572249422256,0.25590195883705746,4.5374240297914845,2.23570584255374,6.115294286688531,970.5913680805263,792.4437998154295,148.86695432785507,29.280613937242027,0.03016780789545691,6945.433555126872
97,train,0,0,0.05683268049736944,0.04310242367934058,0.04310242367934058,0.2062754537723449,0.2630012463123421,4.785704286768793,2.3009863338451613,6.87208876054477,928.9283416789816,754.5945561743191,146.128659578884,28.205125925777565,0.030363080401657798,6865.764982211377
98,train,0,0,0.056763890577596614,0.04110473026158276,0.041104730261582755,0.1878094939457951,0.2441785431583412,4.569048203226512,2.072737311989478,5.728209598041838,844.7994357013879,684.8300686743138,134.70094555149055,25.268421475582077,0.02991055676381125,6798.397227792358
99,train,0,0,0.05549194718792569,0.041827066095305974,0.041827066095305974,0.21611327622935642,0.2711605853983201,5.166828477448712,2.2829702031603247,6.857567238586698,874.8042108321276,694.535427372811,155.36569380138502,24.90308965793196,0.028467043653395023,6635.011986396724
100,train,0,0,0.05655907360097626,0.04360385864730972,0.04360385864730973,0.21950436862924835,0.27580345640308224,5.034058348017128,2.292633622665834,7.014375305939009,950.7002981899599,773.0132668964656,149.99503527302392,27.691996020470988,0.02912799761732886,6709.8172292408
101,train,0,0,0.05502777587863966,0.041850886385995066,0.04185088638599505,0.18663562047985033,0.24130072971456684,4.459538055143939,2.2408011407796433,6.109324120729815,875.7490385405295,703.2111433816375,146.892040356824,25.645854802067642,0.029284479540859647,6773.862735305047
102,train,0,0,0.054706036514689915,0.04172778141298639,0.04172778141298638,0.19903397613103152,0.25361711623554584,4.769819276063616,2.214794047091185,6.133174641046541,870.6406056849579,681.2885607196976,161.97689304497334,27.37515192028709,0.03144253982818809,6708.174502363279
103,train,0,0,0.05541715767304049,0.04218805783216632,0.04218805783216632,0.20815568420966518,0.26351621997673647,4.933995422063651,2.339835952670285,7.359486450204226,889.9292954408596,707.8033564859412,154.04975146764335,28.076187487273693,0.03154878441591824,6818.501224565434
104,train,0,0,0.05369262248937594,0.04066274646042396,0.04066274646042396,0.196587489538746,0.25019707032333827,4.834584641991158,2.0697213693366083,5.819951867292463,826.7353436818453,659.789559148819,139.89922278301697,27.04656175000888,0.032714897163532035,6679.34575104195
105,train,0,0,0.0667268027481332,0.08626280451188244,0.08626280451188241,0.4815928946319327,0.5479473699233495,5.582856914483866,3.8009344976613435,15.64280915502215,3720.7252690697173,3462.3960256277796,233.08513440175457,25.244109040183183,0.006784728034084306,4339.423156224946
106,train,0,0,0.22944046978649568,0.3911362094944495,0.39113620949444944,1.1353279161006502,1.36456961746444,2.9026407899388347,1.898397808391057,1.9040942176694555,76493.77542579241,75477.64042360043,988.7406485430561,27.39435364901544,0.000358125265703365,2399.8089426808588
107,train,0,0,0.23573106288821147,0.4046477679315696,0.40464776793156965,1.1616249704369839,1.3971243145788321,2.870706482269358,1.8841153625551705,1.8291398283696818,81869.98622537858,80618.51208244587,1222.640323590007,28.833819342615044,0.00035219035292419475,2373.836285415893
108,train,0,0,0.2372616117761936,0.4023528823846015,0.4023528823846015,1.1390784198476467,1.3756289519369602,2.8310432700189363,1.8935806276856502,1.881611796884676,80943.96464675058,80042.6968728243,870.2835177174176,30.98425620880662,0.0003827864911735634,2412.1822833626547
109,train,0,0,0.23697473643964623,0.40870857200797445,0.40870857200797445,1.1619906222944847,1.3981535016791895,2.84307866748587,1.8774478294553436,1.8151600490714443,83521.35710855646,82389.96037946732,1100.9882316219318,30.40849746720336,0.0003640805001250168,2376.5534319045787
110,train,0,0,0.23707622546551282,0.4096143591589286,0.4096143591589285,1.1549892995894189,1.3919842006871477,2.8196992458003365,1.8780859909568217,1.8084835728004727,83891.96173669116,82723.745110614,1139.5805435428413,28.636082534280067,0.0003413447717930255,2328.414347106063
111,train,0,0,0.24110816875379532,0.4125103869372167,0.41251038693721676,1.166118036118336,1.4069309244805481,2.826881632669814,1.8939342631168974,1.8823964339707588,85082.58359544519,84188.02451366882,869.7298654628277,24.829216313558586,0.0002918248984024481,2300.345678309356
112,train,0,0,0.26928332118474646,0.4661855591246463,0.4661855591246463,1.270613882260688,1.5396164853009395,2.725553928882979,1.8237323784498434,1.5672132745332235,108664.51603046517,107183.59663915705,1455.0732672328586,25.846124075193483,0.0002378524749325462,2118.4602090881817
113,train,0,0,0.26237879456328667,0.45679421913524576,0.4567942191352458,1.2700748616333075,1.532366777282732,2.7804092268016833,1.8379367892495948,1.6207126122415145,104330.67748676092,102906.50535270262,1397.3635439313402,26.80859012700448,0.00025695788403565543,2158.3332792252463
114,train,0,0,0.26418205669059536,0.45727693325891655,0.45727693325891655,1.2339924914585136,1.4981543868489098,2.6985671082599962,1.8289665890942244,1.611372289394133,104551.11355386469,103372.31386737755,1150.062034301027,28.73765218607501,0.0002748670120215351,2164.7238429837475
115,train,0,0,0.26501186797805715,0.45765520730506837,0.45765520730506837,1.2403799681883247,1.5052356690575834,2.7102935755770825,1.8153147967297016,1.5310119823083186,104724.37555314117,103136.76126691804,1558.3688900613354,29.24539616185073,0.00027926064020320174,2199.0503259465804
116,train,0,0,0.3707181277329455,0.6514623879332926,0.6514623879332927,1.6171767649596205,1.9878700954486703,2.482379328283206,1.692317717720624,1.0685228863742147,212201.65155709238,209821.609855615,2355.1973463518807,24.844355125331976,0.00011707899039912825,1692.4246108877667
117,train,0,0,0.4357010546082165,0.7570484639026952,0.7570484639026952,1.883004504168639,2.316347850719467,2.487297173104977,1.6343782023972315,0.8772717191307433,286561.1886007635,283867.2944150303,2665.009734847047,28.88445088645744,0.00010079680024882645,1593.5911656876208
118,train,0,0,0.4384018154676887,0.767642935371144,0.767642935371144,1.9047707347337273,2.342896420392208,2.4813238642166344,1.6432859773148294,0.9101054487784221,294637.871990772,291668.34528238786,2943.4656257001516,26.06108268428438,8.845123170418704e-05,1538.5962604526553
119,train,0,0,0.4418508694504635,0.770340924104859,0.770340924104859,1.9255423857833012,2.3673860723429243,2.499597678807982,1.650396310530504,0.947692215348114,296712.5759602773,294465.5748457317,2221.043237438254,25.957877106958758,8.748492382889055e-05,1551.554548000595
120,train,0,0,0.4588831598536344,0.8076721329248613,0.8076721329248613,1.9760307138188509,2.433557076146826,2.446575328361222,1.6249636152431899,0.8459288572868049,326167.14747215447,323141.3273935017,2995.2132975096088,30.606781143766305,9.38377190375351e-05,1530.2657314939904
121,train,0,0,0.42587393242836696,0.748413823744008,0.7484138237440082,1.847697320394509,2.2732152658863924,2.4688177339526347,1.6653847451550992,0.9750336468714127,280061.6313602389,276707.22002562694,3326.2776667331705,28.133667878565117,0.0001004552738692621,1586.1186435071138
122,train,0,0,0.47237441500973365,0.8278871739247307,0.8278871739247305,2.0899312738482987,2.5621764412353514,2.524415572161419,1.623060190638112,0.864103617152518,342698.5968929803,340375.81657213985,2293.786791990561,28.993528850201127,8.460358201949505e-05,1501.358514129591
123,train,0,0,0.4191206970429921,0.7387728564116938,0.7387728564116937,1.8672090492033457,2.286125836195424,2.527446742253903,1.6646110337504656,0.9757035721623222,272892.6672431239,269839.910430618,3027.110006882411,25.646805623098874,9.398129265323855e-05,1549.0329814917782
124,train,0,0,0.41687192101383697,0.739579650279511,0.7395796502795113,1.8532899461278867,2.269947728520492,2.5058693075552685,1.6770972861989712,1.02292231750212,273489.0628887646,270171.4325664891,3290.2171221082876,27.413200167188045,0.0001002350875666927,1592.479872380102
125,train,0,0,0.41650737891689277,0.738732235448548,0.7387322354485483,1.8680506788681415,2.2845193257126084,2.5287250091826388,1.6720877468290372,1.0096582282673552,272862.8264140604,270325.51905785326,2509.0328922672375,28.274463939797148,0.0001036215314170043,1607.9123939083916
126,train,0,0,0.4221488380162045,0.7435707733199002,0.7435707733199005,1.864562616375275,2.2859882679767907,2.5075792154260736,1.6636589413755738,0.968584370492263,276448.81137159397,273294.4632551828,3125.2088972097163,29.139219201147156,0.00010540547834723412,1617.2286047649452
127,train,0,0,0.4239454362891993,0.7496224556289036,0.749622455628904,1.8764247800804297,2.300233767935424,2.5031597786197355,1.6746591457807845,1.0118578565688736,280966.9271295083,277724.7671539372,3216.0961151398005,26.063860431017172,9.276486986314711e-05,1553.8530529926336
128,train,0,0,0.424577903794765,0.747494199527551,0.747494199527551,1.8992445945267682,2.32327960972907,2.540815160475056,1.6683164074882775,0.999994825187891,279373.79442334385,276689.18385031726,2653.783486673801,30.827086352629006,0.00011034351455997966,1655.827016885268
129,train,0,0,0.4259989399742917,0.7514756361298863,0.7514756361298863,1.874208436505811,2.2995875678607263,2.4940375261638814,1.6656763760238165,0.9751230124955907,282357.8518043472,279050.8163434872,3279.4396330135573,27.595827846917214,9.773352386190788e-05,1608.730763414219
130,train,0,0,0.4246254270842692,0.7581092225528979,0.7581092225528979,1.8976769143769125,2.322226646829222,2.5031708597167213,1.683454741089736,1.048139269217966,287364.92454470944,284054.482827399,3280.2334123216738,30.20830498917692,0.00010512175428869011,1592.509404650351
131,train,0,0,0.426690648914082,0.7518395087905057,0.7518395087905058,1.8918489705317187,2.3149856354575604,2.516293635027456,1.6631871461637695,0.9842458481878582,282631.4458038746,280145.87471500965,2456.0890141530313,29.482074711823852,0.0001043127902062329,1637.564333323839
132,train,0,0,0.4274533044362324,0.7586522832115202,0.7586522832115202,1.8864230860209208,2.313410764618311,2.4865450586075233,1.6671850018254655,0.982722315967401,287776.65281245665,284423.7266720481,3322.2019464089803,30.724193999808254,0.00010676402584969648,1635.739873543098
133,train,0,0,0.43103808373911306,0.763625253247811,0.7636252532478113,1.9363248923351057,2.361634508240968,2.5357004421994023,1.6873016311433875,1.0673969766372782,291561.8183911973,288399.7132156648,3133.946653284846,28.158522247964157,9.657822277052415e-05,1566.7707455656089
134,train,0,0,0.43075727527361596,0.7604586194294312,0.760458619429431,1.9295675843455247,2.360052568546962,2.537373546759548,1.6680237153122626,0.9984981751484998,289148.6576171075,286361.4861163358,2758.1468882038002,29.024612568310737,0.00010037955149957955,1620.6598532922926
135,train,0,0,0.4299721711770981,0.7663366342994835,0.7663366342994834,1.8967659479482681,2.3265738605405204,2.4751080178779685,1.6783634981168458,1.0251044604195858,293635.9262792526,290048.75371849164,3560.4034161411487,26.76914461952108,9.116440538704102e-05,1592.121529707079
136,train,0,0,0.43151057011063676,0.7656067165674291,0.765606716567429,1.9185460781437578,2.3483740008668974,2.5059159443447574,1.6816191589885146,1.0433418299718689,293076.82340128435,290013.6633936263,3033.6605505068014,29.499457151034026,0.00010065434997104158,1616.0071979940542
137,train,0,0,0.43208624534412227,0.7615506340828412,0.7615506340828413,1.9170152980823914,2.3490084257064154,2.5172525795229777,1.6578276419270594,0.9681552208998814,289979.7046205111,287366.5168511296,2584.476199331434,28.71157005077543,9.901234325467541e-05,1615.8414798076892
138,train,0,0,0.43344102580298205,0.7701606792341547,0.7701606792341547,1.9257642201686975,2.358463093522005,2.5004707096753775,1.6730053178529884,1.0055581868497265,296573.7650358119,293059.3760145827,3483.563168248932,30.82585298027094,0.00010393991854454373,1618.938954100324
139,train,0,0,0.4346281391240191,0.7693488924688764,0.7693488924688764,1.935099472417729,2.3686010653618723,2.5152430728897324,1.6766188859816094,1.0336434485011319,295948.86109570554,293070.1079069471,2851.13447888156,27.618709876141924,9.332257530536818e-05,1580.0253230110325
140,train,2,1,0.4332776244977722,0.7683894684151168,0.7683894684151168,1.939213258375763,2.3722131913527846,2.5237374249488247,1.6610241580916685,0.9725807403867357,295211.3094371408,292330.84184415085,2850.2848174985893,30.182775491077212,0.0001022412574525842,1631.153524603121
141,train,2,1,0.04237349501714925,0.02218787547291509,0.022187875472915092,0.06463042476310511,0.10671204520622268,2.9128712589900716,0.18685490115398307,-0.5027024578341552,246.15126920143058,179.7601768484215,43.447300625847326,22.943791727162065,0.0932101296962507,8751.426174408229
142,train,2,1,0.037137531874624985,0.023979734273067405,0.0239797342730674,0.12660448885157893,0.16373797031337745,5.279645195809092,0.9883515068638427,2.5630686776801266,287.5930844866816,181.27543748644104,81.73657492308055,24.58107207716016,0.08547170778127144,7885.065609885152
143,train,2,1,1.3538988320469871,4.536209848063988,4.536209848063988,19.21363847569227,20.56750315384852,4.235615000018677,3.5291568899411954,11.102306708168973,10288600.085553143,9910984.497085929,374302.9535528579,3312.634914351088,0.00032197139424269806,2013.2487997396292
144,train,2,1,0.06617091687416542,0.04594147279390058,0.04594147279390058,0.09131909815574181,0.15746524702990428,1.9877268316018328,0.08180631551907681,-1.501587254722765,1055.3836528024474,976.0957765615234,50.99103600245189,28.296840238472022,0.02681189931579202,7911.697250092731
145,train,2,1,0.06978683893677953,0.04494837262025654,0.04494837262025654,0.1408246087551379,0.21043458416534122,3.133030197664454,0.43084664976586523,-0.5539313178709846,1010.1818496794197,871.9926761337586,103.23950663136516,34.94966691429635,0.034597401374205645,7885.436296565795
146,train,2,1,0.045769970329885834,0.020293950797264572,0.020293950797264582,0.07409891167056049,0.11984836729243398,3.6512807393101725,0.14378839641341964,0.058770705885374586,205.93195054731552,122.16079283856143,57.88032592965572,25.89083177909844,0.12572518111097913,8940.093081191555
147,train,2,1,0.052044231244452024,0.03195446791052604,0.03195446791052604,0.1606688017164397,0.21269855850368913,5.028054360545751,1.5782367509647497,4.381387230574406,510.5886364698758,336.0399344454117,137.80092786927855,36.747774155186434,0.07197139052928084,7605.432114284479
148,train,2,1,0.06180244102916913,0.053159770706666776,0.053159770706666776,0.31211567506351273,0.3733156417729333,5.871275795859861,2.5276092675731374,8.498201507324099,1412.9905667750581,1035.233993430377,336.19590808753037,41.560665257150504,0.02941326448626375,6458.600618431587
149,train,2,1,0.04373894461186501,0.019743953025992952,0.019743953025992952,0.061679625727814706,0.10536965610299376,3.1239755102037248,0.013359688452099597,-0.3122122708342294,194.9627794572043,105.49059401326879,61.123889670300336,28.348295773635023,0.14540362961873793,8858.5832745304
150,train,2,1,0.054557938996556914,0.02463699500705267,0.024636995007052666,0.08504497545599587,0.1394554664439056,3.4519216094191125,-0.05676926915056975,-0.23667761261404463,303.59040392495854,206.14587798289327,71.18016857625302,26.264357365812813,0.0865124754480212,8031.453771268343
151,train,0,0,1.9845035894425818,3.8071764554542225,3.807176455454222,11.486428417393356,13.469627105514519,3.0170465046183277,2.00074613070017,2.6277648281771597,7247296.284347613,7234325.448870901,12760.671729346406,210.163747362496,2.899891754341523e-05,910.8297236102164
152,train,0,0,0.2437871823009482,0.4324611810732273,0.4324611810732274,1.2598236670795449,1.5033943523740163,2.913148560416623,1.9845504059012429,2.2608231701204797,93511.3617036107,92373.3856436215,1112.1748772678725,25.801182721417494,0.00027591495034791315,2178.7392962061954
153,train,0,0,0.2401776811569289,0.4287104158321065,0.42871041583210656,1.2945708730728074,1.5344270500645507,3.0196860754131825,1.984486438525355,2.2523464036006002,91896.357606502,90544.7779904193,1320.5738505679303,31.005765514785462,0.0003373992867873111,2300.884621510435
154,train,0,0,0.23502009506744798,0.41852033324761356,0.41852033324761356,1.271318024439388,1.50516267423518,3.037649364785402,2.021947658380423,2.408076413400008,87579.65725522314,86477.35248749626,1073.860270218245,28.444497508523167,0.0003247842980891179,2294.914112752739
155,train,0,0,0.23561839221153968,0.41799081510436165,0.4179908151043616,1.2250035607990193,1.4606081190049736,2.9306949256604296,1.9902805938573127,2.2859100816844764,87358.18376422231,86285.29029153487,1045.7850999777056,27.108372709689963,0.0003103129156491489,2293.286901707093
156,train,0,0,0.23839070033122334,0.42312361456671693,0.42312361456671693,1.2726789550871727,1.5110152033994382,3.0078183095273694,1.9804980444115114,2.224493718137186,89516.80318483955,88148.39470288814,1338.6305210242342,29.777960927222544,0.000332652193418204,2307.800209508164
157,train,0,0,0.23580554532268433,0.41449390708478573,0.4144939070847856,1.2292263169362267,1.464945918356534,2.9656076866885908,1.9884687376289798,2.275629193690139,85902.83121613043,84824.43551771458,1052.6680495872101,25.727648828622694,0.00029949709997208657,2239.036203658717
158,train,2,1,0.13270591725057057,0.30899349298577444,0.30899349298577444,1.2883671618586212,1.4210541292468406,4.169560819579898,3.2295174394761528,9.00859997947603,47738.575365650344,47181.16577100933,529.5494487873756,27.860145853695272,0.0005835981832365628,2234.5366007513626
159,train,2,1,0.03885577807755908,0.023638741057712177,0.023638741057712177,0.08837479164270917,0.12707956138183363,3.738557456463053,0.5960274443708651,0.09753527611215151,279.40274812604304,169.91290683447323,82.24566570338509,27.244175588184543,0.09750861711601441,8521.952539537773
160,train,2,1,0.04106847897150874,0.02405710689189071,0.0240571068918907,0.09966555282494664,0.1406391857090057,4.142873591277198,0.5453506857271699,0.30728445814426264,289.45462839053926,184.22212947584111,73.22047882014486,32.01202009455315,0.11059425883963324,8502.97769676803
161,train,2,1,0.053298659861251506,0.03834566436724151,0.038345664367241517,0.10027300542576631,0.15351915324208676,2.614976349488652,0.2434869006564206,-1.2345581942416042,735.294938884634,671.1362329928083,40.37774436636565,23.78096152545931,0.032342071552311454,8284.056476717284
162,train,2,1,0.07729507986422686,0.06164429006717576,0.06164429006717576,0.2425324171412358,0.3197164683806477,3.9343857618757623,1.048704088033474,0.9979615023673265,1900.013011467179,1699.224687464857,152.5487485909932,48.239575411329504,0.025389076348524154,6486.55853825173
163,train,2,1,0.06163218015794882,0.04353382013911669,0.043533820139116705,0.10795717543001046,0.16955972361574823,2.479846130778839,0.12610577280395424,-1.3931948721568796,947.6006389690883,864.0437352771235,54.54430707093704,29.012596621027736,0.030616902762529857,8103.632464241723
164,train,2,1,0.07620894488803243,0.04727154447060157,0.047271544470601584,0.11442089500912334,0.1905917145741114,2.420502572753515,0.13451756159677666,-1.173679031856687,1117.3118805568654,1001.064225201112,83.8576854297828,32.389969925970846,0.0289891931604878,7592.660843918529
165,train,2,1,0.0746237205749203,0.052117781844037224,0.052117781844037224,0.1713538301700901,0.24582630187796894,3.2878189383206573,0.42258410479506686,-0.8017242176413446,1358.136486418555,1239.9268003857685,85.22599111607323,32.98369491671387,0.024285994262397605,7513.230082218331
166,train,2,1,0.0649399833897478,0.04263626728788168,0.042636267287881675,0.1010972035904997,0.16588621481787413,2.3711551226538568,0.26156860548858624,-1.1178731603471066,909.1302923762454,821.2435057465988,57.44697236753913,30.439814262107262,0.03348234517908868,8420.516847868646
167,train,2,1,0.06814101967646638,0.04707473916592583,0.04707473916592581,0.20798411336110076,0.2760741961938038,4.418168152308027,0.7105113822329222,1.2019100223983692,1108.038614126601,898.9186511239484,173.14918930913836,35.970773693515035,0.03246346583495972,6712.790865174138
168,train,2,1,0.07773435040649201,0.09619336621756017,0.09619336621756018,2.419777274883425,2.497325079384609,25.155344594248046,16.32123432773205,399.87451265788775,4627.829101534335,1268.1434314514784,1292.9007843387094,2066.7848857441454,0.4465992240419839,12095.634961441527
169,train,0,0,0.2612712761086686,0.4628452195423155,0.46284521954231544,1.3460775235968367,1.6073429378529909,2.908267098292396,1.9764062020283022,2.2526790347690584,107112.84889044985,105622.33183604319,1460.8178559925252,29.69919841425978,0.00027727017553827525,2128.2526991043296
170,train,0,0,0.24071674999561218,0.4239039794249201,0.42390397942492003,1.288774316937066,1.5292939104547258,3.040250574400017,2.007748831735694,2.4138926466481117,89847.29190632307,88533.44032787048,1285.9361740855966,27.91540436704432,0.0003106983390901708,2249.627032351656
171,train,0,0,0.23925153834506638,0.4209198680883131,0.4209198680883131,1.3128085889132344,1.551658099226188,3.118903830497719,2.0423188984048477,2.5725213190864045,88586.9672916104,87380.77709196493,1178.6784759909992,27.511723654462713,0.00031056175073585797,2198.179757587582
172,train,0,0,0.23808243684081207,0.4222949848737227,0.4222949848737226,1.27471050806733,1.512767892660122,3.0185310120329807,2.049646472149126,2.582809582256293,89166.56766608047,88096.56050375315,1043.9850357953737,26.02212653179097,0.0002918372570899121,2165.755241540384
173,train,0,0,0.23639961884733565,0.4214702176849031,0.421470217684903,1.2956378777194368,1.5319866250683845,3.074091177393876,2.0300659047426386,2.502152029187478,88818.57235230587,87502.18334804272,1287.21247887165,29.176525391549355,0.0003284957708599319,2274.8901175413584
174,train,0,0,0.23696915955942677,0.4175601715079131,0.4175601715079131,1.2793156638582368,1.516229583277891,3.0637875715931226,2.0331224262267655,2.5194141768842755,87178.2605698667,85972.28897177392,1177.127103571831,28.84449452101299,0.00033086797479626626,2264.533131726354
175,train,0,0,5.496170519651845,2.668125692698711,2.6681256926987116,5.4735755685586485,8.745112873613834,2.051468408530007,-0.49720978147276984,-1.089446615448962,3559447.3560342137,3558343.835353399,1079.8774363714442,23.643244441328562,6.6423919435827445e-06,762.3790966014395
176,train,0,0,5.500643960824702,2.6696646689431476,2.6696646689431476,5.4963553242110645,8.785581625532359,2.0588186179903007,-0.49532100521237116,-1.090027162018326,3563554.7229473162,3562360.655684494,1166.7637978784835,27.30346494053293,7.661862118943693e-06,794.6255459415171
177,train,0,0,5.5019467069807,2.66932758249095,2.6693275824909506,5.50150898141251,8.775282870745286,2.0610093034286328,-0.49528109910133766,-1.09049722639246,3562654.873461785,3561491.9859847506,1139.1732914047534,23.714185632539603,6.656324138828761e-06,765.7157893189304
178,train,0,0,5.502897754787467,2.6731396933931153,2.673139693393117,5.491014187700115,8.775843788869679,2.054144121712608,-0.4957605625647142,-1.0912698836636612,3572837.930651582,3571685.1090396442,1128.8509130061407,23.970698928641585,6.709148132076068e-06,760.5240485491923
179,train,0,0,5.5045218393497635,2.671010377050686,2.671010377050686,5.502080907375785,8.780160424532369,2.0599249462486737,-0.49723308664588106,-1.0905938528419878,3567148.2382704746,3565903.771292295,1222.3894019925,22.077576189443185,6.189138974540475e-06,761.7122888355871
180,train,0,0,5.507415947517031,2.671039106137014,2.6710391061370133,5.507296524372534,8.786431098706089,2.0618554448412603,-0.4979123592462629,-1.089671197075038,3567225.0858623353,3566068.4321819707,1133.9740226875654,22.679657669475972,6.357787110031334e-06,763.3923658486933
181,train,0,0,5.505802964392118,2.672457310980154,2.6724573109801546,5.492751624966972,8.77476756926626,2.055318751921407,-0.498004489053512,-1.0903077463775708,3571014.2027554074,3569835.8808665285,1155.9574736053012,22.364415276405946,6.262762903364955e-06,761.4093201179523
182,train,0,0,5.505241468993947,2.670658895529727,2.670658895529727,5.504408424234017,8.790914048440754,2.0610675640560285,-0.496585649156093,-1.0912600947927042,3566209.4681849163,3564974.5411154977,1209.4273175024455,25.499751917315344,7.150379736469569e-06,781.6793963531837
183,train,0,0,5.506397880672943,2.672843432303305,2.672843432303303,5.499177128601354,8.782846920657903,2.0574258342780967,-0.4984464576484832,-1.0884415004881935,3572046.0386198564,3570984.6010447866,1036.1158452432596,25.321729832287634,7.088858754483265e-06,759.9448442274947
184,train,0,0,5.503545098184608,2.6725309281556022,2.672530928155603,5.49910512677487,8.781344749964774,2.0576394715738515,-0.49619020480489995,-1.0900695700132337,3571210.7810141165,3570039.881639583,1149.8243180891996,21.075056448502732,5.901375679236175e-06,737.4827510637006
185,train,0,0,5.507222968531773,2.672153202318933,2.6721532023189334,5.476763402489945,8.765870885923505,2.0495693876148757,-0.4974173334300202,-1.0908240831226705,3570201.3826276935,3569063.909888979,1112.3120383024286,25.160700415115997,7.04741769961378e-06,767.9238699237983
186,train,0,0,5.504102437965572,2.673497654031583,2.673497654031583,5.498824706509709,8.793532273732126,2.056790548597485,-0.4969430735896195,-1.088438698607476,3573794.8532484914,3572715.0928989574,1055.3555325499176,24.404816981811816,6.828824256554189e-06,772.2227522167695
187,train,0,0,5.508580630814657,2.671928882586086,2.6719288825860867,5.501256719401106,8.785085985437036,2.0589083621404587,-0.4982167654640696,-1.0878657903822888,3569601.984212251,3568445.997833376,1130.5915770657332,25.39480180700884,7.114183015172497e-06,767.787328690439
188,train,0,0,5.507220000705915,2.6721603075642855,2.672160307564285,5.5064497212667485,8.810004523722455,2.0606734205576016,-0.4959900191542653,-1.0893711134042368,3570220.3937813356,3569062.5841376823,1132.1023747901168,25.707268867742016,7.200471128482524e-06,779.0799848054609
189,train,0,0,5.507341068726033,2.6730539152943913,2.6730539152943917,5.501866777915508,8.790901937521994,2.0582700357952075,-0.49603260045124065,-1.0895562098618974,3572608.619718483,3571510.6488005985,1073.00683462959,24.964083254315113,6.987634502287645e-06,762.9387086355902
190,train,0,0,5.5009004589208415,2.6701008927789913,2.6701008927789904,5.500859044308345,8.79060895312432,2.0601689843199726,-0.4961085619425964,-1.0903687307566945,3564719.5698696724,3563468.515895697,1228.9003833457193,22.15359062711474,6.214679778562408e-06,760.7370557104779
191,train,0,0,5.507986976151471,2.6727731435264355,2.672773143526435,5.506175280749914,8.787910747225396,2.06009825191715,-0.4961038322021423,-1.0912447321757985,3571858.170206223,3570717.0816960195,1114.6866993193455,26.401810883524018,7.391617926979361e-06,785.4539700797184
192,train,0,0,5.507838004480698,2.672874614922686,2.6728746149226854,5.5071042526770615,8.7935682348907,2.0603675989628707,-0.4977990784980949,-1.089111963826773,3572129.363457269,3571005.60088573,1097.4671764022846,26.29539513748181,7.36126619782659e-06,783.4712075626651
193,train,0,0,5.503301153241657,2.6709711876906503,2.670971187690648,5.491688505097293,8.769233947619796,2.0560642999093783,-0.49787847489142456,-1.0916772498818634,3567043.5429099225,3565807.974179119,1211.2515888107205,24.317141994608917,6.817169934172287e-06,770.9879924456841
194,train,0,0,5.505687730051111,2.673178543211604,2.673178543211604,5.498284652027767,8.794675169046968,2.0568340509803846,-0.49707679622406453,-1.0904779428799212,3572941.8037093547,3571800.826580935,1118.803888067812,22.17324034956181,6.205877836169066e-06,754.5407029312893
195,train,0,0,5.505655361695215,2.6720731662185533,2.672073166218553,5.488014914451167,8.77717556990683,2.053841557870835,-0.49796972139568874,-1.0895054119469667,3569987.5381304757,3568804.497246637,1161.0468051173366,21.994078726615577,6.160827871722318e-06,757.6413311572395
196,train,0,0,5.502933122717775,2.670601371955307,2.670601371955307,5.49794368402753,8.786633676849306,2.058691252750371,-0.4964303039613769,-1.0912514412750796,3566055.8861624724,3564816.225383126,1213.316188209417,26.34459113778247,7.38759906708377e-06,786.4072429468731
197,train,0,0,5.503192744377069,2.669042104059466,2.669042104059465,5.494926366182975,8.764527391642332,2.0587634634258847,-0.4994253735988823,-1.088339505493012,3561892.919904342,3560765.320571756,1104.6037586176287,22.99557396528568,6.45599811178581e-06,758.6475301336047
198,train,0,0,5.501705714847951,2.670421585501254,2.6704215855012534,5.501021228087659,8.793294204340782,2.0599823106414434,-0.4985200331794339,-1.0891295198456437,3565575.756914231,3564390.7807074487,1158.8042290010758,26.171977781774604,7.34018278282908e-06,780.737221903756
199,train,0,0,5.498920944135636,2.6695403161101208,2.669540316110122,5.494542877737433,8.766876473091543,2.058235586321363,-0.4985903507330791,-1.090204678735418,3563222.8541940707,3562038.0797387147,1159.026542955628,25.74791240373964,7.226017977919403e-06,785.9233275023689
200,train,0,0,5.497985914839083,2.6671321220214783,2.6671321220214796,5.496597924177186,8.766345583251677,2.060864506408925,-0.4994471249530759,-1.0883529403715269,3556796.8844030206,3555729.682771769,1043.5586948539371,23.642936397544737,6.647255147242688e-06,764.9476324458251
201,train,0,0,5.4983769480912015,2.669569328979651,2.6695693289796516,5.488491507510655,8.766709675081074,2.0559464209938447,-0.49623049391476126,-1.0910342290862787,3563300.2034663707,3562089.5410448867,1187.363330517019,23.299090968714612,6.538627013814134e-06,753.3903219540623
202,train,0,0,5.498701143791666,2.6684307263565543,2.6684307263565543,5.494937329102075,8.784101824043319,2.0592392655457092,-0.4973591550617375,-1.0912572653114772,3560261.2712962655,3559107.2984725493,1129.1050516763287,24.86777203884719,6.98481660302223e-06,777.2305694892043
203,train,0,0,5.502406375936698,2.669911149459756,2.669911149459756,5.4997772890958005,8.786801531445235,2.0599102296751166,-0.49903419967942353,-1.0883601785912422,3564212.8023339724,3563141.03505341,1046.7952560669726,24.97202449891891,7.006322541282144e-06,764.7375289517554
204,train,0,0,5.5004008883377535,2.669391059407476,2.669391059407474,5.497699598385952,8.768331043422222,2.059533232873822,-0.4985932850302036,-1.0898472239613886,3562824.32028185,3561614.603873265,1184.9903522281325,24.72605636071265,6.940015599409798e-06,772.5996632836844
205,train,0,0,5.499814785031136,2.669488860346734,2.669488860346733,5.497009330840315,8.771386402193457,2.0591992019499656,-0.49733071579477,-1.0904447864549445,3563085.4055188433,3561897.2779706484,1164.3724086254508,23.755139563888875,6.667013798517058e-06,758.8136101903925
206,train,0,0,5.499416312479822,2.6682977037945057,2.6682977037945053,5.49855772579083,8.773758608440403,2.060698743611516,-0.49982007337095613,-1.0877838381587548,3559906.334749034,3558787.303759345,1093.433173803197,25.597815888284902,7.190586909104588e-06,776.6788816130222
207,train,0,0,5.499098903169855,2.668141355406714,2.6681413554067137,5.488847833728418,8.772824263200164,2.057180299913958,-0.49773431126376744,-1.0903324755535098,3559489.147274555,3558303.7671114085,1162.2696010220245,23.11056212112248,6.492662616717872e-06,757.0307703838342
208,train,0,0,5.50387411623355,2.6687592210398927,2.668759221039893,5.494661979033611,8.77455651666969,2.058882620700639,-0.4977349210527808,-1.0906921843482107,3561137.900773181,3560013.1034283023,1100.2062329969767,24.591111883458243,6.905408487022957e-06,769.9058234451593
209,train,0,0,5.50348115607258,2.6707212003906093,2.670721200390608,5.494574481501244,8.775746989063919,2.0573373516852422,-0.49826832433919094,-1.0884182475123836,3566375.8708403516,3565239.1826756187,1110.175253536123,26.51291119744588,7.434132620238538e-06,782.1635884162471
210,train,0,0,5.504283696869388,2.6712658913034133,2.671265891303414,5.50089024332352,8.782203393988311,2.0592821782482393,-0.4974403478373641,-1.0905366844815318,3567830.7477850947,3566629.841762224,1176.3892826745846,24.516740191135458,6.871609648623445e-06,789.4093904655261
211,train,0,0,5.501939023190643,2.6724892195440915,2.672489219544091,5.497464556989725,8.780695135239512,2.057057711135522,-0.4972180442329403,-1.0915031957929675,3571099.4782375507,3569933.9565963144,1141.4434014018927,24.078239839038947,6.742528452588028e-06,768.9153935702632
212,train,0,0,5.501540022328496,2.669931758397826,2.6699317583978255,5.480636870846152,8.765979249030352,2.0527254502320975,-0.4981861787148813,-1.0893941589075447,3564267.797720295,3563153.486952777,1088.5222907441184,25.788476780876707,7.235280356142435e-06,756.1637211578818
213,train,0,0,5.505907304637134,2.6717253130529706,2.671725313052971,5.492321040533483,8.784688729792833,2.0557207036592495,-0.49772521490657945,-1.0888841365044042,3569058.0742074843,3567803.264322029,1230.6122436221383,24.19764183032335,6.7798397580561865e-06,772.9190131602669
214,train,0,0,5.506606529398589,2.6721714889649606,2.672171488964961,5.503674591124756,8.794262542622164,2.0596262679445583,-0.49664224366498594,-1.089416043363354,3570250.280503914,3569068.4928950015,1155.9268239092928,25.860784999164295,7.243409556014162e-06,776.9869930459218
215,train,3,1,3.743974790551234,2.7763271566196632,2.7763271566196615,3.7423502263766713,7.265922089572996,1.3479500128267299,-0.17857219697996213,-1.604028495017279,3853996.242843628,3841835.509535033,11914.971707629726,245.76160097209433,6.376799184182959e-05,1691.9795659924205
216,train,3,1,3.9355543091334404,2.8628369474350053,2.8628369474350053,3.9338493266515435,7.3709485018625855,1.3741087595561896,-0.25396921169867726,-1.6132843304354092,4097918.9970354405,4087253.5591823626,10319.050727007829,346.38712607223124,8.452756785158962e-05,1979.5088270391461
217,train,3,1,3.8144884452929255,2.974922885614849,2.974922885614849,3.8130478538812604,7.414265089435503,1.2817299810758591,-0.14497568793927124,-1.7210298891977485,4425083.302646638,4402240.4794475855,22240.01513309755,602.8080659619569,0.0001362252470143145,2131.411165597737
218,train,3,1,3.7354477468671976,2.7541213736458254,2.7541213736458254,3.734832812266308,7.295834249816835,1.3560886778647105,-0.22598802509063104,-1.6221189043062954,3792592.7806355357,3760141.786037487,30966.01773956543,1484.9768584889046,0.0003915466131958577,3150.133653151166
219,train,3,1,3.895179423181573,2.846893410846777,2.846893410846777,3.894029243760044,7.411218118155375,1.3678170137749581,-0.22786066627712961,-1.6130161020820508,4052401.0686310134,4040143.300414901,11807.708643032931,450.05957307523266,0.00011105997788794195,2030.723001032266
220,train,3,1,4.065429020394455,2.9474690086694117,2.947469008669411,4.0636515999919505,7.620555152534507,1.3786918837957258,-0.2708312256664664,-1.6045711365759976,4343787.649521369,4320586.025896237,22255.56829668505,946.0553284584404,0.00021779502240692726,2778.111940712496
221,train,3,1,3.846707979718107,2.97608040661383,2.9760804066138298,3.9845259985533774,7.829989655991085,1.338850250718512,-0.13535584473693996,-1.6809408421478544,4428527.302545579,4414485.403928917,13232.702963986096,809.1956526721211,0.00018272341963591015,2248.1468308275516
222,train,3,1,3.909433442889509,2.9728197253935655,2.9728197253935655,3.9089620630196587,7.477671358472435,1.3149004729851754,-0.20061911251283254,-1.6910259480787435,4418833.197792061,4395241.073102891,22210.879594428876,1381.2450947419343,0.0003125814062029078,2950.1656517028837
223,train,3,1,3.9634231514618734,2.9423693167579446,2.9423693167579446,3.9633365879680498,7.753812533948803,1.346988145028327,-0.2035760081426182,-1.6534429530458903,4328769.265233152,4309729.020073972,18333.369195732495,706.875963435874,0.00016329721454853312,2188.479203615285
224,train,3,1,4.060837508681725,2.989962925623019,2.9899629256230207,4.0603994191410315,7.850597505399492,1.3580099553558722,-0.2050568897935121,-1.6491940982705051,4469939.380646414,4448985.480234515,19993.376162750046,960.5242491531178,0.00021488529650131696,2589.8625908721583
225,train,3,1,3.9077234282115487,2.902375181268684,2.9023751812686838,3.9077173439730277,7.461200828755864,1.3463860114269892,-0.1986669551466922,-1.636672996866787,4211890.961988105,4195994.895354853,15424.519727493582,471.54690575563404,0.0001119561047546809,1942.9644304578176
226,train,3,1,3.984799138009701,3.0298623317529443,3.0298623317529434,3.9847676729490997,7.789619451992621,1.315164597146462,-0.1280111267335985,-1.6875458600389661,4590033.800175541,4571955.442999508,17369.822551973557,708.5346240587439,0.00015436370512819466,2279.8137477836226
227,train,3,1,3.9610610041889593,2.9863802098643144,2.9863802098643153,3.959923613339779,7.796447619679384,1.3259944598680875,-0.15960460077255456,-1.6646847188279723,4459236.810810367,4442008.603301381,16127.695955107078,1100.5115538763814,0.0002467937004844531,2687.2941825377857
228,train,3,1,3.91287978970923,2.984292456612598,2.984292456612597,3.911720572849852,7.661196682951413,1.3107698490415238,-0.18811171375244923,-1.680265672096338,4453001.697198441,4433500.29214923,18637.45471454121,863.9503346653256,0.0001940152718129146,2433.7575973409243
229,train,3,1,3.4813820823492714,2.757883370988737,2.757883370988738,3.4803530313238733,6.952483140747063,1.261965269429113,-0.12074329875939054,-1.723781875304702,3802960.344000609,3788162.1014725384,14200.909202537288,597.3333255329907,0.00015707061644103617,2402.9175306254933
230,train,3,1,3.990545826940535,2.9517499117393973,2.9517499117393973,3.9902286815978294,7.802189301495673,1.3518180065757945,-0.22965473606217177,-1.618180460883623,4356414.066999728,4338811.791820424,17098.349487963795,503.9256913391923,0.00011567442478814855,1956.959332181781
231,train,3,1,4.188915524589015,3.0709212654564113,3.0709212654564113,4.188273576511187,7.923193806316704,1.3638492212820412,-0.27843317070827694,-1.6176421399657583,4715279.803787598,4698924.527634999,15670.226998104457,685.0491544882987,0.00014528282159163188,2186.369033314025
232,train,3,1,3.7452181896827534,2.830538012028858,2.8305380120288586,3.7446018993672334,7.396743557706941,1.3229293807233475,-0.16679317291323506,-1.6458979994020355,4005973.4270268334,3994636.689695708,11103.885722006316,232.8516091177649,5.812609927634579e-05,1799.2527417330516
233,train,3,1,3.5195522890968425,2.5432643824844328,2.543264382484433,3.519361011301604,6.607134752935963,1.383796759605328,-0.23613688875805,-1.599544576302837,3234096.9184202943,3227766.910318068,6205.274648911545,124.73345331776858,3.856824840570797e-05,1494.4063157904757
234,train,3,1,3.373897931572399,2.612018135941706,2.6120181359417063,3.372822445269092,6.6172049244632944,1.291270684096186,-0.13193200772868133,-1.7175455753875786,3411319.555891222,3402600.8646741756,8370.971003058356,347.72021398737496,0.00010193129324014078,1945.5929935254956
235,train,3,1,3.70896772717312,2.778308245124958,2.7783082451249603,3.997452694427222,7.70216185040772,1.4388082033163416,-0.11239005384703972,-1.585885880124625,3859498.3670296543,3851776.9354351037,7265.872116076868,455.5594784701829,0.00011803592984048609,1911.7350027290597
236,train,3,1,3.8793825060885867,2.9702208752366004,2.970220875236601,3.9414940922695676,7.819277429487556,1.3270037003411732,-0.1315746644067503,-1.6692715940582157,4411106.446323031,4392259.425686656,17474.543406808116,1372.4772295571333,0.00031114126268732195,2890.0254231856293
237,train,3,1,4.262848066262901,2.473605699979265,2.4736056999792644,4.250280018992722,7.554161975160241,1.718252839985108,-0.41954295038486533,-1.2209508378479526,3059363.718349534,3052345.4334391174,6321.841932667513,696.4429777457467,0.000227643079366014,2285.0689223346185
238,train,0,0,5.506675159892999,2.674485116065212,2.674485116065212,5.495380665509962,8.793618072755635,2.054743409301504,-0.49626915132870214,-1.0905449958438675,3576435.339134305,3575281.6999977077,1129.5893598587454,24.049776738711824,6.724510429575724e-06,767.3943192936423
239,train,0,0,5.507486291389912,2.674032915614223,2.674032915614223,5.492779243897647,8.788097899407148,2.0541180371506234,-0.49535411869930923,-1.091335149214492,3575226.0296759265,3574037.1207603933,1163.814683690065,25.094231838913622,7.0189217774262705e-06,758.546289399778
240,train,0,0,5.502250527910422,2.6708701958105565,2.6708701958105547,5.49748168927012,8.795246610883623,2.0583110695133375,-0.4965360633074566,-1.089931604977048,3566773.8108811383,3565680.6019865796,1068.4183371914492,24.790557369464207,6.950414768056158e-06,769.8545294152011
241,train,0,0,5.499606173484877,2.6689779366715296,2.6689779366715287,5.499346711381164,8.779534277215134,2.06046915406104,-0.4964477528657443,-1.0908558569877334,3561721.6283697216,3560501.9043736444,1195.3532562343178,24.370739846203367,6.8424044293878155e-06,771.444446106633
242,train,0,0,5.502226038469002,2.671499569874119,2.671499569874119,5.49366243985109,8.78907815553248,2.056396527928302,-0.49595313789927714,-1.0926172051201544,3568454.979847941,3567243.9769378407,1187.526817009471,23.476093090370963,6.578783597648561e-06,761.0666939250063
243,train,0,0,5.501219407563098,2.6700933096500736,2.670093309650074,5.491040583607741,8.775632600300014,2.0564976376527317,-0.49760470513479016,-1.0895192123721829,3564699.14310513,3563596.474963103,1076.4572627338557,26.210879295016902,7.352900831957781e-06,773.0161773223546
244,train,0,0,5.503955942868139,2.6712601820057467,2.6712601820057467,5.502221562374267,8.791200990905054,2.0597849657021654,-0.49867961941558986,-1.0892504433542158,3567815.5199985295,3566606.922026457,1182.0812415452413,26.516730527818012,7.43220336903208e-06,785.3352647585215
245,train,0,0,5.502637136530829,2.6678429076177688,2.66784290761777,5.499907974189846,8.781884446972981,2.0615561577802746,-0.4991808881633976,-1.088734611146437,3558692.889959867,3557577.9175288985,1087.973605557948,26.998825413955693,7.586725308645605e-06,780.3924354795225
246,train,0,0,5.502654259967967,2.6701517356597577,2.6701517356597586,5.500819047507248,8.780804291018285,2.060114777015872,-0.4987711429803294,-1.0882469737795981,3564855.146434588,3563698.0628128764,1131.9436416386836,25.139980077134716,7.052174364582141e-06,766.4076663828723
247,train,0,0,5.501809192792891,2.6674280341471275,2.6674280341471275,5.50153160217512,8.792002606525784,2.062485484799277,-0.5001144348587522,-1.0866636071433053,3557586.158858605,3556335.692506378,1226.8829330029826,23.58341922256095,6.629050757867608e-06,769.2529485303581
248,train,0,0,5.503439082527533,2.669212557356756,2.669212557356757,5.496910759011284,8.774167591705918,2.0593754303534046,-0.49944179447585096,-1.0875051552467772,3562347.8530883663,3561265.8619602537,1055.8344259625355,26.15670215202169,7.342545767770887e-06,786.3003413834591
249,train,0,0,5.500858124786988,2.669730004635006,2.6697300046350065,5.495406949402764,8.787303951568902,2.0584130005139123,-0.49771755624451336,-1.088894695173553,3563729.223929989,3562682.5489543746,1024.2547072299676,22.420268385663764,6.291237907502767e-06,755.5865609956164
250,train,0,0,5.503814237192273,2.6712916180332664,2.6712916180332664,5.495502036064863,8.799030328169465,2.0572452662846734,-0.4971927357488785,-1.089740276260817,3567899.503701806,3566744.571877383,1129.5746202955074,25.35720412381064,7.10703989770501e-06,769.5358868507695
251,train,0,0,5.500290731443471,2.6699268407087895,2.669926840708789,5.499920307289955,8.781240064738085,2.0599516898485066,-0.4966894524163494,-1.0901214652516882,3564254.672189335,3563140.2518278155,1092.2203168150888,22.200044707160824,6.228523702411113e-06,759.3115817018057
252,train,0,0,5.5013786822406106,2.6688676384530043,2.668867638453006,5.498868363940855,8.768623104551807,2.0603750761983246,-0.4986190878935283,-1.0878124777234488,3561427.235904835,3560300.118533467,1100.513902456818,26.603468909768978,7.469889779458027e-06,791.4166485500214
253,train,0,0,5.4837200798792765,2.659742679806617,2.659742679806617,5.476794712129049,8.751247621141374,2.0591445757930438,-0.5009232851592299,-1.0842048889631708,3537115.5710909865,3535985.9623391586,1103.1934379516572,26.415313876101823,7.468038107659087e-06,770.7550524341206
254,train,0,0,5.487362333903787,2.6595759239083865,2.659575923908386,5.486946233180118,8.746695219771937,2.0630906543614533,-0.5023540874115191,-1.0858908120353186,3536672.1094553024,3535462.3007148313,1184.6207955085754,25.187944960585455,7.12193389182034e-06,765.2395252914845
255,train,0,0,5.488629083776846,2.6607435103022934,2.6607435103022934,5.4762853809390215,8.731493653729558,2.058178610503065,-0.5015844364539637,-1.0871286230381918,3539778.0401295633,3538668.217832555,1082.6763082759758,27.145988726951487,7.668839237716127e-06,774.1219473911227
256,train,0,0,5.487524823404616,2.6595657474866323,2.6595657474866328,5.486697157265386,8.745399598265067,2.063004895611426,-0.5025715131286397,-1.0841500276153406,3536645.0490959706,3535573.039033172,1047.044325694742,24.965737101402897,7.059158257282445e-06,754.9674222596398
257,train,0,0,5.493314468176104,2.6607327680699027,2.660732768069903,5.484262509145774,8.747004826553166,2.0611850145041286,-0.5030797132412674,-1.0843750303263755,3539749.4548514015,3538497.208550874,1227.3464532467221,24.899847276514066,7.034353022468185e-06,768.654959643687
258,train,0,0,5.487741651650518,2.658747972687642,2.658747972687642,5.478757990229875,8.73132700752467,2.0606533776466134,-0.5025704182925778,-1.0843201506428766,3534470.392798925,3533344.2582490444,1099.9825855934414,26.151964284805437,7.399118220960924e-06,774.47620319386
259,train,0,0,5.494452832351438,2.661989954233829,2.6619899542338286,5.484277871522121,8.735257892869413,2.060217343344784,-0.5030182234132353,-1.0847713159474142,3543095.258249067,3541919.243279361,1154.0797500364013,21.93521967516947,6.190976554779241e-06,755.7768878835991
260,train,0,0,5.486138525004499,2.6596788452109243,2.6596788452109252,5.470566752883606,8.737756551243365,2.056852376268671,-0.5026275394205335,-1.0863331540651922,3536945.8246685364,3535756.764282259,1164.9854688317857,24.074917451796193,6.806696694047431e-06,755.4505456250298
261,train,0,0,5.4830587855099004,2.6566464837518016,2.656646483751801,5.482419730003574,8.719077016576193,2.063661749327342,-0.503161625948963,-1.0851057430635624,3528885.2974808672,3527826.1783262333,1034.720547344978,24.398607288279862,6.913970058958014e-06,761.3822680940327
262,train,0,0,5.48730882775411,2.6564605767725658,2.6564605767725653,5.469298919256777,8.713561289012432,2.0588669627093186,-0.503161327476954,-1.0831520096029865,3528391.402826728,3527197.933471139,1168.7613969682036,24.707958620917097,7.002612749005855e-06,754.613965627362
263,train,0,0,5.488874839281663,2.6570193156194373,2.6570193156194377,5.482073310425505,8.745331840589643,2.0632417981302686,-0.5008604515493722,-1.08798656953413,3529875.823997346,3528619.3767621825,1230.6834206049111,25.763814559025302,7.298787788475097e-06,773.7391371783624
264,train,0,0,5.4884356904586316,2.658870793996207,2.658870793996207,5.486226560948184,8.753798065008596,2.0633671155951667,-0.5001893388600432,-1.088160393632253,3534796.960684673,3533697.3904179293,1073.8420682674457,25.728198478889173,7.278550582974855e-06,779.6412941024108
265,train,0,0,5.485682996281889,2.657629707650936,2.6576297076509356,5.48202619032329,8.734092293772846,2.0627501922262987,-0.5021553202281739,-1.0850585813539049,3531497.877826529,3530344.0596495336,1128.4978286211908,25.32034837653138,7.169860850125971e-06,772.6072066769506
266,train,0,0,5.492023007720709,2.6577006685245292,2.65770066852453,5.470357311666012,8.719276305288076,2.0583045248293437,-0.5030039103869752,-1.084435600634322,3531686.581291876,3530441.671178771,1221.9449832001096,22.965129902376827,6.502595678797828e-06,759.4816178017653
267,train,0,0,5.487695089970716,2.6574222568435646,2.6574222568435646,5.483612070289441,8.736910480074584,2.0635079939470256,-0.504404695485888,-1.081354896429102,3530946.534884132,3529863.722606542,1055.033264718131,27.77901287334181,7.867299206855133e-06,763.9714123924524
268,train,0,0,5.487523540912662,2.656680109608842,2.656680109608842,5.484172764758114,8.741609055083245,2.0642954885394835,-0.5039367032738344,-1.0837551795066576,3528974.6030005566,3527731.099917449,1218.2246728223656,25.278410285232546,7.1631034872677316e-06,779.1455342889318
269,train,0,0,5.486834156350232,2.6577544259830015,2.6577544259830015,5.480303337820805,8.743317547254264,2.062005159033401,-0.5028761272926578,-1.083258215653802,3531829.312754774,3530604.286174061,1200.926216837406,24.100363875984645,6.823762345747882e-06,756.2939245703715
270,train,0,0,5.483947348931804,2.658995335509729,2.658995335509729,5.466555823722854,8.725424446165562,2.055872663904059,-0.5034138441691945,-1.0839034283307576,3535128.1040186957,3534066.0019273693,1039.6481172727308,22.453974047960887,6.351671958488704e-06,732.8130955952298
271,train,0,0,5.485577787597664,2.6555973565112723,2.655597356511273,5.475679970671423,8.74255121871829,2.0619390802018893,-0.5040483455985212,-1.082518422333861,3526098.6807659916,3524908.2859348156,1165.7660621927619,24.62876898186457,6.984707806451504e-06,779.6400779496072
272,train,0,0,5.4870528769651425,2.656950547532307,2.656950547532309,5.472249095791019,8.729708776809275,2.0595976469616533,-0.5030451829754685,-1.0849182702814866,3529693.107606677,3528527.623495256,1141.8979088258664,23.586202593010125,6.682224735680448e-06,759.6693835794915
273,train,0,0,5.48232292043278,2.6591936263657567,2.6591936263657567,5.478198041992727,8.730332137551159,2.0600974625076938,-0.502527723126308,-1.0836191159069888,3535655.3740984686,3534595.506706731,1034.2898498875848,25.5775418516171,7.234172775715996e-06,772.2526382164123
274,train,0,0,5.487049055330223,2.6580208314559437,2.6580208314559437,5.485567016804358,8.748672456713393,2.0637787905520715,-0.5022237180364421,-1.083887168521216,3532537.398941628,3531343.8596303854,1168.0887280106672,25.450583228551114,7.20461819772277e-06,762.7678612391433
275,train,0,0,5.4869063205344135,2.6572359207392235,2.657235920739223,5.484966738594463,8.744572831084952,2.06416249900332,-0.5020848409170234,-1.0839124982898911,3530451.3700085464,3529347.7970967903,1077.9870293328906,25.585882413756796,7.247198653155463e-06,763.7102704946417
276,train,0,0,5.484394068547874,2.657093751612092,2.6570937516120923,5.484252870383091,8.74434370326344,2.06400427800326,-0.503912544326254,-1.0809132313640426,3530073.6329039033,3528975.4697912824,1073.2661717556077,24.89694086523357,7.052810636347234e-06,770.0344432829335
277,train,0,0,5.484816159753362,2.657595764934771,2.6575957649347703,5.480960038889433,8.746983112534508,2.062375366188906,-0.5018198130220741,-1.0840803193407706,3531407.6307318583,3530180.8562407163,1201.5171434619372,25.257347680887957,7.152203971325043e-06,778.6165540144243
278,train,0,0,5.484971006476204,2.6578339336236145,2.6578339336236145,5.483658544445294,8.738336356938817,2.063205859129442,-0.5010618189124335,-1.0840046511092312,3532040.7280215,3530980.6830255752,1035.6680017489305,24.376994179944795,6.901674147341941e-06,755.6674679354244
279,train,3,1,5.150603623246367,2.7690031709392304,2.7690031709392304,5.150305314746744,8.73061294638319,1.8599853437509026,-0.34177971255747547,-1.1898684581985433,3833689.2841105764,3825225.8593421006,8244.859720893672,218.56504757804063,5.701167501600176e-05,1554.6705709329365
280,train,3,1,3.4604290689872577,2.7002777709795693,2.70027777097957,3.5655094419075177,7.025692792609334,1.3204232098737276,-0.12113516326887892,-1.6890014667884314,3645750.038741957,3637336.3441868676,8031.665575108189,382.02897997882286,0.000104787485680354,2061.278976117037
281,train,3,1,4.033943787963828,2.7145516733704325,2.7145516733704333,4.033290528507671,7.3691945150494576,1.4858035557303901,-0.3523275300941846,-1.446058871711494,3684395.6769940327,3679950.365482656,4240.262292626975,205.04921874653505,5.565341964406695e-05,1714.0758983508608
282,train,3,1,3.686611619282281,2.8679411913522888,2.867941191352288,3.864176783275092,7.548319340450689,1.3473696026009028,-0.1173812841830325,-1.655592227255582,4112543.385508432,4101692.607509675,10546.537087586401,304.24091117277715,7.397877241729426e-05,1740.9980822707753
283,train,3,1,3.3128896089492192,2.4930577195469237,2.4930577195469246,3.3126071271417024,6.459367557865335,1.3287326246677187,-0.1863013246430613,-1.6134847071777194,3107668.863319103,3101069.1765151597,6363.108316544576,236.57848740266314,7.612731529896295e-05,1817.2911465699551
284,train,3,1,3.445773832549807,2.512234312387779,2.512234312387778,3.4432272604233587,6.668573594652116,1.3705836447837976,-0.2725917537385961,-1.5627346716476611,3155660.7843857873,3148168.7023254684,7267.322941177617,224.7591191432059,7.122410629663184e-05,1776.7647098708164
285,train,3,1,3.061051375878509,2.4642602469500168,2.4642602469500168,3.209010593878571,6.2679270000662655,1.3022206554077729,-0.10003271590156672,-1.6855163700280542,3036289.6000454463,3029506.7902867706,6526.007727530961,256.8020311432642,8.457758151245535e-05,2010.1162575239325
286,train,3,1,3.9999955258973934,3.089779431671267,3.089779431671266,3.9996794192703966,7.795199430634966,1.294487036282381,-0.20081167832850413,-1.6975328931188196,4773371.675578232,4746701.939368844,26095.429036859477,574.3071725288081,0.00012031478199510585,2122.663377539163
287,train,3,1,3.4099634796860627,2.748824469712392,2.7488244697123925,3.729252466511447,7.135111212264746,1.3566717364465386,-0.09828306628603614,-1.6845563373089973,3778018.474566095,3767043.2452638648,10466.781383665199,508.4479185661144,0.00013458058026688438,2164.749254395921
288,train,3,1,3.9680288579311456,2.8672630673993633,2.867263067399363,3.9669529776783894,7.328772886074148,1.383532966605836,-0.2803828285075206,-1.5885341325697506,4110598.7488477165,4102789.613661617,7573.508175582802,235.6270105127231,5.732182217463431e-05,1639.6053113175744
289,train,3,1,3.8857091812004803,2.992964338301946,2.992964338301947,3.8822730062582997,7.707374009536579,1.297133065227533,-0.17975442813673723,-1.665602014388359,4478918.057867993,4469612.762074895,8962.950079532702,342.3457135554968,7.643491332780859e-05,1752.480264232909
290,train,3,1,3.76387459113705,2.97303735114369,2.973037351143689,3.9162716262091415,7.6788085147272795,1.3172628405433933,-0.06291921790747042,-1.692437218934555,4419475.732022264,4402113.286130823,16726.34902114129,636.0968702980822,0.00014393039103916902,2343.4359809953858
291,train,3,1,3.9779825851438217,2.953744160170992,2.953744160170992,3.9773449916393147,7.469984946015757,1.3465434973247874,-0.2503691002056823,-1.653844363418807,4362303.245692612,4342259.521046977,19314.08282587328,729.6418197563756,0.00016726068286903995,2410.048938577747
292,train,3,1,3.890519199353177,2.8474261879370077,2.847426187937006,3.8866759677608496,7.3905139728449285,1.3649786548380354,-0.221829495117697,-1.6260218266931559,4053917.961832281,4041583.677927652,12027.026070653143,307.2578339747371,7.57928100340401e-05,1846.8530089442916
293,train,3,1,3.8101154942995636,2.837081486268854,2.837081486268854,3.809495108260191,7.338668802345637,1.3427513896578955,-0.20311549270758283,-1.6770925870275288,4024515.9943187707,4008375.686242716,15720.32033926364,419.98773678794123,0.00010435732828017559,2060.3465596440974
294,train,3,1,3.953719335668371,3.0142523977398556,3.0142523977398574,3.953084925249801,7.719115517102182,1.3114644706640683,-0.19940816338347814,-1.6773260805857617,4542858.995945199,4529602.490636869,12815.594678971425,440.91062934933933,9.705575932312252e-05,1860.0374720696427
295,train,3,1,3.620666246946086,2.723969046423059,2.723969046423059,3.8368361181662185,7.455712718539871,1.4085461518751488,-0.14534641895067454,-1.5813558782371395,3710003.6832881975,3705187.9252570923,4589.3483203038795,226.40971079808713,6.102681563847368e-05,1691.9666367572659
296,train,3,1,3.642289907428203,2.6823796393654673,2.682379639365467,3.8316442661557812,7.473015273688361,1.4284496534063238,-0.15090728372436546,-1.5383020853736156,3597580.3531282004,3590912.1210737876,6449.78347607404,218.44857833339913,6.072097267916525e-05,1752.8194971057576
297,train,3,1,3.37730273344554,2.495405329521156,2.4954053295211556,3.374700768813491,6.690285818418488,1.352365777571319,-0.16308215265709555,-1.5883198931754858,3113523.8815798727,3107835.127444134,5441.658215739798,247.0959199938991,7.936214058153201e-05,1905.313627076287
298,train,3,1,4.000533913592575,2.8094286954485277,2.8094286954485272,3.9993155316726767,7.430306848487817,1.4235333817696993,-0.3078114939755312,-1.5425271351512393,3946444.8164449916,3939762.90789407,6418.687305122411,263.2212457982747,6.669832166445641e-05,1802.6765844947513
299,train,3,1,3.438833778273116,2.5708071306612594,2.570807130661259,3.438805042353275,6.790527218059651,1.3376363404860911,-0.1673784141815161,-1.6238823705469332,3304524.9388339217,3299279.875560231,4952.466923983747,292.5963497103808,8.854414934862929e-05,1962.3013280282473
300,train,3,1,3.4202879897392706,2.5716326789671187,2.5716326789671196,3.419564805711096,6.671445547661278,1.3297252106333255,-0.19074701022471505,-1.6387313161226669,3306647.3502182597,3299359.7830869793,7012.769880604079,274.7972506745933,8.310449272930629e-05,1851.8985458965972
301,train,3,1,3.438675226432446,2.5424225894261947,2.5424225894261943,3.5466238839801516,6.9845690334332176,1.3949781199751683,-0.07876932804041267,-1.6446302237792974,3231956.4121246436,3222395.8196673202,9203.557020192517,357.03543713434874,0.00011047037509383939,2231.8877904472133
302,train,0,0,5.496877150929999,2.6562728042304364,2.6562728042304364,5.494529945630115,8.772037293296307,2.0685111622870247,-0.49810961261287157,-1.085861138860466,3527892.608696124,3526568.186319998,1298.3614674862224,26.0609086390804,7.38710372726234e-06,780.780436920748
303,train,0,0,2.8451380261238666,3.0225157478841296,3.02251574788413,5.387788342589513,8.215262880548835,1.7825509582079626,0.7294108084364735,-1.157330860264064,4567800.824481118,4567135.32129859,640.7262087878895,24.77697374954052,5.4242675417781766e-06,624.7637959631653
304,train,0,0,0.30023879419846344,0.29681802077681013,0.2968180207768102,0.5892996131272812,0.8895095375337405,1.985390279151548,0.6590734039773007,-1.0385667915010488,44050.50745809391,43994.25118645334,34.81046034068568,21.445811299945348,0.0004868459533717553,3657.608657842047
305,train,0,0,0.29450763762988935,0.2959078056242434,0.29590780562424346,0.5917070358892451,0.8862048869777936,1.9996330770693502,0.6770433465311232,-1.009677940394378,43780.739557667,43720.62411708985,39.103106906952235,21.012333670216584,0.0004799446944595263,3597.292795841084
306,train,0,0,0.29533415003170377,0.3009350079591554,0.3009350079591555,0.6086723907435954,0.9039134692138759,2.0226041326046307,0.7033040479334148,-0.9707412844058383,45280.999744026776,45227.702735178216,36.30980790774202,16.98720094082787,0.0003751507483681106,3330.4064402602535
307,train,0,0,0.29240592121021475,0.2972413170658256,0.29724131706582535,0.6020199477778223,0.8941250177740585,2.025357557019916,0.6986179213157309,-0.9731412467436429,44176.239654517216,44122.91467010951,33.292770844619305,20.03221356308751,0.00045346126605049614,3448.9241540910625
308,train,0,0,0.2919984019097137,0.2976465471073405,0.29764654710734056,0.5971311175528717,0.8890955060815031,2.0061751878395815,0.7083597703990812,-0.9554212973359864,44296.733993396476,44240.81810568954,33.91652441226236,21.99936329462501,0.0004966362372879355,3549.5565779811764
309,train,0,0,0.19381789811662747,0.1887615274148268,0.1887615274148267,0.38787134043165133,0.5815959123210632,2.054822006071482,0.5679558410296993,-1.1869738236264415,17815.46703045883,17596.803004203513,169.8712356771155,48.792790578179435,0.0027387881830299005,5364.725308633889
310,train,0,0,0.1930655684279991,0.18864032295223257,0.18864032295223268,0.4231844101143288,0.6161404813392437,2.24334014855078,0.5545449797952358,-1.2223743414640762,17792.5986476108,17646.71130715078,104.63252974299105,41.254810717026885,0.002318650104692077,5429.50397406823
311,train,0,0,0.19733739747824255,0.2036734339617215,0.20367343396172144,0.43898593530831753,0.636294040525172,2.155342141434218,0.7002991977865616,-1.0375647356235536,20741.530012164447,20381.020064163884,300.3347773098903,60.17517069067532,0.0029011924701496912,5635.476330229291
312,train,0,0,0.17862156647545271,0.17286428913792803,0.172864289137928,0.4828261969675405,0.6614400184025726,2.7930939315192775,0.5710599205535328,-1.0989314732367719,14941.063338870457,14495.524786800794,394.0827645854469,51.45578748423303,0.003443917364995461,5418.423690966621
313,train,0,0,0.18980772238477947,0.1937497093079708,0.19374970930797075,0.47947578686967607,0.6692684199642827,2.474717451614523,0.6970131138002144,-1.0623557453434451,18769.518809478966,18279.51003842881,420.99763645076735,69.01113459937577,0.003676766319897547,5517.270333409377
314,train,0,0,0.16036014375334343,0.16714107932004169,0.16714107932004163,0.6283131975209181,0.7886322954691423,3.7591787732674886,0.9625975575591001,-0.20891985494009502,13968.075423027503,12279.911477862235,1443.4705215214033,244.69342364387296,0.017518048566696313,7063.543396378975
315,train,0,0,0.17695035030366854,0.1759986649831149,0.17599866498311487,0.4741465897369198,0.6509552373318002,2.6940351495416683,0.6716335884193404,-1.0388007794252003,15487.774875634808,14589.540972366198,770.6394101433733,127.594493125231,0.008238400554618159,6060.954279716259
316,train,0,0,0.17807178745175042,0.17916862274415435,0.17916862274415432,0.5959828590402539,0.7739380562197766,3.32637964121259,0.7228946602710319,-0.8815508701493049,16050.711864948516,15175.418616875597,753.1795000349031,122.11374803802472,0.007607995773987836,6402.917507623539
317,train,0,0,0.16315059221794945,0.1711233947914787,0.17112339479147876,0.5982430144448008,0.7611303890298586,3.495974440980356,0.8065296534397253,-0.7846899284956796,14641.613616973726,13634.332733748222,880.3202508421637,126.96063238332043,0.008671218603674771,6393.948344061643
318,train,0,0,0.159866366014674,0.16920195852122652,0.16920195852122655,0.6239653495691273,0.7837922530416108,3.6876957868714637,0.9768989429836192,-0.22826412475214308,14314.943541197066,12636.585069019278,1382.717578048795,295.6408941290023,0.02065260636747714,6998.527870365547
319,train,0,0,0.17487794576837767,0.1789151157455846,0.17891511574558466,0.47870391191289674,0.6534692765781074,2.6755923328110995,0.7359033989170655,-1.0486654192291285,16005.339967919897,15078.959667319396,777.1434535727806,149.23684702771791,0.009324191009178119,6533.826233761925
320,train,0,0,0.17252695920727273,0.17396584489414368,0.1739658448941437,0.354853745672488,0.52737130317837,2.0397897408448915,0.6599073877332677,-1.1295494980723688,15132.114608594437,14847.1742594528,234.59493908879742,50.345410052840336,0.0033270571466757297,5554.396232756305
321,train,0,0,0.1649914289319131,0.15994975963904212,0.15994975963904212,0.4201116656458762,0.5849356630642433,2.626522644322444,0.629871489706966,-1.1013574819727647,12792.076828455387,12013.940048924718,670.8971533162429,107.23962621442334,0.008383285032800438,6248.232726612657
322,train,0,0,0.16859758665176924,0.17870256296770132,0.17870256296770143,0.6865985913076729,0.8548955892038066,3.8421306326298645,0.8908003137908195,-0.49999521592469875,15967.39616428143,13896.990960177924,1780.607915061292,289.7972890421924,0.01814931414368361,6920.331571873051
323,train,0,0,0.17103716304711997,0.18309940248742473,0.18309940248742473,0.6908561927992851,0.8617643250036053,3.7731209573266256,0.8944249241145091,-0.5025019715632961,16762.836817918713,15102.356081329304,1391.3693560884092,269.1113805009823,0.016054047618796505,7105.343788763604
324,train,0,0,0.1624523844656069,0.17114332062477972,0.17114332062477977,0.6652419123712461,0.8275255465996452,3.887045722513146,0.9448465405985839,-0.23529389346931673,14645.132724014473,12399.534110387698,1958.828357507261,286.7702561195015,0.01958126713657348,7072.518687581891
325,train,0,0,0.16743527243880807,0.1739389804658579,0.17393898046585798,0.5841503899261516,0.7515840089037056,3.358363883481615,0.7756382247889319,-0.8290523903742071,15127.424855909258,13754.810851733851,1229.5677293514948,143.0462748239147,0.009456088936910913,6030.2069190441625
326,train,0,0,0.16685910757369857,0.18025498043248578,0.18025498043248567,0.8426387733619704,1.009434598207008,4.6747045287748925,1.071527928870422,0.3782488525916228,16246.458959776774,13491.942602128871,2444.200141131736,310.3162165161746,0.019100544757750606,6676.098738809973
327,train,0,0,0.15358018413255922,0.16552172552142408,0.16552172552142408,0.5810957001142669,0.7345531864266377,3.510691410953504,0.9469346483036204,-0.46844600256933644,13698.82997365222,11788.676100624007,1702.1430525209748,208.01082050725384,0.015184568383382632,6555.962745822236
328,train,0,0,0.15799786586926712,0.16877544236945669,0.1687754423694567,0.5368710563643144,0.6948177373160433,3.180978516940163,0.8312816589063957,-0.8008485372202405,14242.63984094036,12025.544163899265,1921.666189245291,295.42948779581775,0.02074260748675312,6876.717364650481
329,train,0,0,0.14309914279541408,0.15310983518029986,0.15310983518029983,0.45905058216491307,0.6021167109720409,2.9981782791702574,0.8462698250164339,-0.8225366843509931,11721.728005191642,10436.965806583561,1137.90599499325,146.85620361483086,0.012528545582169039,6608.592522754002
330,train,0,0,0.17700175990798744,0.18248455276644188,0.18248455276644202,0.5562529707934591,0.7332186580315465,3.0482194923391415,0.7345684186162078,-1.0603753310217765,16650.32907091206,15761.21178929384,724.0633403905275,165.0539412277241,0.009912953703483945,6710.042401277317
331,train,0,0,0.1300660835786948,0.1506457803181491,0.1506457803181491,0.6079443229154458,0.7379612340773747,4.035588130192077,1.3099820674410645,0.9259341421308993,11348.110185741853,8306.954321751944,2645.0763639975376,396.07949999236985,0.03490268366357752,7336.27315666666
332,train,0,0,0.2890362738871918,0.2895761523534106,0.2895761523534106,0.5592185855602875,0.8481304352317238,1.9311624283127922,0.6336668275653502,-1.1026839327895712,41927.19984805167,41873.25288787842,32.94393826686693,21.003021906396658,0.0005009402483951633,3598.6650504763556
333,train,0,0,0.2943640459092567,0.29459520171571646,0.2945952017157167,0.5644557964293053,0.8587408875173423,1.9160386630261654,0.6411708140258873,-1.070868978938755,43393.19449390876,43342.338725785776,31.630387133346208,19.225380989646357,0.0004430506030696837,3562.2875889133197
334,train,0,0,0.29544606262661544,0.29905781034957424,0.29905781034957435,0.589574729857668,0.8849215822192491,1.9714406695096942,0.6741683119027809,-1.0203109386826437,44717.798367380514,44669.521333946286,27.325162193828913,20.95187124036676,0.0004685353931836265,3535.0287793629227
335,train,0,0,0.2927327511495387,0.2966554001577807,0.29665540015778064,0.597249353151914,0.8899543324041588,2.0132765249992346,0.6783704892125778,-1.0071829397091132,44002.22843893014,43956.71645489749,24.989848503614578,20.522135529003418,0.0004663885502409429,3535.82473281708
336,train,0,0,0.2988479412153101,0.30019370258556377,0.30019370258556366,0.6009953939363623,0.8998041990198544,2.0020253215174013,0.6852916641124805,-0.9923100612029092,45058.13988607444,45006.04083366884,30.866373178110077,21.232679227448326,0.0004712284901492449,3499.727013803587
337,train,0,0,0.2945014584956843,0.29814706340184666,0.2981470634018467,0.6027593266071599,0.8972137732016563,2.0216845999745856,0.6930443944304499,-0.9709820562710898,44445.87770268938,44393.83891621711,32.05065307706198,19.988133395159906,0.0004497184987293083,3445.6095085812985
338,train,0,0,0.29183581337535724,0.29863516189576644,0.29863516189576644,0.6088666035214628,0.9006785509191104,2.0388309255223516,0.7165561091715319,-0.9487665801255871,44591.4809618374,44543.83591819082,26.57121245308235,21.073831193493273,0.00047259769666607016,3491.840697469276
339,train,0,0,0.28963107485214457,0.2975400186492238,0.29754001864922386,0.6029505668218972,0.8925662623569224,2.026452003193319,0.7180030364702124,-0.9400255105130206,44265.180494333465,44218.38663897706,26.561698965917167,20.232156390459203,0.00045706707087863767,3439.81257811751
340,train,0,0,0.2932054203655134,0.3025787931778515,0.3025787931778513,0.6184937554691423,0.9115996227337746,2.0440750290969696,0.7249892733873153,-0.9268170466672925,45776.96448290389,45722.15972382952,34.54789397227916,20.256865102126152,0.0004425121964933125,3464.62758181894
341,train,0,0,0.28793175398275345,0.29844190378877744,0.29844190378877733,0.6123310786588481,0.9001609611295862,2.0517597257127345,0.7303911599260385,-0.925865958602127,44533.80143062771,44485.59951545905,31.079516154794995,17.122399013783117,0.00038448096645096513,3200.6766440564966
342,train,0,0,0.29037598039302975,0.2985850392531291,0.29858503925312885,0.6163471612771974,0.9066956269380171,2.0642265359942633,0.7211448247910444,-0.9405998764876826,44576.52033627641,44521.183806405825,33.948037926374084,21.38849194425829,0.00047981519829066424,3494.526502409636
343,train,0,0,0.2880703265176057,0.29610601589024504,0.29610601589024493,0.615305001069522,0.9033738443908987,2.0779888555104256,0.7220236406837242,-0.9314219589246493,43839.41985395853,43785.60768162664,33.88594486297562,19.926227468906003,0.00045452762685468663,3467.14261964751
344,train,0,0,0.29212659924432227,0.29918089234625383,0.2991808923462539,0.6098229852397781,0.901915108996036,2.0383085980437743,0.7202405527599577,-0.9351130957924063,44754.613111603074,44701.42014374863,33.35376221119681,19.839205643238454,0.00044328850734931156,3433.8629216952077
345,train,0,0,0.2951845231897605,0.2999242435703195,0.2999242435703195,0.615774064933561,0.910723383363802,2.0530986678614,0.7197680142284668,-0.9280499088929028,44977.2793337691,44921.668827697555,35.482220828913874,20.128285242485752,0.00044752118270909654,3436.2211728554685
346,train,0,0,0.2911365209775353,0.29966397844705656,0.2996639784470568,0.6248133600992775,0.9159484735106389,2.0850466023218286,0.7320563606240849,-0.9140495928714985,44899.326079172286,44847.0732294714,32.82737064591669,19.425479054851895,0.00043264522546726834,3415.3826768384597
347,train,0,0,0.29145351002069403,0.2997007850540087,0.2997007850540086,0.6056738798871428,0.8971019072905619,2.0209285730699547,0.7206283376746073,-0.9311654676025953,44910.2915629926,44856.79024503623,32.38909534454226,21.11222261174962,0.0004700976519410244,3610.3995958424653
348,train,0,0,1.6148445077242795,2.4193818590487117,2.419381859048712,7.134857945889002,8.749584124918329,2.9490416815369485,1.53431256837585,1.2468662456906543,2926704.3197586746,2926076.1632046276,588.4759169068479,39.680637138875085,1.3558129829168054e-05,726.39927058055
349,train,0,0,3.102997366811891,4.179176085814663,4.179176085814663,9.89382308301721,12.996672489636694,2.367409958292908,1.0926205738211747,-0.31463826081663626,8732756.464282446,8730966.42546759,1754.1655272034118,35.87328764906723,4.1078996987710995e-06,557.4768987587962
350,train,0,0,4.684306874947426,5.464249748198043,5.464249748198042,10.939953073783043,15.624198266224994,2.0020960933183436,0.7645037597561859,-1.027070367147293,14929012.655563988,14924506.95955694,4458.28470563819,47.41130141457071,3.1757827867404675e-06,575.8420336192164
351,train,0,0,6.484241720413324,5.18576359787758,5.185763597877581,8.197246316696052,14.677384763490409,1.5807211728762578,0.16003004887083772,-1.577121302231491,13446072.07082711,13444710.675636472,1300.0869656846917,61.30822494088246,4.559563909663858e-06,749.2844503494049
352,train,0,0,4.525486035043373,3.67721878176883,3.677218781768829,5.9429492524322125,10.464059795252979,1.6161532955005504,0.2389840503287445,-1.5484832098243309,6760969.061899776,6760164.62792268,743.9858391402989,60.44813795658797,8.940750564476411e-06,916.825745809074
353,train,0,0,3.481679272109992,2.8285522866444004,2.8285522866444,4.540960956161492,8.021340700681321,1.6054011013346252,0.2906568935410824,-1.5161409788130038,4000354.0426248545,3999744.3778050705,560.1582612921358,49.50655849172733,1.2375544255388788e-05,1061.411822098049
354,train,0,0,2.8732506842964214,2.3134663551955557,2.313466355195555,3.76410988851852,6.636525107023772,1.6270432807743787,0.3198902423364767,-1.4862001113124388,2676063.349290218,2675491.7630158565,524.0937747351011,47.492499623188834,1.7747150730114606e-05,1222.1272484621675
355,train,0,0,2.485255609803833,1.9755089660935705,1.9755089660935707,3.2605930458968504,5.733907964080572,1.650507844742635,0.33365728358241664,-1.467413484044198,1951317.884728995,1950795.467300109,474.6826678708388,47.734761014745494,2.4462831703802604e-05,1420.2028798685371
356,train,0,0,2.22065541220305,1.7429931185376613,1.742993118537661,2.8952513031900162,5.11438642826397,1.6610801685890064,0.3419899161157134,-1.448491630999579,1519012.6708557701,1518456.4085615526,502.37007164099475,53.89222257617179,3.547845492678503e-05,1636.2459571051
357,train,0,0,2.0298216347539566,1.5744867878827198,1.5744867878827198,2.6256606574213364,4.654275003238581,1.6676295270487314,0.3460888227927069,-1.4357137454939473,1239504.325030773,1238995.2788596367,386.9455831913423,122.10058794523513,9.850759330122045e-05,1714.897104979971
358,train,0,0,1.8857081386391072,1.4441671403787655,1.4441671403787657,2.4430782344993203,4.328074965393171,1.691686624207893,0.3481436679376968,-1.4224951307851132,1042809.3646820361,1042247.9804608802,426.55326081191083,134.83096034513406,0.00012929588562550498,1905.3048276244394
359,train,0,0,1.7827561902031301,1.349928521287509,1.3499285212875094,2.2230717135444285,4.0013621635735035,1.6468069816201445,0.3450101537983767,-1.412582450595283,911153.5131852622,910585.2650228376,398.23021912660806,170.0179432975963,0.00018659637573391767,2096.5140180624403
360,train,0,0,1.6900295274269301,1.2682029776342048,1.2682029776342048,2.1345666391837876,3.822180953575298,1.6831427435738708,0.35193246974488435,-1.3926064097621829,804169.5022331983,803549.4817178509,441.48556108137035,178.5349542646645,0.00022201159552665028,2267.1255766102845
361,train,0,0,1.617410262514837,1.1993779688330823,1.1993779688330823,2.0458981195194648,3.6569968666881323,1.7057993165490544,0.34521209947857806,-1.3816078499576567,719253.7571671993,718650.4779067241,430.9340338147587,172.34522665998892,0.00023961672072284382,2308.857344383889
362,train,0,0,1.5589019640808692,1.1439122153071175,1.1439122153071173,1.9041336194152245,3.462205454125069,1.6645801958710644,0.3388613029516711,-1.3783659659828458,654267.6394429954,653661.7540455583,425.6511604636967,180.23423697348065,0.00027547478448868625,2473.337217570303
363,train,0,0,1.5068668297813275,1.0957554666741747,1.0957554666741744,1.8426464625312946,3.347925476846285,1.6816219663718182,0.336705437223503,-1.367171467738083,600340.0812488798,599738.1733856838,430.91394239911835,170.99392079574932,0.00028482842664783077,2546.107585364473
364,train,0,0,1.4625257164579817,1.055899698145716,1.0558996981457163,1.783724436129909,3.2437739255838096,1.6892934426085529,0.33297090882556857,-1.3628781641770917,557462.0997625598,556842.9054750726,460.1086362860475,159.08565120143885,0.0002853748286550751,2578.79834162598
365,train,0,0,1.427604759840993,1.02324713389828,1.02324713389828,1.759867345185252,3.185737006831914,1.7198849494751662,0.3231169511356414,-1.3589040844705815,523517.36748139956,522895.9400553185,467.69831270380763,153.72911337767397,0.00029364663510067013,2616.708291320688
366,train,0,0,1.3921971528573194,0.9901042751424544,0.9901042751424542,1.698757627721294,3.089558095554821,1.7157360798961099,0.31576666789247954,-1.3583637783113212,490153.2495784091,489533.9263367759,453.94493736346783,165.37830426997945,0.00033740121974550763,2685.2926190557005
367,train,0,0,1.3641733270795557,0.966895274992415,0.966895274992415,1.6548481839983251,3.0189853643059905,1.7115071578060064,0.31162183590820497,-1.354399766781652,467443.25820119213,466837.7181269436,448.17694903003087,157.36312521861961,0.00033664647517686304,2706.4251839903277
368,train,0,0,1.3410144993716677,0.9433201197610855,0.9433201197610852,1.584827308947424,2.9254543797287624,1.6800524824476484,0.30504244714116535,-1.3481224965918062,444926.4281795171,444331.38679518714,436.6631733370062,158.37821099300209,0.00035596494377964955,2809.775993199783
369,train,0,0,1.3226920052456552,0.9266701400890012,0.9266701400890014,1.5944310740542715,2.9161478260648437,1.7206026233899536,0.3050404961599919,-1.344439996358232,429358.79477998597,428769.7507110049,444.6783398897475,144.36572909100855,0.0003362356398568361,2717.9933744125615
370,train,0,0,1.3057070206376666,0.9101358354466695,0.9101358354466693,1.5647158194807416,2.8699886673421133,1.7192113073020827,0.29909915511500346,-1.34567320919825,414173.6566839815,413543.36134761444,479.6987458693908,150.5965904977254,0.000363607361471162,2867.866238575557
371,train,0,0,1.2921858788505196,0.8958666033159904,0.8958666033159903,1.542276286982,2.8307794923894107,1.7215468031438692,0.2895279801303214,-1.3430536928949695,401288.96927728504,400693.125634384,461.7732728017191,134.07037009933504,0.0003340993158640608,2792.177454886316
372,train,0,0,1.2779757705895463,0.8824321802548291,0.882432180254829,1.5124750407965621,2.7896676271921024,1.713984456414304,0.2922406226559959,-1.3318415466827094,389343.28421593487,388738.15310788405,461.3807291448993,143.75037890592893,0.000369212427011334,2965.400952398067
373,train,0,0,1.2650083163888777,0.8718675736491249,0.8718675736491249,1.4891873737661516,2.753223915991839,1.7080430776124509,0.28377402784857914,-1.3363439557549606,380076.7109159532,379467.49505727954,473.7180097832071,135.49784889082554,0.00035650131933705437,2780.056851705267
374,train,0,0,1.2533281648824923,0.8613744342119136,0.861374434211914,1.4711243306924588,2.718376556877047,1.707880188060626,0.28821090486056694,-1.3349795936700979,370983.0965514087,370382.37318379636,458.7966258510737,141.92674176103765,0.00038256929515215866,2924.6547868307002
375,train,0,0,1.242165993637871,0.8515044557268794,0.8515044557268794,1.4470499048759229,2.68449239525944,1.6994037965904256,0.2810363247484683,-1.332461857213588,362530.07020836463,361944.85764968797,454.49131911487495,130.72123956205718,0.0003605804050597099,2911.007815552828
376,train,0,0,1.2355662433422985,0.8448020790673293,0.8448020790673296,1.4366864116869984,2.671781907149125,1.7006189346422007,0.2791264416077153,-1.3256764278559428,356845.73388274095,356271.4530183005,443.59765729463754,130.68320714541088,0.0003662176529994701,2930.713446897737
377,train,0,0,1.223579828736838,0.8357000046827162,0.8357000046827161,1.4061859202408231,2.628113495418802,1.6826443847809947,0.27483420161833266,-1.3305522776406693,349197.2779588339,348600.993553288,464.61335996336913,131.67104558240612,0.0003770677891650935,2883.155697056688
378,train,0,0,1.2181301474559587,0.829715226766873,0.8297152267668728,1.4157399773609358,2.6335153428371996,1.7062962468190546,0.27374283964306706,-1.3277573440026427,344213.72168486245,343638.25838362006,444.1778026315135,131.28549861113927,0.0003814069293011361,3000.842867119749
379,train,0,0,1.2134422525700648,0.8250907087989678,0.8250907087989681,1.422263933724491,2.634328087326139,1.7237667550453815,0.2722228117521015,-1.327236160133367,340387.63958686177,339826.661248817,437.4685240875321,123.50981395647867,0.00036285046691585533,2899.922477193712
380,train,0,0,1.2078173255255096,0.8180191557640316,0.8180191557640315,1.3842890167901643,2.591556452389341,1.6922452329337392,0.27309836298680623,-1.3229186650920024,334577.8333783914,333979.40960147645,479.2141749479782,119.20960196671054,0.0003562985651589483,2953.398012251717
381,train,0,0,1.1838263844720787,0.8298627536198822,0.8298627536198827,1.422883572650724,2.605083434842527,1.714601078845953,0.24132799049810597,-1.3390777418391735,344336.30322572927,343464.6889454212,705.9067308214883,165.7075494862734,0.0004812375225438951,3554.3521365330107
382,train,4,1,0.46943516384960093,0.39612840177624287,0.396128401776243,1.2546988045036707,1.7240547692490509,3.1674043034470416,0.19815368620543233,-1.386240253491824,78464.76202174992,70918.32066045873,4064.601759447065,3481.839601844309,0.044374563971520946,9972.92590084798
383,train,4,1,0.4702292471767141,0.4946606417126554,0.49466064171265534,2.788026711380415,3.258190171174647,5.636241245568834,1.178286606347801,2.8858707491455906,122495.3533233288,81574.71027669605,18964.323126566946,21956.319920065915,0.17924206367331985,11295.461010686193
384,train,4,1,0.3417800599884688,0.44449175230474897,0.44449175230474897,4.6977001493621175,5.039478003990325,10.568700375212625,2.433705531673395,14.738494709446126,98835.6326296746,53695.95013265126,20988.92298622279,24150.759510800446,0.24435275890113922,11447.548461989752
385,train,4,1,0.3230562203841746,0.4315413351908875,0.4315413351908876,4.042336941389507,4.365372965368806,9.367206827594913,2.760528276894664,16.883006451953946,93115.25596623866,55957.960604984444,18399.832251220705,18757.463110033677,0.20144350048110998,10863.641833940977
386,train,4,1,0.40464326429809444,0.5030114542648155,0.5030114542648156,6.233575615401612,6.637651739700232,12.392512262990897,3.5129757255639746,30.793481134366402,126634.45482157296,71539.55472489697,21847.679241085058,33247.2208555909,0.2625448255961302,11597.816773385513
387,train,4,1,0.19306653028493748,0.2914599958772117,0.2914599958772117,4.53254658693308,4.725472561709466,15.551179067615791,6.067017978320476,75.38547707646997,42503.64324865064,18879.879050164174,13032.348197316847,10591.416001169631,0.24918842695927898,10987.943889047
388,train,4,1,0.1632189709336726,0.40341254346159217,0.40341254346159217,5.012152199110273,5.175359361937808,12.424383625016029,6.263407449089982,52.612750349006944,81371.28291413773,13033.328045563,35035.095432104376,33302.85943647046,0.40927042371460887,11590.91104825355
389,train,4,1,0.14642431395525637,0.46375292021888537,0.46375292021888537,8.773371676034978,8.91963225082145,18.918202546075744,9.866885903400622,145.86450671528286,107693.54220803603,8565.085888988313,53624.83183123825,45503.62448780944,0.42252881235820267,11473.900449456392
390,train,4,1,0.2815214560645727,0.621038954226573,0.6210389542265731,9.821593625722537,10.103081642733741,15.814778700885379,9.730886452812554,127.45425017261158,192923.55845157764,39710.92718534779,57425.98354681305,95786.64771941658,0.49650052325495697,12520.265778494884
391,train,4,1,0.2925549147358943,0.577539316731194,0.577539316731194,8.64829534313764,8.940830331037432,14.974383721762868,5.597603446035676,60.42124461543342,166804.05116230258,70529.78935543669,45767.42437021688,50506.837436649104,0.3027914315312718,11234.691998447826
392,train,4,1,0.21210239473116235,0.4349110601158255,0.43491106011582553,6.263032454817178,6.474882338749012,14.400720122291686,6.358285280392254,71.98970099518858,94579.35226582234,42417.184008453754,24515.54732358613,27646.62093378231,0.29231137950785935,11128.637521570883
393,train,4,1,0.2790411425537277,0.6099034007235602,0.6099034007235602,8.023260264306623,8.302263883593696,13.15496889308735,7.300553579849699,73.76611943653714,186115.36874762469,35905.474917161904,68699.6147854221,81510.27904504086,0.43795565940376513,12065.696083820472
394,train,4,1,0.2869573628399412,0.40421083447136885,0.40421083447136896,5.549033542921777,5.83595078099097,13.728067309672339,4.220817745390704,41.23530473917181,81696.73980854878,37022.3794546866,26039.09418898745,18635.266164874734,0.22810293542368176,10728.978848717783
395,train,4,1,0.28177438534424437,0.436760464017369,0.43676046401736907,6.551404611695551,6.833081560012943,14.999994622761951,5.346187491647415,61.41389719807104,95407.43385776781,44332.44798610036,25065.562593056085,26009.42327861131,0.2726142212082323,11065.292600639186
396,train,4,1,0.3172101293501637,0.4729628497107478,0.47296284971074776,7.1701489175858715,7.487341788129925,15.160067903791926,5.751952748289912,65.42890594198583,111915.9675044771,40036.536244378774,31473.15042033773,40406.28083976067,0.3610412503304701,11583.233511688428
397,train,4,1,0.15703437875612145,0.5081323598673134,0.5081323598673134,7.420177001248762,7.577095752414607,14.60284285611403,9.266172419057764,105.87168165683487,129161.97759536836,8819.851463306944,53136.06061239284,67206.06551966848,0.5203239124303903,12039.128813990787
398,train,4,1,0.14464198086070246,0.4718904439792188,0.4718904439792188,8.56284226443959,8.707143976149382,18.14582679876578,10.521939765748737,145.0405121533669,111665.6365996641,8108.147662963986,46630.30157493012,56927.18736176991,0.5098004103613479,12099.309519620707
399,train,4,1,0.3208828930836753,0.5196256549123113,0.5196256549123113,5.639163398267643,5.959695437428309,10.852357548087713,3.55794167184323,22.942187129935128,135011.1256062321,62880.68911080187,35219.88665981369,36910.54983561669,0.27338894976158107,11173.789807809188
400,train,0,0,2.407093113227282,1.895741661234486,1.8957416612344857,3.1352009121938607,5.5398822533898056,1.6538123185794487,0.33447683591474753,-1.4599403568789284,1796918.225255373,1796026.7196769533,821.1705431796363,70.33503523850497,3.914203454000204e-05,1757.0281231190468
401,train,0,0,2.153953913631616,1.6804149995432884,1.6804149995432882,2.8161307535741944,4.96815212094225,1.6758543302336488,0.3445716551461799,-1.443323246121313,1411897.2863398076,1411090.9964344932,660.8930398870041,145.39686542619893,0.00010297977539366531,1903.4738787318693
402,train,0,0,1.97670375366183,1.5216689689754288,1.5216689689754288,2.5255068634035998,4.49804814113304,1.6596953180323286,0.34563346556756913,-1.4300187694386242,1157738.2627659766,1157040.7954862323,467.7456895783161,229.7215901658336,0.00019842273297334144,2026.105215173637
403,train,0,0,1.8405930972516071,1.4000996799431495,1.4000996799431498,2.3403179668963423,4.180498813511804,1.6715366772966975,0.34587487309708864,-1.4151564219347457,980139.6707564044,979447.0708826185,480.98893863469135,211.61093515128007,0.0002158987555191734,2148.3390193353994
404,train,0,0,1.7303505682114628,1.3025091546872123,1.3025091546872123,2.149614498698327,3.8794984882115386,1.650364215071134,0.3518691243863754,-1.3966316153712681,848265.0833453153,847604.7961331069,474.48718564925554,185.80002655853832,0.00021903533483400738,2232.6926532727675
405,train,0,0,1.6452843044663896,1.224378059039245,1.224378059039245,2.036480059776164,3.681424133654218,1.6632771591596194,0.34575504077013236,-1.385564555543298,749550.8331725824,748859.9346808316,490.5233221167126,200.37516963397525,0.0002673269920678473,2379.477896135397
406,train,0,0,1.575539613059722,1.1626971415214784,1.1626971415214786,1.972119307228364,3.5431152265518904,1.6961590742776698,0.34391861923680644,-1.3761188168597653,675932.3223776097,675286.1055561091,470.0816688964054,176.135152604465,0.00026058104750029554,2453.45017501698
407,train,0,0,1.5215027397265657,1.1081015695690908,1.1081015695690912,1.874570124805905,3.391624817624688,1.6916952166531731,0.33542022312965797,-1.3709410412604237,613944.6284332549,613299.2133339837,472.4660548278573,172.949044443909,0.00028170137245970086,2484.221162973292
408,train,0,0,1.4700824351941701,1.0642870740291788,1.0642870740291788,1.7969814209307078,3.265733450418338,1.6884367618293945,0.33326666406862004,-1.3609628107226919,566353.6215648921,565666.6750046307,512.1873391673344,174.75922109450582,0.00030856908906422894,2570.457084736864
409,train,0,0,1.4288152256433386,1.0251908635258935,1.0251908635258935,1.7652396163519006,3.1930656970944256,1.72186436609549,0.32614500892072934,-1.3560574790741455,525508.2031803592,524849.2875521057,484.72979840423505,174.1858298493053,0.00033146167613585874,2665.3865207339545
410,train,0,0,1.3924161106985993,0.9912996639657824,0.9912996639657824,1.6862865775185638,3.0722864512354136,1.7010866025843532,0.3211422461461473,-1.3530377981876747,491337.52283554553,490685.89320283406,494.22382864631027,157.4058040654331,0.00032036186277211733,2664.5286920016897
411,train,0,0,1.3646733345326503,0.9651638603744715,0.9651638603744714,1.6340787826243321,2.9977141523268074,1.6930584014929135,0.3117987412834134,-1.3485408184439949,465770.7077075549,465118.6907752347,493.31186984695427,158.70506247352654,0.00034073646076767294,2645.0456488538675
412,train,0,0,1.3399083432612824,0.9410706266656185,0.9410706266656185,1.5948701086582733,2.9338279052753933,1.694740079508361,0.30725305283831944,-1.3450095767690997,442806.9918648645,442214.29349834635,440.98328195330475,151.71508456447745,0.00034262124887760975,2693.486758433102
413,train,0,0,1.3193877220989672,0.9223918986626161,0.9223918986626162,1.5998422621844801,2.9178955734241754,1.7344496027167031,0.30563177552204246,-1.3413979848507767,425403.423405928,424770.2445552272,475.15167273832566,158.0271779629226,0.0003714760372582382,2838.042293401028
414,train,0,0,1.2970922697872156,0.9021069628237051,0.9021069628237053,1.5579349290042883,2.853925780742429,1.726995792303566,0.2970059316665863,-1.3364741280331929,406898.5322605192,406281.27638703753,465.7467500292254,151.50912345237708,0.0003723511181293042,2839.675093194672
415,train,0,0,1.2816404753687094,0.8865635254987496,0.8865635254987493,1.5079060143468668,2.78905396675691,1.7008437308523066,0.2919764469028542,-1.3349961281450042,392997.5414842606,392397.53687552386,449.3658209618882,150.63878777494045,0.00038330720137844294,2836.491637094826
416,train,0,0,1.2640214078206335,0.8706998473442137,0.870699847344214,1.4731314070444788,2.736081807874143,1.6918934941102675,0.2867443158975421,-1.3326773318375904,379062.2377184278,378464.40297390026,458.0340242382975,139.8007202890509,0.0003688067720237979,2902.046979029064
417,train,4,1,0.16436295875054202,0.5578162248393287,0.5578162248393287,8.988985010304633,9.153334413218545,16.114599414697533,10.169944602071617,124.72249926858912,155589.17313653557,11814.437094375135,61011.22983139786,82763.50621076263,0.5319361530261134,12283.177588115757
418,train,4,1,0.20224768559314543,0.5197307588112716,0.5197307588112717,6.014439516860468,6.216556292944006,11.572221606850237,6.319970836678024,54.50078768907611,135068.96903519236,37121.459013840555,41147.611966581106,56799.898054770776,0.42052514697118554,11758.972965284704
419,train,4,1,0.16460925548172237,0.40908865398017075,0.4090886539801707,6.4358498433341955,6.600379878880631,15.73216411826018,9.660799782322965,119.0268186454127,83698.63611130297,12029.042341451015,33895.51393875478,37774.079831097166,0.4513105778792495,11874.851392035453
420,train,4,1,0.15606145925764575,0.43430795251145293,0.434307952511453,6.206939410493331,6.362517376051983,14.291562875145948,9.188611865342162,102.35725317209872,94313.94119094261,9643.332775280716,39813.55341185855,44857.05500380329,0.47561425635885857,11878.323676127777
421,train,4,1,0.2868383678201499,0.5050364647131005,0.5050364647131006,5.285006686806315,5.5717092124104965,10.464604154491306,4.974042014523193,39.78354107363444,127531.0129431363,46780.47915914444,33991.57082848744,46758.96295550432,0.36664778140163656,11662.87219289203
422,train,4,1,0.13696393185323177,0.5113595723076966,0.5113595723076966,7.16324892825419,7.30016388337026,14.00824256780296,10.291869531482103,121.07912553480982,130774.2209078982,8507.81438997842,53241.27583073669,69025.13068718313,0.5278190931513652,12134.211369234175
423,train,4,1,0.1218520209274102,0.38041306422709537,0.38041306422709537,5.964639087013263,6.086445320066559,15.67937499499899,10.20155964965474,121.02192418953167,72395.518165036,6445.266638965248,30751.75515523846,35198.496370832276,0.486197174396794,11936.904529680605
424,train,4,1,1.128466344571956,1.1906782973293057,1.1906782973293055,6.20516612460529,7.333551935160358,5.211454797255895,1.2224422074999164,0.6359061844024319,708899.1105446889,655450.9201753942,25247.012067730007,28201.178301565524,0.03978165282207351,9457.732999207778
425,train,0,0,1.6610688634787403,1.2380177915964037,1.2380177915964035,2.1085420183266796,3.7695711236847274,1.7031597062977177,0.34979629535537626,-1.3825782226597287,766344.0368443377,765656.6018352499,478.85742337552244,208.57758571182788,0.0002721722564329092,2270.102891547945
426,train,0,0,1.5862946178147104,1.1721223594296128,1.1721223594296126,1.9713738296797965,3.554180398816243,1.6818839891759438,0.3477900991376667,-1.374792800957002,686935.4145852942,686248.3877479596,490.4922392568483,196.53459807752694,0.00028610345878902707,2401.3038721070375
427,train,0,0,1.5271575090611587,1.1172235360058353,1.117223536005836,1.8769030931269517,3.402688304078765,1.6799709571434838,0.34069886380521,-1.3695228141720281,624094.2314262241,623443.3870026316,467.1785114902467,183.66591210127467,0.0002942919560104704,2516.0353254049314
428,train,0,0,1.4708375101083366,1.068081917352119,1.0680819173521188,1.8243502016073616,3.2950592945271637,1.7080620615037723,0.33683111073778577,-1.3602213611414977,570399.5926811362,569723.4871219054,504.6076398315819,171.49791939855066,0.000300662766241527,2513.7339520760593
429,train,0,0,1.4349601379914676,1.0265557801661407,1.0265557801661405,1.737385977120837,3.169916052138433,1.6924418630614053,0.32792545626641917,-1.3549889124786063,526908.423137491,526260.524045255,471.61139532052897,176.28769691581854,0.0003345698971105994,2616.9583578815636
430,train,0,0,1.3926747615670902,0.9906450589585034,0.9906450589585035,1.69400040551665,3.08650318250875,1.7099973297172715,0.31639995701804596,-1.3518517422050254,490688.84602610045,490030.1795593302,485.63412972763484,173.0323370420531,0.0003526314862124444,2737.783302457469
431,train,0,0,1.36427822274348,0.963182110960847,0.9631821109608472,1.6286624415479019,2.992005252453964,1.6909184909208785,0.3094581554587361,-1.3502167646231564,463860.20059962576,463240.0322992229,455.3941985539781,164.77410184945867,0.00035522362478276307,2691.0609648833006
432,train,0,0,1.335915867438467,0.9392447962843152,0.9392447962843153,1.5830234845970554,2.9187343119556317,1.6854216183678108,0.3095160959051448,-1.3448239724170017,441090.4781332734,440463.09091842116,470.6355625074282,156.75165234447772,0.0003553730132825854,2704.921355651991
433,train,0,0,1.3148469899222255,0.9187240485974885,0.9187240485974882,1.5502660300210118,2.8601032458245754,1.6874120497744967,0.30321659445219556,-1.3446115976052615,422026.94271413365,421407.14975068235,473.1657552517257,146.6272081990865,0.000347435657202594,2807.025039139817
434,train,0,0,6.860876671801321,5.4218459773205545,5.421845977320554,8.791391737927682,15.649071346502751,1.6214757436308325,0.15223703873255962,-1.5421872468539166,14698206.940627383,14696257.709837228,1899.870392857319,49.360397305542264,3.3582597867162258e-06,618.8348023201993
435,train,0,0,3.9453196697481907,3.195910075053054,3.195910075053054,5.150517923330423,9.094180336105637,1.6115966351915958,0.24389215490726243,-1.5417453659665445,5106920.618500649,5104221.086621904,2656.218466927295,43.313411820550925,8.481316835754419e-06,951.6327428311524
436,train,0,0,2.6889885218618437,2.1986709248573546,2.198670924857355,3.7230011670114473,6.41012522066012,1.6932962204214292,0.3197718816240629,-1.4871490229172812,2417077.00337144,2413606.45816939,3411.270034555373,59.27516749134676,2.452349155970922e-05,1401.8486819638786
437,train,0,0,2.0951861858123446,1.7154935576900456,1.7154935576900463,2.949591684365878,5.042355964193121,1.7193837138844024,0.3907438628277101,-1.404251208797635,1471459.107132079,1468850.7657923987,2559.7436579453642,48.59768173789091,3.302686530827849e-05,1552.1259371542023
438,train,0,0,1.7758358387986664,1.4529542613396116,1.4529542613396123,2.7986480326612946,4.571305287769064,1.9261776555037344,0.46118470415184715,-1.2641124019271746,1055538.128680174,1053201.2293175734,2286.614225966562,50.285136633095014,4.7639337004311395e-05,1622.0961926496548
439,train,0,0,1.5740364022619324,1.267139945535244,1.2671399455352441,2.4591204695337217,4.032083494705148,1.940685776814479,0.42819261425814903,-1.3185282954544824,802821.8400356455,800802.4852193736,1953.7895861694676,65.56523010193598,8.166846843507006e-05,1898.410325584044
440,train,0,0,1.4495844558826647,1.1686267396822378,1.1686267396822378,2.397857694233302,3.846167357871309,2.051859342945811,0.47413398619940145,-1.2097162516746527,682844.2968081785,680749.0805334863,2040.671705096688,54.544569596564976,7.987848745537284e-05,1860.93082289055
441,train,0,0,1.3608050950933248,1.1025236678530785,1.1025236678530783,2.2565829149316996,3.615692845080048,2.046743286088268,0.5639737881641532,-1.0504741116728316,607779.2510564744,605772.1028903079,1952.6437236519819,54.504442514936905,8.967802441461167e-05,1940.3720043726169
442,train,0,0,1.2544752523846692,0.9686968017733952,0.9686968017733955,1.859522207026952,3.112842239555903,1.919612208508091,0.41178312748701407,-1.3350168969634788,469186.7506275668,467985.9051624366,1148.0747172605534,52.77074786986914,0.00011247280064768441,2090.3012784750513
443,train,0,0,1.1854129347363487,0.8908770429784273,0.8908770429784273,2.0490471806963906,3.22986255120486,2.300033654303076,0.43670407720525983,-1.1605223680468817,396830.9678782662,395492.94366364065,1285.1706956005985,52.853519024924395,0.00013318899809537546,2277.856413645526
444,train,0,0,1.128835104619735,0.8233741537783887,0.8233741537783889,1.444960690820939,2.573481593397446,1.754925976471506,0.3301529736815538,-1.3815924985206927,338972.60484898224,338062.1197983388,856.6816885112588,53.80336213230158,0.00015872480950568805,2625.2043350142685
445,train,0,0,1.0947694650446065,0.7945358169736708,0.7945358169736706,1.4094255098546855,2.5030628842068836,1.773898016609352,0.35909953386970833,-1.3333240548046164,315643.60215571796,314368.7929347866,1227.5327566516114,47.27646428012255,0.00014977798997744117,2394.044694320378
446,train,0,0,1.076277856456465,0.8005110125015445,0.8005110125015444,1.9049926952250535,2.979438597452827,2.379720785192044,0.4801754844332614,-1.0525087329545615,320408.953657625,319180.79488470266,1179.2334764597754,48.92529646304003,0.00015269640846341472,2203.551885933681
447,train,0,0,1.043937387604965,0.7622815842293393,0.7622815842293394,1.4718418692157138,2.5134719910565764,1.9308375010839782,0.36776464222539546,-1.3012264224655066,290536.72047939856,289055.7275519211,1433.4533670792919,47.53956039798431,0.00016362668484569493,2379.2993782421536
448,train,0,0,0.9980476464648528,0.7058882318826043,0.7058882318826043,1.2663576040844635,2.2643569246138213,1.7939916645261065,0.3257672677716749,-1.3370444688344245,249139.11391450308,248003.05404402333,1085.3059402094584,50.753930270108405,0.000203717230396531,2551.225761327282
449,train,0,0,0.9817115410561673,0.7023927867871729,0.7023927867871724,1.6136859313254246,2.5925627145916224,2.29741244739516,0.3861934719406675,-1.1924187691891748,246677.87101383094,245661.49884119313,972.7125923118111,43.65958032597787,0.00017699025918514567,2418.0880605999
450,train,0,0,0.9408335966448267,0.6411833164696222,0.6411833164696228,1.11675259643989,2.0575642242129106,1.7417056366793322,0.24951341185209278,-1.360284989945779,205558.04617267815,204884.7049009597,627.2150558007875,46.126215917938254,0.000224395088281731,3067.372081723005
451,train,0,0,0.9255965984200593,0.6289008953856208,0.6289008953856206,1.111210700240219,2.035397481173277,1.766909076443376,0.2706260496447677,-1.3263745033903327,197758.21295984468,197180.98519551347,530.947705025133,46.280059306243466,0.0002340234502201977,3091.3666760367305
452,train,0,0,0.899301518780936,0.6118598883502245,0.6118598883502246,1.0743985277583707,1.9731703795841895,1.755955159367126,0.25038509180176904,-1.3307311073485038,187186.4548037519,186614.88446887687,523.8126301067208,47.75770476828968,0.00025513440498864794,3154.6865754397713
453,train,0,0,0.882238125684511,0.5919890203560545,0.5919890203560545,1.0540519000265487,1.9361333341075806,1.7805260972451555,0.23800923842228444,-1.340073299926845,175225.65009452074,174683.52181083168,499.16826803817474,42.96001565087969,0.00024516967480335257,3174.8555320654173
454,train,0,0,0.8795802732079756,0.5856368383176364,0.5856368383176361,1.0375215868384111,1.9146464301738888,1.7716125744734708,0.23764139396487663,-1.3273294475587845,171485.2630492899,171014.65907250225,425.8684250423847,44.73555174529687,0.000260871114810831,3218.9087706158407
455,train,0,0,0.8730882122043986,0.5806434671706787,0.5806434671706787,0.9919654415126424,1.862749514868483,1.7083899115342267,0.22354182027808217,-1.330309803734811,168573.4347705753,168079.8103620217,448.1407796925924,45.48362886104908,0.0002698149261949327,3263.148199357103
456,train,0,0,0.8612778387255967,0.5665112813328648,0.5665112813328648,0.9730388917736709,1.83275941608008,1.717598437729862,0.22399961329280413,-1.3188295385315174,160467.5481591201,159958.78099324502,463.7067118976778,45.060453977620114,0.0002808072690992825,3352.953546021485
457,train,0,0,0.8489884644612321,0.5583515848758763,0.5583515848758762,0.9767862051859847,1.824984452163335,1.7494106431221614,0.21716484762447819,-1.306374383078724,155878.2629489597,155402.298090009,429.48474252252606,46.48011642792847,0.00029818215541154564,3354.513707746471
458,train,0,0,0.8390714356339304,0.5479999558364143,0.5479999558364141,0.9635291865431936,1.801646436448209,1.7582650806468696,0.19566785272429715,-1.3402555620198564,150152.06286712975,149677.9050203538,429.56494306548973,44.592903710260295,0.00029698495550954077,3377.374886381109
459,train,0,0,0.832762016251043,0.5429032544366951,0.5429032544366951,0.9317380056834663,1.7642490868456662,1.716213704871263,0.17404625362485382,-1.3477726342840752,147371.9768355172,146949.95042873206,379.50325837775546,42.52314840739734,0.00028854297350477763,3330.948501146357
460,train,0,0,0.8337448558010656,0.5563295114552816,0.5563295114552816,1.3947807827792567,2.2284549153846456,2.507112698606805,0.33896516319574843,-1.0174282558098484,154751.37818772034,153816.625964497,887.9094423047808,46.84278091854343,0.0003026970193552722,2834.9175674636363
461,train,5,1,0.789745870775354,0.5798213909221622,0.5798213909221626,0.9680299127634644,1.7576285810064292,1.6695312175769943,0.1467169024347265,-1.399131922405149,168096.71772401463,166858.69286839434,849.4875887541556,388.5372668661253,0.002311391156988773,5304.839872193111
462,train,5,1,0.2664012900384205,0.28011663570853607,0.280116635708536,1.514526129624055,1.7809019639589678,5.4067696686173745,0.796011142131539,-0.20619785924459721,39234.36878491005,33989.28163714461,2017.471756192946,3227.6153915724885,0.08226500110825953,10416.88751205149
463,train,5,1,0.16396858435472678,0.24774811763690222,0.24774811763690227,1.8878621842304784,2.0517444625729695,7.620086894049845,3.005969794423746,13.630599393120026,30790.716238941397,14240.295661307928,6523.306983772912,10027.11359386054,0.32565379499614,12184.60883862756
464,train,5,1,0.26600937413360953,0.33920817950519566,0.3392081795051957,2.4239298863491787,2.689905577870377,7.145847396383467,1.9283143010419552,6.127051182730543,57533.35291323542,36428.4870996303,5657.862014262274,15447.003799342778,0.2684878078049442,12012.059103740296
465,train,5,1,0.3178445836379542,0.3226531158585723,0.32265311585857237,2.025935695521592,2.343229755759239,6.278990023482725,1.1968504555845876,2.9545817711261284,52057.21305264368,40260.5171561953,3448.6307437858163,8348.065152662595,0.16036327461903277,11507.848367597639
466,train,5,1,0.2880669225997699,0.3098956526267656,0.3098956526267656,2.5160533796005473,2.803798268956598,8.119034127370771,1.3142580663195824,3.997117734411847,48038.2550493722,39616.96755925731,1598.1706015276736,6823.116888587155,0.14203506937490903,11801.549859830078
467,train,5,1,0.2339735216426343,0.33041753281912695,0.33041753281912695,2.512160759515813,2.7459390756703215,7.6029886733976335,1.9714470623317883,5.744479475067546,54669.4408559054,37452.26467835859,6966.293599160125,10250.88257838665,0.18750662925939454,11519.877716085002
468,train,5,1,0.08469308941497002,0.2082933434947195,0.2082933434947195,2.3620811548935015,2.4467355935485102,11.340166302306166,7.5396065867702475,66.47779200041238,21725.090902276566,1833.9627578659197,7817.108449366891,12074.019695043737,0.555763828531484,12580.029228844385
469,train,5,1,0.2549883976104029,0.2889983890296133,0.2889983890296133,1.4643472776291602,1.7190719874633942,5.066973842124464,0.9905417038330786,0.027278185090110263,41767.30411523174,37653.35553447099,1655.0341379917259,2458.9144427691085,0.05887175375229423,9745.684435699242
470,train,5,1,0.16357798925618228,0.3144932323637174,0.3144932323637173,2.5150063479783147,2.6785542864981835,7.997012619558258,3.8690529963414932,20.22539848378503,49546.937389667946,19777.872852323584,10993.024702764667,18776.039834579726,0.37895459989612,11989.627497324418
471,train,5,1,0.10314246975253263,0.20425821580795833,0.20425821580795828,2.306371957432526,2.4094619685456564,11.291452577853496,6.439858652397419,54.157731454558586,20862.190175062802,4681.592396230231,6620.911361908055,9559.686416924522,0.4582302402914292,12295.045448614059
472,train,5,1,0.07929278428920225,0.1722463542237279,0.1722463542237279,2.1262144941531806,2.205456759838853,12.344031917166017,6.923495742959575,58.69788109305616,14857.353245459235,1651.0405394046152,5423.712785611002,7782.599920443622,0.5238214230937918,12238.701944921455
473,train,5,1,0.10281655848445007,0.2740062484217873,0.2740062484217873,3.088752054567918,3.1915430982771795,11.272560652753056,7.470391550869038,65.92152059270083,37549.26274212727,3542.9339298706823,13632.087263882668,20374.241548373913,0.5426003085145968,12567.760831417645
474,train,5,1,0.21881396657021832,0.3301523177041985,0.33015231770419845,2.0216082822701136,2.240103889722377,6.123259398352561,1.8131359264442082,2.8701860284113145,54504.87895702672,41957.534291090116,4870.986690781672,7676.357975154894,0.14083799692881008,10718.807410305664
475,train,5,1,0.3224583199909084,0.3462275406411486,0.3462275406411486,2.7263154455730563,3.0487590220891434,7.8743459879720445,1.2331600645671668,3.6226844097696977,59937.4737066428,46182.299588120986,4058.0741885462658,9697.099929975504,0.16178693111819936,11278.992696449515
476,train,5,1,0.22077691237523503,0.3287280583627153,0.3287280583627153,2.067445877389169,2.2881976190128626,6.28922851212162,1.8428468321551112,3.221194233680202,54086.15506608659,42938.70997776931,4697.599213374214,6449.845874943114,0.11925132905199491,10352.360226298022
477,train,5,1,0.1270926307954869,0.3238771187384549,0.3238771187384549,3.539385049410812,3.6664556646646815,10.92817258346991,6.3219328761558495,50.486613995276784,52524.60515980072,9312.419782058872,15620.46066047678,27591.72471726506,0.5253104641780756,12509.509046753454
478,train,5,1,0.2621664292692731,0.3036560406993899,0.30365604069938984,2.0237560980439593,2.285768861096585,6.664633094019083,1.6331778019970247,4.949977519677865,46104.4623887202,31506.04567885211,4865.876930945198,9732.53977892293,0.2110975657164168,11412.158591299905
479,train,5,1,0.2296562754329352,0.3651042351106689,0.36510423511066903,3.4991151727024405,3.728673184843501,9.583879988797724,3.4763144876996295,21.34341345832414,66659.18653336729,30930.27697568212,10764.622565020425,24964.286992664758,0.37450632524848615,12377.834794453529
480,train,5,1,0.08748712521959533,0.16777935408967207,0.16777935408967204,2.6776774885041594,2.7650702700702823,15.959517206586915,8.772859291354422,100.51742733835871,14096.898778262243,2194.2181301369637,5084.356196203052,6818.3244519222135,0.4836754919767342,12448.511118735823
481,train,5,1,0.13044860242588038,0.2588427259182263,0.2588427259182263,2.7096805346133044,2.8399585978331743,10.468443820474011,5.3815742072673185,42.23956979026485,33509.1699333114,11288.773644258998,7897.364916050236,14323.031373002146,0.42743617348645957,11894.84970960378
482,train,5,1,0.2925404175170988,0.3574394982402123,0.3574394982402123,2.635247840081778,2.9274049196683336,7.372570331639163,1.5833006301300248,3.9991320163407256,63882.781027940575,47083.16800864783,5996.070932855156,10803.542086437648,0.16911508723630042,11167.630212776718
483,train,5,1,0.24020052713701354,0.349535168923413,0.349535168923413,1.6437925024574078,1.8839799997285809,4.702795737322732,1.8574165196584826,2.5788411418509867,61092.09602767523,56057.773254266554,1940.0000025158924,3094.3227708928157,0.05065013270278142,9178.183611931456
484,train,5,1,0.17434492817935096,0.2515174242429912,0.2515174242429913,1.6620671440023507,1.83634806379996,6.608159053015053,1.9844915684041864,3.855460160808283,31637.39926655535,26442.713876505535,2272.2884889329,2922.396901116945,0.09237159086607605,10028.315499292532
485,train,5,1,0.27330516587673265,0.39458415127186386,0.39458415127186386,2.5904076217514413,2.863663647094654,6.564905390654378,2.0586595571419535,5.297491159496754,77859.6941015623,48996.19937841937,8458.749776475615,20404.744946667295,0.26207070528752385,11764.984064794588
486,train,5,1,0.12027480738289888,0.2665573354874182,0.2665573354874182,2.7582878814446157,2.8784357274271315,10.347822078881823,5.349777469196457,35.373826428950395,35534.28535325047,5712.523175658168,11200.258620149203,18621.50355744311,0.5240432830525386,12587.523569756335
487,train,5,1,0.09986016043425479,0.2532024665524956,0.2532024665524956,3.6772947620510967,3.7770193579344777,14.52313957332124,8.14748545725735,85.82514987049223,32099.163979053177,4139.698570039144,10875.637039099567,17083.828369914416,0.5322203525631615,12554.770609894602
488,train,5,1,0.14381889557770047,0.2954690096701487,0.2954690096701487,3.8582133843905613,4.001921606031829,13.057929116484114,5.793590832376091,51.66093032874664,43651.60523858724,14516.938185822495,10728.313510656826,18406.353542107896,0.42166498669416647,12394.87293378146
489,train,5,1,0.17294218323015229,0.2612509711721575,0.2612509711721576,1.667639233853588,1.8405176254964317,6.383284342911234,2.350054868367508,6.895158403319572,34226.69720341537,22139.24351749626,4176.668604811537,7910.785081107595,0.2311290813160378,11451.987255107424
490,train,5,1,0.10711083617061376,0.26312732036694214,0.2631273203669422,3.0079788187518717,3.114630388095975,11.431647669869923,7.106744789498391,60.0997738168073,34646.144058650236,5519.946512189576,11072.503670509352,18053.693875951292,0.521088114319139,12784.780194380804
491,train,5,1,0.08854331989767161,0.18455709503168843,0.18455709503168843,3.938989734454135,4.027506729398738,21.34293311117522,11.785706958564464,216.7124379078999,17036.020004294085,3691.000180621718,4937.962444701425,8407.057378970958,0.4934871746365572,12232.73443673069
492,train,5,1,0.39966909030403214,0.6289679208138361,0.6289679208138361,2.3239420261052697,2.7236048131749158,3.69484984718818,1.6298390227658632,1.229870151674156,197819.97061002674,179846.89142127574,4178.681335214121,13794.397853536773,0.06973207917784206,10433.68545963404
493,train,5,1,0.08131528729622914,0.17553022822015324,0.17553022822015327,2.2417657292442983,2.3230615478405525,12.771394146611797,8.36829151369606,88.55178909052282,15435.449317781333,2642.736273831565,4892.106264724961,7900.606779224817,0.5118481889687185,12224.833272362266
494,train,0,0,2.5072801406356158,2.1904006880528173,2.190400688052817,3.772537440541142,6.278945062716957,1.7223047185466258,0.37764661640421127,-1.453173425509135,2398927.6711768825,2396297.799188614,2017.203253139113,612.6687351272301,0.000255392750055971,2781.97821139227
495,train,0,0,2.0934877162284975,1.7082920994246986,1.7082920994246982,3.0871367687873716,5.180349149944959,1.8071480690140915,0.3615036166724814,-1.4163828659061815,1459130.9893062331,1456911.694171851,2155.6837729828912,63.61136139804299,4.359537413997904e-05,1588.7571731963387
496,train,0,0,1.7641281057926825,1.4229224680534684,1.422922468053469,2.4536148141291925,4.215400383574888,1.7243489151490392,0.36787762393893086,-1.4415209214269298,1012354.1880645753,1010377.3463237836,1908.9961369672938,67.84560382532118,6.701765511043996e-05,1800.2317801504114
497,train,0,0,1.5536883800302312,1.2079806273691902,1.2079806273691902,2.1443897754873467,3.6979340622056043,1.7751855674685133,0.34952758841524756,-1.4132721046588772,729608.6112571508,727857.0832166342,1696.0554298124287,55.472610703952505,7.603064142618948e-05,2031.9147960546998
498,train,0,0,1.4182559927284746,1.1229777306596858,1.122977730659686,2.3737586061179607,3.7919677955069346,2.1138073724075648,0.46499715887882964,-1.2381323615129978,630539.4919863341,628644.1467393767,1841.5974159573125,53.747831000363306,8.524102246323408e-05,1950.8614628179696
499,train,0,0,1.3000658392049371,0.9774720501188328,0.9774720501188326,1.6686722398661078,2.966258856933564,1.7071303876803894,0.34909832163875393,-1.3985739298765885,477725.81695489277,476386.09514188475,1284.257443130172,55.46436987751883,0.0001161008425943114,2135.5320093063588
500,train,0,0,1.2116972594554536,0.8929278035087279,0.892927803508728,1.5983825535480864,2.805279092863202,1.7900467957961428,0.3383147217254239,-1.3778849391050854,398660.2214033097,397710.1772426586,895.1102635372082,54.933897113388596,0.0001377962840637015,2582.763298218139
501,train,0,0,1.1386653147274628,0.8260902777755545,0.8260902777755547,1.4578927792971954,2.5955138362478465,1.7648104795796893,0.3289919489646589,-1.3692703658185348,341212.59468179,340348.2607956749,812.0103717228988,52.323514391743245,0.00015334578854142068,2601.9152881863056
502,train,0,0,1.0909864530558697,0.7883772568667335,0.7883772568667335,1.3573727979664691,2.4420340447686613,1.7217300298097233,0.3341170114176213,-1.3615628490193608,310769.4230037359,309714.97936030733,1007.4463119602091,46.99733146841209,0.00015122894335665424,2481.9816327669155
503,train,0,0,1.0467812061842705,0.7599548352872332,0.7599548352872332,1.650598144477961,2.6969931074709166,2.1719687379238786,0.39882505832966125,-1.192231573856669,288765.676056775,287731.8310311674,983.2431762742935,50.601849333630085,0.0001752349864589901,2406.494811716373
504,train,0,0,1.0029966381604318,0.7023392990362345,0.7023392990362343,1.263078734535491,2.2639504459220916,1.7983882380905012,0.29795280017259135,-1.3391064410211677,246640.25454877166,245928.6042333909,666.8798404699561,44.770474910614006,0.00018152136192253607,2869.3832446807405
505,train,0,0,0.9759409034787677,0.6724961307401153,0.6724961307401152,1.219291249460075,2.192611231934279,1.8130829215599868,0.27776338640426645,-1.3364284980185246,226125.5246804639,225436.18121442778,644.6166603547545,44.72680568155822,0.00019779635998528383,2928.046303138902
506,train,0,0,0.9668660664692288,0.6788722339962924,0.6788722339962925,1.3816451525554294,2.3466855144361034,2.0352064547140913,0.3208094150261752,-1.3170734506051351,230433.75517563996,229580.41926553904,800.9830116413874,52.35289845948684,0.00022719283648171552,2690.304436531682
507,train,0,0,0.927547307721863,0.6277662083315694,0.6277662083315689,1.1152357142050169,2.04228104458889,1.7765144083957765,0.249712315172232,-1.335499724150355,197045.31841561064,196412.90347178944,580.8134707055924,51.60147311561835,0.00026187616904848167,3140.976380930534
508,train,0,0,0.9120375599216204,0.6216698454161445,0.6216698454161445,1.322626880233409,2.2323011197149754,2.1275390627126933,0.31774009724693986,-1.2204996277226257,193236.82873527033,192417.4226612005,768.2428038288976,51.16327024121787,0.0002647697676270101,2806.83507963876
509,train,0,0,0.8887328768543666,0.595096300331904,0.5950963003319037,1.0628069972224767,1.9509608263033442,1.7859411941054182,0.2425142242174446,-1.3382609302787343,177069.81500982985,176513.25984032458,508.4728962726699,48.08227323218793,0.0002715441546574084,3247.7777031561245
510,train,0,0,0.8754781583079347,0.5820877137246183,0.5820877137246181,0.9817631146183958,1.8571984984700975,1.6866240112445692,0.21977128232249368,-1.3453626986524292,169413.4049990196,168930.58195926808,434.5664998542566,48.256539897402604,0.00028484487338933934,3316.180635512773
511,train,0,0,0.8683526027831249,0.5750720390194067,0.5750720390194066,0.9790081273880787,1.8433032813481987,1.7024095434329416,0.22765900558776378,-1.3387834768984948,165353.9250319078,164878.32651346474,433.34249269843264,42.25602574449488,0.00025554897312743483,3237.919661442752
512,train,0,0,0.8540446167197661,0.5626880409342759,0.5626880409342757,0.9489788408073946,1.8023551775841042,1.6865097030171985,0.21757683299535638,-1.3494020313549697,158308.91591169452,157831.11072284658,433.1307691255563,44.67441972246541,0.0002821977490350892,3300.489629750112
513,train,0,0,0.8477651527074631,0.5567951924286632,0.556795192428663,0.9506272623392288,1.7977600704180077,1.7073194511481415,0.20356248297098734,-1.3479154666341564,155010.46738076076,154582.2716965509,375.52485429257734,52.6708299174154,0.0003397888594712584,3516.9148000725327
514,train,0,0,0.8365472047217191,0.5439934401608172,0.5439934401608173,0.9616383822076022,1.795693064108491,1.7677389306814422,0.2160562662316262,-1.3176243253918136,147964.46864780958,147484.0816909364,435.64745588247814,44.7395009906435,0.00030236651676919876,3400.0337717204848
515,train,0,0,0.831140188644058,0.536069473493999,0.536069473493999,0.9286097007297213,1.7584774458082393,1.732256259020346,0.17987396155429633,-1.3301892635286423,143685.44377490866,143217.17866974967,420.31689971961254,47.948205439463884,0.00033370259491683407,3448.5269766250817
516,train,0,0,0.8223939683198387,0.5320469923659599,0.53204699236596,0.9220998738051003,1.7444783526316314,1.733117350602085,0.1718594828151852,-1.345897864906295,141537.00150266796,141109.9944936489,377.5098878623006,49.49712115685369,0.00034971152865578175,3491.8670143347804
517,train,0,0,0.8239572541505331,0.5360744579771721,0.536074457977172,0.9193640454023844,1.7419851719168946,1.7149931911912397,0.18002005941281124,-1.3397766883382214,143688.0073988713,143248.63269104413,396.3029903451472,43.07171748235275,0.0002997586107710969,3531.7926909535
518,train,0,0,0.8165303351471084,0.5250379287397301,0.52503792873973,0.9127770779540879,1.7286012445692904,1.7384974075017097,0.1731328542901005,-1.3265290180695213,137832.57877872168,137429.08201251095,352.58455722605976,50.912208984718426,0.00036937717799253824,3593.4930474973808
519,train,0,0,0.808528021588776,0.5157347049215028,0.5157347049215028,0.9086133682580257,1.7169855960237328,1.761784420531329,0.16505859574087553,-1.321419048712088,132991.16702706603,132565.3694407552,378.3713411868184,47.42624512428721,0.0003566119929952577,3552.082593907527
520,train,0,0,0.9283115464265574,2.2260449693090587,2.2260449693090587,9.708331863302446,10.636623609403614,4.361246963629765,2.6260082987985798,6.1496074109541095,2477638.137851855,2311402.203621167,165807.98249779368,427.95173289512525,0.00017272568029896612,1883.7028642661464
521,train,0,0,1.6595715007954714,2.8924779993084573,2.8924779993084573,8.980258134824645,10.639751794362382,3.104693669916132,1.5614421111877625,1.010658475246447,4183214.496725571,3974793.4658297594,206801.80720832743,1619.2236874849564,0.0003870764190438742,2324.743536993762
522,train,0,0,1.7915707200488578,2.566281395127154,2.566281395127154,6.332146587995576,8.123677403254987,2.4674404763324214,1.089808659778458,-0.3565637693774475,3292901.148893305,3163433.7428130987,127938.24297398663,1529.1631062204192,0.0004643817220976549,2468.758704793201
523,train,0,0,1.8054258152123948,2.1644173800108155,2.1644173800108155,4.120689220798347,5.926029712805757,1.903832993975384,0.6791547842933797,-1.1955874999224043,2342351.304992181,2269550.1843859474,71916.62398974756,884.4966164868034,0.0003776105721638352,2400.969331469401
524,train,0,0,1.8716350327209492,1.8219357147862316,1.821935714786231,2.623486923150633,4.495106529235272,1.439944835517124,0.23533236172662994,-1.6735051854948653,1659725.1693850607,1618164.634257074,41066.951572709804,493.58355527468524,0.00029738872698879495,2400.9422732801345
525,train,0,0,1.9322806013400404,1.4895646380716143,1.4895646380716139,1.9321530032497103,3.7049867665336933,1.2971259882693442,-0.22039757979077304,-1.6800057708612577,1109401.4257153904,1090883.2413696498,18412.87844035632,105.30590538134678,9.492137195825302e-05,2022.7347171899162
526,train,0,0,2.0500930050462483,1.0410630919485093,1.041063091948509,2.047191066302359,3.263386103324592,1.9664428430276277,-0.57857585748446,-0.9616077926258684,541906.2206871286,541114.731451011,768.6261117201109,22.86312439667496,4.219018627925119e-05,1517.3386156591337
527,train,0,0,1.9083781637168504,0.9713212042159871,0.9713212042159869,1.908286895319623,3.0198219281664933,1.9646301213612636,-0.5781926878170701,-0.9693647948483455,471732.4410506885,471067.42173428374,642.3186413818132,22.700675022953348,4.8121928973958606e-05,1613.6213660696892
528,train,0,0,1.8391501571404223,0.9369737833097461,0.936973783309746,1.838925756974233,2.906676720973337,1.96262242309326,-0.5745315634387369,-0.9778547538837548,438959.9377142136,438339.07746890094,599.2726008325874,21.58764447973751,4.9179076778966144e-05,1622.5861892285814
529,train,0,0,1.797994393060857,0.9162257600144638,0.9162257600144638,1.7974451452232316,2.8470438212389126,1.9617928502630801,-0.5748382541258403,-0.9744263763865528,419734.8341343693,419113.1128376186,599.2830106799622,22.43828607071959,5.345824136086939e-05,1641.5463878959558
530,train,0,0,1.7760945847294642,0.9057036201490021,0.9057036201490022,1.7752263990151114,2.818150893494021,1.9600522284796205,-0.573468931777652,-0.982709340915036,410149.5859177461,409595.5877626787,532.7043031192217,21.29385194806578,5.19172825700138e-05,1640.8209464111587
531,train,0,0,1.7650200680588606,0.8985186773286917,0.8985186773286915,1.7635636070269394,2.787996330182068,1.9627456295845052,-0.5747329065388134,-0.9802579847069559,403667.9183894463,403099.11681635526,546.8309165971626,21.970656493088246,5.442755168839461e-05,1663.8742649957505
532,train,0,0,1.7563770830567227,0.8952614127349388,0.8952614127349384,1.7552904074947582,2.7690050965175033,1.960645664524413,-0.5732801870325596,-0.9818656691212722,400746.5078577285,400143.93199200137,582.2660879911575,20.30977773575313,5.067986205125817e-05,1649.9564360851698
533,train,0,0,1.749643755533616,0.8926196221016877,0.8926196221016879,1.7484165055601624,2.7572354174917564,1.9587475586112328,-0.5727327772927749,-0.9843498933211121,398384.9708308468,397812.2225362005,552.195507232771,20.552787413994245,5.15902680041635e-05,1648.3673771395565
534,train,0,0,1.7472090132625309,0.8901509365883844,0.890150936588384,1.7457517847043929,2.751188263995573,1.9611862583610902,-0.5750555945934379,-0.9755482847890997,396184.39268790156,395617.33461500634,545.1393355011242,21.918737394028195,5.532458571959676e-05,1661.9590621515556
535,train,0,0,1.7457393140694475,0.8905096973761187,0.8905096973761184,1.7452318171318038,2.7622302540694363,1.959812253896975,-0.5711275908411252,-0.983915927807145,396503.7605726685,395904.4057423032,573.9902587066093,25.36457165854554,6.39705702208514e-05,1750.077731308798
536,train,0,0,1.7439005426999357,0.8877900356246262,0.887790035624626,1.7436430448719475,2.761057609517593,1.964026374372591,-0.5759019087242532,-0.9771126030958039,394085.635326678,393519.15040435054,544.5360202817944,21.94890204582278,5.5695767818657485e-05,1621.6755229484502
537,train,0,0,1.7424368424314889,0.8880959253457515,0.8880959253457514,1.7420829644749756,2.763386423175689,1.9615932409517045,-0.5733255676905933,-0.9791464247093917,394357.2536853091,393770.4569280076,567.0020418948666,19.794715406780693,5.01948809659187e-05,1654.3866499676321
538,train,0,0,1.739821852094632,0.886789055731844,0.8867890557318441,1.7397129329954841,2.7492511654345435,1.9618114609677315,-0.5727846122736467,-0.9843646384455553,393197.4618880371,392611.879943841,565.3600377249002,20.221906470969536,5.1429392178344526e-05,1638.941664812526
539,train,0,0,1.739955248394981,0.8862917657490529,0.8862917657490526,1.7383435034099965,2.7516817692667246,1.961367092179661,-0.5749105029635018,-0.9809741736788986,392756.57469799294,392229.68919657165,505.6081388839622,21.277362537583073,5.4174427389138254e-05,1668.20260113742
540,train,0,0,1.7372689108159394,0.8861736940477354,0.8861736940477356,1.7358716338202358,2.728511427761987,1.9588390464304726,-0.5760176406900607,-0.9790439731790124,392651.90881723375,392049.3693888508,580.2105861632602,22.328842219758506,5.686676091049345e-05,1708.8365269481371
541,train,0,0,1.7381332607302467,0.8852419253597689,0.8852419253597691,1.7376138745286154,2.747368225187529,1.9628689341870424,-0.5723020943875959,-0.9827631166243695,391826.647087162,391267.63034887094,539.6006452999037,19.416092991728764,4.9552763029436444e-05,1665.4864334361598
542,train,0,0,1.7340721289677312,0.8839557528057951,0.8839557528057955,1.7328498748413985,2.730104802758433,1.9603355364124255,-0.5756780262379536,-0.9786987700123366,390688.88907013973,390133.79642643785,534.2956979032783,20.796945798983977,5.323147491724633e-05,1679.3423434697495
543,train,0,0,1.7345031255275827,0.8823443077576596,0.8823443077576597,1.7336757963525016,2.738398058398161,1.9648517943730694,-0.5753776623079478,-0.9744640089003256,389265.75459610095,388682.55414511624,562.6983785847065,20.50207240061673,5.2668574511234665e-05,1678.6699452711969
544,train,0,0,1.7366013867215953,0.8842041644469142,0.8842041644469144,1.735168611201807,2.758704067207873,1.9624071916548664,-0.5694845466334905,-0.9849290225053569,390908.53946651006,390346.6861685011,539.3182308867666,22.53506712198111,5.7647927448030937e-05,1688.8367927871373
545,train,0,0,1.7369243976944126,0.885522716132794,0.885522716132794,1.7362416753829457,2.7675703656859696,1.960696934987015,-0.5701430439754296,-0.9821864496977977,392075.2415239586,391508.1037231254,545.6830414882185,21.454759345206927,5.472102564246176e-05,1687.8201542039942
546,train,0,0,1.733432780467032,0.8835348684052562,0.8835348684052563,1.7325195613480755,2.7327100471011363,1.9608955156180776,-0.5731036022257552,-0.9816989741293676,390316.9360759592,389745.25469404267,550.3983851790911,21.282996737447586,5.452747439405428e-05,1670.929954014065
547,train,0,0,1.7356363723401738,0.8838337324513038,0.883833732451304,1.7354771231066262,2.754563107562717,1.9635787358933423,-0.5712469572425591,-0.9841419260098823,390581.0333743755,390039.01694814645,521.1270105196214,20.889415709354843,5.3482923963008074e-05,1645.151940415377
548,train,0,0,1.7353244190693367,0.8850474537806216,0.8850474537806217,1.7326234699815977,2.732155656442046,1.9576616627508723,-0.5698024370903788,-0.9856610925900395,391654.5142989334,391075.2519722418,559.2526947500063,20.0096319413977,5.1090007164133416e-05,1658.260578189796
549,train,0,0,1.7328058904829087,0.8849441260865968,0.8849441260865964,1.7325634098239826,2.745900383568369,1.957822374035897,-0.5726567116899165,-0.9845978793274082,391563.054193336,390954.3568585753,586.6255855368698,22.071749224516694,5.636831408925182e-05,1700.8623015682167
550,train,0,0,1.7366936862784788,0.8851246142077259,0.8851246142077258,1.736137228432519,2.743825923593249,1.9614607938414792,-0.5701157308976808,-0.9847170094821696,391722.79711870523,391139.43148544786,561.2196554679524,22.145977789075744,5.6534819908285205e-05,1683.4078775987414
551,train,6,1,1.661883663648041,0.8582184377787283,0.8582184377787283,1.6612524760712404,2.7383705633692443,1.9356988884682478,-0.4468430774507238,-0.9752988469818371,368269.5635764841,366010.31712826685,2188.1500123272954,71.09643589034829,0.00019305542168592115,2268.452119334215
552,train,6,1,1.22035351654033,0.9455484469894367,0.9455484469894357,1.220275592969687,2.378655234540929,1.2905479321075133,-0.17331459325118642,-1.6430571476490252,447030.94205810665,445922.36930409586,1031.0885064589081,77.484247552023,0.0001733308374478278,2301.727579285423
553,train,6,1,1.2202457271722087,0.9166108087960362,0.9166108087960368,1.2199572892657888,2.3853612431848887,1.3309435995722065,-0.25334703274385484,-1.611242981015423,420087.68843097676,418550.8439485188,1438.1741882056028,98.67029425222316,0.00023488023326928648,2607.408141076114
554,train,6,1,1.1866642046221276,0.9319747752538118,0.9319747752538117,1.24302925584235,2.4296572609418945,1.3337584759242291,-0.11887586505383152,-1.6462353201738504,434288.61444880173,433636.10681159864,587.6369675507553,64.8706696522797,0.00014937225497982127,2138.3803720598858
555,train,6,1,1.0973405134398209,1.0643731479247864,1.0643731479247862,1.5477708089631332,2.645106901763029,1.4541618341094287,0.17251873345837954,-1.8001978785010988,566445.0993615098,561804.1081213489,4428.498375864825,212.4928642956608,0.00037513408543066266,2628.809935597978
556,train,6,1,1.3149189937598713,1.0529126375597582,1.0529126375597582,1.3628978740684978,2.6775201771815773,1.2944073662437605,-0.12739743866132017,-1.6857957288337162,554312.5896989121,552638.9047770218,1589.6153056562803,84.06961623483905,0.00015166463435460384,2268.5394302572663
557,train,6,1,1.0922478523138561,1.0564937700934969,1.0564937700934973,1.521059623729845,2.613021181168733,1.4397241770722744,0.22818096928461312,-1.7068608559801772,558089.6725776739,555408.3697459648,2506.197321113819,175.1055105948769,0.0003137587366311747,2289.9833889368447
558,train,6,1,1.0842098066390427,1.010090433358353,1.0100904333583531,1.4204522302567093,2.504645909244573,1.4062624328932445,0.1439694827777152,-1.7587634301590773,510141.37183274754,507937.56264219654,2100.151804931315,103.65738561931431,0.00020319345056628521,2454.19545979761
559,train,6,1,1.1766195921691687,1.0179834647298553,1.0179834647298553,1.4830221505371302,2.6594934324530186,1.4568234179822197,0.05426730727435981,-1.6719331428207764,518145.3290816196,516152.4523730873,1889.9171756958763,102.95953283652989,0.00019870782781930942,2185.5453933865447
560,train,6,1,1.008956508454772,1.0388035605074342,1.0388035605074348,1.7001153661637582,2.709014374151593,1.636609105703571,0.36446515402071483,-1.5880499496861247,539556.45401146,535090.3108659983,4345.213310491487,120.92983496997331,0.0002241282336090911,2189.6135236289524
561,train,6,1,1.373230195424112,1.1493812364698501,1.1493812364698501,1.4725566144971527,2.8457188586035045,1.2811733546476596,-0.08717057426109608,-1.7287689583059926,660539.0444847612,658472.6569198815,1937.204041203443,129.18352367727556,0.0001955728805979097,2336.370642403098
562,train,6,1,0.984792712390521,1.0184139854052798,1.0184139854052798,1.6002428501247379,2.5849771654939104,1.5713087929442742,0.36197483214678533,-1.6401856769482823,518583.52340631647,515947.53805854975,2544.688683065556,91.29666470114756,0.00017605006827341006,2052.6029714483493
563,train,6,1,0.9893320335414101,1.051991800206855,1.0519918002068542,1.7904237972233603,2.779649632218934,1.7019370273335852,0.49498056056086254,-1.4465737916900567,553343.4155100641,551670.2779359509,1593.267054595594,79.87051951784579,0.00014434168236053245,1895.2891485364262
564,train,6,1,0.957397757225117,0.9501317649577069,0.9501317649577068,1.654069365806499,2.6112181075441185,1.740884187658042,0.4095211135711043,-1.4163596201769701,451375.3392642853,448959.94978052645,2287.353722055429,128.0357617035785,0.0002836569714071422,2232.880341719648
565,train,6,1,1.2009611626451515,1.1043133556199336,1.1043133556199336,1.5810417632276512,2.7819263358105673,1.4316966784668599,0.11703731806470549,-1.7479079051404258,609754.2190482127,606398.8052081908,3243.108590067281,112.3052499533734,0.00018418117734170778,2044.9762112461403
566,train,6,1,0.6790810027729604,0.8605333466417652,0.8605333466417653,1.966545065342274,2.6454843112442177,2.285263055774333,1.0893186886433757,-0.24600219593360473,370258.97699806246,366731.43183505116,3270.868483796426,256.67667921445485,0.0006932355328573115,2758.0995598842674
567,train,6,1,0.9593359905318648,1.002635344963722,1.0026353449637222,1.8457603973312944,2.804919554910157,1.8409089671560288,0.5217951785477829,-1.2477957332948248,502638.82743043214,497629.68619765935,4829.156743305376,179.98448946721658,0.00035807916071133077,2431.1656395249474
568,train,6,1,1.141845108878828,1.0969768080638636,1.0969768080638633,1.6069794875262013,2.7487898442632286,1.4649165558590798,0.21405957497713185,-1.7347756724994494,601679.1862893477,595914.7907647869,5554.764943865675,209.6305806948167,0.0003484092278272782,2418.9611185856284
569,train,6,1,1.2967069344905102,1.1866664152967576,1.1866664152967579,1.589164952716521,2.885831077408511,1.339184232595904,0.0634656079186154,-1.8028126251416678,704088.6593473582,700531.4899781108,3432.7764395717973,124.39292967513313,0.0001766722528813869,2216.2422984525415
570,train,6,1,0.887504595806,0.934804918271458,0.9348049182714583,1.4882259187203672,2.375661981124722,1.5920176387948795,0.4291834843426428,-1.5608867354822922,436930.1351641454,434442.6542097433,2358.1915051162437,129.28944928565988,0.00029590417066812887,2395.7162405782838
571,train,6,1,1.1799385766592823,1.16808303116261,1.16808303116261,1.636041142502705,2.815914302744204,1.4006205884819074,0.2513955360747074,-1.7549387672404824,682209.0063705744,677719.8123334888,4408.620751798301,80.57328528763473,0.00011810645203336337,1787.1782110204251
572,train,6,1,1.0325863815005287,1.0247782965746983,1.0247782965746983,1.5772358917538658,2.609742262895452,1.5390996247927442,0.30882917611039445,-1.6497709243280572,525085.4014074091,522476.15575846646,2531.7292815736105,77.51636736873738,0.00014762620930036695,2053.148379464078
573,train,6,1,1.0830416647534002,1.0685931369070263,1.068593136907026,1.7403624089618097,2.823221479629865,1.6286483123026378,0.3165401916815289,-1.5860112004482034,570945.6874859238,569170.5900162092,1654.6426325817372,120.45483713343107,0.0002109742481177788,2170.001241670706
574,train,6,1,1.2249542423457933,1.256220358345982,1.2562203583459828,2.0362860015659496,3.2612074913013203,1.6209624275211154,0.3938475243810881,-1.5197787084555145,789044.8078019292,781918.0068064629,6890.061545293262,236.73945017303967,0.000300032961160385,2370.4786684284677
575,train,0,0,1.939816923417442,0.9854245257684678,0.9854245257684677,1.9389862271620077,3.068754388659727,1.967665890647404,-0.5816438240819878,-0.9674984509785833,485530.7633433127,484856.8701081275,651.1199923250036,22.77324286039153,4.690381038593193e-05,1598.0810521918877
576,train,0,0,1.8455064413741928,0.9385594639050656,0.9385594639050656,1.8445459652597782,2.932413928792812,1.9652947268627747,-0.5795346987490008,-0.9683977409463171,440446.9350699201,439818.0904916438,604.0663386432955,24.778239632258042,5.6257037248595105e-05,1657.574024897544
577,train,0,0,1.794538246061158,0.9138823117077172,0.913882311707717,1.794179203309788,2.8594935096625704,1.9632497317484054,-0.5735997780832577,-0.9775827026981543,417590.44048443245,416995.75355052465,575.2200866022608,19.466847304636484,4.661708079824255e-05,1613.8983748498947
578,train,0,0,1.7675908292274836,0.9011521997035788,0.9011521997035785,1.7673596466609889,2.809852445134311,1.9612221412124802,-0.5738638634803189,-0.9791272942252318,406037.6437153125,405432.1810141298,586.4425759518123,19.02012523078231,4.6843255853681386e-05,1613.9161011870515
579,train,0,0,1.7516532866482157,0.8927000781241213,0.8927000781241213,1.7511011735384818,2.7791705774725415,1.9615783805218936,-0.5742870640171498,-0.9781979477254166,398456.715141771,397928.2878290307,505.60750153530864,22.819811205249476,5.727048971211385e-05,1664.92850570341
580,train,0,0,1.7430414954299485,0.8879090389307389,0.8879090389307392,1.7428310195985395,2.756387996763806,1.9628486063137014,-0.5770461743270522,-0.9778178390617875,394191.2318374324,393602.0081132303,570.2769288233728,18.946795379007252,4.8064984324210085e-05,1631.9829533957984
581,train,0,0,1.7391902554822154,0.885879097104206,0.8858790971042059,1.737054700920824,2.739661177387461,1.9608259260196703,-0.5768022402712205,-0.9799663243235197,392390.89940941613,391814.29910783033,554.1784770804359,22.421824505479027,5.714155078322638e-05,1694.8794204444946
582,train,0,0,1.7358308591313836,0.8848673427489354,0.8848673427489356,1.7356498949769594,2.7322728589351755,1.9614803384934245,-0.5773684648669676,-0.975632101035572,391495.1074276814,390938.234350069,534.1506862670734,22.722391345343627,5.8040039107106855e-05,1687.3534488771645
583,train,0,0,1.733772888784297,0.8836327036131167,0.8836327036131164,1.7317031626636163,2.743748173583299,1.9597544948062642,-0.5744101589701637,-0.9810904919410217,390403.3821271662,389804.53466812556,576.2351002544104,22.612358786366485,5.79204992107393e-05,1677.4366791799548
584,train,0,0,1.73583852032898,0.8840680705460315,0.8840680705460318,1.7356862902990542,2.747248530620709,1.9632948503920438,-0.5740480922573095,-0.978583984447909,390788.180603197,390193.8756854661,572.362402671478,21.94251505964855,5.614938257799765e-05,1672.7497880942517
585,train,0,0,1.7338031796340947,0.8846041867978831,0.884604186797883,1.7330282154677552,2.7400790607207455,1.959100173085347,-0.5752031739704913,-0.980355746902728,391262.29819762666,390733.1476254222,508.11168874269794,21.038883461681333,5.3771813840991625e-05,1657.0250431122242
586,train,0,0,1.731588411711389,0.8829307545402808,0.8829307545402809,1.7309349445702973,2.7464344883337617,1.9604424646772556,-0.5722126215849679,-0.9838696741576154,389783.3817191705,389192.7896426585,569.8812216148489,20.710854897383896,5.3134268593076054e-05,1640.8170174661593
587,train,0,0,1.7319225494038546,0.8838145596855163,0.8838145596855161,1.7305997467819834,2.7343005570583045,1.9581027805174143,-0.5710214421908006,-0.9848052464438406,390564.1542799173,389979.19913983665,562.8867620792983,22.068378000683154,5.650384900624226e-05,1709.5709598578994
588,train,0,0,1.7315683730919846,0.8839468559148795,0.88394685591488,1.7299709615106695,2.7367820668732747,1.957098382029041,-0.5698476073901939,-0.9875655116864213,390681.0319445709,390120.1991447429,538.0338616825004,22.798938145293302,5.835691083289647e-05,1735.2458939605817
589,train,6,1,0.7552286510397389,0.9214129489999943,0.9214129489999943,1.7416058654855298,2.496701728188782,1.8901469394104864,0.7821076503424365,-1.030527633652807,424501.06610940513,421665.8118172175,2675.777889656112,159.47640253100528,0.00037567962783373554,2391.1731846737184
590,train,6,1,0.8614391868667435,1.0023059028358605,1.0023059028358605,1.7457285339279343,2.607160171072792,1.7417123145625313,0.5945312390823441,-1.4158624668470092,502308.58964594593,499668.57576230576,2516.199521583593,123.81436205633955,0.00024649063266787965,2256.777612692947
591,train,6,1,1.0173229391528584,1.0337270721928542,1.0337270721928535,1.473135549311497,2.490039593569236,1.4250720416816818,0.2889552888278575,-1.7181974043991435,534295.8767256655,530292.2964848143,3914.0835505007235,89.4966903502887,0.00016750398842445274,2005.6903974280463
592,train,6,1,1.0284130201139197,1.0927101284047551,1.0927101284047553,1.632791794796969,2.6609575688198674,1.4942588636756553,0.3919963892046069,-1.651593166738451,597007.7273830248,590823.4919699986,6069.853166509643,114.38224651824906,0.00019159257287948696,2209.78495640215
593,train,6,1,1.0493632080837925,0.9852817239553792,0.9852817239553795,1.5498627898410122,2.5991802934295265,1.5730148567245736,0.20669096208978305,-1.6289567804240268,485390.0409675986,483681.9447044651,1614.7355309897239,93.36073214415212,0.00019234167219014752,2238.5094728769795
594,train,6,1,0.9542855524971383,1.037529234967177,1.037529234967177,1.7334602570579154,2.6874154114630073,1.6707579879546766,0.48595836895579075,-1.5155531538096554,538233.7384254758,534250.5458602471,3803.7203169057825,179.47224832272292,0.00033344667104619414,2464.674054790482
595,train,6,1,1.2252974214906862,1.1390704699632472,1.139070469963248,1.5224058923368284,2.747501485340763,1.3365335442204458,0.13585401486378917,-1.7652805293684874,648740.9162685262,644978.1370101231,3691.977190122474,70.80206828112198,0.00010913766421326761,1863.0128872784655
596,train,6,1,0.9246005976936286,1.0430533143485983,1.043053314348598,1.7403316532829338,2.664738154519,1.6684973139362451,0.5920606076186407,-1.41234029090858,543980.4953023073,539567.605725463,4248.469919538751,164.41965730534926,0.0003022528541468679,2251.3479761579656
597,train,6,1,1.1405250940423266,1.109588555689371,1.1095885556893714,1.5396699991125806,2.6801796737436234,1.3876044333892807,0.21726943566429105,-1.7579082111704034,615593.3936260619,611632.41498673,3869.5518556849543,91.42678364715736,0.00014851813647417725,1911.6485755209746
598,train,6,1,1.219984210967028,1.2022583811975354,1.2022583811975356,1.6517070159922005,2.8714236972446088,1.3738369736686566,0.18705935820201888,-1.8092270094559364,722713.1993896993,717802.9468077768,4667.020312617743,243.23226930511134,0.0003365543475759274,2497.183610603872
599,train,6,1,1.3104152751826832,1.1476551708636453,1.1476551708636449,1.489141218576472,2.7995484542670965,1.2975510905909557,0.026765557950287584,-1.7739062926998665,658556.4707239366,656260.2584058928,2236.917546857379,59.294771187521704,9.00374893019277e-05,1725.350931608773
600,train,6,1,1.0203642100535761,1.0268795571543345,1.0268795571543343,1.6824782639301885,2.7028036454903486,1.6384377819270595,0.3682910657433165,-1.56113127434165,527241.0210095732,525342.4928404003,1800.1492570191126,98.37891215448889,0.0001865919157164795,2013.3781319710697
601,train,6,1,1.0555662495534053,1.0460180376368542,1.0460180376368542,1.6622379439432988,2.7171932430937886,1.5891102104688346,0.3076828344965571,-1.6421979435793361,547076.8812759456,544598.2406168983,2403.916504669322,74.72415437838947,0.00013658803165674004,1972.5525388227745
602,train,6,1,1.2287993325830757,1.1400445318305783,1.1400445318305779,1.6337859735845268,2.8625170240557054,1.4330896100708845,0.13452632711245954,-1.7522061344404112,649850.7682494745,646218.1038375929,3563.0473919429432,69.61701993860457,0.00010712770275879546,1971.3212778657803
603,train,6,1,0.9176368145950401,0.9511106372885626,0.9511106372885628,1.6401620478622352,2.55768903416174,1.724470301938824,0.4717911486991328,-1.45587350991871,452305.72241800005,450368.92010564974,1835.5805415142183,101.22177083625142,0.00022379060405233376,2172.083043027104
604,train,6,1,1.0190339021112305,1.0680418702223884,1.0680418702223886,1.7019429274175781,2.7209040009474847,1.5935170472887903,0.37214135441808305,-1.6426103851962275,570356.8579027263,567316.3539053658,2931.6292605839944,108.87473677592816,0.00019088880105040592,2091.5491333557757
605,train,6,1,1.2886264209494547,1.1467897839826597,1.1467897839826595,1.5272445793404623,2.8156361465371447,1.331756352098403,0.06300838443311009,-1.7832556515390965,657563.4065111268,655822.1516201814,1683.8327854692445,57.42210547637791,8.732557941605324e-05,1749.4761995870665
606,train,6,1,1.4167388266956986,1.2337746861964072,1.233774686196407,1.753754776056987,3.1703237502806587,1.4214546591676491,0.04544544995539701,-1.688539118243101,761100.2902480016,758418.2814046439,2563.55221682989,118.45662652801963,0.00015563865635817982,2021.0740868491978
607,train,0,0,7.921681493796408,3.8277143538678353,3.8277143538678353,7.913553932957351,12.263711581006646,2.067435864162865,-0.5170261798145441,-1.083208934375709,7325698.587509513,7323662.336588212,1999.7638423769558,36.48707892611799,4.980696173922486e-06,734.4761019501796
608,train,0,0,7.919808354005218,3.820451952782942,3.8204519527829417,7.905935290977359,12.279622115194798,2.0693717362990047,-0.5175383041858849,-1.08302017003947,7297926.594987868,7295787.76477354,2101.622923257283,37.207291059565726,5.098337257203883e-06,738.6865800690509
609,train,0,0,7.919272929331288,3.820687020561547,3.8206870205615466,7.907107459282503,12.259875850751996,2.0695512133627614,-0.5178193238320226,-1.0832505312777228,7298824.744208881,7296543.622791121,2238.860866985414,42.260550772633195,5.790048706973552e-06,768.9128835680845
610,train,0,0,7.911801176461857,3.8223289041575255,3.8223289041575255,7.909655407852959,12.257110594306141,2.069328832285906,-0.5179907147941064,-1.0824182322103821,7305099.129156211,7303083.308939537,1975.0549854633337,40.765231218061935,5.5803802929051556e-06,757.6964147104483
611,train,0,0,7.906960691790096,3.8175527467040777,3.817552746704078,7.893297013360075,12.247334093786776,2.06763273151231,-0.515545619454184,-1.0871685909190896,7286854.701114451,7284636.190290145,2180.2373238463656,38.273500456725685,5.252403406763708e-06,753.5794874745409
612,train,0,0,7.90019600704126,3.8164569275004516,3.8164569275004516,7.8882808988522735,12.236442664638162,2.0669120728210655,-0.5163180906749509,-1.0859882137593708,7282671.934564292,7280498.0257744,2131.397905163164,42.510884728308476,5.837264826738597e-06,773.4224583163538
613,train,0,0,7.891314383670688,3.8140308151767717,3.81403081517677,7.861895073279738,12.188548676669598,2.061308745067221,-0.5180628400172053,-1.0827049945019684,7273415.537557392,7271461.640278456,1913.0649427580481,40.83233617479607,5.613914943254934e-06,758.0829266834106
614,train,0,0,7.8927335480041805,3.8126694734325746,3.812669473432574,7.869622526858002,12.221689546480775,2.0640715335265933,-0.5162823633127883,-1.086825469142587,7268224.256926145,7265944.065619507,2240.8030383184046,39.38826831834312,5.419242297155136e-06,747.0570782096511
615,train,0,0,7.886572995560244,3.809427936726157,3.809427936726156,7.885188120754436,12.218437055125833,2.0699139744144923,-0.5180349400175788,-1.0836591241358287,7255870.806170787,7253792.802834017,2037.5671861307878,40.43615063208683,5.572887350433215e-06,769.2332530580904
616,train,0,0,7.883932427669875,3.811591460765354,3.8115914607653534,7.868888413700275,12.224294860847294,2.064462704017138,-0.5172592695372542,-1.0844183309881008,7264114.732125415,7262176.846953271,1901.158171395898,36.72700074303058,5.055949981159589e-06,732.4407340168465
617,train,0,0,7.884357547343243,3.8042916832298075,3.804291683229808,7.879152407359798,12.238675131928176,2.0711220546239693,-0.5169908805673157,-1.0839927212625216,7236317.912222993,7234109.22767083,2167.1019085485377,41.58264361483308,5.746381532601698e-06,760.3140812344224
618,train,0,0,7.8713606385774915,3.8021044866405136,3.8021044866405167,7.855234452921898,12.200824230909348,2.0660227725258196,-0.5162775227984723,-1.0855236686731362,7227999.274021144,7225930.480033293,2031.1707479491365,37.62323989141561,5.20520803407396e-06,750.0346294054335
619,train,0,0,7.869118681779131,3.796032486852401,3.796032486852402,7.841971647595987,12.163829108700156,2.065833649937596,-0.5196712307530483,-1.078281725530817,7204931.322137325,7203026.32135818,1867.703323435837,37.29745571394907,5.17665666005056e-06,745.7433998552972
620,train,0,0,7.867390239018947,3.7929842314558657,3.792984231455866,7.848090169358999,12.185367975383997,2.069106985542794,-0.5175663695706268,-1.081789264609738,7193364.697255059,7191227.6713767545,2094.9222065169492,42.103671782081676,5.85312625649971e-06,773.8328504283221
621,train,0,0,7.8586448039673265,3.7974742173684155,3.797474217368415,7.853289047237485,12.181202966719866,2.0680295895938117,-0.516258930252803,-1.083707198305547,7210405.243362793,7208403.717736772,1962.9687838055947,38.556842210066286,5.34738907297312e-06,750.4396733238194
622,train,0,0,7.854109882090241,3.7946575035267855,3.794657503526785,7.836926526103169,12.169403977692127,2.065252666102136,-0.5170207099574972,-1.082105708461766,7199712.823113411,7197683.977371733,1988.5964435319029,40.249298152740984,5.590403276020635e-06,755.9851407547065
623,train,0,0,7.858087045345456,3.7878627295405543,3.787862729540553,7.853487019632012,12.16013004630804,2.073329362858035,-0.5177539985825736,-1.082036866290714,7173952.06574799,7171741.279112437,2172.5497651099085,38.236870442854176,5.329959008984181e-06,747.4903688942373
624,train,0,0,7.850136934295296,3.79033242389833,3.7903324238983296,7.8236785461008544,12.1316541377455,2.064114085817902,-0.5154736738761696,-1.0848279477588205,7183309.956349997,7181193.581265384,2074.4845231291233,41.89056148497808,5.831651667480548e-06,763.7777525240065
625,train,0,0,7.85054588717781,3.7881578867954793,3.7881578867954793,7.8327141574528065,12.166105343028903,2.067684186225602,-0.5170567732801763,-1.0815385895689593,7175070.300700897,7173061.852989749,1967.142437399737,41.30527374791264,5.7567761731725105e-06,758.7207022795884
626,train,0,0,7.8453957054189525,3.7830481058807672,3.783048105880769,7.844480872550805,12.13987515278859,2.0735873964585636,-0.5160355793592077,-1.0846971846221645,7155726.490346752,7153454.571017808,2235.6083228686907,36.311006073420025,5.074398263042117e-06,757.0686584278011
627,train,0,0,7.8377892680289225,3.7847669848991097,3.784766984899109,7.833457819913514,12.13634695764631,2.0697331833553636,-0.5163051283576593,-1.0830197708481781,7162230.697809786,7160059.912592643,2130.7833150974157,40.001902043097054,5.585117783950977e-06,770.6601712540604
628,train,0,0,7.827727061661892,3.7799144648885292,3.7799144648885292,7.818632757256739,12.113063746131957,2.0684681703471597,-0.5167295361760329,-1.0829396100462994,7143876.764842944,7141850.177102041,1984.8015562596083,41.78618464737007,5.849230890013642e-06,778.5298784714233
629,train,0,0,7.825117747340351,3.7797743726206154,3.7797743726206154,7.806665132794529,12.104311019182205,2.0653786081368573,-0.516534728610375,-1.0856597529227436,7143347.453715697,7141100.872809558,2205.8937527842936,40.6871533588024,5.695810489749941e-06,769.4607977838624
630,train,0,0,7.826873649472604,3.779656128778842,3.779656128778842,7.824508019119734,12.111777741229162,2.0701639917829593,-0.5170535983800175,-1.0830159476901096,7142900.259829516,7140849.298054767,2008.0378683157815,42.9239064264306,6.009310625241055e-06,770.5913743393149
631,train,0,0,7.823820036239922,3.778478472869515,3.778478472869515,7.814689791165292,12.112453693524003,2.068210748658978,-0.5166842649513764,-1.0829913062589556,7138449.858492797,7136537.127760485,1870.761512851273,41.969219455626636,5.879318379703232e-06,772.8562073595218
632,train,0,0,7.820151909869164,3.7730563474022714,3.7730563474022705,7.814044339265674,12.112631557509303,2.0710118322631472,-0.516921841087095,-1.0835820643034058,7117977.118075618,7115852.348789397,2084.702195992909,40.06709022954338,5.628999583012952e-06,770.7723788568777
633,train,0,0,7.812815006360878,3.7761389707905217,3.776138970790524,7.808364135217388,12.110850261058658,2.0678169409593337,-0.5171150051268569,-1.0827327167136482,7129612.768909109,7127689.000132572,1885.8905487544735,37.87822778342576,5.312802954545517e-06,746.5896628421809
634,train,0,0,7.8141547127198425,3.767691644574611,3.7676916445746094,7.79070220725052,12.085572496056557,2.0677653433950614,-0.5189785807821171,-1.0794753679768947,7097750.1836645305,7095734.550404399,1975.7168475022322,39.91641263848239,5.623811997546772e-06,757.2020419983244
635,train,0,0,7.808149797595339,3.767968482716957,3.767968482716957,7.805084629436257,12.103228510124609,2.071430444611434,-0.5178364767833444,-1.0816115844128356,7098793.290359055,7096707.173904034,2049.0928623378277,37.02359268597401,5.215476936940274e-06,754.9382038875018
636,train,0,0,7.803457930224016,3.768849991134238,3.768849991134237,7.785927751572802,12.067284846678376,2.065863000620416,-0.5165718123332192,-1.0828752387111147,7102115.334023226,7100160.634319711,1917.5957685213389,37.10393498450852,5.224349822476028e-06,742.6519145403139
637,train,0,0,7.799046154540032,3.7650213228491043,3.765021322849106,7.78124533541128,12.068635452538729,2.0667201240504465,-0.516078055336778,-1.0837178219370862,7087692.933385144,7085685.481359454,1966.4585845856634,40.99344110773494,5.783749591442319e-06,786.4106999858469
638,train,0,0,7.796301594465971,3.7642158294106034,3.7642158294106016,7.773242971390486,12.054783135652542,2.0650364707189532,-0.5152541259086972,-1.0848624097821267,7084660.88254367,7082565.683879133,2056.1288659643387,39.06979857092268,5.514702710356843e-06,758.5123028247858
639,train,0,0,7.7976929886643775,3.7615493260758446,3.7615493260758455,7.795623908881564,12.070940411183983,2.072450267989488,-0.5182980831152393,-1.079912346718189,7074626.667771377,7072653.348734624,1934.8115586401743,38.50747811307531,5.4430403074832205e-06,758.3252225734831
640,train,0,0,7.790487565709278,3.7600826803159126,3.7600826803159126,7.769734534112737,12.055371159687638,2.0663733206685615,-0.5170745504681329,-1.0824885974088545,7069110.881440287,7066997.658275846,2075.1418542631964,38.08131018275921,5.387001395428724e-06,757.9282333024912
641,train,0,0,7.787572162162513,3.761125321824023,3.761125321824024,7.777873797278851,12.049215819686651,2.0679645403325284,-0.5166734666801089,-1.0834924767381118,7073031.843729899,7070887.245692253,2101.563787939649,43.034249693046554,6.084272012884482e-06,767.4645424487869
642,train,0,0,7.784881361987442,3.760297803816714,3.7602978038167145,7.773063664551825,12.046654935926199,2.067140442084704,-0.5167455460717876,-1.0831829786176594,7069919.936453906,7067897.401143379,1983.1199942639942,39.41531626763132,5.575072507454879e-06,752.6424643005555
643,train,0,0,7.786748599810526,3.7556052161375586,3.755605216137559,7.759621872184798,12.033185543492436,2.0661441833242415,-0.5173166937830924,-1.0818159242586893,7052285.270243692,7050129.17437503,2115.832204439687,40.263664228021405,5.70930736422551e-06,764.3635570753878
644,train,0,0,7.782255010480992,3.757783453973632,3.7577834539736306,7.778559717151336,12.04640503320843,2.0699861533867727,-0.5154418501576735,-1.0864117064488668,7060468.249484866,7058389.553795019,2038.7338931866336,39.961796655936524,5.659935749849474e-06,763.8788914465637
645,train,0,0,7.775552502401173,3.7578013390785365,3.7578013390785348,7.756792039178312,12.054622868075967,2.0641836380526666,-0.5157863716165022,-1.0839172331999398,7060535.5901604,7058515.841558283,1978.836040585117,40.912561526150654,5.794540797041887e-06,764.705092166578
646,train,0,0,7.775015309266746,3.7561853673335164,3.756185367333516,7.756030771695078,12.042779225856066,2.0648690128945946,-0.5150616154958972,-1.0870681681797834,7054464.304782755,7052408.075644396,2019.0618207525558,37.167317596979295,5.2686236673960856e-06,761.7788074648106
647,train,0,0,7.774079508195631,3.7540705338901694,3.7540705338901708,7.7607379109142345,12.048238107003272,2.0672861207197775,-0.5157508517295433,-1.0849465166073946,7046522.837600928,7044461.578951359,2026.8938743092533,34.36477526793214,4.876841537298137e-06,747.1713778756418
648,train,0,0,7.771370007443707,3.7521781041592512,3.752178104159253,7.766231267965864,12.030606881249696,2.0697928116357462,-0.5165816246447339,-1.0821933737791578,7039420.294101321,7037451.501527738,1925.9450228554226,42.84755073050569,6.086801034796824e-06,774.8293166008334
649,train,0,0,7.766730323456228,3.7539826259181535,3.753982625918153,7.757684960052371,12.029247521422803,2.066521274363913,-0.5140036050384661,-1.0875000386815967,7046193.413057546,7044075.283022963,2078.2617593701552,39.86827520011961,5.658129554922283e-06,764.9380065340058
650,train,0,0,7.767092044658959,3.756494196733624,3.7564941967336227,7.743747906021774,12.005886932834983,2.061429487301,-0.514164087552939,-1.0878088450248307,7055624.372793766,7053543.043702748,2042.091320172359,39.237770852807714,5.561204619127281e-06,766.5336952662657
651,train,0,0,7.771193198347929,3.7482853967888663,3.7482853967888663,7.763802799350116,12.032630543690175,2.0712944659980588,-0.5173508889836975,-1.0810540975930891,7024821.738870536,7022801.5438556215,1980.6919488898811,39.50306601653498,5.623354938382587e-06,767.9335611425877
652,train,0,0,7.767888100525364,3.748675287337522,3.7486752873375195,7.758778217887506,12.027369113638997,2.0697386738444727,-0.5151942452487571,-1.0845299294906137,7026283.262510809,7024178.79403271,2066.296296328245,38.172181774621485,5.432770121622002e-06,775.9984415558255
653,train,0,0,7.757175506441679,3.746911623672516,3.746911623672515,7.756665843131311,12.031160907063168,2.0701491313874807,-0.515748167845391,-1.0849325580719662,7019673.366165049,7017669.337683384,1961.2558238994782,42.77265777045799,6.0932547056424254e-06,771.4133483987297
654,train,0,0,7.755791625264348,3.749141381583671,3.7491413815836707,7.755747410477736,12.031060826717294,2.0686729629816303,-0.51473302571264,-1.0856201496380473,7028030.556082781,7026106.684247252,1884.7929809729321,39.07885456426813,5.5604275269471135e-06,760.9911129601054
655,train,7,1,7.459883879772562,3.9615973615381184,3.961597361538119,7.45908474929881,12.022820521320682,1.8828477678515938,-0.42911150139213405,-1.2148007214485503,7847126.905260139,7824603.104253032,22138.299529711778,385.5014773894816,4.912644870456595e-05,1489.8975365441227
656,train,7,1,5.98276182093149,3.9099729087490305,3.90997290874903,5.9826559914658795,10.387884168398159,1.530101648039293,-0.4480874850311145,-1.356252190833672,7643944.119297938,7619255.19199268,24462.485926789544,226.44137846700747,2.9623630802759593e-05,1488.230470899807
657,train,7,1,6.005715150664036,3.8374182782332817,3.8374182782332813,6.00523619812302,10.335026532993652,1.564915722684207,-0.4535020967703925,-1.321554516039984,7362889.649283332,7345238.590915888,17311.019055640387,340.03931180640967,4.618286134975654e-05,1524.5271194333295
658,train,7,1,5.757923827811377,3.978294605041514,3.978294605041516,5.756623901731567,10.419647148810327,1.4470079451723996,-0.3778163048887467,-1.4667737176923503,7913413.99047042,7891078.884540876,22196.110749545533,138.99517998706762,1.7564502521219027e-05,1199.3238159016764
659,train,7,1,5.784104778425302,3.9415847953786165,3.9415847953786174,5.783125307288486,10.421304655144922,1.4672081427929742,-0.36368928118505084,-1.4743372146234912,7768045.536908602,7757610.542266772,10188.818226598687,246.176415227374,3.1690907842610715e-05,1355.0172733957568
660,train,7,1,5.864193240371009,3.9164711308754985,3.916471130875497,5.863400136951299,10.453902598179411,1.497113074759364,-0.3883901408867851,-1.436852442058377,7669373.126856743,7658159.343614234,11030.799469605734,182.98377292095415,2.385902601089761e-05,1428.6677811952445
661,train,7,1,5.76587991683383,3.9802033520528397,3.9802033520528397,5.764528592225281,10.40078833908774,1.4483000194580895,-0.3470102591331946,-1.5010295494151347,7921010.172890802,7911656.253251895,9141.32167189506,212.59796700224283,2.683975431944868e-05,1414.385623230413
662,train,7,1,5.912468874131795,3.905574991805216,3.9055749918052167,5.911788386121392,10.431162315944675,1.5136793938218231,-0.3919454339913557,-1.4284004953405665,7626758.008851905,7618071.720969287,8528.343703358345,157.9441792606694,2.0709216036139256e-05,1320.5679196740791
663,train,7,1,6.017820787272504,4.012130769599247,4.012130769599249,6.017417899484135,10.762174169096397,1.499806024539221,-0.3715657707462642,-1.457885112697155,8048596.69738562,8034069.525098798,14257.985012286099,269.18727453744924,3.344524327140007e-05,1389.1969982324285
664,train,7,1,5.534231541769724,4.075991951970903,4.075991951970901,5.533845688453322,10.322161105606938,1.3576684531424288,-0.25642738726071285,-1.6207998844238687,8306855.906314365,8276922.975640725,29346.71379607459,586.2168775718877,7.057024753809458e-05,1813.3373383709666
665,train,7,1,6.025994333370719,4.089348044975193,4.0893480449751936,6.025767610325958,10.767308486611,1.4735276978270777,-0.39476242683382856,-1.4515414385971257,8361383.819903135,8341571.890051383,19533.40744115585,278.5224105981752,3.3310563968513265e-05,1457.8218329209608
666,train,7,1,5.714080773704918,3.959002953910703,3.959002953910701,5.712536712588044,10.396379408426583,1.4429230740899557,-0.3333715821950719,-1.5196383322951184,7836852.344788413,7823058.005427241,13628.1514527643,166.18790841241372,2.120595120347398e-05,1299.709269435041
667,train,7,1,5.503334555382025,4.013409842575722,4.013409842575722,5.501455917445128,10.22064314398449,1.3707685318064624,-0.24729617525334333,-1.6210640756398873,8053729.6441185055,8039507.978204565,14004.057001411742,217.60891252193565,2.70196445793101e-05,1206.699673637364
668,train,7,1,5.633602130391635,3.987771387094581,3.9877713870945812,5.627643459641375,10.284259682521224,1.4112251965731604,-0.29783387404298933,-1.5556962387385904,7951160.435056829,7934732.911367335,16119.775719333662,307.7479701684273,3.870478689017017e-05,1616.3126565761668
669,train,7,1,4.624647441488341,3.468422763035015,3.468422763035017,4.62389323376643,8.894365459331311,1.3331400321338935,-0.18402106428999906,-1.6554763745931742,6014978.474975876,6007299.295220957,7502.655023500707,176.524731427631,2.9347525043028354e-05,1384.099923470472
670,train,7,1,4.555761314426083,3.703473510194996,3.7034735101949945,4.571174644436222,9.123513018712401,1.2342938681355766,-0.10646446198271094,-1.7378688258888793,6857858.120505539,6831092.346735096,26475.78172306618,289.9920473819424,4.228609607930547e-05,1509.2954935522
671,train,7,1,5.242260090071941,4.153159630134973,4.153159630134973,5.546676524918293,10.786534608574584,1.3355317442344572,-0.1269025961531615,-1.6859836509865394,8624367.4678517,8599057.403686225,25062.687209348085,247.37695612848842,2.8683489780626097e-05,1296.7586045872101
672,train,7,1,5.144509782568086,3.854656998762029,3.8546569987620276,5.143510055747349,10.270376882981509,1.334362579445915,-0.20493495288762725,-1.6390512922645655,7429190.475782161,7417196.578254159,11774.692086541423,219.20544145493443,2.9505965982364454e-05,1405.997721649314
673,train,7,1,5.375427087136904,3.9742799409101597,3.9742799409101592,5.3754080853515,10.722062182601803,1.3525489309443224,-0.20389141532841604,-1.5812410380817201,7897450.710564693,7888353.391560376,8953.11836937576,144.20063494263297,1.825913705921973e-05,1193.3648307100266
674,train,7,1,5.788871193965097,4.1341645779837775,4.1341645779837775,5.788659209420221,10.64997264680278,1.4002004758705897,-0.3109599230280517,-1.5682604143638132,8545658.976576706,8529679.04379648,15663.012980009438,316.9198002000928,3.708547240988164e-05,1462.0589492125916
675,train,7,1,4.79750677108136,3.895202795513891,3.895202795513892,5.615379848486511,10.412442319677211,1.4416142479035363,-0.051072912694317546,-1.6258534394263526,7586302.4105198905,7567606.080623372,18326.82711146359,369.50278504680097,4.8706572062618167e-05,1583.621781785977
676,train,7,1,5.150501616814105,4.107157869026223,4.107157869026224,5.649361244819196,10.799842165270093,1.3754916233981083,-0.12982590616731698,-1.6358090145138675,8434372.920686023,8406258.64503695,27748.910535031446,365.36511405550556,4.3318586632494786e-05,1448.2326110233537
677,train,7,1,5.136383219715106,4.054909418547786,4.054909418547785,5.302944973949445,10.439201070737909,1.3077838310500727,-0.13799920679364525,-1.6494915607777043,8221145.197345585,8204687.610917855,16206.124129668482,251.46229806115701,3.058725907703811e-05,1373.7759859650455
678,train,7,1,5.310162982543377,3.9994022086563845,3.999402208656384,5.434005299011798,10.74391633697087,1.3587043801822012,-0.1840970485338593,-1.5865123596066784,7997609.24116268,7984473.683547374,12817.281950265895,318.2756650484163,3.979635106580249e-05,1414.6974900744779
679,train,7,1,5.922388180232811,4.215896060912569,4.21589606091257,5.922056329772313,10.773007421084912,1.4046969479817841,-0.3103044973611963,-1.5761242390825578,8886889.95248772,8858885.436950572,27473.45736623627,531.058170905826,5.975748251019651e-05,1776.6636793581972
680,train,7,1,5.153246036170633,3.986799496078093,3.986799496078092,5.1525393070989525,10.256133023125585,1.2923999092925607,-0.18987144829262345,-1.6482002728397578,7947285.328842875,7938517.357080791,8601.867329591869,166.10443249321816,2.0900776255053996e-05,1195.8674783124982
681,train,7,1,4.882874652751518,3.9844291902848816,3.984429190284881,5.78047449885981,10.662927930738078,1.4507660251446242,-0.04798919021792652,-1.6354576843123434,7937838.032419802,7922781.886842552,14841.061914749538,215.08366250342988,2.7096000400232774e-05,1316.8416487448153
682,train,7,1,5.3372574399154695,3.9774459570678844,3.977445957067884,5.337212117568037,10.055846668314189,1.3418691731270067,-0.266056212382931,-1.614834481107322,7910038.242178272,7900841.400856201,8982.526305952304,214.3150161165002,2.709405562336219e-05,1332.0973927060186
683,train,7,1,5.879103167161218,4.351403749270925,4.3514037492709265,5.879099391560856,10.868083992954325,1.3510811063087156,-0.2847759171403215,-1.6084317145005718,9467358.18635636,9432430.400947725,33995.325170427466,932.4602382025121,9.84921262983694e-05,2111.9950460336763
684,train,7,1,5.7502341638601795,4.097392664003172,4.097392664003172,5.749950672498992,10.447876680147601,1.403319414078626,-0.3344459334248518,-1.5280544311278357,8394313.461384108,8383193.433079477,10927.314948726,192.7133559145268,2.2957607766383194e-05,1361.64530672744
685,train,7,1,5.923572793302345,4.158882559040863,4.158882559040864,5.923401203811853,10.770704341295641,1.4242771032173434,-0.34690202784688695,-1.5052279981438617,8648152.210303951,8637963.946601024,9977.760295211505,210.50340773157757,2.4340853700605617e-05,1346.7827853871938
686,train,7,1,5.760081487306045,4.047723399876009,4.047723399876009,5.759914318512776,10.777431212249212,1.4230009685664824,-0.3057088484841876,-1.5076201385413268,8192032.57126799,8180484.588304976,11248.67528985981,299.30767315879876,3.6536435927826264e-05,1455.1134077178538
687,train,7,1,6.1760168743056,4.301608652103228,4.301608652103229,6.175990843721405,11.968112664178989,1.435739822752522,-0.2879488142713013,-1.4292197200230243,9251918.502910674,9219286.258028561,32032.555163122914,599.6897189912095,6.481787737349241e-05,1710.7985515830164
688,train,0,0,7.744729664190206,3.741187936022224,3.7411879360222238,7.740264288628939,12.022530283313245,2.0689322271413846,-0.5169294284032703,-1.0823373441883184,6998243.626486135,6996278.164067827,1922.1582402681001,43.30417803806216,6.187863748293868e-06,777.3825918509459
689,train,0,0,7.74426451853849,3.7437572961653327,3.743757296165332,7.734730314159766,12.012638723477721,2.066034120876992,-0.5153410882403522,-1.085312929616178,7007859.346302553,7005962.96504953,1857.9288200211072,38.45243299788636,5.487044059777601e-06,763.9848371340503
690,train,0,0,7.742970569808036,3.7390886170696467,3.7390886170696462,7.723883141580969,11.988556271418929,2.065712779932517,-0.5146101475143988,-1.086323440435126,6990391.843154251,6988206.3249299675,2146.739409568144,38.778814725053884,5.547445063903006e-06,773.7277752218616
691,train,0,0,7.747125235570013,3.739244661575766,3.7392446615757646,7.745392101185746,11.99967925727833,2.07137879496811,-0.5166274988703661,-1.0816408383858047,6990975.351817955,6988972.437994719,1962.6673545954825,40.2464686343582,5.756917541397479e-06,761.9765485986687
692,train,0,0,7.737984330082313,3.744773019069266,3.744773019069268,7.716583746174351,11.96871935017407,2.0606278957041417,-0.5143609593477356,-1.0865609931773705,7011662.50620482,7009706.297857113,1919.6278475481834,36.5805001624691,5.217093682147133e-06,743.8256979140285
693,train,0,0,7.7357115696147085,3.7411467513142833,3.741146751314285,7.713702930785716,11.994141835719347,2.0618552127301206,-0.5136265767933442,-1.0874965713170803,6998089.528326241,6995997.407827604,2051.2244095585465,40.896089062361185,5.84389337930383e-06,786.9659319352792
694,train,0,0,8.24000410352042,3.9856708744945792,3.98567087449458,8.232386445981916,12.726286227349192,2.065495798627843,-0.5093102489534638,-1.1007912340774832,7942786.17566192,7940377.100766635,2385.0418492934145,24.033045982995386,3.0257702337042416e-06,644.2143141862235
695,train,0,0,8.242430228322744,3.986502078385178,3.986502078385179,8.220340087592602,12.71861058101058,2.0620433467633945,-0.5099866727979967,-1.0996465492300684,7946099.420080135,7943601.183576648,2473.432021444844,24.804482047419004,3.1215922097245616e-06,658.64874391964
696,train,0,0,8.248572062593885,3.9915018361913,3.991501836191302,8.232961659212597,12.729934983886778,2.062622540860085,-0.5119990215237449,-1.096335566342808,7966043.454652294,7963788.745776788,2229.496008565815,25.21286693228381,3.1650426056311683e-06,641.7153883850928
697,train,0,0,8.24984694397077,3.988931083004292,3.9889310830042928,8.229011928047985,12.72026052698493,2.062961669884315,-0.5102230602609604,-1.0985551162879352,7955785.6511370605,7953193.3866194775,2567.839627202385,24.424890392089917,3.0700789919596504e-06,656.0180801410412
698,train,0,0,8.254808267116546,3.9922227094339937,3.9922227094339946,8.21730875736475,12.714032091200352,2.0583292454968714,-0.509966839176369,-1.0990245145318318,7968921.16475007,7966459.806360254,2437.4394222142237,23.918967601278673,3.00153146288891e-06,639.7726666717622
699,train,0,0,8.253471431875601,3.993181784877447,3.993181784877449,8.242188883567229,12.739130392670631,2.064065531597175,-0.511517217336093,-1.0955281987822492,7972750.415050029,7970436.805818545,2285.771989873473,27.837241600983507,3.49154810470871e-06,652.9855472549301
700,train,0,0,8.25475115695782,3.992502612305954,3.9925026123059526,8.23521222727187,12.731574008241296,2.062669214514415,-0.5102650214499057,-1.0986894873424464,7970038.570038022,7967535.975267832,2478.5703184602503,24.024451729919978,3.014345729798064e-06,645.2781208769608
701,train,0,0,8.249104512571357,3.992820769199449,3.9928207691994486,8.241111992574297,12.740958438254893,2.063982449737312,-0.5107979379871664,-1.098053148424067,7971308.848617713,7968833.940934389,2449.5116783619633,25.39600496219451,3.1859266081000454e-06,654.7596302660374
702,train,0,0,8.250538484960794,3.9929176299647766,3.9929176299647753,8.230932814836502,12.711252178996801,2.0613830731362004,-0.5121633425631162,-1.0951275594465255,7971695.657667723,7969394.451420345,2274.7928021303946,26.41344524320833,3.313403619191366e-06,652.226877464349
703,train,0,0,8.24898175873817,3.9914263506842182,3.9914263506842182,8.245151267871494,12.736229361733422,2.065715497032306,-0.5119276110861136,-1.0973238956231552,7965742.15646832,7963150.099789851,2568.854607254326,23.20207121153193,2.912731890611278e-06,634.6940415695027
704,train,0,0,8.2505875792671,3.990954877895076,3.9909548778950774,8.242388878421858,12.731699027121067,2.065267368487284,-0.5117219895552627,-1.0967429302147407,7963860.418854738,7961346.894053611,2486.202130810431,27.322670309322202,3.4308323943793338e-06,657.1159235517223
705,train,0,0,8.245703297505155,3.99574255749539,3.9957425574953893,8.241318821279332,12.735758346039802,2.062524975694419,-0.511678050944303,-1.097168365619265,7982979.474554007,7980710.413330297,2242.816291408165,26.244932298761658,3.287611145991066e-06,652.2625354572708
706,train,0,0,8.252095750526292,3.993429059041202,3.9934290590412016,8.248731269727228,12.746209226781502,2.0655760119368938,-0.5116609359462846,-1.0974784986526853,7973737.825815302,7971211.989593581,2500.3995583349088,25.43666339350743,3.1900551471801836e-06,656.0044415854509
707,train,0,0,8.249064098514616,3.992347045188933,3.9923470451889327,8.222397114552557,12.713608399033546,2.0595396696439856,-0.5115580089816404,-1.0966654321216778,7969417.5003200825,7967041.47153136,2351.3262932701614,24.70249545148052,3.0996613554865673e-06,640.8414644571332
708,train,0,0,8.254592736732564,3.994738003654086,3.9947380036540854,8.253614570145844,12.75400573539082,2.0661216236449196,-0.5128228912720844,-1.0938478244335121,7978965.863458868,7976756.085677649,2185.5950563147117,24.182724898511747,3.030809419709508e-06,634.2146174452437
709,train,0,0,8.252230953119696,3.993865918732124,3.993865918732124,8.21745594932884,12.709614530205727,2.0575192348814553,-0.5116789183229068,-1.097547403435947,7975482.488413267,7972951.469788863,2506.904490621797,24.114133786112458,3.023532911161842e-06,639.9380833447327
710,train,0,0,8.252538721686694,3.9929390182123594,3.992939018212359,8.246553295435849,12.742822480853647,2.0652840571374003,-0.5114768316875522,-1.0968595754481831,7971781.014020722,7969350.593352944,2404.755071676067,25.665596113978165,3.219556090268619e-06,647.2539001922579
711,train,0,0,8.25501842728816,3.9932146403499478,3.993214640349947,8.242970939045772,12.741688054054976,2.064244394917724,-0.5131614833598901,-1.093240646134844,7972881.5869931895,7970600.3063234035,2252.203994215111,29.07667557500791,3.646946873316551e-06,675.5495991438598
712,train,0,0,8.250123394587543,3.9919065452394773,3.9919065452394786,8.243800621879753,12.737750141415745,2.065128661819712,-0.511552718304071,-1.0962647216875505,7967658.936023211,7965207.248247446,2427.0299090298936,24.65786674002556,3.0947442577571857e-06,650.4326733204808
713,train,0,0,8.25224452495575,3.99358362218865,3.9935836221886505,8.23163413286209,12.723653256893158,2.0612149166293934,-0.5122444050500029,-1.09514206638544,7974355.09221548,7972025.173957201,2304.0906315976713,25.827626683792456,3.238835791123126e-06,648.5078605015842
714,train,0,0,8.25184092369536,3.994994878625086,3.9949948786250875,8.244557058686857,12.740574182476848,2.063721558893285,-0.5130359534050564,-1.0944200241257034,7979992.040866588,7977793.491119247,2173.762211691387,24.787535645758485,3.10621057249409e-06,647.0696395041226
715,train,0,0,8.24983316520555,3.9916502891952033,3.9916502891952033,8.245672567750793,12.73390130745247,2.0657302043895447,-0.5117665243865991,-1.0975336004828642,7966636.053426678,7964193.141620481,2416.3026942982488,26.60911189744714,3.340068721477718e-06,659.0281594203942
716,train,0,0,8.251734544393141,3.9960556110035217,3.996055611003523,8.248666845597793,12.747953686397523,2.064202215525804,-0.513319826395062,-1.094396026274565,7984230.323502035,7981873.398011659,2331.818425222955,25.10706514765579,3.1445817731174057e-06,648.3993549966249
717,train,0,0,8.252568785946817,3.995053680791085,3.9950536807910852,8.248253230851144,12.752563297748566,2.0646163706160405,-0.5131632494928894,-1.0946725082407534,7980226.97055321,7977890.092086336,2309.3120807551873,27.566386125582962,3.4543361018805696e-06,655.2301626408628
718,train,0,0,8.25579102851823,3.9948929371465316,3.9948929371465316,8.241534696448594,12.727121498435736,2.0630176643320386,-0.5114963142110058,-1.0983048448214385,7979584.8415479995,7977045.063182943,2514.9687740716145,24.809590981774868,3.1091330532130707e-06,654.9017135855894
719,train,0,0,8.250000419659541,3.9937280672479427,3.9937280672479436,8.236075055418537,12.729341695085168,2.062252340854537,-0.513327807752526,-1.0943154677724276,7974931.942396144,7972618.443616605,2289.514742373613,23.984037166991385,3.007428444559886e-06,643.0173399448752
720,train,0,0,8.250219671156257,3.992935731394459,3.992935731394459,8.235291859235614,12.73123174160719,2.062465417233147,-0.5125628006648985,-1.0956075931851097,7971767.942614585,7969359.630569521,2385.1545405636875,23.157504500140387,2.9049396152574376e-06,635.9769307745901
721,train,0,0,8.24962774213776,3.992304811846363,3.992304811846365,8.24024855267629,12.736586768180132,2.0640329185850246,-0.5122960433417384,-1.0971424312542595,7969248.871468409,7966798.2811382385,2425.785438977035,24.804891192110393,3.112575801330177e-06,644.0878262599032
722,train,0,0,8.246487512456369,3.993333134676922,3.9933331346769236,8.245654297147993,12.746558485436253,2.064855102006184,-0.5123337212150733,-1.0950823484158154,7973354.778139023,7971144.976902266,2183.4458465347175,26.355390225890893,3.305433027782846e-06,645.0439702362222
723,train,0,0,8.254692031223327,3.995074758975393,3.995074758975393,8.229451002705842,12.729957450181246,2.0598991255964454,-0.5120809548951198,-1.0959554009505674,7980311.166385665,7977956.030025487,2327.230665937244,27.905694232646884,3.4968178120910988e-06,658.8579947587964
724,train,0,0,8.250835308387177,3.993270519238644,3.9932705192386444,8.247083133367124,12.733738478971645,2.065245290454179,-0.5118515721372296,-1.096924740730349,7973104.738594695,7970724.360873891,2352.5901478009137,27.78757299945515,3.4851634225932506e-06,663.9907541697488
725,train,0,0,8.249073575182353,3.993597383972116,3.993597383972115,8.244416207472328,12.743968387600034,2.064408455534459,-0.5127326651060106,-1.0944726488912067,7974410.03342026,7972211.182264776,2175.243388999231,23.607766481394016,2.9604405068782925e-06,629.4689839336422
726,train,0,0,8.246491164864041,3.9915554436579024,3.9915554436579024,8.242403997072019,12.736596387811005,2.064960417916329,-0.5116538833736499,-1.0974980890911625,7966257.435498002,7963782.671454182,2449.5221660303387,25.241877793775746,3.16859930753641e-06,652.005730941445
727,train,0,0,8.249014054395259,3.994201843851018,3.994201843851018,8.233714058034122,12.721909323707223,2.061416618368883,-0.5120549244464427,-1.0978276840897396,7976824.196528083,7974475.094042752,2322.965891136218,26.13659419311819,3.276566406527319e-06,655.7710702881045
728,train,0,0,8.251023737272247,3.994882185716339,3.994882185716339,8.233805954014882,12.725807996466756,2.061088555616176,-0.5138291041453359,-1.093670201166312,7979541.85322183,7977271.1191100115,2246.4963684686604,24.237743352030893,3.037485584745023e-06,638.1050181114232
729,train,0,0,8.2480140264933,3.994005224260213,3.9940052242602126,8.24468517087819,12.738589708227664,2.0642649941463977,-0.5121702631836382,-1.0972386653039092,7976038.911083487,7973529.2087108465,2483.7428084206276,25.95956421557987,3.2546937778232895e-06,661.5592344729456
730,train,0,0,8.247334738787263,3.9923307074329832,3.9923307074329832,8.213307598199695,12.704653698951006,2.057271353524905,-0.5132359291684344,-1.0973243713320355,7969352.324475717,7966998.1506388,2331.656285921441,22.517550990015746,2.825518319833741e-06,645.5520003172419
731,train,0,0,8.24634464544803,3.9938114205372224,3.9938114205372224,8.233965578429402,12.730682952329516,2.061681113957509,-0.513031687303378,-1.0949064564598148,7975264.833333536,7972962.33894148,2278.6574036740412,23.836988389646358,2.9888648073499608e-06,634.9393209810593
732,train,0,0,8.249460776858497,3.9938756850776715,3.9938756850776715,8.247876022998708,12.743037476669997,2.0651308837216114,-0.5123714999253088,-1.097497659055338,7975521.501859567,7973011.686538174,2483.155905504811,26.659415888561547,3.342654882485823e-06,656.1926719119726
733,train,0,0,8.252273914067075,3.9951751873102617,3.995175187310263,8.234495686961338,12.724867990240455,2.061110039208364,-0.5138369095098813,-1.0952752292887384,7980712.406478485,7978304.176135513,2383.864528984949,24.365814000843038,3.0530875891560326e-06,642.3318653369084
734,train,0,0,8.248787909628824,3.995291871225257,3.9952918712252568,8.23287796031125,12.719025811180472,2.060644935506659,-0.5136672937167803,-1.0944790605390011,7981178.584948033,7978930.67865315,2223.5965896403377,24.309705241872262,3.045879124634391e-06,640.4488241820249
735,train,0,0,8.250781184278429,3.995097607783118,3.9950976077831184,8.21598778872937,12.70086620375514,2.056517410919636,-0.5117451048130299,-1.0983998727416882,7980402.468441816,7977935.197058524,2443.152486072578,24.11889722306913,3.0222657714878853e-06,642.5850419884736
736,train,0,0,8.250093103073537,3.995405693410387,3.9954056934103876,8.23532675268501,12.728185996413231,2.061199133361479,-0.5130277826051246,-1.0954099028772644,7981633.342627509,7979150.789133798,2457.744257796932,24.80923591605166,3.1082906030715513e-06,647.606254845733
737,train,0,0,8.250975935190915,3.994324041353257,3.994324041353256,8.223752644315361,12.719715414568782,2.058859661653589,-0.5139553825582889,-1.0936579865095155,7977312.278333154,7975077.558795373,2206.97045672229,27.749081052212784,3.4785000366076817e-06,650.555462796448
738,train,0,0,8.249567629523575,3.992417212685768,3.9924172126857673,8.23810330567509,12.732250962406397,2.063437478302318,-0.5123548108929913,-1.0970480124172475,7969697.601739774,7967025.598189574,2648.1820005765835,23.82154962302645,2.9890154951206976e-06,641.4421227035426
739,train,0,0,8.252481828341582,3.995233027582766,3.9952330275827657,8.252009844916495,12.743825044162804,2.0654639636650196,-0.5140498011115116,-1.0938530824265276,7980943.609368107,7978462.723898933,2457.453829465738,23.4316396990936,2.9359485351568355e-06,637.478917718212
740,train,0,0,8.248391708190088,3.994668804090883,3.994668804090884,8.244794644712005,12.736242490354925,2.0639494909486933,-0.513003888582389,-1.0945210241884331,7978689.492132844,7976426.233822473,2238.620189567067,24.638120796711302,3.087990931468759e-06,645.0789295054427
741,train,0,0,8.245450883700046,3.9922026536748025,3.9922026536748008,8.239508678267244,12.73138060187921,2.0639004061286372,-0.5115095212106554,-1.09799695329747,7968841.016939709,7966255.82281809,2559.0422693566916,26.151852263353796,3.2817635849129974e-06,659.2119074165829
742,train,0,0,8.248458070354477,3.9950700363150298,3.99507003631503,8.247872877598216,12.764219647331629,2.064512712574592,-0.5132200506558192,-1.095664000254345,7980292.29960663,7977997.925076835,2271.9974107882604,22.377119003350785,2.8040475415234873e-06,639.2457002733593
743,train,0,0,8.247881908698007,3.994515630327523,3.994515630327523,8.22977897225134,12.720349974930286,2.060269563040001,-0.5134068289648113,-1.0948109406754802,7978077.569132677,7975739.79092535,2311.821256805624,25.95695052455357,3.253534488682019e-06,641.4863021760198
744,train,0,0,8.250473739973037,3.993654119814984,3.993654119814985,8.24735557629983,12.744168632896617,2.06511513738248,-0.513336948673177,-1.096922414090968,7974636.615329897,7971989.925630782,2618.8269213549615,27.862777764213885,3.4939244392217676e-06,662.1605794048725
745,train,0,0,8.248332575798035,3.994205202124789,3.994205202124789,8.218184855669737,12.713177513331175,2.0575269521200177,-0.5138547319991467,-1.0946433728998515,7976837.655996072,7974485.355128132,2330.240163958338,22.06070398023792,2.7655952059717815e-06,622.5955930577788
746,train,0,0,8.249461480476894,3.9956496772808965,3.9956496772808947,8.234100973294117,12.725310650654137,2.0607664931470064,-0.5132805419921759,-1.0945817830581355,7982608.171983161,7980287.033984318,2298.210973820723,22.927025026296487,2.872122059900706e-06,635.0369790019851
747,train,0,0,8.143918947419035,4.121424456984373,4.121424456984371,8.14206967617839,12.746234797057696,1.9755474742186365,-0.5163401431459312,-1.130096626003453,8493072.761636231,8433018.263906902,57800.47392754904,2254.023801778323,0.00026539556000978787,2776.091772815142
748,train,8,1,5.840581382277538,4.4650122280010045,4.4650122280010045,5.840025532003143,11.331669949286152,1.3079528641330809,-0.24369378305727024,-1.643097533118007,9968167.455086436,9911561.803145235,55476.44357961282,1129.2083615632812,0.00011328143980838549,2061.750643318557
749,train,8,1,5.7932502672672275,4.6191319953814505,4.6191319953814505,5.792745833624155,11.494151175487787,1.2540767051939996,-0.19068721069697006,-1.7040244026694902,10668190.196050253,10595390.427458353,71511.11975841672,1288.648833481764,0.00012079357508632235,1902.6093296083332
750,train,8,1,5.144932910726697,4.052388033367468,4.0523880333674684,5.9253328592317995,11.070056162250694,1.4621829919648501,-0.06410891632937538,-1.5311284862852572,8210925.900998648,8178448.546575118,31375.269082542316,1102.0853409923443,0.00013422181058269007,1976.2093235395878
751,train,8,1,6.047158705746057,4.7546507271715015,4.7546507271715015,6.046180443931604,11.599489420070313,1.2716350350151633,-0.20634068190433572,-1.6898715637803368,11303352.498002958,11237329.10042774,65356.51319028492,666.8843849243966,5.899881340887314e-05,1740.6418303386658
752,train,8,1,6.0640733382558105,4.14989867952182,4.149898679521821,6.063375475258625,10.868561971292365,1.4610900032762455,-0.36664013049630817,-1.4644218743503097,8610829.539626943,8598333.43425691,12278.74380521283,217.36156480919598,2.5242813576659536e-05,1375.477565439653
753,train,8,1,6.153277629019809,4.248406407815899,4.2484064078158985,6.151818178908084,10.997040420188569,1.4480295876567817,-0.3705255305631543,-1.4782555434395481,9024478.783342402,8997149.64983788,26952.01766398744,377.1158405491411,4.178810207246877e-05,1596.6050905619757
754,train,8,1,6.0497184228614325,4.1113542967767085,4.111354296776709,6.049713229911348,10.822494082257435,1.4714648247791018,-0.3649634950854269,-1.4735380367660782,8451618.005905198,8440859.7379776,10436.260885446709,322.0070421488005,3.81000468695831e-05,1423.43294520864
755,train,8,1,6.204157201707421,4.401811354455467,4.40181135445547,6.2032852646257375,11.562039096548688,1.4092574090770231,-0.27479057654107675,-1.573859097119651,9687971.79099658,9641563.671844067,45275.429207864356,1132.6899446478328,0.0001169171390136052,1946.1692205748172
756,train,8,1,5.568442310043145,4.286840798973381,4.2868407989733806,5.567547879134771,10.936345216003247,1.2987531238547734,-0.22477228316592787,-1.6349462577634366,9188502.054483874,9152515.687702136,35351.3070234673,635.0597582574408,6.911461242450716e-05,1741.4657613292504
757,train,8,1,6.179332286463002,4.223392115027805,4.223392115027806,6.177955284476163,11.12819014431443,1.4627946248451733,-0.3503534175666265,-1.4840030449970996,8918520.478921399,8902146.854199044,16231.424745032666,142.19997731881782,1.5944346111544212e-05,1343.1702765003756
758,train,8,1,6.162253211830452,4.113287316562712,4.11328731656271,6.1618938587449374,10.873427573184017,1.4980460601264676,-0.3694128624806528,-1.4558637065279565,8459566.54046609,8445422.385680273,13878.392398603808,265.76238722387615,3.1415603382585795e-05,1537.6729072462172
759,train,8,1,6.2163944401675835,4.501910342799177,4.501910342799177,6.214835659730248,11.494880199665204,1.3804885451952418,-0.25318610173973893,-1.6059670843320928,10133599.588265626,10094315.437086541,38820.67007286058,463.48110622140376,4.57370653127147e-05,1757.001700885892
760,train,8,1,6.354368632360245,4.607464047488094,4.607464047488095,6.353902501337114,11.580446459003724,1.3790454870290623,-0.3027514708361648,-1.60763504716675,10614362.689493468,10559878.381669495,53262.75558421206,1221.5522397660357,0.00011508484074839257,2062.9590111160837
761,train,8,1,6.340088482050923,4.1941214745304585,4.19412147453046,6.337891176611883,11.104682882549241,1.5111367696667446,-0.41677570725174407,-1.4051319782504899,8795328.087012378,8775840.773819081,19254.524325241848,232.78886806444916,2.646733194730926e-05,1440.573186230521
762,train,8,1,6.092304909902392,4.253625766174409,4.253625766174409,6.089359128915472,10.974740147357807,1.4315690809800765,-0.3322283673355176,-1.55011690861607,9046666.352963,9020230.569346603,25772.78131875439,663.0022976320715,7.328691827071995e-05,1749.1668177093338
763,train,8,1,5.364533204802777,4.0505610200600906,4.05056102006009,5.545674543610309,10.908232167828828,1.369112702202432,-0.15813138886664907,-1.5765095456173088,8203525.162813185,8183454.983755582,19037.477508667915,1032.7015489439498,0.00012588509554712108,2163.746361459265
764,train,8,1,5.944541809309449,4.426559685687236,4.426559685687238,5.943862891508907,11.466059783066157,1.3427725623417417,-0.21360629246565085,-1.6042778563592808,9797215.43161256,9771971.119186627,24505.698703964874,738.6137219641462,7.539016847387779e-05,1746.661117005792
765,train,8,1,5.7199157114276895,4.1456271126361965,4.1456271126361965,5.718929702872061,11.43096551427152,1.3795089494277752,-0.20159734084564007,-1.4946218483423974,8593113.204300404,8567366.428908223,25068.832201974365,677.94319019641,7.889378087759101e-05,1908.7959388939748
766,train,8,1,5.959608896414749,4.197876668414608,4.197876668414609,5.958102956891991,11.270725162466988,1.4193134833430343,-0.25412030030839666,-1.5449096121512487,8811084.48078751,8794750.742089275,15931.501508926398,402.2371892936642,4.565126916791443e-05,1663.4948118492698
767,train,8,1,5.951153168871067,4.185507658217823,4.185507658217823,5.950059588017873,11.267553613055497,1.4215861190303953,-0.24023448217377788,-1.5321113586973496,8759237.242356788,8733931.335603714,24835.07159398228,470.8351590907662,5.375298625478053e-05,1808.615535713083
768,train,8,1,6.153098241008702,4.171691858076023,4.171691858076022,6.1524646400258645,11.008508321014233,1.4748128215930532,-0.3252173858717667,-1.5245240622773124,8701506.675429037,8683473.588913476,17436.414463322508,596.672052239087,6.857111928948412e-05,1765.1836332693124
769,train,8,1,5.957918138133129,4.268255844677002,4.268255844677002,5.9566080310677645,11.142446759389713,1.3955602119063055,-0.26598862545916635,-1.5344705425690686,9109003.984390011,9083592.887579568,24730.747868529936,680.348941904423,7.468971833477388e-05,1966.2179164128063
770,train,8,1,5.697580035879452,4.306310291291981,4.3063102912919815,5.697053624013148,11.297542588377837,1.3229547428417925,-0.14951904974812819,-1.5723492346039813,9272156.515315741,9251666.323442094,19692.37684334205,797.8150303055342,8.60441720313612e-05,2081.9462332989706
771,train,8,1,4.786502795167719,3.8010303746103156,3.8010303746103173,4.78632276804022,9.415426471590763,1.2592171849010587,-0.15600217550966267,-1.689136077939976,7223915.976211821,7203029.69364376,20542.188501236116,344.09406681629326,4.763262307443589e-05,1718.2258132334869
772,train,8,1,5.414017886366492,4.496087874100909,4.496087874100907,6.077000408921594,11.490667448117165,1.3516195810867744,-0.09564732364124269,-1.7095842244240649,10107405.041951375,10051833.604779543,54380.85243351106,1190.5847383064627,0.00011779331424484041,2009.7778918730337
773,train,8,1,5.2181017869096555,4.186212936348537,4.186212936348538,5.9560667998213015,11.174149908949403,1.4227816144050558,-0.12517540870901664,-1.6183609307578497,8762189.560424134,8737635.072374677,23991.85080415154,562.637245285889,6.421194627278235e-05,1797.7540310315956
774,train,8,1,5.125963642280054,4.164092450943593,4.164092450943594,5.536308811028052,10.662253580798279,1.329535517342683,-0.1139941550758525,-1.6809051883477801,8669833.018894674,8650575.187016077,18791.49626615651,466.3356124449934,5.378830381492711e-05,1597.2385612154433
775,train,8,1,5.546937248766575,4.260511398435623,4.260511398435622,5.729173400342312,11.27600754681771,1.3447149566237409,-0.17468508893598872,-1.567475069054467,9075978.85277638,9053866.648782114,21708.785256523934,403.4187377373454,4.444906100832726e-05,1540.120906358102
776,train,8,1,6.049682579728105,4.29846575451087,4.29846575451087,6.04925596620611,11.203948653506814,1.4073058415919533,-0.2696860740994784,-1.5450064067378575,9238403.923559437,9226531.066751406,11556.64365382587,316.21315421271754,3.42281152490337e-05,1483.6257317725715
777,train,8,1,6.150604198059125,4.559015806345317,4.5590158063453154,6.15001716640644,11.3673901106813,1.3489791278737708,-0.28449104059068586,-1.6187764881136049,10392312.978418596,10360033.9031564,31647.212395246603,631.8628669528498,6.0800985138247895e-05,1689.6231619617154
778,train,0,0,8.232624527536332,3.9881086972665325,3.9881086972665325,8.212813493333757,12.71773874759674,2.0593253887394933,-0.5112804082346684,-1.0983666789590705,7952505.501415714,7950209.0471509015,2272.184514672721,24.269750145021252,3.0518369513483174e-06,646.9185567966703
779,train,0,0,8.239528871024959,3.9923845439928947,3.9923845439928947,8.224462494137697,12.715789564885199,2.0600376550682125,-0.5104259923148645,-1.1007288032259652,7969567.173561762,7967002.037815369,2538.032341048122,27.103405354051226,3.4008629030650556e-06,668.0717075650763
780,train,0,0,8.236128156871535,3.9907199563879567,3.9907199563879603,8.235284593754448,12.71466966625303,2.0636087432224346,-0.5119414157993896,-1.0970317329390082,7962922.904195196,7960503.629365163,2394.1491320894374,25.125697940647658,3.155336079847063e-06,655.9423452644099
781,train,0,0,8.239649593569338,3.9901344087729376,3.990134408772939,8.225580114610493,12.699422914534807,2.061479457064218,-0.5116802876400443,-1.097996225323919,7960586.365865293,7958167.168411987,2394.7001239006217,24.49732940447144,3.0773272568858876e-06,636.8190499272432
782,train,0,0,2.612773998459568,1.9914875355899428,1.9914875355899422,3.5246409337914084,6.134788746247068,1.7698533738235511,0.2348053759155255,-1.3980020600634935,1983011.3085956562,1981919.6487339705,1058.5469589117508,33.1129027723248,1.6698292454910378e-05,1099.318242753257
783,train,0,0,1.7420241642867913,1.2798503465539055,1.2798503465539053,2.0933952521408212,3.8350101381656714,1.6356562763587537,0.18710498710749032,-1.465644340116628,819008.4751049171,818138.5102020345,845.6354310011216,24.329471882440217,2.970600747363884e-05,1456.5681828224886
784,train,0,0,1.3554036784628407,0.9727990762098975,0.9727990762098977,1.6090481113931163,2.9631116890814155,1.654039514163701,0.19279906320545662,-1.4448266945796298,473169.0626149583,472439.24655533285,705.1172329659228,24.698826659324375,5.219873531635153e-05,1853.5578600547688
785,train,0,0,1.1613760934062594,0.8384370736596393,0.8384370736596396,1.434581185799063,2.595583200425608,1.711018311174329,0.20946958979589744,-1.4760978353745993,351488.3633243203,350690.4301900553,771.5090109131647,26.424123351725076,7.517780418620399e-05,2090.634275844086
786,train,0,0,1.0053547481263523,0.7060425834825815,0.7060425834825815,1.2046886822020169,2.20754128950648,1.7062549913913758,0.20608711260613383,-1.4332782500419838,249248.12735516168,248547.6830155489,675.5361752454506,24.908164367052024,9.993320564274322e-05,2336.548894703287
787,train,0,0,0.9043076742868871,0.6201043567798908,0.6201043567798908,1.0317118655461819,1.9330712603405118,1.6637713543954236,0.17009295027188862,-1.4413785169708462,192264.72558463365,191552.3504248606,688.4338234309364,23.941336342245982,0.00012452277072378087,2520.75534907963
788,train,0,0,0.8419904798610133,0.5730324879371496,0.5730324879371494,1.0302901178257544,1.872260140191429,1.797961092109593,0.1699417530756741,-1.4282231224765165,164183.1387437693,163430.72791379737,731.3138407517106,21.096989220306103,0.00012849668596743604,2660.4959782000305
789,train,0,0,0.7959610856795917,0.5302285930072709,0.5302285930072708,0.8706609569763532,1.6653475089697167,1.6420482947520225,0.1413772322311449,-1.4308084697320478,140571.1880286139,139900.9038768668,648.8954814480304,21.38867029927362,0.00015215543525832521,2777.9501385272674
790,train,0,0,0.7591352448156103,0.5002366835749019,0.5002366835749018,0.9248085036585107,1.6819055671803653,1.8487418736455712,0.13846867185792816,-1.394039896421633,125118.37046272738,124382.17632949077,712.4528901041022,23.7412431325117,0.00018975025845292787,2861.4307338987737
791,train,0,0,0.7266981376442564,0.47699241668146847,0.47699241668146847,0.8024237381186831,1.5289164105633972,1.6822568033708067,0.13245210560310594,-1.418923463731218,113760.89657973916,113050.49619859186,687.2673259037715,23.13305524351892,0.00020334803908040686,3002.3496876633053
792,train,0,0,0.7025809517456219,0.45423597403503574,0.45423597403503546,0.7875846394943073,1.4862045934423804,1.7338667223956166,0.11482183917530335,-1.402481627471931,103165.16008952804,102443.61723024161,697.4037441161264,24.139115170320657,0.0002339851472083446,3070.575131678666
793,train,0,0,0.6726553836162202,0.4344909258453831,0.43449092584538324,0.7827066979114897,1.4533813931047916,1.8014339341807604,0.1113285270745359,-1.3969040929807985,94391.1823795582,93740.79877566374,625.6967158436609,24.686888050842697,0.0002615380740922788,3179.786022502088
794,train,0,0,0.6517864697154878,0.40854686095389864,0.40854686095389875,0.7392773396793486,1.3910565152032177,1.8095288700866317,0.06991538573055373,-1.3783347723946047,83455.30748559882,82860.02992402094,569.0868469524012,26.190714625545755,0.0003138292268597209,3285.133459629415
795,train,0,0,0.6407678198562353,0.4108553453203156,0.41085534532031565,0.7447873282684595,1.3848864501924254,1.8127726382330502,0.11980453275112578,-1.358323751313706,84401.09643082372,83731.89114040569,643.2480232620485,25.957267155919563,0.00030754656341691595,3279.757757868893
796,train,0,0,0.6352371422809665,0.40221025585559844,0.4022102558555984,0.7183074505763943,1.3528847902198322,1.7859003844851764,0.1008115516760065,-1.3778649077121055,80886.54579051107,80208.44924666252,653.4602674883076,24.6362763602995,0.00030457817328613903,3406.071803492707
797,train,0,0,0.6239999921518611,0.3889297181987153,0.3889297181987153,0.6702231972020818,1.29301025881432,1.7232501550823782,0.035774214363746906,-1.3871428160696928,75633.16517653708,74952.10273048512,656.4109968061725,24.651449245721672,0.00032593438590309117,3478.392460653343
798,train,0,0,0.6171868434543721,0.38333130335827775,0.3833313033582776,0.665003598630894,1.2802255619317293,1.7348011832191894,0.039270617922581526,-1.3845890659920232,73471.47066288494,72855.8459388215,590.7862143179198,24.83850974534854,0.0003380701314571076,3524.4063201179483
799,train,0,0,0.5935622259117226,0.3666115180482111,0.366611518048211,0.624825377848043,1.218186485391925,1.7043255519480862,0.05450347201274403,-1.366447945942401,67202.07959953768,66626.6143013134,551.9183864147329,23.54691180974274,0.0003503896300540189,3407.6393829541094
800,train,0,0,0.6034556993017904,0.3767246285567499,0.3767246285567498,0.6741760603417642,1.2762406726833433,1.7895725663717956,0.07825559964968291,-1.3687221064783606,70960.75549603994,70357.30185882143,580.3855999223969,23.068037295948006,0.0003250816191949274,3419.0771205577944
801,train,0,0,0.5984519190583378,0.368403172376265,0.368403172376265,0.6389989190306514,1.2359689439181238,1.7345098168101984,0.052477502192917025,-1.3685391937419016,67860.4682778124,67331.62077321565,501.9308582469486,26.916646349945346,0.00039664692910387696,3469.1866567587426
802,train,0,0,0.5779892200114555,0.3600228197528808,0.3600228197528808,0.6649155622837716,1.2426458894624375,1.846870603202788,0.0899542122945172,-1.3385008123689708,64808.221747944066,64241.49563990189,537.4434294361541,29.282678605989304,0.00045183585996044166,3613.9924840893173
803,train,0,0,0.5764114963746979,0.3522332021546272,0.3522332021546272,0.6371137988828705,1.2134004468098283,1.808784052683322,0.030163576877791413,-1.3489285064521603,62034.29785701892,61496.86186066042,513.9678022095331,23.468194149075824,0.0003783099826996832,3510.715733526359
804,train,0,0,0.5808518838569289,0.35357668942555687,0.3535766894255568,0.6594393539741868,1.2386086474871263,1.86505325066976,0.043047240769025996,-1.3334341381577353,62508.2416766128,61961.07562422604,523.6262331242182,23.539819262559213,0.000376587448809435,3524.5787409130417
805,train,9,1,0.1543579827067806,0.14075388058042604,0.14075388058042604,1.0489252080204532,1.2031762202750542,7.452193884069169,1.1786161074828168,3.443072533909298,9909.20101321911,7454.814647893937,921.2279132635397,1533.1584520616323,0.15472069342587383,11076.401160624524
806,train,9,1,0.13059231762223864,0.1605480712675499,0.16054807126754994,1.2510714816636501,1.381632654742134,7.792503963369115,2.4032667223211663,9.65031987981609,12890.288915575904,8652.057094078176,1649.3551465113117,2588.876674986427,0.20083930561542135,11101.113157487944
807,train,9,1,0.17711197534677195,0.2073756839705568,0.20737568397055675,1.1709241946590263,1.3479633299357374,5.646390995509745,1.5253918410343241,1.6897573311278453,21502.619318846973,17808.910414130652,1453.0626709664184,2240.646233749899,0.1042034089207904,10437.580270498946
808,train,9,1,0.169478193643954,0.1810054374416557,0.1810054374416557,1.0254604660240147,1.1949229662277503,5.665357242953301,1.5634572610596962,2.136634823911108,16381.484289743617,13370.715082982442,1134.1700140869805,1876.599192674196,0.11455611466472103,10579.340553740172
809,train,9,1,0.09442041259973849,0.14348931253302966,0.1434893125330296,1.307642718732659,1.402056071615334,9.113171536253995,5.119461788111476,34.250238178679524,10295.725805576443,2968.4783725578445,2512.1017649148234,4815.145668103778,0.46768394565206517,12593.382993581912
810,train,9,1,0.2022315079850414,0.18194735876129411,0.18194735876129411,0.6868009155112049,0.8890105422869965,3.774723195692297,0.5762032211642109,-0.9581380567366793,16553.307116037544,15480.575876502544,408.95556281012705,663.7756767248508,0.040099278776852806,9251.928933300154
811,train,9,1,0.08308450988385811,0.11054565187980192,0.11054565187980193,1.2070464629783855,1.2900749814616574,10.918986341415097,5.363077394236511,42.05434823739337,6121.253445336676,1498.7359922104324,1902.6746192992373,2719.842833827005,0.4443277603378846,12369.44413198241
812,train,9,1,0.09957503044511054,0.12380307362664232,0.12380307362664232,1.1143766764411809,1.2139503862888432,9.001203635717877,2.9500237235043874,13.426741219176762,7663.956104523303,4989.161168056831,1041.1143825860825,1633.6805538803835,0.21316413241409063,10822.76134363819
813,train,9,1,0.09160802176202378,0.0970836423540186,0.0970836423540186,0.9929709691742555,1.0845704201292392,10.2279945941187,3.524450467930189,22.560898137842237,4715.131088256149,2281.0019422753307,1069.5936823232034,1364.5354636576142,0.28939502171132125,11276.709344947916
814,train,9,1,0.09559587872595966,0.12253837813661121,0.12253837813661118,1.4995820101442796,1.5951705212874003,12.23765185199758,5.122048351541594,43.424827169014776,7521.099171557445,2676.0716107547537,1912.7888357685868,2932.2387250340944,0.3898683767025633,12424.880208219385
815,train,9,1,0.0912955106954032,0.11769519485575909,0.11769519485575906,1.085865348412568,1.1768261266697664,9.226080552764678,4.290711642315792,24.527297417512756,6926.0876919866805,1953.060228160816,1833.222738084161,3139.804725741704,0.45333020102739724,12185.798830592783
816,train,9,1,0.16109228597448963,0.1688929172861077,0.1688929172861076,1.3483887864513526,1.5094301311692107,7.983690542612619,1.7979698282362664,6.0940030741467535,14263.794352534365,8876.969314435479,1251.014862656306,4135.810175442593,0.2899516126792553,11942.037166731625
817,train,0,0,0.6038192958813925,0.48876279342024154,0.4887627934202416,1.1617203502672893,1.7654885527699662,2.376859216590233,0.980561116975647,-0.18264335511620589,119445.04148908344,117772.63271788956,1324.9600613849782,347.4487098090639,0.002908858379364527,4834.312803496148
818,train,0,0,0.7956464546624338,0.5320945074592021,0.5320945074592023,0.9472688180502737,1.7421021451009437,1.7802642289497876,0.13911125646103292,-1.4338004444865822,141562.355486992,140818.1157076914,722.0384645216733,22.201314779136904,0.00015683063977539537,2763.129725679772
819,train,0,0,0.7574563972107444,0.49744147666548805,0.4974414766654881,0.814818406904551,1.5722523036220082,1.6380186315916871,0.11266970521677182,-1.4221410010412079,123724.01135748667,123086.7295107326,612.6330875713005,24.64875918271586,0.00019922373120845582,3084.4052427457427
820,train,0,0,0.7323803878913168,0.4786017802372285,0.47860178023722855,0.8372310422768351,1.567254952620715,1.7493270540319443,0.11986761872527144,-1.4140085346737061,114529.84068259622,113729.13575252336,775.4621503526619,25.24277972020758,0.00022040351728214213,3024.2178751379633
821,train,0,0,0.6880695230371784,0.4465895027326354,0.44658950273263526,0.7987373464696575,1.4857804171042517,1.7885269169612492,0.12993528504008653,-1.3658029919633083,99721.09315906004,99059.41349180961,637.506251241624,24.17341600884973,0.00024241025888366413,2942.7064534195756
822,train,0,0,0.6640058303676778,0.4221163083264166,0.42211630832641667,0.7503598188556498,1.4134309740038589,1.7776139041645533,0.0877000620134504,-1.383236823774501,89091.08972405859,88418.85530221046,645.7444012642487,26.490020583798945,0.0002973363628825998,3224.4921621870953
823,train,0,0,0.6585838873298598,0.4240420713338233,0.42404207133382305,0.748172752150731,1.4067130414077837,1.7643833070557264,0.1223565862450827,-1.383311426970576,89905.84365096883,89247.50822325386,632.3993346837917,25.936093031137695,0.00028848061458414673,3264.777132880377
824,train,0,0,0.6447889766282752,0.40866115854968066,0.4086611585496806,0.7275013962202356,1.371360227407422,1.7802068559735507,0.0805375751738018,-1.3893363445320754,83501.97132780447,82742.86986849441,734.6923967088474,24.409062601080123,0.00029231720177308435,3271.5043270664246
825,train,0,0,0.612094270582078,0.37410864858287407,0.374108648582874,0.707561982278945,1.3183021952863783,1.8913275193160979,0.02831123180559871,-1.3558241777892326,69978.65374399368,69343.9057203525,609.981595768415,24.766427872925714,0.00035391403732243755,3494.598668651459
826,train,0,0,0.6152865371990484,0.3858462990318538,0.3858462990318537,0.6854242601108271,1.2978374445810914,1.7764178685415917,0.07964797577211215,-1.3595852230087442,74438.69501675009,73822.07066389361,591.0751946782699,25.549158178219738,0.00034322415475540916,3378.6533775026846
827,train,0,0,0.6004665957416874,0.379257502799583,0.37925750279958287,0.6632431878123898,1.263271727366373,1.7487938482864451,0.06878609246625304,-1.3786100293457815,71918.15045491443,71313.45655417365,577.2502653643699,27.443635376371514,0.0003815953998090643,3608.0665926238444
828,train,0,0,0.5818932890949945,0.36653928844493927,0.36653928844493927,0.7197623610438605,1.301388328342,1.9636704269752017,0.12158402146134614,-1.3333647942518134,67175.57656726945,66599.77764337434,554.1410489369051,21.65787495814422,0.0003224069827886937,3349.7905511058784
829,train,0,0,0.5874851315540727,0.3653783030267479,0.365378303026748,0.6693355471568648,1.25559537706431,1.831897355732875,0.08180385635765174,-1.3366145342967606,66750.67066082382,66157.40151400332,571.9239172936813,21.345229526760754,0.00031977550660458517,3428.1651617055854
830,train,0,0,0.5888388154733839,0.3638050286910647,0.3638050286910644,0.6325359346639452,1.2211973761295667,1.7386673761485618,0.045929777515143794,-1.383429192528233,66177.0549390635,65582.61257714196,569.9960290151107,24.446332906498828,0.0003694079908664606,3598.7608265098124
831,train,9,1,0.09132293782924535,0.14645656818730354,0.14645656818730357,1.5343614427020658,1.625541321511264,10.476562858824932,6.005663955424077,44.959025271984025,10726.66885779622,1918.7527465162925,2705.277356687749,6102.638754592184,0.568922079677769,12979.266369686253
832,train,9,1,0.08305681370255297,0.1107312192632382,0.11073121926323827,1.2336069283628768,1.3166339346153109,11.140552199919853,4.421154090097025,30.03011239191442,6154.153111267568,1975.3661012951502,1473.0028330941316,2705.784176878286,0.43966799784755056,12232.175698457722
833,train,9,1,0.0784135868268204,0.08232826694787555,0.08232826694787555,0.7774720380587387,0.8554844867321663,9.443561329318143,4.501680362961429,30.56449669795188,3391.098820699174,1078.8362424009977,1019.0516574018824,1293.2109208962913,0.3813545370611341,11755.569735376135
834,train,9,1,0.09591810614828865,0.1433610155105126,0.14336101551051264,1.2316902407907984,1.327584675331309,8.591528431943052,4.5656713780839935,25.7287513130927,10297.309440597079,1810.9017222070981,3348.191357649712,5138.216360740274,0.49898630223569734,12748.418708455474
835,train,9,1,0.06076916111524406,0.09286681057124263,0.09286681057124263,1.4082433377403467,1.4689806602036697,15.164118688667735,7.632665064144067,80.11933240720288,4312.142258139376,552.5163196225594,1457.370535095175,2302.2554034216423,0.5339006149613975,12278.49635368588
836,train,9,1,0.07221710025849461,0.11541560929770674,0.11541560929770676,1.3735823696893203,1.445698495474062,11.901183713775296,5.993942644701974,48.49108502050406,6662.900239076495,1148.580754637283,2184.3430295603953,3329.9764548788235,0.49977882534533813,12527.240849577629
837,train,9,1,0.17056179474467353,0.1720001616676432,0.1720001616676432,0.8230181889665691,0.9935163489863044,4.784984973193754,1.0900801966991223,0.7171993286639782,14803.206003905414,11585.656273315577,1045.0343309179593,2172.5153996718773,0.14675978967655517,10973.45267867723
838,train,9,1,0.08464457676783695,0.11548734747946728,0.11548734747946722,1.506174424429978,1.5908166472227094,13.04189989035608,5.319768379743632,43.205728717528046,6669.803497879399,1769.2643820986716,1883.6000493933352,3016.939066387392,0.4523280284564004,12027.527707289632
839,train,9,1,0.11952043254965974,0.15440576942171436,0.15440576942171436,1.4659202031314926,1.5852428276411956,9.493947076082105,3.249008502653543,16.919128187428527,11930.682701050177,4995.873277220008,2837.6037392007715,4097.205684629391,0.3434175384002746,12051.238805495306
840,train,9,1,0.07562418557512865,0.13079444934802525,0.13079444934802525,1.41813198946607,1.4935750035219826,10.8424477990853,5.431560669583237,37.64916282733608,8562.687519787089,1612.0675506383748,2792.881198810271,4157.738770338445,0.4855646969167721,12298.156426298812
841,train,9,1,0.06394050512466493,0.08299636191199641,0.08299636191199643,1.0241339405998224,1.0880067385951406,12.339504009654577,5.952684803182594,49.61295008034926,3445.35929970146,557.8201086525684,1266.1138361734393,1621.42535487545,0.4706113974864527,11979.446230744756
842,train,0,0,0.7952774537031073,0.5334862308801824,0.5334862308801824,0.9142192828233819,1.7077695752959698,1.71366987544372,0.16226673868303873,-1.4176748582488885,142303.83151600676,141477.6055785003,802.4001118779532,23.825825628310852,0.00016742926296844547,2829.2742378279313
843,train,0,0,0.7631652312637889,0.5006090870839064,0.5006090870839065,0.8410188002227224,1.603356675885152,1.6799910787112025,0.1244377698224745,-1.426437147825857,125304.72941661174,124490.39647108133,791.9009759678264,22.431969562738665,0.00017901933683729613,2923.4623564369654
844,train,0,0,0.7251453461750061,0.4751333996347738,0.4751333996347738,0.8405326542751281,1.5651837326586246,1.76904560892,0.14417758625601812,-1.3819923722915617,112875.87698492923,112030.88433728795,820.8394896784856,24.153157962852326,0.00021397980337355135,2982.443563699315
845,train,0,0,0.699643195517594,0.4495794441248216,0.44957944412482165,0.7627308956307824,1.4596237866207957,1.6965430817584648,0.10490485991282132,-1.404814747692286,101060.86405437693,100327.45692565959,706.4311717923167,26.97595692493666,0.00026692782787233983,3112.024042891524
846,train,0,0,0.6767260205028579,0.4351078035179745,0.43510780351797423,0.7603174079181626,1.4331347928382456,1.747423056471921,0.11194249557856116,-1.3955511120393633,94659.40034869681,93956.19396907349,680.1250176174923,23.081362005737965,0.00024383592037043503,3170.3032678216773
847,train,0,0,0.6452122291532578,0.40999645144090213,0.40999645144090213,0.7169020811113296,1.3610258880071342,1.7485567950450067,0.08903605016347277,-1.371345458014987,84048.55089801713,83434.34048221109,590.1604116437331,24.050004162277318,0.0002861441857749472,3243.211268242032
848,train,0,0,0.6410160120271612,0.40722334641343255,0.40722334641343244,0.7524845544553828,1.3914638948626816,1.8478423722087505,0.10597354168285597,-1.3744215267780062,82915.44929097153,82279.96741800486,609.3929733765156,26.08889959007728,0.0003146446146426181,3361.425963427389
849,train,0,0,0.6264781381121138,0.3944763691452642,0.3944763691452642,0.6915159796247026,1.3171865893527865,1.7529972229339164,0.06671302432107581,-1.3843603345475002,77805.81053261244,77132.65956341807,647.5755052044308,25.57546398980805,0.00032870892051292303,3365.8630747211646
850,train,0,0,0.6137476578635905,0.3822635790346933,0.38226357903469355,0.6447191819267537,1.2583534781078924,1.6865828116683859,0.05027271098898792,-1.3809058296607077,73062.7269378676,72441.70731822065,595.4734342836392,25.546185363436965,0.00034964730217586036,3498.3121626804627
851,train,0,0,0.5891982359217945,0.3649504915391399,0.3649504915391399,0.664780850954121,1.2506107108201832,1.8215644761854641,0.05336107412771579,-1.3472116085410615,66594.43740609052,66026.8848274251,540.5537687868465,26.998809878502303,0.0004054213974939756,3488.905279369335
852,train,0,0,0.5953289380327332,0.362321573945176,0.3623215739451762,0.6330782065137756,1.227774073020555,1.7472826683226106,0.018469334123301623,-1.3522535323536855,65638.46703412296,65053.5645643742,561.50501028116,23.39745946755646,0.00035645956593399725,3469.9543067361024
853,train,0,0,0.5544500075675314,0.3333144539966803,0.3333144539966803,0.6165261543892557,1.1702521702391095,1.8496832255447166,-0.06039452264244142,-1.3875316292428255,55549.26856762371,55019.885611093654,504.2449732787572,25.137983251344078,0.0004525349099915148,3620.6588330485947
854,train,0,0,0.561953391638759,0.33957327197304454,0.3395732719730445,0.650515828522679,1.2119164040195756,1.9156861926822004,0.01178180834978391,-1.3421776567333135,57655.00421099599,57151.55292549472,480.19892515600446,23.252360345261884,0.0004033016849702559,3538.4633247018355
855,train,0,0,0.5670111703865114,0.34569805709600776,0.3456980570960078,0.6419351768501219,1.2082223379984498,1.8569244566851664,0.029130494915244342,-1.365362400969885,59753.730360133544,59189.06372675516,539.4040708330677,25.26256254529458,0.00042277799884690107,3582.4692254522975
856,train,0,0,0.565546918765176,0.3413229043687642,0.3413229043687643,0.6126070729340427,1.1745309075340629,1.7948021216653653,0.0115098294435652,-1.362752241047147,58250.69819484721,57689.393439523876,537.2929553647045,24.01179995862816,0.00041221480089919705,3588.830319581444
857,train,0,0,0.5493426263544534,0.336746649119319,0.3367466491193192,0.5994165003087546,1.1483086028310936,1.7800221676336974,0.04646236365047675,-1.3460416926625987,56699.219304994775,56186.41523095774,487.5037077766407,25.30036626042083,0.0004462207164498305,3850.265760401467
858,train,0,0,0.5299891693120444,0.3216666730724589,0.3216666730724589,0.6201906936640298,1.1501155489968369,1.9280539315439904,0.016728581362910742,-1.3321682102343824,51734.725312014685,51235.56820409395,473.63017356087363,25.52693435983846,0.0004934197331847083,3663.0507871754817
859,train,0,0,0.5308821169378062,0.3182950323387455,0.31829503233874545,0.5556788476465444,1.0862616256636102,1.7457980527172139,-0.0036719660537858742,-1.3544389982832685,50655.86381448969,50183.68130560908,447.13293375390634,25.049575126721688,0.0004945049445501009,3899.0295667285604
860,train,0,0,0.5409573303225661,0.34104247248695035,0.34104247248695035,0.6345769180294847,1.1754806519056729,1.860697623384038,0.0722790835492833,-1.3525039180958973,58154.99857586462,57617.86993745159,512.1372272910254,24.99141112195533,0.0004297379715236932,3544.630611683452
861,train,0,0,0.538391251150635,0.3283620088211687,0.32836200882116867,0.5983900837263791,1.1366702979430556,1.8223487116387822,0.046684040954660805,-1.3377424896648518,53910.818029850365,53439.015882826774,446.39666148445366,25.405485539192703,0.0004712502326550807,3693.3012415992152
862,train,0,0,0.5234288797743502,0.3151845827493148,0.3151845827493149,0.579078830682498,1.1019146558246575,1.837268896946885,-0.01855265786098967,-1.337283432072328,49670.69764626974,49184.54917230531,462.69147571451117,23.4569982500212,0.0004722502272279402,3696.3341657843866
863,train,0,0,0.5394051461364142,0.3351498642953344,0.33514986429533417,0.6217159838532098,1.1595537643879652,1.8550387456083035,0.10143135486381119,-1.3376122365135432,56162.72450759093,55605.43663338654,529.8741766614648,27.413697542917863,0.0004881119600815063,3782.9717133931463
864,train,0,0,0.5318481810342928,0.31537999377987785,0.31537999377987797,0.6197402589071135,1.1512978310056496,1.9650588849325243,-0.02881086935845461,-1.3088032065563493,49732.355989821466,49253.38468892665,455.23339228388596,23.737908610887555,0.0004773131724494593,3607.5277346027824
865,train,0,0,0.5240576079769671,0.3139925911808397,0.3139925911808396,0.569307584436363,1.0933079462702153,1.813124259701014,-0.016453392521112446,-1.323488874541192,49295.674863271975,48805.61094231761,464.9744607161845,25.089460238224582,0.000508958652210635,3759.7022335635784
866,train,0,0,0.5389804340264527,0.32772019038406436,0.32772019038406436,0.5818764471152099,1.1197891738265753,1.7755282225159603,0.01265915736797053,-1.3469723482440654,53700.27140738885,53167.10654358157,509.07079758146114,24.094066225784825,0.00044867680542988133,3797.939561298091
867,train,0,0,0.5384517328767106,0.32694576454173635,0.32694576454173646,0.591299830195494,1.128878078656271,1.8085563243930975,0.03014550908200391,-1.349417117826631,53446.791607802996,52935.67943398624,485.10040269327857,26.0117711234841,0.00048668536203932766,3743.29666720351
868,train,0,0,0.5315726520642348,0.31994134012256553,0.3199413401225654,0.5630378005877428,1.0943581638275646,1.7598157223822661,-0.0038255933199299414,-1.324852699070319,51181.27436227868,50724.01744872193,434.21075449190016,23.046159064849277,0.00045028497926254493,3641.3929212461326
869,train,0,0,4.076113352120156,2.7072225715785816,2.7072225715785807,5.199253431021934,9.273914749035612,1.9205119983874288,0.360540871037485,-1.107822819300336,3664527.7512940094,3660753.760417931,2521.8851220720007,1252.1057540069262,0.00034168270483551,2659.9043497314374
870,train,0,0,4.085783444169909,2.7043293666959545,2.7043293666959554,5.258285083051771,9.333309892565012,1.9443952159851516,0.3705235705449812,-1.0947866970452285,3656700.9526318377,3652871.7256109687,2433.4628546899116,1395.7641661781975,0.0003817003862931761,2726.2428623805904
871,train,0,0,4.075791176403989,2.698231713702634,2.6982317137026346,5.232571784411441,9.307523866766132,1.9392596113367413,0.3620671217781338,-1.0912920092105962,3640228.6227951422,3636031.2361692623,2942.5230463218,1254.8635795553555,0.0003447210902352092,2650.393666734587
872,train,0,0,4.072193995812442,2.690203981923539,2.6902039819235397,5.2559481703252535,9.324038296472281,1.9537359269564254,0.37298254651180457,-1.0701341401306848,3618598.7764324825,3614602.1987099354,2697.947811866924,1298.6299106776178,0.00035887645768728076,2656.439898358941
873,train,0,0,4.078437989633531,2.70068438403748,2.7006843840374795,5.252583319265395,9.314962409436703,1.9449082426332498,0.37348457159692766,-1.0780585178643995,3646848.6433510166,3642580.725056828,2994.73071221541,1273.1875819712636,0.0003491199406623459,2682.6192031312676
874,train,0,0,4.09181811981136,2.7310851777068113,2.731085177706812,5.28270695037907,9.37152116280049,1.934288609341272,0.3709094900174101,-1.096576711205427,3729414.939177418,3725043.8278703135,3037.4448796706124,1333.6664274317109,0.00035760741273961654,2679.0201618090096
875,train,0,0,4.095107542207464,2.719347321975375,2.7193473219753734,5.198197854826227,9.273833882063627,1.911560841389757,0.36450771929294823,-1.1046712698534453,3697425.0240861345,3693447.766578277,2528.373340423973,1448.884167433949,0.00039186302845777357,2704.4230133838446
876,train,0,0,4.105681920253206,2.7352225994275177,2.735222599427517,5.345241045750212,9.449905766639858,1.9542252418026131,0.3852656958691385,-1.0540939935096167,3740724.8140445896,3736401.9993927367,2978.5730400563657,1344.2416117979747,0.0003593532479991593,2715.9306757900877
877,train,0,0,4.25171530270399,2.86929680407503,2.869296804075031,6.147817015411245,10.399070292623946,2.1426214976017803,0.44259690711095123,-0.8635680552480833,4116434.0311419037,4110847.6383669097,4415.347423233908,1171.045351762028,0.0002844805340988736,2357.531137951258
878,train,0,0,4.213449266268872,2.7702287802002394,2.7702287802002394,5.443299505398609,9.648646908812225,1.9649277865798336,0.3235850981119659,-1.0504596027559883,3837084.162983943,3832176.664616216,3487.391186457656,1420.1071812662924,0.00037010060789543207,2553.3241295411894
879,train,0,0,4.166991701098625,2.7793716859025945,2.7793716859025936,5.558671484021004,9.722178441938013,1.999974135239073,0.3879009655445344,-0.9882578078298145,3862457.900482447,3855759.6061803126,5351.5557620536865,1346.7385400814703,0.0003486739725792878,2547.3379280088952
880,train,0,0,4.172087484665215,2.7861852335216772,2.786185233521676,5.611824220351875,9.768278764560819,2.0141604918559755,0.39902429168472664,-0.9744320641878774,3881414.0857131556,3875536.151460589,4568.104373570117,1309.8298789937423,0.0003374620306076102,2493.20040608694
881,train,0,0,4.168967772600474,2.781445384001922,2.7814453840019224,5.57351059806603,9.73908573272638,2.003818097642063,0.40511090503586933,-0.9603693136181466,3868219.2184981992,3862031.7094766656,4951.772907618598,1235.7361139135323,0.00031945865632540223,2485.070087759184
882,train,0,0,4.177167465596925,2.7848161046242694,2.7848161046242703,5.614570090860594,9.785601370502263,2.0161367501205674,0.40741834614935263,-0.9470100128576799,3877600.5393418428,3870701.9766055387,5698.6817396845645,1199.880996617462,0.00030943904211987796,2420.6013133308297
883,train,0,0,4.179109989357181,2.779004881296273,2.7790048812962733,5.649153293418698,9.820415667258203,2.0327971827036295,0.393990688085413,-0.9627482569253898,3861434.249151721,3855720.511578944,4379.713652250321,1334.0239205299636,0.0003454736852823589,2538.5304593962037
884,train,0,0,4.183845370264258,2.7966491231334247,2.7966491231334243,5.6406919069574215,9.81831227382645,2.016946588078762,0.3970613893796999,-0.9630352023766502,3910623.8330367454,3905422.835036431,4048.643641258948,1152.3543590563756,0.0002946727704468393,2440.0071352825416
885,train,0,0,4.171169079719577,2.780354206597824,2.7803542065978237,5.629245005668607,9.792699771467596,2.024650309773597,0.39302680040852334,-0.9628589077465644,3865186.2211978873,3858617.92178336,5313.58554745783,1254.713867072466,0.0003246192538385922,2438.551332140582
886,train,10,1,3.2325750745963306,2.1748990442856626,2.174899044285663,8.398126944141463,11.622347010299563,3.8613870221731577,0.8484838315284972,-0.39211613406735113,2365148.8823499186,2289774.1844428675,49365.38028240841,26009.31762463907,0.010996905023077125,6945.543972981417
887,train,10,1,3.634794752036687,2.5470967591900937,2.547096759190092,8.662802179420833,12.28992956271395,3.401049507901447,1.0857632121913101,0.11404568426132444,3243883.646261967,3154496.8933652816,57452.40503698335,31934.347859703743,0.009844480056028747,6445.119383263466
888,train,10,1,3.550099269406404,2.3907123327441995,2.3907123327441995,9.096617802126799,12.64045673655346,3.8049821710189486,1.0835525059062345,0.4141056568061292,2857776.0140044265,2771460.465601734,54885.95095483837,31429.597447853575,0.010997921913345898,6497.052504007125
889,train,10,1,3.135794292244129,2.0289392911138218,2.028939291113823,6.128873218742199,9.254548504017293,3.0207277495117375,0.795386172953966,-0.4930149552589427,2058305.3316177062,1979687.1874564176,59849.835111942855,18768.30904934769,0.00911833087202709,5944.387380808559
890,train,10,1,3.523502001632005,2.7756357059171126,2.7756357059171117,9.975197186600417,13.487300220876932,3.593842363871905,1.2483311142782,0.46195226262345024,3852084.075416807,3751159.704774451,58617.55613532793,42306.81450702508,0.010982837777871544,6747.616855564415
891,train,10,1,3.8740696270683546,3.1197945214229708,3.1197945214229703,11.24418884918897,15.116752563626505,3.604144046018896,1.8679420792940475,2.9463054440515126,4866626.906054032,4678995.583532301,129759.90945936131,57871.413062363106,0.011891483398978393,6209.75328835136
892,train,10,1,4.293697403483093,2.5797731567851048,2.5797731567851034,8.137128783650695,12.405767910182476,3.1542032144373238,0.9174277687355054,-0.1911193786264307,3327707.6891333605,3094472.9545885525,94327.44355842708,138907.29098637548,0.04174263606144784,8684.454915737893
893,train,10,1,3.5928115028440955,2.067476651789581,2.067476651789581,14.485878072351216,17.652297854423523,7.006549776420656,1.6192141047161166,3.7490450872216066,2137252.3246980608,1816940.5193132053,164907.1008867199,155404.70449813537,0.07271238061237813,9133.173396440205
894,train,10,1,3.507299047637731,1.805637159032796,1.805637159032796,7.429863351654261,10.920045737177134,4.1148152686634605,0.8518357618308106,-0.2358123144819957,1630195.4696614787,1562676.1131131975,39520.76219837971,27998.594349902505,0.017174992122703302,6906.771997155499
895,train,10,1,4.278247330196201,2.5243443543767747,2.524344354376774,5.708679702274502,9.884079806506634,2.2614504603449386,0.6234948463935663,-0.9872781545588287,3186157.211421123,3132786.559304573,47870.95405109093,5499.698065456053,0.0017261226300264766,3369.3965902927343
896,train,10,1,3.84542216631677,2.353664301930074,2.353664301930073,16.362806898624637,20.197434545494616,6.952056368109361,1.2642885646968067,1.9555584916288646,2770071.880050413,2545708.3460708144,100058.13235725774,124305.40162234147,0.04487443178553158,8850.939328737926
897,train,10,1,3.9454438144555315,2.7826365424737762,2.7826365424737762,18.133924776853064,22.064266578294337,6.516813999981443,1.3932493308013905,1.9183810602606615,3871779.211638788,3579227.4010252515,144252.83783909713,148298.97277443798,0.03830253861807069,8576.03032700937
898,train,10,1,3.8324205601513386,2.2511512946116157,2.251151294611617,12.997392443388701,16.695589140057564,5.773664557553025,1.1244662326986905,0.8838974956688572,2533855.6421173387,2167335.7253142805,189623.62517060566,176896.29163245184,0.06981308985883422,9312.282235310102
899,train,10,1,4.167670793391764,3.0723934330412015,3.0723934330412015,9.03146975531429,13.174549676477909,2.9395550902393746,1.4390899212789974,0.9828508921519337,4719926.419884549,4598738.062822778,74038.90288682067,47149.45417494571,0.00998944686432188,6463.819056594181
900,train,10,1,3.543366986026056,2.3439622346469537,2.3439622346469537,5.682444972286932,9.217251892201602,2.4242903269910485,1.0655564986433244,-0.07310469000815933,2747083.4097375097,2723399.9406334125,19241.639277070663,4441.829827026308,0.0016169257224886138,3982.6424099516707
901,train,10,1,3.7030715518817305,3.121097722237936,3.121097722237937,9.899151844419539,13.562831461429596,3.171689170091572,1.48467966481378,1.3463299638674657,4870638.813580331,4736758.678099136,83276.1596124375,50603.97586875095,0.01038959730039041,6484.67294527937
902,train,10,1,3.911596066813916,3.066133614894797,3.0661336148947975,8.239229433674366,12.10302658751607,2.6871723377120547,1.3897829950143457,0.7060356901016487,4700589.065879345,4654659.610773555,31808.522114354168,14120.932991441532,0.0030040773174457255,4630.574437419651
903,train,10,1,4.1220598701471465,2.6354493601669873,2.6354493601669877,7.653741788483225,11.762881710194051,2.9041505802252514,0.9058228080388917,-0.2827994764322317,3472796.969740369,3369200.172892751,71327.55012505782,32269.246722562304,0.00929200497574,5969.049751164526
904,train,10,1,3.8118535579033197,2.447587566911119,2.4475875669111193,5.640850871723146,9.42567839473486,2.3046574300268885,0.9286394965547766,-0.19379729398606038,2995348.8243298577,2977685.6629528445,14421.761364923335,3241.40001208582,0.0010821444186257707,3361.909887613197
905,train,10,1,3.9571543927956374,2.6004927898525723,2.6004927898525727,12.036468387050554,15.963466869667172,4.628533651013479,1.1109690130631393,0.5469912375627786,3381283.3086243244,3023715.981663924,158602.87109594588,198964.45586445517,0.058842882333158854,9679.959147738158
906,train,10,1,3.895899674251676,2.171076228094912,2.171076228094912,11.233171561405062,14.936018705368042,5.174010666250077,0.8423772839885916,0.03705060274848515,2356843.9869141076,2099926.562404498,90982.92857809707,165934.49593151428,0.07040537975904705,10017.310940509627
907,train,10,1,4.190931529253721,2.4412040924117155,2.441204092411715,7.273460179120303,11.114727646112442,2.979455999491916,0.8014223418359367,-0.7342805715700953,2979743.954545823,2882852.6261090334,44989.45005577439,51901.87838101643,0.017418234308970146,7167.581564823004
908,train,10,1,3.7413700075754894,2.5178436875548824,2.5178436875548824,6.133342936455272,9.866623484529555,2.4359506377504547,0.9297361156185886,0.027354568157771375,3169773.9774438315,3153528.698692724,14008.19549224818,2237.0832588621706,0.0007057548187288101,2904.4631173648836
909,train,10,1,3.598898401306942,2.025280750886859,2.025280750886859,8.714638242674992,12.2933709602803,4.302928489721191,0.7378542339211501,-0.5526607567829762,2050981.188529092,1933174.797973703,62500.1208722142,55306.269683174905,0.026965761554760558,8113.075882387546
910,train,10,1,4.094549956095405,3.113787371671951,3.1137873716719513,9.429495034444145,13.51909945346415,3.0283040904559155,1.437984722064982,1.259855539348683,4847885.006990888,4755346.179062613,57461.63316817818,35077.19476010522,0.007235566584092277,5699.3308542185705
911,train,10,1,4.224393374533393,3.5361683086656033,3.536168308665601,10.644339077859186,14.855397580191493,3.0101336103755494,1.5414156015228055,1.3781405910466793,6252252.878470393,6174450.467676933,57232.553441158525,20569.85735230074,0.0032899912642901825,4581.067636984936
912,train,10,1,4.137291585039347,2.4896625045303606,2.489662504530361,11.1776641263254,15.291900306940079,4.489630263534015,0.7942942709969171,-0.4234760599263665,3099494.729529659,2884404.586765443,96418.52314078796,118671.61962342657,0.03828740810326679,8706.23516184146
913,train,10,1,3.7602889417810363,2.0918862642862304,2.091886264286231,10.870418799002655,14.621322658844292,5.196467410579673,0.8694748581819273,0.40210144279615045,2188066.4307129616,1831351.030136303,149538.8403027012,207176.5602739582,0.09468476704633305,9982.979731423693
914,train,10,1,3.535485450370237,1.9316428458299346,1.9316428458299348,3.9042056163717063,7.408470334485173,2.021184001380056,0.8274129106073501,-0.6510354696837006,1865627.9549992601,1846839.8236559436,12079.471883984033,6708.659459333216,0.0035959256728310958,5104.347796659033
915,train,10,1,3.7189303248126526,2.3041193738706527,2.304119373870652,5.2191428334515075,8.937028772896156,2.2651356056626337,0.7556492308130339,-0.42749323154016183,2654483.9926175177,2637009.6138480827,14422.636002821693,3051.742766615061,0.001149655742924943,3482.92498604508
916,train,10,1,3.756723787406576,2.477129842498272,2.477129842498274,6.223175619026529,9.97968317673076,2.5122524916781246,0.9778074945982185,0.17821513582925474,3068089.704407976,3053750.4944574772,11507.641206491244,2831.5687440054094,0.0009229093725445012,3215.4518600008514
917,train,10,1,4.299006859768648,2.7950828652761506,2.7950828652761497,11.641372282992583,15.932730491738766,4.164947103220295,0.9436964731736092,-0.2318251247450842,3906692.005973751,3712644.1347266687,106857.82785157494,87190.0433955043,0.022318125734555314,7369.937448251402
918,train,10,1,3.339587832653429,2.207386562002922,2.207386562002923,4.164975498950575,7.499784616287798,1.8868355777120382,0.6517253036254107,-0.8967357014594177,2436281.7188820764,2425176.241367989,7863.935337368384,3241.5421767170046,0.0013305284654044171,4126.356986016692
919,train,10,1,4.428996415981092,3.107234899052248,3.107234899052246,8.666716245762071,13.08135907817632,2.789205363394171,1.020776313657649,0.1432369781238032,4827462.759931596,4773188.612456084,36368.36195303459,17905.78552247957,0.003709150419781445,5164.708876839307
920,train,10,1,4.097883617773652,2.737581796702949,2.73758179670295,6.3381391407102345,10.410487577319145,2.3152327898818124,0.921409187535132,-0.36012684282850405,3747186.7969956016,3711627.833146304,28241.549417273298,7317.414432025186,0.0019527754628864784,3805.5863263295028
921,train,10,1,4.304008433307986,3.4017575383030776,3.4017575383030776,9.553459218059201,13.855241410899907,2.8083892254192873,1.3047440557829433,0.6587831225680993,5785977.300992607,5746304.936399157,32080.250255615774,7592.114337825983,0.0013121576430179783,3563.6171245562587
922,train,10,1,4.008055857788771,2.143670585706498,2.143670585706499,8.623221226561814,12.580671589821577,4.022642883687197,0.5271048171717264,-0.8046428996569097,2298248.2818426033,2131976.593712509,58002.18094338601,108269.50718670382,0.04710957821315091,9225.815153981262
923,train,10,1,4.2180323092326875,2.5894507816655747,2.5894507816655734,6.211277535738016,10.429206981847528,2.3986853041256992,0.7795664354804177,-0.656948286727101,3352646.2867191765,3287706.9183866424,35992.442116876824,28946.92621566078,0.0086340531449226,6102.883941211081
924,train,10,1,4.47448510196805,2.8801614387798624,2.880161438779863,13.628898915976286,17.746865332126617,4.731991315649989,0.9236044235841752,-0.27891542581816253,4147741.8810651354,3961803.1009391937,91728.90739444304,94209.87273149288,0.02271353315440639,7698.2179611433985
925,train,10,1,3.646938518792391,2.366107079000957,2.3661070790009573,6.454557224005461,9.971030533313751,2.7279227053117023,1.2552549376090107,0.6803731786462173,2799243.983735147,2778497.5674405815,17566.70684809881,3179.7094464688103,0.001135917220844034,3436.4766092187056
926,train,0,0,4.694001639846713,3.011858231508512,3.0118582315085134,6.052903686996549,10.732323784381151,2.009690769530312,0.3438127184644733,-0.9635820006109812,4535646.328977674,4529923.698301743,4387.804688213979,1334.8259877212947,0.00029429675307645996,2349.9800947654567
927,train,0,0,4.527501382176299,2.943763742774484,2.9437637427744843,5.9652897936659866,10.490943422308192,2.0264159473761736,0.3844826552599259,-0.9288980519926873,4332872.486734134,4326435.929582986,5140.099868895687,1296.4572822511045,0.00029921427095314735,2346.3699341290494
928,train,0,0,4.449070387567393,2.9196056485343487,2.9196056485343505,5.9757686322079975,10.41189472656697,2.0467725273815143,0.3954242998476185,-0.9276085506884009,4262048.944144286,4254922.770356088,5697.960396374035,1428.2133918340649,0.000335100185509675,2456.6886545576604
929,train,0,0,4.373526222702814,2.8832905429910665,2.8832905429910674,5.864972465041326,10.235198456095532,2.0341246841385336,0.3968025865673328,-0.9456574267989959,4156682.3085122695,4150704.1239379114,4718.9546632561805,1259.2299111044456,0.00030294110005129075,2414.286916578474
930,train,0,0,4.32021206174558,2.851036123678588,2.8510361236785884,5.804250065939967,10.117665372323245,2.0358388368825553,0.3960981036235115,-0.9416416195114361,4064203.773240517,4057039.0386073478,5947.740961338224,1216.99367183493,0.0002994420899483056,2402.1661555425344
931,train,0,0,4.297025813282468,2.8532443970551173,2.8532443970551182,5.889411793529056,10.184774708002806,2.0641105261111234,0.4071945554969725,-0.931720684708961,4070502.129359156,4063028.200710504,6208.062880294759,1265.8657683562487,0.0003109851630406939,2416.7569039720547
932,train,0,0,4.286147139490582,2.860658254251261,2.8606582542512613,5.978850342809222,10.252106837928295,2.0900260749161403,0.4157187549031188,-0.9209240628150703,4091684.870666857,4085326.2919053254,5086.033315977192,1272.5454455525305,0.0003110076865096243,2470.6134793985757
933,train,0,0,4.264264344072435,2.8617107770094274,2.861710777009427,5.875159026288893,10.132581747602671,2.053023343060758,0.4111110602532798,-0.9340723572619987,4094694.3868724387,4087041.3533857437,6196.997367705748,1456.036118989797,0.0003555909138561936,2497.0381546724147
934,train,0,0,4.23088498023292,2.8148244027008253,2.8148244027008245,5.874541808097158,10.100054394453764,2.0870011651385907,0.3976220463094266,-0.9377455973707001,3961619.9144131686,3954675.8028394724,5709.467529833839,1234.6440438635673,0.0003116513119725808,2370.104969886346
935,train,0,0,4.223615728719742,2.8154025357272103,2.8154025357272103,5.804028428689926,10.026286665699445,2.061527030340179,0.4107570760305924,-0.9329656528572596,3963255.698462979,3956605.4463701057,5312.22938943772,1338.0227034399402,0.00033760695883408413,2515.181979332291
936,train,0,0,4.241856830660254,2.851989044706003,2.851989044706003,5.958896381314844,10.192419852130115,2.0893826336310894,0.4184537700605109,-0.9266591070026777,4066926.6860097973,4059315.111007757,6124.038863455147,1487.5361385847805,0.0003657641883985506,2527.0461492111262
937,train,0,0,4.2238756531586406,2.834071601903899,2.8340716019039,5.91805492698052,10.138940910808742,2.0881811606329324,0.41758123486699816,-0.9299060586626653,4015982.2670287723,4009014.531232912,5580.604175112353,1387.1316207491836,0.0003454028251413207,2519.297853933069
938,train,0,0,4.225711187738925,2.835514039686726,2.8355140396867267,5.823517480473965,10.048721433617175,2.053778397484979,0.4010857732454989,-0.9397282228837653,4020070.0174555085,4013369.3800933314,5301.792980899935,1398.8443812752464,0.00034796517851712463,2480.2059460972223
939,train,0,0,4.190221964686177,2.7897631256485886,2.789763125648589,5.796807110936381,9.984262619633228,2.0778850568500102,0.40602080263091345,-0.9269505889348979,3891389.156157837,3884057.705186673,5997.5046568443095,1333.9463143157916,0.0003427943751667498,2501.5006525298386
940,train,0,0,4.212136575989425,2.8218015275825956,2.8218015275825965,5.848080327697098,10.045562468469143,2.072463378637079,0.41975560636895975,-0.9154772464987522,3981285.1726164315,3975261.275310904,4717.2681955854505,1306.6291099405807,0.00032819279536358526,2427.3568920287316
941,train,0,0,4.211208368812397,2.8321677743048834,2.8321677743048834,5.8483953222886775,10.058737821236718,2.0649890078366155,0.41733729416390264,-0.9284890698619406,4010587.371619772,4004110.6226902357,5076.403635367376,1400.3452941724622,0.00034916214619378784,2471.162162611313
942,train,0,0,4.208154877998866,2.8233388243087147,2.823338824308718,5.866655150077306,10.069311558268964,2.0779139576043377,0.40956224674327313,-0.9419265501167318,3985623.8548699403,3977761.617858797,6417.091659096648,1445.1453520461641,0.0003625894978223735,2548.8480814752284
943,train,0,0,4.210493958408478,2.819524669422118,2.819524669422118,5.850545012538787,10.055941321887076,2.075011109492402,0.40597396197821584,-0.9459458904293476,3974860.8577595497,3968520.9465294005,4997.7531165566625,1342.1581135933504,0.0003376616595202944,2472.6632266884317
944,train,0,0,4.210837440397354,2.831618382713588,2.831618382713588,5.881259842012314,10.092055130287918,2.076995924986263,0.41658362695080453,-0.9365790109023613,4009033.541600423,4001937.0324121593,5736.256459285632,1360.252728976651,0.00033929691903591123,2490.7203518601727
945,train,0,0,4.208640811680816,2.8245467136803004,2.8245467136803013,6.039266826868989,10.243249330669641,2.1381366424632438,0.42477343374585214,-0.9233331381435943,3989034.2674553464,3981249.9030030835,6443.3136820148275,1341.050770249254,0.0003361843193953625,2466.618734799679
946,train,0,0,4.211073720122455,2.8347661841808978,2.834766184180898,5.832491076325299,10.0404024340678,2.0574857668589654,0.41252400407264045,-0.944172025882053,4017951.4298031162,4012046.0108700437,4481.024359130295,1424.3945739440976,0.0003545076636264601,2522.3533877311434
947,train,0,0,4.193747582193464,2.80836716402225,2.8083671640222487,5.724480567220598,9.91048203036189,2.0383661511772493,0.41092678794750037,-0.9318220245260855,3943463.1123925843,3936208.1385482606,5827.40001655276,1427.573827773847,0.00036201018928961324,2569.7093280180125
948,train,0,0,4.22250035627,2.838959034718171,2.838959034718171,5.906021562980488,10.109674649313092,2.0803475818969646,0.4206084968555544,-0.9212745535077449,4029848.62132977,4022049.04651386,6244.64863178147,1554.9261841315604,0.0003858522565590728,2574.0115990242707
949,train,0,0,4.2122628060490825,2.821702031358346,2.821702031358346,5.842846217998769,10.050698549952358,2.0706815082051975,0.4115637736295683,-0.9440404746063322,3981008.441156202,3974522.8615560224,5171.435007680469,1314.144592499067,0.000330103442864693,2489.489638684492
950,train,0,0,4.229865705831908,2.850656372157249,2.850656372157249,5.817921960488893,10.038392725400627,2.0409060935275587,0.42070091913152885,-0.9302316940081896,4063120.9450697345,4056058.4409064315,5846.473834651522,1216.0303286520136,0.0002992847973495761,2392.964492017686
951,train,0,0,4.188112665461376,2.802276151724762,2.8022761517247594,5.804242681218311,9.986401489004493,2.0712600639469048,0.40767447152545383,-0.9364381243188551,3926375.8544557896,3918977.375265338,6046.733201324153,1351.745989131051,0.00034427320237237144,2525.4597721238174
952,train,0,0,4.2287300318677445,2.850086895927126,2.850086895927126,5.8245231419603805,10.052210866939276,2.043630020643872,0.41267732209249613,-0.937987608797167,4061497.9203622807,4055106.0193850654,4987.192623039506,1404.708354178883,0.00034585967584432116,2490.5202428330795
953,train,0,0,4.242868885338074,2.8820290159421296,2.882029015942128,6.034873500526184,10.275095022981986,2.0939669472943874,0.41782549994273893,-0.9486440598082702,4153052.6291967276,4145571.5279438887,6148.336999967713,1332.7642528743368,0.00032091195847236745,2468.5296246302637
954,train,0,0,4.204906102633802,2.826518425405751,2.826518425405751,5.853453997158678,10.05688112671487,2.070906010923458,0.41686493036260547,-0.9292926232561363,3994604.447553482,3988071.6325702425,5213.992539613808,1318.8224436230166,0.0003301509475940069,2469.0515427865216
955,train,0,0,4.20479944053269,2.8104905240905462,2.810490524090547,5.6811830728950445,9.883587261894718,2.021420468846246,0.40770151380688624,-0.9467240532819723,3949429.3210599143,3942734.724156195,5443.86832804111,1250.7285756837043,0.00031668589915366416,2418.6350244161254
956,train,0,0,4.199159828045871,2.8143070362682487,2.8143070362682474,5.808658394000028,10.003401080612093,2.06397465491266,0.4180875705876911,-0.9258673278708089,3960168.565465209,3952451.0886836387,6332.991678631761,1384.4851029384658,0.0003496025686916253,2532.782664316086
957,train,0,0,2.6162051040232184,0.7218110030715452,0.7218110030715454,2.309906669288874,4.517205059528351,3.2001544164046463,-0.1540011465483111,3.2771985445748113,260505.65134572846,254616.0720471583,4634.0705428197925,1255.508755750253,0.004819506790983249,5012.441211289396
958,train,0,0,2.6196694800555704,0.7109243538379033,0.7109243538379039,2.1525333652198313,4.228876858949661,3.0277952268753268,-0.08166053840345833,3.1578633842816393,252706.872136155,247432.17802728227,3958.920954088816,1315.7731547838282,0.005206716950993354,5227.231735600835
959,train,0,0,2.6407997573316098,0.7139759430038872,0.7139759430038878,2.2815826202332974,4.4073090851306915,3.1956015361442978,-0.13397830544090497,3.176411322699958,254880.96636089397,247966.19591506326,5602.074190309024,1312.6962555218695,0.005150232574303652,5101.678962023
960,train,10,1,2.633996204137802,0.18637886063226747,0.1863788606322676,0.5035707509517668,0.9756484031677246,2.701866237638026,0.09730536471582484,-0.6926394975819745,17385.72572105406,14883.764467542911,1249.1199060486185,1252.8413474625158,0.07206149271901426,9438.03236821093
961,train,10,1,2.577567123889923,0.31595112240664314,0.31595112240664297,0.9051263566017149,1.737145185470581,2.864767023795464,-0.38680648793909395,0.33840561041535455,49912.99270951641,46855.498109408945,1855.7859403328014,1201.7086597747377,0.02407606906619366,7726.2832133663305
962,train,10,1,2.660135518193245,0.40514254311726855,0.4051425431172687,1.3066322697401045,2.3174322843551636,3.2251174109895913,0.45428941597261613,0.3644086658702834,82081.45728549552,78366.83701935525,2416.563769794523,1298.0564963456723,0.01581424769093433,7297.606859418697
963,train,10,1,2.6507740503549577,0.3331777388584112,0.3331777388584112,1.7788161748647688,2.4465705156326294,5.338940653597217,1.6303929023902224,4.6479084749902215,55507.88519856762,51020.00690674651,3101.6942235479005,1386.1840682732518,0.0249727414999594,6880.334518125514
964,train,10,1,2.5701665811538694,0.20499870397394376,0.20499870397394382,0.48471642208099386,0.9135193824768066,2.3644853000758643,-0.06258555588698227,-1.139438039560101,21020.61235340829,18256.43717265025,1417.161343905678,1347.0138368523358,0.064080618309577,9512.93552750509
965,train,10,1,3.4980209634304047,4.17026954996345,4.17026954996345,23.28817669892311,25.6588271856308,5.584333679132855,4.090098448985643,16.405101171889417,8695574.362031015,8171935.752390995,518634.0342818618,5004.575358171352,0.0005755313162548172,2210.1549567136703
966,train,10,1,2.6094029405117034,0.18882605364651156,0.1888260536465114,0.5146297953128816,0.9630341529846191,2.725417310665643,-0.0580524695041924,-1.040150864882091,17827.80727247652,14898.406804647993,1704.442986518265,1224.957481310303,0.06871049605755246,9118.370676542356
967,train,10,1,3.3757023565769195,3.282887268128966,3.282887268128966,19.60490944457054,20.93149995803833,5.971849729626591,4.376843597923072,18.975302437982464,5388683.46406815,5016521.583922497,369577.46187085763,2584.418274796665,0.00047960105506838883,2190.1846604299744
968,train,10,1,2.6116324589252473,0.16543885689649537,0.16543885689649537,0.4817422702312468,0.846912145614624,2.911905215427368,0.145651923826745,-0.8922400783194795,13685.905753878504,10912.312228314195,1387.1457947402969,1386.4477308240025,0.10130478433486885,9862.849076964678
969,train,10,1,2.566035064458847,0.16513792443801772,0.1651379244380177,0.40948727965354914,0.8103213310241699,2.4796683199639262,-0.037323611221584056,-1.1268365484348222,13635.509283944619,11212.570230035079,1224.023116814269,1198.9159370952764,0.08792601083899096,9692.217991037818
970,train,10,1,2.603646914243698,0.1432825175113855,0.14328251751138557,0.42627938580513014,0.7774720191955566,2.9750969846775406,0.055790478206145376,-0.7552845998763598,10265.873413880816,7412.550039004987,1455.7669804941352,1397.5563943817012,0.13613614137224997,10113.677727726345
971,train,10,1,3.0994805572479964,3.033803408576481,3.0338034085764805,22.490698886111378,25.39206214249134,7.413367267810029,5.641612236224065,32.44392985839968,4601994.67027379,3914277.9110878594,682360.5416809951,5356.2175049294865,0.0011638904189801734,2766.603970690159
972,train,0,0,3.0374828574620185,1.8887743561501993,1.8887743561501997,9.765977263692767,12.79471705853939,5.170536772639322,3.1403017711128216,10.889716191972582,1783735.7000050175,1675058.686696328,104787.49638504242,3889.516923648917,0.0021805455391389968,3181.938437174575
973,train,0,0,2.5432771560549736,0.6607843165208482,0.6607843165208481,2.173761051595211,4.171071320772171,3.289668046361127,-0.2643632426692536,3.4922047310991484,218320.14759645192,211069.0190126898,5854.969777735911,1396.1588060260306,0.006395006697259674,5300.48214574683
974,train,0,0,2.5380110866427423,0.6616259771169135,0.6616259771169136,2.189747375905514,4.155394583940506,3.3096454063782494,-0.25895582813781565,3.6120805456147034,218874.69224569347,211946.7825700737,5547.775696349027,1380.133979270787,0.006305589582378692,5249.78705820145
975,train,0,0,2.610935951322317,0.6640728718248967,0.6640728718248967,2.115378851741552,4.111957281827927,3.185461929695175,-0.1554709359415404,3.395312337522257,220496.43842871347,213879.27219826874,5261.001981931084,1356.1642485135444,0.006150504099647815,5405.828014645776
976,train,0,0,2.5746564707756043,0.6615608297954291,0.6615608297954294,2.1350898287296296,4.053897827863693,3.2273522442219726,-0.2303908685214106,3.422615954132927,218832.7391498045,211659.27489267406,5874.262778487371,1299.2014786428308,0.005936961186385586,5266.6113436680525
977,train,0,0,2.5624079755842684,0.6582046761069104,0.6582046761069101,2.203931962639093,4.187674194574356,3.348399126658765,-0.34131393387573994,3.5812173706780746,216617.66714092446,210535.37328240584,4820.062237140071,1262.231621378593,0.005827002192565512,5142.136522833127
978,train,0,0,2.5596483431458474,0.6460591213721134,0.646059121372113,2.0542753420472146,3.9386849403381348,3.179701785936099,-0.33177189839703464,3.4174455423163153,208696.53268544335,202893.00019872992,4651.7078882249625,1151.8245984884945,0.005519136248538329,5129.651938381468
979,train,0,0,2.569673040211201,0.6514150928397265,0.6514150928397265,2.0250165846943857,4.0455034375190735,3.1086424108884114,-0.10655936660899343,3.319139643133977,212171.8643879772,205381.41971820046,5605.044558868662,1185.4001109080025,0.005586980697593256,5155.451889389101
980,train,0,0,2.586024171888828,0.6571443236503529,0.657144323650353,2.056757874071598,4.04071718454361,3.1298419541183433,-0.12700541968468568,3.3423759912160227,215919.7807576145,209650.44904059145,4893.090327522452,1376.2413895007396,0.006373855070951881,5432.55568263971
981,train,0,0,2.5674506764113905,0.662221851442285,0.6622218514422848,2.155106488913298,4.104066640138626,3.2543572584015275,-0.3410608114305442,3.3791448629884187,219270.45499487204,213250.74075853272,4814.090763690858,1205.6234726485507,0.00549833981361851,5167.87137569132
982,train,0,0,2.5771067660748956,0.6592213009442519,0.6592213009442521,2.112011603683233,4.043475031852722,3.203797572466242,-0.32839038480529437,3.4971232210869907,217286.5282879812,210245.62118318406,5849.851245202665,1191.055859594586,0.005481498871462558,5126.824813405611
983,train,0,0,2.5916237753927707,0.6602823346802117,0.6602823346802116,2.092182658344507,4.062910586595535,3.168618253822881,-0.15565166524328988,3.408263739245333,217991.2625212757,212385.50446278203,4398.193285801296,1207.564772692044,0.005539509972672355,5248.054698168917
984,train,0,0,2.553887497127056,0.6534973125243664,0.6534973125243663,2.0025633680224417,3.9811995029449463,3.064378888241831,-0.09682433689081836,3.342881769248974,213529.91911921074,206947.90752809914,5218.678764088794,1363.3328270228756,0.006384739115935065,5326.217347186213
985,train,0,0,2.5617556973397733,0.6502530195269152,0.6502530195269155,2.0880570813119412,4.06903600692749,3.211145536596023,-0.2756263353705681,3.4601851089363,211416.03811783582,204846.17149215972,5403.247075056946,1166.619550619167,0.005518122281569455,5121.902181752616
986,train,0,0,2.575693965345621,0.6541302645938558,0.6541302645938557,2.106386334091425,3.9757507145404816,3.220132820791075,-0.3452605539016613,3.425727476790345,213943.2168579002,208191.28911273408,4551.868589187319,1200.0591559787401,0.005609241431458013,5225.007596494718
987,train,0,0,2.57660034006834,0.6573971365882676,0.6573971365882675,2.0506472856402396,3.979938268661499,3.1193431968423293,-0.26805505123674067,3.2769074479769884,216086.2366179709,209441.39721408687,5163.610581877267,1481.2288220069324,0.006854804105944365,5404.344077915872
988,train,0,0,2.5846978480517864,0.6506356382695395,0.6506356382695395,2.168555354565382,4.229012459516525,3.332979669439829,-0.03483642771666153,3.509170528863365,211664.16097338567,205341.37687864515,5194.465533978594,1128.3185607618764,0.00533070197417006,5060.371078687405
989,train,0,0,2.5390702174305915,0.6480382774247369,0.6480382774247367,2.0770030902028083,3.9647793769836426,3.2050623590579983,-0.07319631671411561,3.387689758303403,209976.8276818611,204478.7638158558,4302.268794354312,1195.7950716508738,0.005694890645088896,5205.363853327135
990,train,0,0,2.558446688503027,0.6547189085138598,0.6547189085138596,2.0640465746819974,3.9929637014865875,3.1525690610756265,-0.3203482034779074,3.3972544590810205,214331.00988215068,207851.8630123444,5235.220989472382,1243.9258803338714,0.005803760645824609,5238.740291620093
991,train,0,0,2.5695660437643526,0.6546007154905185,0.6546007154905186,2.2196405853331087,4.156069815158844,3.390831285098494,-0.30559850498402635,3.4862957434439767,214259.1778064241,207206.4420776289,5741.862525594962,1310.873203200208,0.006118165936324733,5256.554474134142
992,train,0,0,2.5473997361958025,0.6523746180443835,0.6523746180443835,2.0547333426773546,3.999623626470566,3.1496218366631235,-0.20956157264439737,3.3847324933046536,212797.23866547088,206897.79754227956,4674.9322184553685,1224.5089047362221,0.005754345838393225,5224.784659162728
993,train,0,0,2.579968237102032,0.6484208658271782,0.6484208658271784,2.0861354700922967,4.025495827198029,3.217255304440354,-0.20059886140672994,3.478792750816398,210224.83360163972,203369.79272303305,5543.64107302642,1311.3998055799657,0.0062380822622743505,5231.645659324139
994,train,0,0,1.5105837646147702,1.1003910412037599,1.10039104120376,1.8196111854889896,3.3277002268005162,1.653604143758247,0.1636745728201052,-1.4434753267101645,605430.3057049622,605254.402816198,143.3920611021081,32.510827662395464,5.36987120665192e-05,1647.1699341419571
995,train,0,0,1.1454177445076348,0.8616815078774285,0.8616815078774285,1.3241083079673408,2.469038323062705,1.5366562887359665,0.21943001738802997,-1.4929464785144746,371247.52005307167,371128.35402384977,95.8575534463891,23.30847577575149,6.278419253122398e-05,1841.6903085519955
996,train,0,0,0.9599136058171279,0.7155043704989316,0.7155043704989312,1.1670841034571642,2.1238749872427434,1.6311348351979178,0.23712305217254645,-1.476049148433924,255973.31301943175,255716.58656199713,234.28130594265897,22.44515149185983,8.76855138807222e-05,2106.4208378491467
997,train,0,0,0.8496568655129814,0.6221316206158831,0.622131620615883,1.0189495826605417,1.8683883390040137,1.6378360284144156,0.2381457894514148,-1.4645384181853314,193523.87693896706,193038.7967134395,464.7409757217868,20.33924980611637,0.00010509943335070172,2348.3733960103123
998,train,0,0,0.7802378211647738,0.5655611318181215,0.5655611318181213,0.9562122549384366,1.7357920312788337,1.6907319140982708,0.24735247606498117,-1.4424189541647883,159929.72382603088,159507.1996739379,398.83108303107014,23.693069062381237,0.00014814675155791677,2561.2928307096095
999,train,0,0,0.7347304818694829,0.5341452569047531,0.5341452569047536,0.890273809664941,1.624942384485621,1.6667260415712923,0.26265296939886834,-1.430975789998611,142655.63497514225,142263.33874554318,368.4418342883101,23.85439531075752,0.0001672166354656383,2681.1738899019524
1000,train,0,0,0.7083827399577712,0.5081865705370977,0.5081865705370977,0.8976825333271409,1.604463525232859,1.7664428486931256,0.25602605884399043,-1.4215117393735905,129126.79780941046,128765.54669366516,340.4761826712153,20.774933074014243,0.00016088785152620127,2657.198780488681
1001,train,0,0,0.6926432683800813,0.49630313438698537,0.49630313438698537,0.8694379493857268,1.5591764540877193,1.7518284474661303,0.25824421929344965,-1.414805053914044,123158.40555374957,122786.22425595006,350.61121032963916,21.570087469838306,0.00017514100944108563,2730.7183271792237
1002,train,0,0,0.6846249815293995,0.48807838732700815,0.48807838732700815,0.8391273502043041,1.5234860052878503,1.7192470963523658,0.2581275547510571,-1.4143444552251867,119110.26103214899,118751.20629573721,336.82789447412125,22.22684193772657,0.00018660728089351877,2795.994933441548
1003,train,0,0,0.6795496435326659,0.48359072664535935,0.48359072664535935,0.8428338079291261,1.522355299892297,1.7428659432239635,0.26398407035795385,-1.4020097644295753,116929.99989329785,116572.9513967891,335.9573481805741,21.09114832813434,0.0001803741413442286,2746.149355468523
1004,train,0,0,0.6776245135871577,0.4809657064623617,0.4809657064623616,0.8158061008842779,1.4927912492421456,1.696183511470624,0.25253565804608674,-1.4118614395269764,115664.00546118125,115322.16464950639,321.44410514045853,20.396706534394767,0.00017634445956689817,2814.619343169949
1005,train,0,0,0.6714382503866217,0.4746195654631374,0.4746195654631377,0.8121779824853875,1.4823777978308499,1.7112189247673713,0.24405353092236504,-1.4162474263698102,112631.89581840415,112299.39138345639,310.70147081058985,21.802964136903693,0.00019357717437391362,2860.4949091157464
1006,train,0,0,0.6682440929570512,0.473366946655748,0.4733669466557479,0.8225192136606856,1.4906607494413038,1.7375932550247444,0.2516868973938525,-1.408168979104399,112038.1456475697,111684.08576336454,331.5861505834561,22.47373362187491,0.0002005900177299338,2827.0225595318566
1007,train,0,0,0.667529138056736,0.4750677066560853,0.4750677066560853,0.8259583392458153,1.4932169631356373,1.7386118392672594,0.25861734090053234,-1.4096456376031956,112844.66607386534,112487.77221636126,335.079575415663,21.814282088438233,0.0001933124785371702,2822.051227160689
1008,train,0,0,0.6684791922852165,0.4745398118207599,0.4745398118207598,0.8140982508376473,1.4816644247621298,1.715553111790636,0.25453075438027906,-1.4107114393562077,112594.09098213718,112221.65796877557,350.2544044999938,22.178608861698994,0.00019697844414603947,2829.908517624531
1009,train,0,0,0.6683403514737729,0.47107318340075505,0.4710731834007551,0.7875013090257998,1.4552946828771383,1.6717175521236378,0.2405031002920095,-1.4156163038682852,110954.97865005865,110594.74483556871,337.28392726704806,22.94988722297363,0.0002068396344372736,2895.494754261221
1010,train,0,0,0.66550579611602,0.4721724128819877,0.4721724128819876,0.8095797007864458,1.4743508358369581,1.71458492427593,0.2508068772925949,-1.4084365744806704,111473.39453422911,111139.60526688727,313.2585302716959,20.53073707009108,0.00018417611804031765,2849.7425817869876
1011,train,0,0,0.6629527827627608,0.47234350138045605,0.47234350138045594,0.8108319023721269,1.4735377441393211,1.716614921137722,0.2606743953352559,-1.4069002943606828,111554.19208449154,111194.04505392045,338.0821431074459,22.064887463564343,0.00019779523343105133,2873.9524990764353
1012,train,0,0,0.6670632844222127,0.47309884126847873,0.47309884126847873,0.8209824080216349,1.4876490545575507,1.7353295683844971,0.25258547270666976,-1.4078186570981104,111911.25699929724,111561.24185259933,328.0400135758645,21.97513312207689,0.00019636213291943352,2799.0834433576597
1013,train,0,0,0.66625192648964,0.4700172447410177,0.4700172447410176,0.8140405129711143,1.4774733413942158,1.7319375450142382,0.23922091612068724,-1.4099247884240385,110458.11350125985,110109.39487750224,324.71009794325164,24.00852581432243,0.00021735411780365592,2942.2788388745253
1014,train,0,0,0.6634042169108361,0.4711562165281088,0.47115621652810885,0.80163694367266,1.4649456872357405,1.7014249532348789,0.25586791134158116,-1.404041825293998,110994.09023777534,110646.93819564133,324.7433500634578,22.40869207044468,0.000201890857634312,2869.875789324448
1015,train,0,0,0.6651856681199569,0.47054972088104857,0.47054972088104857,0.8040352085737686,1.4689302888873499,1.7087146647718927,0.2555011466735059,-1.4032939918390024,110708.56463889626,110362.9816473119,323.90533627149676,21.677655312938256,0.00019580829526284044,2810.1841079656165
1016,train,0,0,0.6662839030567557,0.46889596927571875,0.4688959692757188,0.7849767828639597,1.4496928171720356,1.67409582146009,0.24436336593798144,-1.4113217073495044,109931.71816558918,109572.2388264912,334.4789135475986,25.000425550318088,0.00022741776411299393,2999.3129002743353
1017,train,0,0,0.66135626163485,0.468672170112689,0.468672170112689,0.8135051218032604,1.4735861154040322,1.735765794686846,0.25111021503129566,-1.4042358218905622,109826.8322506021,109479.32464989665,325.03088036089554,22.47672034445532,0.00020465600148757905,2895.5684949080232
1018,train,11,1,0.13952221054591063,0.1677866968375075,0.1677866968375075,4.29124246459447,4.430610024617636,25.575582245059095,16.810963663633636,425.15855883607685,14084.16801692973,4208.990630981744,4214.249167990982,5660.92821795703,0.4019355783850611,11966.33722317019
1019,train,11,1,0.11009811728484055,0.1443997586525217,0.1443997586525217,3.214087254114085,3.3241082874155836,22.258259183440515,11.438736526382117,243.5196186811486,10432.513428896176,3721.7027076035884,3201.2420151499177,3509.5687061426706,0.3364068237306841,11555.406688484682
1020,train,11,1,0.14024561289113627,0.3206108918552277,0.3206108918552277,5.430140320031227,5.570337192788429,16.936855415639513,10.154329007107428,133.03663561727217,51396.91619021188,5926.11028250044,21152.983719078657,24317.822188632774,0.47313776761695875,11815.927154764859
1021,train,11,1,0.1615350730873579,0.13851263274469788,0.13851263274469788,0.6248773448012834,0.7863783500397403,4.511338297590789,0.6122861565883532,-0.30207882410110143,9593.161418993335,6666.487143056429,2525.746461885832,400.92781405104836,0.04179308535945807,7369.549135709445
1022,train,11,1,0.12805484261393757,0.3277012439580978,0.3277012439580978,6.600013985968826,6.7280561923598725,20.140338517643073,12.44288900665691,206.0751130675158,53704.82585673145,4993.093115780608,21718.966373179577,26992.766367771277,0.5026134232290405,11974.676319106378
1023,train,11,1,0.15820888357185503,0.18453976625476837,0.18453976625476834,2.6006233326909625,2.758810533434371,14.092481991662677,4.8707562057690375,53.68749667355772,17027.801583617045,6430.722254692595,6515.023371522977,4082.055957401494,0.23972888909681458,10420.126580420989
1024,train,11,1,0.1234086452435531,0.1904619905476304,0.19046199054763044,2.395075708775612,2.5184581275116216,12.575084938937751,5.611278756695178,53.27840463518375,18140.417934575882,6128.806232026259,6791.944828616725,5219.666873932887,0.28773685880655103,10789.762578832597
1025,train,11,1,0.16694392372408037,0.23112021787549605,0.23112021787549605,3.2972012598391522,3.4641006617530365,14.266174072297506,7.608788794752369,86.74892313120986,26708.516278325173,7227.45342962449,8927.362685093161,10553.70016360751,0.3951436333500929,11662.66121510441
1026,train,11,1,0.09010152827373531,0.15075177113858168,0.15075177113858168,3.3061000822914504,3.396052042939118,21.930754493439746,13.727066933624585,263.37013576928786,11377.04340320061,1788.0651994626014,4490.122624471978,5098.855579266024,0.4481705306522435,11680.122095733472
1027,train,11,1,0.13064808612510387,0.1602408648025366,0.16024086480253663,2.258539488261493,2.389168012989103,14.09465363934893,4.486785295260525,48.31362130371822,12838.594402603796,5948.251620420144,4277.586122998356,2612.7566591852888,0.2035079991821687,10249.474375433352
1028,train,11,1,0.1504109829592744,0.31025145111435093,0.31025145111435093,5.183283475048538,5.33363634770285,16.706717910363967,10.690241741278864,144.37704258591688,48128.5423429565,6050.5033035213355,18788.12975783133,23289.90928160387,0.48391054762563973,12052.199582915473
1029,train,11,1,0.12118341290771059,0.16010970747542946,0.16010970747542952,1.8975350681561323,2.0186306969917496,11.851467959538484,4.364026441750068,34.75680464747481,12819.14680163579,4579.550222872077,5177.895772811348,3061.700805952359,0.23883811093899557,9979.020149717146
1030,train,11,1,0.14432738968492775,0.26269313990800375,0.2626931399080037,6.058400404962289,6.202526514403871,23.06265175818435,13.8601040972281,292.15552294151234,34562.04023685662,5496.675787019451,15091.873092335185,13973.491357501984,0.404301692311578,11557.920007686485
1031,train,11,1,0.18580323529368617,0.27028192013554714,0.2702819201355472,3.395477711437881,3.5810049850842915,12.562726022277179,6.168948086300623,62.73145215095832,36603.36410516948,11116.733147271185,11886.909938622572,13599.721019275723,0.37154292649715875,11499.749413445674
1032,train,11,1,0.6431758051893849,0.7880806696262312,0.7880806696262316,3.557828699968086,4.200804137770319,4.514548874362673,1.23060279866225,0.17186531733500265,310568.2758987342,290746.4380208241,8699.373107844574,11122.46477006529,0.03581326759109146,9247.780894445155
1033,train,0,0,0.9418562148823403,0.6999833279930948,0.6999833279930948,1.1434222961650229,2.0819427026435733,1.633499328395865,0.23497053828270628,-1.477758368780163,244988.32977641077,244593.96376904854,372.4542297358887,21.911777626185305,8.944008739593084e-05,2121.6173524096025
1034,train,0,0,0.8308629949635069,0.6051254329737883,0.6051254329737886,1.0074867050105532,1.8379979991877917,1.6649220973235694,0.2459158257603265,-1.4474947704834524,183088.51527789628,182614.98465792736,451.0814478091703,22.449172159584222,0.00012261376485308385,2429.183765605334
1035,train,0,0,0.7642718195457128,0.5561685777596926,0.5561685777596925,0.9233900666694972,1.6869437248096801,1.6602701116071905,0.253991632859745,-1.441759265905524,154661.76345040038,154252.47483488885,387.36629923489517,21.922316276784397,0.00014174360739016678,2588.9876012097807
1036,train,0,0,0.7212915911439922,0.5163379044198466,0.5163379044198465,0.8854971633192036,1.6062068889732473,1.7149567284124565,0.24680345722047467,-1.427797358334267,133302.41656335062,132911.6201458504,369.1733981300655,21.623019370044908,0.00016221025790458035,2617.770553505992
1037,train,0,0,0.6989329715217464,0.4972746064429147,0.4972746064429147,0.829290900663007,1.5274832289433107,1.6676719259707595,0.24127480175533458,-1.4255507257223936,123641.07812267373,123292.86771731445,327.74239532559835,20.468010033639512,0.00016554376866021535,2722.294751860058
1038,train,0,0,0.6858211160316787,0.4849183518258216,0.4849183518258214,0.8318006395682969,1.5175762182843755,1.7153416372805637,0.24064206565437815,-1.4157231422181034,117572.96438010709,117200.70100088272,351.16726000831164,21.0961192158998,0.00017943001885788282,2804.1476575536885
1039,train,0,0,0.6720430135289207,0.47658286873102845,0.47658286873102845,0.8340702772578225,1.5050352169200778,1.7501054527592577,0.2514908853561271,-1.4117693580786972,113565.61585975044,113212.14955179585,333.3532475467445,20.113060407806593,0.0001771051938171631,2752.7636536730483
1040,train,0,0,0.6666843386107939,0.4747062792922445,0.4747062792922447,0.8194265870636446,1.4851988487062044,1.7261760014747536,0.2601776096204172,-1.4040711410758868,112673.02928058624,112343.75923868103,310.4324646701706,18.837577235017623,0.00016718798948865546,2690.25564396735
1041,train,0,0,0.6641682681308594,0.47006775764218034,0.4700677576421802,0.8035694065822754,1.4653963909950107,1.7094756947656038,0.2564108019433057,-1.403231697982945,110481.85448371204,110126.87722969681,331.59508959705477,23.382164418138565,0.0002116380515823593,2892.508603611235
1042,train,0,0,0.6596420807734831,0.46594303194230235,0.4659430319423023,0.8014226155384676,1.4599924836074933,1.7200012889938607,0.24866724987792022,-1.4105433962558367,108551.47610261274,108213.22191183336,317.49401275306826,20.760178026299148,0.00019124731207408675,2844.0098720765013
1043,train,0,0,0.6572063818813767,0.46527583774927295,0.4652758377492729,0.8210224255679641,1.4756628763861954,1.7645928693387156,0.25493182267161457,-1.4023094867207657,108240.81489264536,107894.3778084979,322.70071074603806,23.736373401503037,0.00021929226442950452,2949.729246521172
1044,train,0,0,0.6578057889807969,0.4646256937819344,0.4646256937819343,0.7935767288338393,1.451285364688374,1.7079914853057905,0.25502672196988996,-1.407590806940358,107938.51893699473,107591.81266966875,323.23099270738504,23.47527461872247,0.00021748746276966543,2980.3527101186364
1045,train,0,0,0.6584925371647696,0.4649974694489213,0.4649974694489213,0.7992016356944223,1.456883254868444,1.7187225484077875,0.2458432120697271,-1.4108575880562069,108111.35071496447,107761.57375480309,329.18644416669736,20.590515994643425,0.00019045656037477795,2847.9450802233478
1046,train,0,0,0.6540550611453946,0.4628923745559189,0.46289237455591886,0.815218625263602,1.469020289951004,1.7611407533893626,0.2592913521374019,-1.3977962224562201,107134.76112207686,106800.54613769613,311.2501415958989,22.964842784881302,0.00021435472991547112,2947.7078018265606
1047,train,11,1,0.2814769400624464,0.5322464303241705,0.5322464303241705,7.44643739328106,7.727885261821939,13.990582123295267,5.8818561144600645,60.1347841099107,141812.79419627524,68203.39943154453,29825.116923660535,43784.27784107028,0.30874702165779827,12050.35172680218
1048,train,11,1,0.08112925777402416,0.18574128863749692,0.1857412886374969,3.4581697534564446,3.539275697330595,18.618206963157245,11.374043951069535,168.84193431442242,17266.69395312141,1729.5126752901026,7436.473454179458,8100.707823651838,0.46915222136009554,11764.4141827039
1049,train,11,1,0.0878176104160084,0.22361188238611687,0.22361188238611687,5.589827596035407,5.677482179846265,24.9979005426165,17.04104301785304,396.13367024387503,25002.83005306899,1939.0479302924964,11081.26193477978,11982.520187996703,0.4792465557924272,11841.739317280004
1050,train,11,1,0.10717288546697637,0.38178859143774513,0.38178859143774513,6.268699726532535,6.375850090857057,16.419295565972188,11.40332022415789,148.7614269659755,72881.36513081823,4244.515445658506,28121.561680483355,40515.288004676404,0.5559073699011207,12311.312859103688
1051,train,11,1,0.11963101781941077,0.23398983721870978,0.23398983721870978,6.022775445803636,6.142267042727326,25.739474489117068,17.798351997372887,439.884917075208,27395.57546345811,4565.452383618885,10226.111389617763,12604.011690221485,0.4600747192565268,12089.347729102317
1052,train,11,1,0.10152544621444759,0.30433354278982094,0.3043335427898209,5.024474958143463,5.125955814251938,16.509763965168542,12.147749637897995,173.47933446124722,46327.95096730857,2799.863785450343,19119.807905235102,24408.27927662309,0.5268585976065907,12077.53731172279
1053,train,11,1,0.0827929726923976,0.1810417192054067,0.18104171920540668,4.884140754572007,4.96689458504261,26.977984831388774,20.24431054594565,529.2518849733232,16399.97879606535,2086.0764060043994,6812.838392349386,7501.063997711584,0.4573825424403125,11913.018221266895
1054,train,11,1,0.08866200255193689,0.2393247654666915,0.2393247654666915,4.962361003887272,5.0509368205675855,20.734841186245383,13.435815017310512,231.6532851540749,28647.941774229348,2345.199931260956,11852.095965692615,14450.645877275756,0.504421783287588,11885.081722451649
1055,train,11,1,0.08781940255738209,0.22556271375810324,0.22556271375810324,3.3052534409942536,3.393062454530991,14.653367952200007,9.40710001135018,113.56480572414272,25457.528417492424,2486.44844287285,12124.754727366057,10846.325247253537,0.4260557061698413,11499.394468490882
1056,train,11,1,0.17274672789328907,0.39298236403908926,0.39298236403908926,5.662062098553244,5.834732757488382,14.407929252494519,8.699624665516223,101.03878360581379,77217.98483006978,8909.16653356373,31095.343504380176,37213.47479212588,0.48192755708427176,12039.054943392792
1057,train,11,1,0.13805786851143784,0.3046998091112805,0.3046998091112806,5.696221191852332,5.834158433535777,18.694534822540678,10.877874042166832,164.59165501802977,46423.78188420347,5769.027710248497,18686.23556970892,21968.518604246092,0.4732169097951341,11740.269222870847
1058,train,11,1,0.1193879185916594,0.345091417260307,0.345091417260307,7.29676598918422,7.4161057326055015,21.14444354227498,13.635588047154103,240.4518912352863,59741.55474485033,9327.45351300892,18882.243918498705,31531.85731334263,0.527804431069994,12291.978100007897
1059,train,11,1,0.10139264281161013,0.17675115238735328,0.17675115238735328,2.8887175161086778,2.9900395495133125,16.343415457784413,8.85022684133757,117.71514991046743,15620.490189152999,3018.4674334850934,7848.76424450343,4753.258511164471,0.3042963731359195,10633.029468462202
1060,train,11,1,0.1075043415537657,0.23047330282764497,0.23047330282764492,4.064817454863471,4.172208413729095,17.63682563226539,10.981274657878402,162.0749407882467,26571.78040776354,3577.0114970410255,10545.669019718647,12449.099891003894,0.46850830843711966,11722.581590029993
1061,train,11,1,0.1819735142424397,0.22146947298061181,0.22146947298061181,3.3803610232636636,3.562269452791952,15.263327165453596,7.872489472653531,103.96632467717119,24531.450697336644,8746.422224205588,6786.160227144951,8998.86824598615,0.36682984455391987,11642.597449518544
1062,train,11,1,0.11211810248196707,0.25861517907405696,0.25861517907405696,4.8065763936728185,4.918604037316982,18.585824741154923,11.71264257826642,176.2359427599755,33461.1339363681,3718.0489278902473,13661.501945232727,16081.583063245083,0.480604844229932,11885.903751796966
1063,train,11,1,0.18699718743877747,0.30112772502223667,0.3011277250222367,3.62131069868488,3.808301016855694,12.025829565900864,5.113053410155456,42.43665174944528,45367.4581651431,14956.66594382839,14399.213604245784,16011.578617068935,0.3529309171076949,11521.92499602562
1064,train,11,1,0.1721555766914389,0.30428420113703825,0.30428420113703825,4.315416139617155,4.4874249396671075,14.182189293730872,8.251555871259093,94.19470774575555,46429.32037941601,6082.790593379464,18741.04902366917,21605.480762367315,0.46534130988369793,11834.076714566605
1065,train,0,0,1.1956481230291538,0.8828844468513016,0.8828844468513016,1.4554196107354946,2.6509156943357084,1.648482557288294,0.15672142999781816,-1.4834010564339584,389742.4768444365,389535.03739968344,178.74033592662462,28.69910882657517,7.363608159659296e-05,1856.7848427987838
1066,train,0,0,0.9400111813722178,0.6990413876651032,0.699041387665103,1.16260012195725,2.1006145325955003,1.6631348908259904,0.23660116929354935,-1.4776341491331038,244329.45376099116,243901.44487749113,402.7987128854965,25.21017061489766,0.00010318105421525987,2169.6737237419247
1067,train,0,0,0.8264665587252239,0.6025454478636889,0.6025454478636889,0.9807358996564289,1.8061530332779512,1.6276546493440547,0.23701858103561835,-1.4617236437803445,181530.5163292786,181101.76855699948,408.589638059109,20.158134220015533,0.00011104542986839001,2315.0835727309814
1068,train,0,0,0.7615887335794977,0.5544849226409359,0.5544849226409359,0.9438049384099432,1.7051498679211363,1.7021291289846607,0.2580618127122946,-1.4336382214655825,153726.77309616894,153322.11651844895,383.2838009741002,21.372776745719463,0.0001390309333582967,2498.6885740408597
1069,train,0,0,0.7186772257006377,0.5142974051173695,0.5142974051173698,0.8839816421353608,1.6019525284064002,1.718814120661612,0.24782796359456544,-1.4275255400772056,132250.9377760005,131849.85228959352,377.8564127081552,23.22907369869474,0.00017564392426493709,2753.288984036732
1070,train,0,0,0.6961739224507474,0.4956901956487424,0.4956901956487424,0.8476599293635226,1.5416517374105752,1.7100599059744046,0.2442392287032557,-1.4263168155805215,122854.41739334674,122473.75328165396,359.5833560698342,21.080755622966322,0.00017159135235220255,2765.367766421286
1071,train,0,0,0.6803949248923454,0.48241273686323455,0.4824127368632344,0.8224309313164558,1.4990352902095765,1.7048283937611244,0.24713361893726704,-1.4154723438509234,116361.02473915405,115983.64909078085,355.13214332438,22.24350504876868,0.0001911594118273867,2824.5028480343103
1072,train,0,0,0.6677247453602031,0.47598418235201195,0.47598418235201173,0.8202609848110005,1.4872324097086675,1.7232946287370126,0.2610282820410563,-1.4118851522211093,113280.47226704331,112928.38631312834,329.606810086905,22.47914382792734,0.00019843794237488539,2868.5039243303804
1073,train,0,0,0.6656200839655939,0.4713662079266248,0.47136620792662476,0.8042922066075262,1.4697604989050888,1.7063000976360325,0.2578036351585469,-1.3999212215117398,111093.08087034436,110756.74122647809,315.9583966759697,20.381247190186127,0.00018346099532492828,2758.824014639772
1074,train,0,0,0.6611534455761503,0.46506567651745456,0.46506567651745456,0.8093608519092013,1.4704536763820215,1.7403151700420636,0.2491646852884742,-1.404504667544669,108143.08466652258,107801.10378560676,322.5789616898934,19.40191922591213,0.0001794097078490152,2794.359592129209
1075,train,0,0,0.659621753703781,0.4649420468795563,0.4649420468795563,0.8015855169184725,1.46108646227367,1.7240546908981196,0.24970265602857808,-1.4026221714862976,108085.56605191344,107755.96031881144,306.162766675768,23.44296642623246,0.00021689266460401212,2939.7347671983266
1076,train,0,0,0.6567082420720253,0.4639115229433176,0.4639115229433178,0.785319445954403,1.4409941758494824,1.692821598764978,0.25466506517576115,-1.4070897126893298,107606.95762005048,107270.31644307158,313.94182081455244,22.699356164430064,0.00021094691892116534,2945.216236796764
1077,train,0,0,0.6531456274662633,0.45985778967957813,0.4598577896795781,0.7756379084910732,1.4275952230673283,1.6866908115909613,0.25506914181472096,-1.3978707084982043,105734.61363717096,105397.77092915605,313.4482663655978,23.394441649186636,0.0002212562267401366,2965.9501802842333
1078,train,0,0,0.6501645352600026,0.4583381718566852,0.45833817185668524,0.7847403977157664,1.4341285280534066,1.7121427930317394,0.25080306886058384,-1.4015497673424036,105036.97998149352,104696.53223015193,317.2605615536229,23.18718978799091,0.00022075263199757136,2946.7302446838835
1079,train,0,0,0.6533762946713833,0.4617249555941529,0.4617249555941529,0.8110031351458165,1.4635372941265814,1.7564637243880579,0.2539566040252289,-1.4019356914944865,106594.97913025113,106268.16774667168,304.15137815345383,22.660005426122584,0.00021258041993172817,2919.049859657212
1080,train,0,0,0.6529425739425351,0.4586076858592402,0.4586076858592401,0.783829772554047,1.435829029593151,1.7091509730925591,0.2439185675374561,-1.4050526618345172,105160.50663523588,104818.99295607438,318.9868858968543,22.5267932646495,0.00021421343416294934,2964.451129754706
1081,train,0,0,21.17262871510815,14.202217776604375,14.202217776604373,21.16124893392902,40.918521341867745,1.4899960884129246,-0.08496313675636709,-1.4763883615739197,100851507.45866928,100720375.00437297,120725.3887717723,10407.065524556254,0.00010319196794179058,2290.3471716496565
1082,train,0,0,12.85805813238211,8.869151719284469,8.869151719284474,12.908087573794647,25.73815823532641,1.455391449187659,-0.0021722980338047546,-1.5162899651500186,39330928.09288908,39309639.67004622,19412.7213397984,1875.701503119732,4.7690242617459454e-05,1896.6922988991253
1083,train,0,0,9.541039560354372,6.554812814082574,6.554812814082575,9.632990743600706,19.173551811778452,1.4696057716407818,0.018312653892552256,-1.5427528149035965,21482787.017392855,21476890.532786943,5412.047626563555,484.4369793146381,2.255000614782566e-05,1495.6823339728578
1084,train,0,0,7.900030965998769,5.3844545082414115,5.3844545082414115,7.892237871967256,15.585155819542706,1.4657451112062416,0.03289554745989571,-1.541407970607361,14496175.681867987,14493811.89481414,2135.2388118560525,228.54824199154436,1.5766105972171377e-05,1236.4583817112996
1085,train,0,0,6.947623345009052,4.691297537615265,4.691297537615266,6.937299935086631,13.729429359547794,1.4787593154053236,0.03914378439117141,-1.5362187238628227,11004136.403850868,11002132.228667371,1811.0137400958652,193.16144338996784,1.7553530445367026e-05,992.9285262947328
1086,train,0,0,6.346654509594664,4.248773149206259,4.248773149206259,6.326981644546613,12.468472009524703,1.4891314321473244,0.03860731630887242,-1.5306215282752127,9026037.047163844,9024219.007697826,1591.1722769193623,226.86718911386353,2.513475049220517e-05,1107.4028181285082
1087,train,0,0,5.946262952397345,3.9484743266067874,3.948474326606788,5.942377160993172,11.663517429726198,1.5049805746362521,0.03685542602786511,-1.5249207270851657,7795224.758651371,7793164.2466767635,1827.2430440046194,233.26893060286872,2.9924593302326526e-05,1129.0734542374348
1088,train,0,0,5.667595711845439,3.743487855852874,3.7434878558528735,5.66318464263482,11.07037320965901,1.512809673946327,0.03592179177726284,-1.5201759360816645,7006850.82385223,7004467.3925300725,2171.244008758285,212.18731340705668,3.0282835861831612e-05,1081.7508746919725
1089,train,0,0,5.45325659304054,3.586007193474645,3.586007193474645,5.451897288161679,10.567292848136276,1.520325251461386,0.033747333601106946,-1.5151573197823325,6429723.915049255,6427489.059433974,2022.8361289844686,212.0194862908583,3.297489738161396e-05,1121.598982267962
1090,train,0,0,5.3005013436040604,3.4672662843836344,3.467266284383635,5.299169402728672,10.32159458042588,1.5283422062492926,0.03304348258179356,-1.5119899931968601,6010967.866003207,6008566.188886811,2193.3803758341346,208.29674055448834,3.4652778919776246e-05,1132.4710234984755
1091,train,0,0,5.175267656599579,3.3762022226226613,3.3762022226226622,5.174835779562534,10.021718162635807,1.532738692276163,0.027872498104290593,-1.509203826737323,5699370.727950272,5696925.2097064275,2219.1537645963513,226.36447924861997,3.97174512860703e-05,1186.8105830826014
1092,train,0,0,5.084375201836461,3.3043693552641065,3.304369355264106,5.080601553311804,9.840826075291261,1.537540452376496,0.024536935000135287,-1.5065398706254274,5459428.432786485,5457028.517456057,2193.3494104983715,206.56591992416799,3.783654689630889e-05,1124.7172612276208
1093,train,0,0,5.019034212167375,3.2547523068179554,3.254752306817955,5.015778914271854,9.652411053422838,1.5410631720776278,0.02185829771728142,-1.5060779388619263,5296706.30077222,5294327.272960976,2161.646062431338,217.3817488311859,4.104092930346039e-05,1173.1072380722367
1094,train,0,0,4.970980322885793,3.2177469830156706,3.2177469830156706,4.970308996237349,9.598356307018548,1.5446550093814952,0.022106160016376403,-1.5060273422469193,5176947.835431393,5174761.366012132,1970.2405905224196,216.22882874525632,4.1767627493823885e-05,1214.5540165358489
1095,train,0,0,4.928751788812456,3.1875443543476867,3.1875443543476862,4.924960179731948,9.489917955128476,1.5450640468781225,0.019668613355678273,-1.5035182339544209,5080219.50546898,5078184.99124501,1815.5468427361368,218.96738123268668,4.3101952779198406e-05,1214.3755686403279
1096,train,0,0,4.899276299849269,3.1618526549945005,3.1618526549945,4.897959376084735,9.4137183240382,1.5490789453290494,0.020800780087701528,-1.5048650888245978,4998656.165848295,4996526.567129851,1919.2730635987834,210.32565484284993,4.2076439719905536e-05,1251.809341320949
1097,train,0,0,4.873952890292741,3.143490322387865,3.1434903223878656,4.863435718708671,9.305418916977942,1.5471451221183645,0.018922469972188154,-1.5056430033777315,4940765.703473163,4938562.0704506505,1981.6844412509427,221.94858125791754,4.49218996767842e-05,1284.9182566652628
1098,train,0,0,4.858112684915773,3.128633635753291,3.1286336357532925,4.857132958712987,9.277336771599948,1.552477382844322,0.015218222422548376,-1.502985999143215,4894174.234015515,4892255.617960092,1704.4751160838318,214.1409393416619,4.3754253343360445e-05,1199.223027139374
1099,train,0,0,4.837927998916246,3.1173530590504814,3.1173530590504823,4.8266876600096005,9.23576226271689,1.548328844561407,0.016291802867146682,-1.50343890169582,4858945.110145953,4857033.220561538,1688.5772061886928,223.3123782090141,4.595902467445372e-05,1256.443365059141
1100,train,0,0,4.827125274560414,3.1080824529020696,3.1080824529020696,4.821596003121696,9.229543818160892,1.5513089102960218,0.017033568065277963,-1.503229275831147,4830088.4478386985,4828033.230171417,1828.599511653412,226.61815563104815,4.691801363025808e-05,1185.4416799686114
1101,train,0,0,4.819161183835007,3.101418996375206,3.1014189963752066,4.8134269441301,9.206536496989429,1.552007951765243,0.017234193227965114,-1.502178576933476,4809399.909020596,4807369.881238691,1820.6873106347987,209.34047127759408,4.352735793190152e-05,1238.7776677573559
1102,train,0,0,4.813839323157328,3.0970081355845545,3.097008135584555,4.8130915364389075,9.225878609460779,1.5541100719551209,0.01641676026327711,-1.5013522497157517,4795729.710414415,4793806.426494803,1713.0374026640332,210.24651694329154,4.384035999500135e-05,1258.0845664735864
1103,train,0,0,4.809471177855507,3.0931678780366583,3.093167878036658,4.7975770598147065,9.190436471253633,1.551023820556386,0.01574653614811861,-1.5030076927773388,4783843.821841791,4781846.553764213,1774.291039082527,222.97703851322828,4.661043437395947e-05,1238.272166223013
1104,train,0,0,4.801551545442082,3.0886094805779107,3.0886094805779125,4.793513765961863,9.161113526672125,1.5519973619536207,0.017175094207860727,-1.5033333893861602,4769754.261830442,4767835.781163468,1701.1233392492738,217.35732773086488,4.5569921593288076e-05,1155.3349604373375
1105,train,0,0,4.797689262907196,3.0879886160770846,3.087988616077084,4.796728538769938,9.181348426558543,1.553350460489586,0.015546335502154496,-1.5026640477584516,4767836.94146219,4765793.599561396,1833.1025257018778,210.23937509193306,4.40953366638116e-05,1207.5574857616084
1106,train,0,0,4.793884813325713,3.0847393642826817,3.0847393642826835,4.791235506773228,9.177589417202398,1.5532059409133803,0.0171411604190144,-1.501521503827474,4757808.488212435,4755689.833445697,1908.4121258803077,210.24264086964766,4.4188966704004163e-05,1242.996000514344
1107,train,0,0,4.784099077785854,3.0772802853895436,3.0772802853895422,4.779841560850386,9.132725400850177,1.5532681840989087,0.015993062698351858,-1.502549143902706,4734826.9774546875,4732808.729321897,1793.6711017952828,224.57703099271606,4.743088439388813e-05,1297.252617861726
1108,train,0,0,4.789217502564192,3.078803507599351,3.0788035075993516,4.770176158040762,9.131217673420906,1.5493603753102878,0.014834346729664364,-1.5026847376768209,4739515.520952394,4737501.791601917,1785.718666045172,228.01068443615648,4.810843712361939e-05,1274.005064715756
1109,train,0,0,4.784952761290478,3.07823110786098,3.07823110786098,4.783716710085864,9.133480936405249,1.5540472896494124,0.01674819301911698,-1.502082075306989,4737753.461161737,4735677.934293816,1847.2151893358043,228.31167858924488,4.8189860544845854e-05,1262.1589490523113
1110,train,0,0,4.7821289118509736,3.0750444099507543,3.0750444099507543,4.774660310162231,9.132469752803445,1.5527126355351386,0.017795889605061867,-1.5012756086980017,4727949.062181878,4725819.354625219,1905.8692252727135,223.8383313899315,4.734364276053208e-05,1278.1590176682207
1111,train,0,0,4.77920174789615,3.0699617929769047,3.0699617929769047,4.776315925689414,9.133203502744436,1.5558225957782617,0.015474376714544718,-1.5000757960340168,4712332.715863457,4710285.126512636,1830.7180221047554,216.87132872624952,4.6022074798789206e-05,1274.887688031342
1112,train,0,0,4.777732102158014,3.068805752668855,3.068805752668856,4.772421316666994,9.11130641726777,1.5551395889155093,0.014107022921999382,-1.500056223344576,4708784.388613206,4706728.451847885,1835.8135757704788,220.12318954736685,4.6747349502701646e-05,1283.0424967677445
1113,train,0,0,4.78316501838225,3.0752261153177014,3.0752261153177023,4.780794445733307,9.131157183088362,1.5546155848248584,0.013913011614508627,-1.5026531612320952,4728507.875827712,4726454.58129943,1827.3331182489837,225.96141003685068,4.7787043179513955e-05,1291.4890298430519
1114,train,0,0,4.775108312962577,3.0706756531210186,3.0706756531210178,4.766077689601109,9.104032235220075,1.5521267069535312,0.015470971938948697,-1.5011066968137712,4714524.599687527,4712361.863573248,1940.521860387019,222.21425388020543,4.713396848007401e-05,1305.201668018248
1115,train,0,0,4.779458855777513,3.0737847410015475,3.0737847410015466,4.776707829940598,9.1519769099541,1.5540150766654466,0.014042335014645626,-1.5006064562311432,4724076.319675204,4721937.945218058,1910.6451426565059,227.7293144990943,4.820610402728452e-05,1303.1386528855633
1116,train,12,1,2.951811702654746,2.3427170550117986,2.342717055011798,3.625874130322549,6.577660651857514,1.547721745810353,0.13816459443195847,-1.5341211482994555,2744161.837471285,2742355.1422786512,1416.3033552156828,390.39183741394424,0.00014226268731063109,2392.2883473571987
1117,train,12,1,2.611864720676669,2.155775289758039,2.155775289758039,3.490977610255948,6.10273697568482,1.6193606202099895,0.130990851288258,-1.5146710354778807,2323687.027586155,2318759.128671764,1306.7068813815015,3621.1920330126927,0.0015583819981016915,5286.75386446004
1118,train,12,1,3.2475490420052955,2.687854049950617,2.6878540499506176,4.109024539690261,7.356216497166315,1.528737968404852,0.1433261165240297,-1.534210628716539,3612281.0149252,3608161.8955694977,1821.2762668387563,2297.8430888571593,0.000636119692616091,4278.493868083052
1119,train,12,1,3.433542674557335,2.939969131641366,2.939969131641365,4.765709454043739,8.198902590782382,1.621006629883585,0.2030855763455592,-1.4890827406911638,4321711.885256757,4313570.430377741,2460.520097910994,5680.934781100563,0.0013145102986806473,5281.705173187952
1120,train,12,1,2.952701516326051,2.5672682560582234,2.567268256058223,4.643274359528441,7.595345691894181,1.8086440123938246,0.30263911813773775,-1.3674390213556318,3295434.3144226326,3283129.870019932,3480.8697029990635,8823.574699699611,0.002677514967020522,5839.4030834006835
1121,train,12,1,3.337934007973061,2.8304421415358054,2.8304421415358054,4.331109532981529,7.668002133839764,1.5301883297396983,0.20164916271576966,-1.5151271156869526,4005710.579759253,4002892.705692148,1330.509814465805,1487.3642526345213,0.00037131096294129,3389.1224216538376
1122,train,12,1,3.3994999842233535,2.8716210527615043,2.8716210527615034,4.48158398107816,7.881081683952061,1.5606460249232503,0.2082796586586858,-1.4968056595972066,4123132.77749121,4115332.542351617,1790.24485502369,6009.990284572437,0.0014576271512239092,5761.294965057076
1123,train,12,1,2.477851679756655,2.4710668870586496,2.471066887058649,5.172284314200864,7.649752399069257,2.0931381264056017,0.6553763331532364,-0.8538265291332445,3053086.0271380483,3045171.6379721942,4597.190741102903,3317.1984247451346,0.0010865067001910407,4037.1973107508197
1124,train,12,1,2.909562084568992,2.7994629561756437,2.799462956175644,5.652522113429055,8.56201399940619,2.019145172455143,0.5356789274515258,-1.0368640102698636,3918499.2235412067,3910500.3961872547,4480.035841270278,3518.7915126790244,0.0008979946943817535,3735.7618791402156
1125,train,12,1,3.0672967042763086,2.9432879994525054,2.9432879994525045,5.873825350777402,8.94106161525633,1.9956678897444018,0.5112833045141083,-1.0875970108075685,4331512.151279087,4314919.699326866,4365.872227195941,12226.579725027314,0.00282270470404125,5862.199658975216
1126,train,12,1,3.3334351703133143,3.3984154201264927,3.398415420126491,5.781119234899088,9.114118200872326,1.7011219995829443,0.5092047181690501,-1.35584631330976,5774629.4605875835,5739541.120842987,20919.560594232265,14168.779150359765,0.0024536256823166026,5544.291479701748
1127,train,12,1,3.391339430758206,3.2294931168076793,3.2294931168076797,5.724076142361911,9.115267797606066,1.7724379446952037,0.4146795952816801,-1.3658137901606184,5214813.308308913,5198205.224341095,4630.356671358632,11977.727296467048,0.002296865983175771,5867.4402582828825
1128,train,12,1,3.5302436595911133,3.3696851793056166,3.3696851793056144,5.581715797806348,9.111760647705523,1.6564502322310606,0.35270729254650013,-1.4616246330986695,5677390.017496942,5659903.067445252,6505.241946859059,10981.708104829855,0.0019342881272883716,5542.887033124257
1129,train,12,1,3.878101773650211,3.273785315410907,3.2737853154109073,4.912308268158871,8.7899126142147,1.5004979847135471,0.19324933308206427,-1.5589327101173118,5358841.345994295,5355087.430590797,1621.8427827325036,2132.0726207695097,0.0003978607469622557,3667.1941690624462
1130,train,12,1,3.772012227033214,3.1360209561861576,3.136020956186158,4.681256777788564,8.453208311279013,1.4927377218427869,0.18782507837241505,-1.5535924723158125,4917315.934491816,4913552.640964336,1585.126170718664,2178.167356762916,0.00044295859484733726,3343.0828969479044
1131,train,12,1,3.7031122475710583,3.1522648880328688,3.1522648880328688,4.897135135546618,8.599535550398286,1.553529068619171,0.24437551389256795,-1.5409732288904092,4968387.152410565,4965556.780692536,1972.4392595071422,857.9324585164975,0.00017267826201914345,2209.377341898596
1132,train,12,1,2.947756489341922,2.5630924717768107,2.563092471776811,4.581734935218625,7.529439628848195,1.7875808171846534,0.2759194248180312,-1.400401171588886,3284724.823873059,3278995.0761459,4146.453566636742,1583.2941605253652,0.00048201729076911956,3409.9105204155744
1133,train,12,1,2.8629996722587383,2.507521106671149,2.507521106671149,4.085268741284963,6.945887816604227,1.6292061232969433,0.2842926068371862,-1.4948170430380034,3143832.507198515,3141424.5857303715,1293.3516764359674,1114.5697917007203,0.0003545258181371498,3398.9285368912892
1134,train,12,1,3.8083242807094284,3.1885088843562683,3.188508884356271,4.879840430289107,8.68807541437127,1.5304459254390002,0.1922542828466983,-1.5270396749942658,5083294.453439692,5072556.842887935,2587.366009456604,8150.244542306248,0.001603339058352454,5907.654051946756
1135,train,12,1,3.849562139611982,3.1286879711443154,3.1286879711443154,5.002208261388994,8.851350903918501,1.5988197952381427,0.21455483746571993,-1.4848009011653627,4894344.775387515,4892130.386966505,1612.5828700434965,601.8055509558585,0.00012295937016578687,2153.2929761270366
1136,train,12,1,3.738111149058444,3.4450498890965173,3.445049889096518,5.846574176564115,9.583644329220988,1.6970941974072278,0.42331640689715744,-1.4251522236851206,5934185.988661186,5910860.589160609,19854.822299297328,3470.5772012814664,0.0005848446961239354,3434.950641923998
1137,train,12,1,3.454645290410059,3.0865159927687387,3.086515992768739,4.968662128413183,8.422923592443112,1.6097963334886456,0.28330831132144635,-1.5261997438815187,4763291.522213764,4757139.442796537,3034.8504570951422,3117.228960127158,0.0006544274994696127,3292.672163821674
1138,train,12,1,3.8288512201615377,3.405743666821478,3.4057436668214773,5.962831976859947,9.791325302736368,1.750816432531153,0.2716009408094291,-1.4501438007155563,5799566.063858537,5773035.641440292,7345.424744075101,19184.99767416421,0.0033080057133447233,6408.867312166382
1139,train,12,1,3.2189016190943294,2.894694445256785,2.894694445256784,5.844196334702057,9.063040557819477,2.018933758026964,0.5356986186645525,-0.952414866836087,4189632.9104085835,4174706.2139952597,11312.232936636725,3614.463476694296,0.0008627160312099525,3931.470629157382
1140,train,12,1,3.0544660890731903,2.8428656657464964,2.8428656657464964,4.911203066047659,7.9654311329941265,1.7275536882457816,0.35837249634886087,-1.4706610037017913,4041001.1549559217,4026040.3096662853,3882.018123916557,11078.827165715556,0.002741604553150988,6052.070820006881
1141,train,12,1,3.939251645068769,3.6411720430065557,3.641172043006556,5.7735407514766415,9.712562683489523,1.5856270133034869,0.3593448931556485,-1.4825104146075634,6629071.481446623,6605486.113607868,13730.212585032403,9855.155253726552,0.0014866569596223332,4857.843695494204
1142,train,12,1,3.175705818023649,2.7384357531659904,2.7384357531659917,4.659740062866243,7.834565134719014,1.7016064946855047,0.2830219766183941,-1.492214663823884,3749515.2626579264,3747826.4810799384,1036.281257228657,652.5003207561109,0.00017402258026643467,2225.7100857057862
1143,train,12,1,2.992610253750434,2.6514783863643565,2.6514783863643574,5.2469374757417535,8.239255527645582,1.9788724293303506,0.2648204664188376,-1.5242171422588393,3515174.7512664576,3504379.1013460173,9112.245734571003,1683.4041858679204,0.0004788963010335172,3203.097363322328
1144,train,12,1,3.3825715519901713,3.1894684269440297,3.189468426944029,6.165173198986391,9.547544984554406,1.9329782815544332,0.4834387597853192,-1.1501330271487875,5086355.104122951,5069248.483556582,13857.747226097992,3248.873340276497,0.0006387429256842471,3172.365609789252
1145,train,12,1,3.203509180312016,3.1081752747815545,3.108175274781556,6.911842496628902,10.115168856602395,2.2237621387406055,0.7964920179773122,-0.4169304375948779,4830386.7468390595,4811726.17313174,11878.994187717317,6781.579519595925,0.0014039413146439464,4260.563479746746
1146,train,12,1,3.165733566542454,3.1800179387941747,3.180017938794175,6.842052230576686,10.007723308233835,2.1515766144297634,0.7168753398566576,-0.7408079161650836,5056269.056237732,5029403.230119776,17139.28783047067,9726.538287474199,0.0019236591603990947,4454.077470620961
1147,train,12,1,3.417670711829909,3.1577371938072702,3.15773719380727,6.024321094200364,9.440876844106242,1.9077968571972472,0.4421756760514404,-1.2317086482877153,4985676.995919958,4967910.75145313,2422.337494460039,15343.906972364593,0.003077597482733302,6509.145978474732
1148,train,12,1,3.571916085555866,3.3106541978895634,3.3106541978895625,5.933781164810345,9.505597684947134,1.79232889034226,0.38203530729429824,-1.3914675422869793,5480268.390151493,5468535.138956304,6724.5166292533195,5008.734565945618,0.0009139578957385989,4216.76980274346
1149,train,12,1,2.6914737230052705,2.571983824151732,2.571983824151733,4.203149079729105,6.894562273853808,1.6342050989046741,0.38762319598833606,-1.480347376675401,3307554.4006518153,3301423.4026801675,4210.962894325361,1920.0350773214507,0.0005804999237330978,3635.184389107671
1150,train,12,1,3.3977959079923092,3.1765442071661796,3.176544207166179,5.301102407437378,8.698808191693388,1.66882689542877,0.36665555796244986,-1.4879443950423836,5045216.72395727,5042141.989787578,1278.3198017201785,1796.414367978625,0.00035606287425638835,3195.3027781145606
1151,train,12,1,2.35425581357006,2.3565736955899945,2.3565736955899963,4.715214592008554,7.069383494403155,2.0008772061032634,0.5217616865276552,-1.1933214488807138,2776754.492099292,2756272.243487332,12403.344158631662,8078.904453331926,0.0029094774047611544,5570.015778607073
1152,train,12,1,3.1581505988191765,3.113622163671741,3.1136221636717414,6.655543401424964,9.813663516930319,2.13755653434083,0.5798894220504569,-0.9202816251264565,4847321.491027156,4842985.98770667,2063.978915896406,2271.5244045896584,0.00046861434893362484,2743.391938365013
1153,train,0,0,6.347573589446954,4.244194935791363,4.244194935791363,6.344332957553677,12.495567275211215,1.494826004350511,0.03701204240874761,-1.5291210349357016,9006595.524624316,9003731.813999064,2599.046232587596,264.66439267526226,2.9385619899512694e-05,1131.2334322940828
1154,train,0,0,5.945353471992305,3.946371290608588,3.946371290608589,5.9438888557178435,11.597428549313918,1.5061656438315534,0.03563920268100417,-1.525977258407216,7786923.218601345,7784459.429252282,2224.824884365433,238.96446469646895,3.068791844841007e-05,1077.3626055757043
1155,train,0,0,5.667098701679148,3.73858501704863,3.738585017048632,5.6637222452359275,10.969715622719377,1.5149373946047282,0.03165080120049629,-1.5204050165529597,6988509.117743867,6986036.9964836445,2208.4332057572187,263.6880544608601,3.773166064724084e-05,1140.5201398254028
1156,train,0,0,5.4649091059882196,3.586108520875352,3.586108520875353,5.455095100643113,10.585764188319445,1.5211740160366227,0.029196504186328187,-1.517267392298036,6430087.232196695,6427628.608836301,2209.0689213216065,249.55443907404907,3.881042823563599e-05,1091.522444475776
1157,train,0,0,5.302946234188508,3.4700038227534784,3.470003822753478,5.301574734571855,10.285714987199754,1.5278296524656305,0.028558224771759885,-1.5136357682526038,6020463.301136534,6018043.263876075,2159.843626074732,260.19363438853804,4.321820786440457e-05,1262.7135612311113
1158,train,0,0,5.191851668688003,3.3809853715821174,3.3809853715821183,5.189176394301001,9.96993806026876,1.534811844475017,0.025066685930558844,-1.5109573502945675,5715531.042328162,5712947.19507544,2345.414133780422,238.43311893338245,4.171670439152391e-05,1174.4424482565105
1159,train,0,0,5.102194102034904,3.3135350634009946,3.313535063400994,5.094026405849494,9.820571470074356,1.537338917011795,0.023891247717399245,-1.5087185038493454,5489757.30944605,5487227.382990756,2281.3138487854385,248.61260652239167,4.5286629719425286e-05,1184.541124656352
1160,train,0,0,5.0331524322326295,3.2621167483599955,3.262116748359995,5.03106724243192,9.659329910296947,1.542270749494558,0.021527962885892593,-1.508116832992247,5320702.932610508,5317918.6404170925,2551.755977911228,232.5362154915684,4.3704040318875436e-05,1201.4495483943494
1161,train,0,0,4.974475926381711,3.21845930167036,3.218459301670361,4.974029428744398,9.560351193707902,1.5454691088257375,0.019000686879380266,-1.5059696882930476,5179240.178138257,5176555.842659281,2434.677169327102,249.65830964188638,4.820365556625512e-05,1237.4010704305485
1162,train,0,0,4.932456192742568,3.1859367333221553,3.185936733322155,4.930251910067629,9.459892885293812,1.5475046502026986,0.01808764620489423,-1.5052937109920983,5075096.441107481,5072347.353823159,2498.7163005930674,250.37098372638812,4.933324649723356e-05,1329.447214020354
1163,train,0,0,4.901828303998103,3.1618822997102374,3.161882299710237,4.90014639060921,9.41431177710183,1.5497561028942388,0.017838080094473244,-1.5065038122391075,4998749.86301901,4996071.06083447,2448.9693097903587,229.8328747449712,4.597807072630015e-05,1264.0001189788647
1164,train,0,0,4.877089483707212,3.1505915415125756,3.1505915415125747,4.872655009894632,9.394242398440838,1.5465841717950235,0.01885034756247757,-1.5019139065986074,4963113.541402591,4960856.050497327,2009.9486131758688,247.5422920888291,4.987641125350376e-05,1326.1587494892751
1165,train,0,0,4.856416647415026,3.1295404895804793,3.1295404895804797,4.855388923291466,9.316839554929174,1.5514702364315278,0.014043044209227253,-1.5047265613485732,4897011.838623306,4894427.6227657925,2344.1569242465007,240.05893326463152,4.90215137670811e-05,1217.3705372066102
1166,train,0,0,4.839454127698293,3.114315465815157,3.114315465815157,4.8391891896215675,9.264479820529232,1.553853244072348,0.013850535870910492,-1.5035352790766765,4849480.4365136875,4846852.40777632,2391.8985630852085,236.1301742764652,4.8691850058523014e-05,1298.4821344611178
1167,train,0,0,4.834628160893917,3.108983262255177,3.1089832622551783,4.828556356802583,9.222647907212377,1.553098215556191,0.013554572880060687,-1.5052795051940528,4832888.465999771,4830318.516300742,2335.206490467117,234.74320856363695,4.857203103591095e-05,1194.9264069108212
1168,train,0,0,22.45370762654557,16.913052756262044,16.913052756262044,25.8017779081224,48.25337316165678,1.5255541551225467,0.027044003291248727,-1.5393606535667204,143025676.80080613,142942497.47534996,75983.07680571142,7196.248650714892,5.0314382785527443e-05,1740.7386913069006
1169,train,0,0,16.201168142182286,12.376706712235848,12.37670671223585,18.495723642485682,34.69473172770813,1.494397829125292,0.06725169751129516,-1.5532532030427784,76591438.67096016,76565583.12303421,23504.073058818765,2351.4748672517253,3.0701536725974744e-05,1503.1940393309355
1170,train,0,0,12.858188613086007,9.890579331341659,9.890579331341655,15.056152359814384,27.912999573280104,1.5222720384137518,0.09669858733384812,-1.547233077260968,48911779.89880004,48897063.67998191,12910.510204090962,1805.708614040771,3.691766314325173e-05,1613.3968445728974
1171,train,0,0,10.802865771011623,8.281463703882984,8.281463703882979,12.515175076766697,23.317470664100256,1.51122742600425,0.10551580025583629,-1.5449202635112547,34291321.343206204,34282552.004909165,7429.913841632988,1339.4244554006013,3.906015874964142e-05,1632.0014866619479
1172,train,0,0,9.437254339507462,7.191396123388433,7.191396123388437,10.906121820160507,20.342929455364356,1.516551394615955,0.10741916639641828,-1.528417245040954,25858089.1046773,25851264.07413217,5439.4447224950745,1385.585822629206,5.358423110927313e-05,1853.2005389002022
1173,train,0,0,8.48160465623322,6.408979131837355,6.408979131837355,9.612004199967952,18.09334914642386,1.499771492813761,0.10369745597383223,-1.5225206889023357,20537507.391290195,20531095.32918754,5266.98307313457,1145.079029529376,5.5755501761377114e-05,1917.5820107475402
1174,train,0,0,7.79740145457664,5.854066163433206,5.854066163433206,8.942899677625508,16.7392001071712,1.527638982539413,0.09827453352676761,-1.5052916425006213,17135045.35469659,17128932.040255945,4890.039323307631,1223.2751173844504,7.13902468340511e-05,2089.0222734781823
1175,train,0,0,7.278563436761553,5.42546912237219,5.42546912237219,8.073249879583662,15.351783436843107,1.4880279838462662,0.0922270864518127,-1.4983533568230964,14717864.455818826,14711741.297476014,4827.38806546752,1295.7702773383608,8.804064483866527e-05,2274.253485925713
1176,train,0,0,6.880114076480968,5.0914286302370595,5.09142863023706,7.617610456600087,14.496726831188425,1.4961636526456437,0.08147477248860203,-1.49110948801162,12961322.775975725,12955601.067437965,4342.502356737242,1379.2061810415184,0.00010640936923489989,2386.9899960444104
1177,train,0,0,6.564393722455032,4.822905901228198,4.822905901228198,7.304526603777878,13.868767240302986,1.5145488536107894,0.06671070470091403,-1.4862533198568846,11630216.224981839,11624448.615115015,4482.25599927808,1285.3538675494071,0.00011051848415237992,2416.102325828854
1178,train,0,0,6.307546058669046,4.603908076255987,4.603908076255987,6.930411895737692,13.237682286417112,1.5053323786980726,0.060147515749627095,-1.4830403266808265,10597984.868522739,10592325.41208171,4484.882773683979,1174.5736673310316,0.0001108299060531454,2428.255050877999
1179,train,0,0,6.086471514452947,4.429602655713396,4.429602655713394,6.632718129406916,12.71788515150547,1.4973618730456326,0.053973744262397004,-1.4783152657444238,9810689.972534584,9804750.540249284,4682.359589852634,1257.0726954319975,0.00012813295486364593,2563.913313563583
1180,train,0,0,5.934967061655596,4.295675584228883,4.295675584228883,6.3871087821554395,12.320197491440922,1.4868694474054398,0.045743263386135984,-1.4762304320484634,9226415.534987107,9221608.404636895,3485.1056596602125,1322.0246905359156,0.00014328692280579828,2631.743538806239
1181,train,0,0,5.789108746405283,4.171741302157621,4.17174130215762,6.100891596917471,11.889318018569611,1.4624328679638157,0.038422666600898894,-1.4753402486756877,8701713.20943227,8696410.933447821,3863.7856139204905,1438.4903705316822,0.00016531116757242958,2650.934021978093
1182,train,0,0,5.671476457857741,4.0731450989972116,4.073145098997212,5.950206662869798,11.62167457542455,1.4608383738489228,0.035740175718102195,-1.4682797235774523,8295260.342120318,8290678.468726758,3019.202250600451,1562.6711429718853,0.00018838120547431272,2869.454016776799
1183,train,0,0,5.562588009769504,3.9984988630129052,3.9984988630129052,5.949310984676297,11.511560353188543,1.4878861263933028,0.037860705705749995,-1.4673837172888804,7993996.79275714,7988896.009250865,3673.479450618533,1427.3040556497654,0.00017854698877824873,2767.179891828818
1184,train,0,0,5.488731975512405,3.9289825468528887,3.9289825468528896,5.991812114758591,11.48028697463451,1.525028946630986,0.033411728645036144,-1.467501308626382,7718460.700369586,7713898.716532023,3112.3757769962763,1449.60806056707,0.0001878105125932244,2781.5438574157843
1185,train,0,0,5.406917830100166,3.86351111092829,3.8635111109282896,5.737616280922783,11.143266694271006,1.4850782400219888,0.03475968104474968,-1.4651927197199173,7463360.621594108,7458142.8524170555,3659.7980451634135,1557.9711318890284,0.00020874927675091487,2846.935949628035
1186,train,0,0,5.345312043568003,3.8068008427785145,3.806800842778514,5.7211523805652975,11.065481599187478,1.502876724275792,0.02926163456652997,-1.4585302218931473,7245866.405760411,7241383.336668232,3122.549216089806,1360.5198760831022,0.00018776496831372696,2763.6481425635475
1187,train,0,0,5.287690849819046,3.7772210318948,3.777221031894799,5.6216795725442354,10.908420719497371,1.4883109897659828,0.03636078652210754,-1.4618360894027929,7133700.026035528,7128995.781814083,3282.741644290572,1421.5025771513485,0.00019926581885464174,2817.9671099108973
1188,train,0,0,5.23473301415192,3.7241586560200224,3.7241586560200215,5.7508636426473965,10.984548351727426,1.544204791960528,0.03223507953319091,-1.4520090238802061,6934678.95847022,6930019.868109331,3257.589658353614,1401.5007025318455,0.00020210030066640815,2871.917389609213
1189,train,0,0,5.179823897136376,3.694109752567793,3.6941097525677917,5.434504487263038,10.614009495300706,1.4711269700326284,0.031746385684093235,-1.4609705090185874,6823225.7917805705,6819189.202663017,2715.385367701655,1321.2037498507314,0.00019363330339181896,2829.2580533671253
1190,train,0,0,5.14290411872018,3.6611044390289846,3.661104439028985,5.407583399590367,10.550071288220352,1.4770360937926674,0.03037750430674485,-1.452035530867448,6701845.925572834,6697582.161164755,2881.3442180510756,1382.4201900320923,0.00020627454068394317,2948.549205017919
1191,train,0,0,5.121004466052167,3.6290895077373486,3.629089507737348,5.466963406567462,10.585765824886039,1.5064283740898927,0.030743049672451016,-1.4471522308740699,6585146.793366466,6580831.408867139,2814.310817863521,1501.0736814670227,0.00022794840093452831,2981.9370839203766
1192,train,0,0,5.077932869172706,3.6081131976905922,3.6081131976905914,5.458333457731591,10.536220583031536,1.5127944049053814,0.02876437768376556,-1.4496913579185153,6509245.397817063,6504396.71490077,3338.055140214799,1510.6277760783769,0.00023207417815050883,2993.5554866540597
1193,train,0,0,5.060451274153922,3.5881488177355316,3.588148817735531,5.340617413285043,10.400711114314618,1.4884046578245014,0.028347698986850293,-1.4519916025033268,6437409.739120016,6433182.540046065,2746.256236146416,1480.9428378141574,0.00023005259845656494,3061.779014928582
1194,train,0,0,5.0288940549494,3.559334761454295,3.559334761454295,5.28957689994562,10.317653241450898,1.4861139101690934,0.023844921266251172,-1.4511302192714437,6334432.008382041,6329927.946564984,2982.6106090565654,1521.4512079945682,0.0002401874715809258,2975.210293587113
1195,train,0,0,4.999849400810315,3.540802245905782,3.540802245905782,5.323345102973865,10.322326017078012,1.5034290912826975,0.02606189730027183,-1.4515001497984414,6268641.182810519,6264077.559514906,3067.763466615417,1495.8598289986896,0.00023862584974564252,3080.2054681552813
1196,train,0,0,4.445430430744949,3.1342971356119023,3.1342971356119036,5.772065487528977,10.216556055063847,1.841582095694353,0.17700460144610974,-1.1291109740702772,4911910.3350467635,4904609.078814368,5669.138639151923,1632.1175932369579,0.00033227756247741427,2491.813898838212
1197,train,12,1,3.1912947693796885,2.559009010884286,2.559009010884286,4.399145503905224,7.590283917816123,1.7190816777878652,0.15627068443795342,-1.4556705178494929,3274265.8135425025,3265272.1355865183,2477.42102729145,6516.25692869145,0.0019901429205105873,5997.639223023152
1198,train,12,1,3.5410472211074375,2.802506660047432,2.8025066600474338,4.595572346763657,8.136299440055154,1.6398078235738696,0.12165654116627994,-1.4780518736791683,3927021.813345888,3923274.6880374793,2016.4669688298295,1730.6583395820069,0.0004407050487217582,3601.0882759102165
1199,train,12,1,2.7984467852065573,2.4049613099465343,2.404961309946535,4.347737182383774,7.145391692058183,1.8078200112418563,0.25406194771892665,-1.411776148229603,2892084.655378204,2863679.900988472,5962.2158301395275,22442.53855959035,0.007759986734086625,8020.005792428621
1200,train,12,1,2.476946017402603,2.0558375704755525,2.055837570475553,3.421056607109116,5.8977109598054085,1.6640695044393818,0.15682929955741082,-1.5035233820628855,2113315.5914131044,2089733.4117262794,3222.272940420148,20359.906746406177,0.009634106154865483,8707.571715607937
1201,train,12,1,2.9519513636629418,2.4368374239715895,2.4368374239715895,4.902817389388816,7.854557663886226,2.0119591652520423,0.3178141021200287,-1.1319548734991443,2969167.5102222706,2951320.892698119,3766.0703733509395,14080.54715079945,0.004742254218504966,7257.992870373193
1202,train,12,1,3.388639364612143,2.933410338495206,2.9334103384952046,5.371427621471842,8.759774402627954,1.8311204371861944,0.2923688066118202,-1.3850603311466683,4302453.105758396,4283400.743813069,4148.294551229776,14904.067394096279,0.0034640859592748843,6924.953949172395
1203,train,12,1,3.086881243906566,2.779219334680042,2.779219334680042,5.654341137685231,8.740046716062352,2.034506980837548,0.44745387177949897,-1.1584731489306788,3862067.379514767,3832482.3351523676,4155.337488839345,25429.706873555242,0.006584480376608616,7867.854744595968
1204,train,12,1,2.888804403683171,2.561890074105295,2.561890074105295,5.278379472354427,8.166171727352776,2.060345807068958,0.43465771069679304,-1.1326870921739693,3281641.302632279,3261259.074146883,3818.7557142319342,16563.472771164004,0.005047313598191876,7293.899561279859
1205,train,12,1,3.0902603146499894,2.6914382567299806,2.69143825672998,4.900482368760655,7.990443130809581,1.8207671517289792,0.31873365740875875,-1.3691386607809142,3621947.716921467,3598506.4323769137,4024.6255984144236,19416.658946139025,0.005360833580072362,7209.109974827353
1206,train,12,1,3.109659619326412,2.6167543013227412,2.6167543013227426,4.757899813656986,7.86694982618792,1.8182447665231376,0.23718295367564793,-1.367232042972434,3423704.2419695067,3404900.405647655,4252.266316293755,14551.570005557545,0.004250241544575318,7163.37789183733
1207,train,12,1,3.0900309532676475,2.733061125615317,2.733061125615317,4.760272219797538,7.84952103701653,1.7417364636240318,0.28544849959359836,-1.46143871673662,3734812.0930885654,3711832.9662729916,3278.470329845224,19700.656485725343,0.005274872200982287,7571.718840026477
1208,train,12,1,3.242836132620694,2.770871499486296,2.770871499486296,5.539660319710849,8.781744514824823,1.9992483667098497,0.3530397298881327,-1.1810271193805504,3838904.2777715134,3821763.9926884277,3282.0935625012676,13858.191520582954,0.003609934116051376,6787.061771025263
1209,train,12,1,3.2324277167106628,2.681750712644961,2.6817507126449613,4.599720835230255,7.831591366732027,1.7151932927776257,0.2525380893524354,-1.4276824997267845,3595900.9719260167,3583852.866691545,2512.3414223689506,9535.763812101322,0.0026518427194044303,6779.07104984052
1210,train,12,1,3.1537354024099185,2.7280127373244367,2.7280127373244367,5.820477244074457,8.973749661818147,2.1335960658977817,0.424543698043407,-1.0949264078084893,3721048.8643082823,3703481.10464993,3865.7306066204033,13702.029051736745,0.0036823029074314127,6649.574912170681
1211,train,0,0,5.964273382057785,4.355018984811294,4.355018984811295,6.5185156575540315,12.481956632924266,1.4967823746092077,0.08162439320020597,-1.4771410795040203,9483096.271161057,9478540.788482206,3019.4969133983705,1535.9857654580105,0.00016197091345883312,2613.803626402691
1212,train,0,0,5.817225075011258,4.2442714865648306,4.244271486564831,6.322809600586886,12.138661380042322,1.489727888661607,0.07805903254064345,-1.473380940097218,9006921.284568293,9002186.642379835,3260.2593324842314,1474.3828559670808,0.00016369443113632682,2597.4940484477675
1213,train,0,0,5.691378770504897,4.11574646515,4.115746465150003,6.1419742720976425,11.83324328991148,1.4923111333763344,0.07002293821821391,-1.4675090349268494,8469686.177839035,8465210.486388443,3009.410623336839,1466.2808272542648,0.00017312103382186624,2641.0824693152317
1214,train,0,0,5.594965685031552,4.0392055582638715,4.039205558263871,6.054386388637882,11.648737703508232,1.4989052429508378,0.06235357011008616,-1.4661518575398063,8157592.672847403,8153072.09501565,2887.980052218549,1632.5977795345834,0.00020013229944278722,2769.8113160624353
1215,train,0,0,5.4925222597660035,3.957219345308517,3.9572193453085185,5.894749621337512,11.38624682254158,1.4896191256939124,0.06376168954716116,-1.465318390139871,7829795.356864563,7825205.318514637,2849.374928280493,1740.6634216474988,0.00022231276071876116,2831.8856687788975
1216,train,0,0,5.4146332259039625,3.8999974116396183,3.8999974116396174,5.769287634386565,11.183474342979025,1.4793055034262368,0.05979925317656282,-1.4656345338944332,7604992.423382614,7600757.323599054,2504.2688522342037,1730.8309313188697,0.0002275914077175393,2829.316852014112
1217,train,0,0,5.329416297074379,3.82126787397122,3.82126787397122,5.651210762862145,10.980376255727606,1.4788836975695117,0.051652196706271636,-1.4602688343543049,7301044.43208404,7296726.020122275,2767.5192344402485,1550.8927273278377,0.00021242066689972802,2873.411652888335
1218,train,0,0,5.2792936399403265,3.773924107905466,3.7739241079054655,5.623370544629986,10.902361590997316,1.4900592549941252,0.04892460480037415,-1.4549415512023938,7121253.025581682,7116727.254854004,2911.3294343396265,1614.4412933429674,0.00022670747515127025,2927.7696118999634
1219,train,0,0,5.225735878587933,3.727317589793882,3.7273175897938833,5.483584189771442,10.707202420802787,1.4711878066914814,0.04439162142335941,-1.4570013384782514,6946451.783292359,6941926.841575084,2979.6823531288624,1545.2593641435835,0.00022245304687210947,2909.395363109229
1220,train,0,0,5.1775284325472315,3.6902118880926675,3.690211888092667,5.475019403756479,10.65061073016841,1.4836599007831806,0.04566102016803835,-1.4582564862338014,6808837.104463938,6804234.343602458,2967.502322869211,1635.2585386138362,0.00024016708191502265,2953.5410989752036
1221,train,0,0,5.13468878258788,3.6505937943062055,3.6505937943062055,5.369496893986827,10.503403130336665,1.4708557556750295,0.037653686315617226,-1.451138363232573,6663418.281842418,6658543.303660643,2863.4514431674456,2011.526738609432,0.0003018761022538195,3142.2373346563686
1222,train,0,0,5.103533067741198,3.618972685648759,3.6189726856487594,5.350956640205579,10.452126972610131,1.4785844229842076,0.03670454951787,-1.446516172355669,6548483.446445804,6544384.363770001,2473.627225242853,1625.455450569583,0.00024821860876075066,3041.748816328547
1223,train,0,0,5.082429148043113,3.6141682208974526,3.6141682208974504,5.3779676186194845,10.460170697464491,1.4880236031968808,0.03434383060045396,-1.4507817491165258,6531110.66158667,6526834.086887983,2621.6537182546713,1654.920980432343,0.000253390436356547,3051.486371386185
1224,train,0,0,5.036432978855795,3.5735678757192755,3.573567875719275,5.2757656600602205,10.311494010034949,1.4763300554346777,0.029674624861466842,-1.4520790247016262,6385194.424457913,6381186.053994974,2611.326937921859,1397.0435250195287,0.00021879420298750484,2942.0686583624583
1225,train,12,1,3.0119260710320233,2.621131888463254,2.621131888463254,4.58035813154366,7.592132023230079,1.7474733536697697,0.2879368976970317,-1.4414948294039314,3435286.265967174,3418072.297118439,3982.3521319860993,13231.616716742363,0.003851678053100218,6620.72115430241
1226,train,12,1,2.923432193630084,2.471486995957212,2.4714869959572106,4.7264839783975034,7.649336975533515,1.912404955449474,0.2905574157322438,-1.2592183468044607,3054138.246534586,3043912.3689156403,3117.61899992356,7108.25861902075,0.00232741874965425,5620.586645133596
1227,train,12,1,3.2105891921649454,2.6325834355205164,2.6325834355205164,4.99075625156064,8.19997439312283,1.8957637521463262,0.26175682627552804,-1.217611026653028,3465256.692479671,3456097.8596718423,2575.1171849210477,6583.715622908201,0.0018999214797553773,5705.500615987916
1228,train,12,1,3.223641462835727,2.642870388252477,2.642870388252477,4.464048318353238,7.68765568481831,1.6890908983640938,0.15388424004798706,-1.4641147355726984,3492822.7156806067,3433141.326920255,6355.301159137292,53326.087601213105,0.01526733302603996,10157.9406165662
1229,train,12,1,2.762180646735607,2.3831300625222904,2.3831300625222895,4.715296903770985,7.477291436618543,1.9786150063418464,0.30587088062248446,-1.2635412426327566,2839669.141521436,2824940.4740389236,2430.2207455083994,12298.446737005861,0.004330943544506248,7049.268250497855
1230,train,12,1,3.3658525383755333,2.670216648487402,2.670216648487402,4.333732422561967,7.69920514972182,1.622989065331795,0.11824045020624958,-1.4863905575471472,3565037.329719767,3559181.0328151355,2220.81201894309,3635.484885686436,0.0010197606783467275,5054.469765471844
1231,train,12,1,3.7549522870383574,3.104831829195371,3.1048318291953714,5.010125303904026,8.76507613585784,1.6136543231722855,0.1886537154262887,-1.4947835067043413,4819991.951054877,4813423.921019449,2855.954184485773,3712.0758509411717,0.000770141504101219,4385.536536845399
1232,train,12,1,3.171649945824436,2.788759384935856,2.788759384935856,5.777664171607205,8.949271039862651,2.0717686161153326,0.467166854953009,-1.0082667665138176,3888589.965080673,3852577.9863000945,3717.4728733700294,32294.50590720937,0.008304939887520228,8333.70576809958
1233,train,12,1,2.668442814509326,2.1206490372968556,2.120649037296856,3.495138556798047,6.162765186280012,1.6481456833862629,0.09300839555980749,-1.5205109876307425,2248583.279104366,2241285.3828731133,2598.841867810448,4699.054363440105,0.0020897844465479556,5884.773078313334
1234,train,12,1,3.4674724006056206,2.907851495099239,2.90785149509924,5.689854297697602,9.156475753930863,1.9567210730283244,0.2868980136941944,-1.2167056224407742,4227800.52827148,4196137.101755547,5767.3102542332945,25896.116261699273,0.006125198217969569,7534.398044276277
1235,train,12,1,3.2800587325306805,2.7414503047941574,2.741450304794158,5.468138823011312,8.74819312096588,1.9946153367977568,0.33824953430861265,-1.1679796024008438,3757849.2177229426,3735771.665060199,3119.9811958192063,18957.57146692684,0.005044793010192708,7454.585827291348
1236,train,12,1,3.610516027331934,3.269539600971616,3.269539600971617,5.621527238964452,9.231921523227356,1.7193635572708432,0.3666052157623321,-1.412395420878766,5344945.277463564,5315518.761851978,5606.622563708837,23819.893047868867,0.00445652701970647,6958.835878835034
1237,train,0,0,5.857641573820467,4.261134605751568,4.26113460575157,6.482787732209807,12.340196751494659,1.5213759554695847,0.07969385066722248,-1.4756399686912423,9078634.155080372,9074285.15783802,2771.7880324051876,1577.2092099550823,0.0001737275875438247,2637.1725398234876
1238,train,0,0,5.72160997026891,4.1384402139567005,4.1384402139567,6.141631225409801,11.862079896149226,1.484044931879753,0.06330839508372081,-1.467660828059934,8563343.841761857,8558266.847370278,3525.479309491465,1551.515082093578,0.00018118098616186863,2686.730885809188
1239,train,0,0,5.597808916543029,4.036433713923693,4.036433713923692,6.003243367697694,11.599655785830691,1.487264202305487,0.05321624656527238,-1.467153664637334,8146398.69836883,8141934.218522609,2964.2569754981573,1500.222870723048,0.00018415780104445915,2802.7587409432053
1240,train,0,0,5.509781153559568,3.9549992896405484,3.9549992896405475,5.784598080754397,11.292552319238894,1.4626040757848362,0.04862865390157176,-1.465853179948842,7821011.3292349065,7816288.510201671,3233.0056231699073,1489.8134100700806,0.00019048858866898256,2765.702056849699
1241,train,0,0,5.424452303795929,3.887528747605304,3.887528747605305,5.720667363257293,11.144961240846897,1.4715434237704843,0.04334262967769966,-1.4631433754719787,7556441.618715093,7551613.473026484,3289.9707622400283,1538.1749263709855,0.00020355810366633109,2857.092507189731
1242,train,0,0,5.351515668186898,3.818127511635948,3.818127511635948,5.736480814662223,11.087791940415627,1.50243301125486,0.04074596708252208,-1.4619025704798754,7289054.418654133,7284124.520174533,3308.3162732887886,1621.5822063080911,0.00022246811632495723,2954.240088488804
1243,train,0,0,5.283699176118069,3.754892095714379,3.7548920957143794,5.5317314650562475,10.815347484240192,1.4732065060857145,0.03063916314699854,-1.4549795692255816,7049607.877434288,7044967.137015828,3038.875782822675,1601.864635636405,0.00022722748037716463,2941.7743430962805
1244,train,0,0,5.241982446026144,3.7375501674346525,3.7375501674346525,5.663187994647684,10.904737283475697,1.515213907759995,0.0340312208133547,-1.4564388326362931,6984642.802661334,6980084.237519674,3076.5816347668524,1481.9835068971583,0.00021217742249216858,2916.4143449731223
1245,train,0,0,5.1879419473139565,3.6916925199920496,3.6916925199920496,5.528300842908211,10.71593020571163,1.4974976417917158,0.031896722096718705,-1.4538375419831064,6814298.601880319,6809935.444543247,2948.685881212291,1414.4714558611365,0.00020757403490813143,2897.969298917306
1246,train,0,0,5.15521209583513,3.6693286160982708,3.6693286160982694,5.448600121877273,10.603274919325486,1.4849038317181216,0.029237998942693067,-1.4546659249429477,6731996.450468513,6727624.959913009,2790.934404442664,1580.5561510563618,0.00023478267742496552,3002.53775842085
1247,train,0,0,5.09996929614729,3.618205922039732,3.618205922039732,5.47751864940935,10.576808918325696,1.5138769786550588,0.027402704821276845,-1.4523128365324771,6545713.20414564,6541245.029704896,2981.907115587674,1486.267325156837,0.00022705964633701477,3000.4984917742104
1248,train,0,0,5.070794648574083,3.5951478439741917,3.595147843974193,5.377840452744277,10.448049266939051,1.495860722879045,0.03059136511404657,-1.450340290266029,6462544.2589564435,6458143.766744941,2966.4971023765693,1433.995109124631,0.00022189327479456042,2953.2183222125086
1249,train,12,1,2.7894082028409177,2.551675191244407,2.5516751912444087,5.237460617349512,8.026563176914351,2.0525577218138378,0.4762703253946041,-1.0934606228995711,3255565.8522646334,3245084.003524303,4816.408567452506,5665.44017288042,0.001740232091738962,4963.280870287662
1250,train,12,1,2.98362797209141,2.545391625340155,2.5453916253401556,4.253752055679586,7.237338089697005,1.671158187735112,0.19564765382988902,-1.5214137176371736,3239557.0633403263,3185343.409000355,5401.756260838477,48811.89807912889,0.015067460496836767,10065.47194277514
1251,train,12,1,2.823521021144057,2.559688206207761,2.5596882062077597,5.282531377537584,8.105904608906712,2.063740171449937,0.4581516216072743,-1.1000640455123918,3276002.9030909627,3267489.7348817308,2506.1779790755177,6006.990230156143,0.0018336339764804387,5030.378488118835
1252,train,12,1,2.6956670192185554,2.295489839944395,2.295489839944395,4.31468082395161,7.009192153811455,1.8796340322970575,0.27238275439792464,-1.3621792736472564,2634683.9386965083,2621711.39222469,3500.5698948327013,9471.976576990484,0.0035951092417091514,6789.559410902657
1253,train,12,1,3.1973950536049087,2.812157619941915,2.8121576199419143,5.683723720809153,8.880442235153168,2.0211255871662526,0.4018456213680447,-1.120260505089834,3954215.4727285635,3916107.285367658,3168.5137690622582,34939.67359184293,0.008836057071956473,8579.551909722502
1254,train,12,1,3.3983472718979173,2.8792121546983167,2.8792121546983167,5.233760462782259,8.631829512130935,1.8177752043182283,0.2278122573771281,-1.4129767621702807,4145038.474640617,4113950.482341415,3857.7250126577437,27230.267286546237,0.006569364181573044,8453.282864886687
1255,train,0,0,6.301184002171605,9.433699125045925,9.433699125045923,22.033702548731714,28.334732136994717,2.335637617510348,1.2001414983925478,-0.14525817170032296,44497339.59135032,44474483.28066136,22785.021700985377,71.28898790277447,1.6020955085735526e-06,539.4143839114857
1256,train,0,0,5.993536239076401,9.070365921397286,9.070365921397288,20.936448807310317,26.92997216477397,2.3082253779773705,1.2286716318820192,-0.07602214952206765,41135769.09541857,41120460.12957453,15219.136162833778,89.82968112075784,2.1837365168106815e-06,599.0561311860395
1257,train,0,0,5.794292320581508,8.714191475767567,8.71419147576756,20.476768623022007,26.271042710717666,2.349818532214244,1.2229302711312489,-0.08075434466612119,37968566.53818189,37949738.44953085,18743.735223105414,84.35342801070833,2.2216648059620833e-06,609.3441546086601
1258,train,0,0,5.580193828433388,8.317168832021546,8.317168832021544,19.116285968929894,24.696473973424872,2.2984126395668647,1.205051447896076,-0.1285448838798935,34587648.71569266,34569317.62601483,18232.3751416046,98.71453626726908,2.8540400961827045e-06,657.2422540385397
1259,train,0,0,5.623766726976981,8.247029248282296,8.247029248282294,18.621495419019112,24.245226201084733,2.2579640326724477,1.1805754090779723,-0.1823281554128422,34006745.910052374,33988292.05620863,18350.39118577352,103.4626579530142,3.042415708538308e-06,678.2586689023644
1260,train,0,0,5.140378706156749,7.541581465976303,7.541581465976302,17.611541993916493,22.75182039434003,2.335258469774625,1.1917316023326112,-0.1415971606207571,28437725.67949367,28420868.005600154,16730.774175871407,126.89971765738144,4.4623722405792925e-06,680.2375317063379
1261,train,0,0,5.072516022482979,7.313610206272203,7.313610206272203,16.447614134987724,21.52010898264598,2.248904941759425,1.1543762146403942,-0.2384684203173255,26744447.318995386,26726379.834997136,17924.01178351449,143.47221472082833,5.364560837977251e-06,755.1055202465795
1262,train,0,0,4.885779474298215,6.967163461088572,6.967163461088575,15.749014760931278,20.63479372289345,2.260462934290133,1.1425165379337274,-0.25214334717907905,24270683.385056984,24250574.348433916,19979.455220417643,129.58140265537833,5.339009231819127e-06,774.148937161487
1263,train,0,0,4.989514276890313,6.929550790306977,6.929550790306973,15.290984227748359,20.28045372026463,2.2066342668470407,1.088979865264242,-0.37615118417650883,24009337.077747207,23990647.881459974,18574.43878524506,114.75750199970827,4.779703064191223e-06,769.978689299064
1264,train,0,0,4.835693909042821,6.618863662586032,6.618863662586032,14.45123236048843,19.286820348599576,2.183340388498385,1.063249689090426,-0.42704687637405625,21904678.287586626,21884621.320262577,19961.645370572725,95.32195349047055,4.351671010137112e-06,782.4137541110988
1265,train,0,0,4.836841073587399,6.46725718960891,6.467257189608911,14.08023885194971,18.91700797757221,2.1771577098515196,1.020734156216118,-0.5159808964500545,20912707.79797018,20893249.706764687,19332.172437519614,125.91876796827096,6.021160396096236e-06,841.6629994083205
1266,train,0,0,4.617123240436617,6.116517732648687,6.116517732648684,13.115704899822173,17.7325954290136,2.1443091433894326,1.0061404520015094,-0.5362538354504442,18705894.760104615,18685679.999715418,20095.375526145435,119.38486303929876,6.382205426169686e-06,844.5460583643869
1267,train,0,0,4.531954005238924,5.894609747966658,5.894609747966658,12.352084919931976,16.883997973269288,2.095488157497249,0.9691517002024501,-0.6175944670398978,17373212.08186676,17355027.374906216,17851.678166525257,333.02879403246413,1.9169097370316568e-05,837.2910785625686
1268,train,0,0,4.655156948499221,5.852428095307146,5.852428095307144,11.891426227159958,16.54641097559943,2.0318790822385795,0.9020421372998229,-0.7477685220302912,17125457.471154623,17108138.23510674,16890.830011920265,428.40603590859325,2.5015742594332546e-05,919.2403908532756
1269,train,0,0,4.590204633976071,5.65416378099257,5.6541637809925716,11.402884088252932,15.993057805382705,2.016723344057641,0.8588822957020548,-0.8263269997022769,15984784.155043228,15965650.320500733,18778.839119076874,354.99542343741473,2.2208333875150452e-05,926.2807436286403
1270,train,0,0,4.459089947694516,5.427844589709879,5.4278445897098795,10.963811205869938,15.422876185100904,2.01991988249906,0.835835558591315,-0.8658202191840103,14730748.52137416,14712940.973130884,17447.839796497974,359.70844678745385,2.441888450308691e-05,923.8463704351099
1271,train,0,0,4.510661881888871,5.32945136089452,5.32945136089452,10.255813795601362,14.76646357172649,1.9243657744687586,0.77343361881092,-0.9729989708227449,14201526.03413608,14180860.232611032,20343.92816627776,321.8733587791109,2.2664702230269256e-05,984.5837876349766
1272,train,0,0,4.483825990087877,5.18315696720875,5.1831569672087525,9.814798048608413,14.298377170285676,1.893594600877755,0.7292410074098308,-1.0442661626601486,13432558.097060883,13413114.979951944,19119.589594086076,323.5275148542856,2.4085324069811778e-05,991.518018736132
1273,train,0,0,4.5926307975498455,5.108795694780574,5.108795694780574,9.357652252987265,13.950278358508513,1.8316747844404027,0.6462280781252248,-1.1711388570773573,13049896.728061045,13031229.67481473,18347.1133881326,319.9398581841599,2.4516658242681482e-05,1001.3183550252187
1274,train,0,0,4.565452905733007,4.961882444090882,4.961882444090882,8.83110108749209,13.396381897342508,1.7797884546839817,0.5988972014364964,-1.234314746929248,12310138.901380418,12289454.851021633,20362.598926997933,321.45143179432785,2.611273799341788e-05,1025.7176440106673
1275,train,0,0,4.6153406687258975,4.853860212692957,4.853860212692957,8.342402975988458,12.956985290453304,1.7187151278425532,0.5304750348936853,-1.32061539420137,11779979.519951615,11760091.19026106,19582.0842244725,306.24546608417097,2.5997113625323928e-05,1052.0678719393445
1276,train,0,0,4.537267204162283,4.70224254417647,4.702242544176473,8.094850067261056,12.632084019271133,1.7214871396385505,0.49798125855928926,-1.3578625569052123,11055542.473299386,11037442.153193763,17823.019404773895,277.3007008391904,2.5082505133412378e-05,1044.544950950126
1277,train,0,0,4.638504955977376,4.611296677362247,4.6112966773622475,7.487043406754558,12.125444263903773,1.6236308202657856,0.41428970923280817,-1.4445273781353056,10632028.664900549,10614654.368538905,17106.409306973354,267.8870546654525,2.5196231416289012e-05,1092.7985086177025
1278,train,0,0,4.519831380116812,4.465309088552728,4.465309088552729,7.317779818308481,11.837314853968564,1.6388070060073443,0.3996616572614954,-1.4569491611763519,9969492.664926216,9950896.867232054,18332.34605843114,263.45163574058205,2.6425781591417806e-05,1091.538985142881
1279,train,0,0,4.429378611984342,4.349908938868156,4.349908938868156,6.98179616218558,11.410997195955133,1.6050442113397987,0.38594124485624093,-1.47055170586732,9460854.012053277,9443995.492085949,16632.86550847912,225.6544588386353,2.3851383664851814e-05,1057.808944652
1280,train,0,0,4.304326521136609,4.241196888952038,4.241196888952037,6.936536325237903,11.240681050927378,1.6355138671602347,0.39101729013714287,-1.466094596339562,8993875.544370996,8976688.011332136,16950.70550820863,236.82753067560853,2.633208893176557e-05,1121.7305479276047
1281,train,0,0,4.194504538734007,4.148460480178447,4.148460480178447,6.7878305519032,10.98200015994371,1.6362288092982435,0.3957352577616682,-1.4617572570622441,8604862.189978896,8587236.773668045,17389.220051990393,236.19625886127753,2.7449162304580363e-05,1121.7678975832844
1282,train,0,0,4.150445386402716,4.083842691257104,4.083842691257105,6.583049372203241,10.732879043673165,1.6119742776323298,0.38709986949358,-1.469637502512955,8338885.572898772,8321849.746592949,16809.199782245734,226.62652357416536,2.717707559277435e-05,1121.386410040522
1283,train,0,0,4.112730480795842,4.027136504759197,4.027136504759197,6.511880420083064,10.623300369014032,1.6170001718063052,0.37414164330308003,-1.4814152544854804,8108914.215195178,8091145.72557142,17522.63308059572,245.8565431574039,3.031929264915602e-05,1123.5977591250448
1284,train,0,0,4.082775189902895,3.9804783762808014,3.980478376280801,6.380856440040953,10.463305896584643,1.6030375841415745,0.36394714474971535,-1.4915200644672337,7922104.2628319105,7905040.483801209,16823.20097983158,240.578050859157,3.0367948070044423e-05,1158.7836310790528
1285,train,0,0,4.009529061312838,3.9247072801826683,3.9247072801826675,6.354366354946928,10.363803162217664,1.6190675893288982,0.37294448261904617,-1.4830256219897513,7701663.75522597,7683920.561264572,17515.0444988106,228.1494625855475,2.9623399545421143e-05,1183.3300696286854
1286,train,0,0,3.9459220442568186,3.8815142000735077,3.8815142000735063,6.231636854668963,10.176106750965118,1.6054654275259257,0.3824398848038342,-1.4756649970540618,7533076.242721573,7515438.83558276,17425.211748772042,212.19539003687623,2.8168490959041934e-05,1146.3264026643221
1287,train,0,0,3.9349805312660755,3.853987770833923,3.853987770833922,6.187318663069862,10.121468633064069,1.605432873942684,0.37055950398207077,-1.487509685981627,7426611.178262933,7409830.445850159,16561.788902462995,218.94351031913666,2.9480944277783914e-05,1145.9843661685145
1288,train,0,0,3.922569499383215,3.8263477605632836,3.8263477605632845,6.1163861890933475,10.033254322130233,1.5984919750715345,0.36331557800574515,-1.492572210281647,7320468.679456063,7302912.1200759495,17333.417322019603,223.14205808876645,3.0481936042563154e-05,1199.4812471098878
1289,train,0,0,3.911997775958036,3.8019514155945204,3.8019514155945204,6.0460300637026085,9.95796450515627,1.5902439044600931,0.3534231687077611,-1.500803553740861,7227417.652938447,7210842.71069985,16352.042883897722,222.89935469819224,3.084080170841769e-05,1164.3682262601308
1290,train,0,0,3.8638910522427468,3.772595582225478,3.772595582225478,6.061499191287527,9.925157754390966,1.6067185202268115,0.3623528878998898,-1.494609795567657,7116238.72306317,7099092.583375144,16946.501743519784,199.63794451916698,2.8053857141154654e-05,1136.186545075601
1291,train,13,1,2.97583130173455,2.754016024087299,2.7540160240872984,4.772090641930001,7.746509767137468,1.7327751909183273,0.31167955314586926,-1.4599062086198584,3792302.609273641,3778878.033381708,5349.671720867791,8074.9041710665,0.0021292879295339586,5476.36297322283
1292,train,13,1,2.5120805371248536,2.5388724887909446,2.5388724887909446,5.157378805831689,7.669405168828234,2.031365824239453,0.5384173949558335,-1.0943632441887612,3222936.9624658856,3217554.0309976307,4720.221543126969,662.7099251287825,0.00020562298699808879,2300.673557126879
1293,train,13,1,3.3948116329273326,3.1809216796455506,3.180921679645551,4.769362446967687,8.163675660267472,1.4993649411384236,0.22809856467582226,-1.5965593109933645,5059132.122078853,5047512.383950931,6384.039687500143,5235.698440420696,0.0010349005153613758,4338.12515082842
1294,train,13,1,2.651380828727386,2.5485771228419645,2.548577122841965,4.655806251655915,7.306565628270619,1.826825725589242,0.3378748857860529,-1.390827486632215,3247623.14062341,3244453.314182469,2475.067269254679,694.7591716904526,0.00021392850759065826,2325.4602163080303
1295,train,13,1,2.4428971944415245,2.2846685722934232,2.2846685722934237,3.4650918306744423,5.9065922311274335,1.516671552581507,0.19599986684288653,-1.6546253716557748,2609855.4742153846,2603662.457074353,5077.362025846082,1115.6551151844462,0.00042747773821454684,3114.572863804289
1296,train,13,1,2.8061135586039163,2.665011826848065,2.6650118268480645,3.9578863803609274,6.762907211086713,1.4851290116194187,0.20589168830789112,-1.653200285912509,3551144.170825536,3542276.8558349353,7108.179188322772,1759.1358022793283,0.0004953715528452852,3456.9093216673296
1297,train,13,1,3.0376699340531994,2.9719288187396944,2.9719288187396944,5.420603953581078,8.458164928386395,1.8239346512611945,0.3682594247985477,-1.38967073894558,4416186.292068193,4402720.1647882415,5534.8477156316485,7931.27956431362,0.0017959567463353622,5243.015896346141
1298,train,13,1,3.2460780290195834,3.0098606377588393,3.0098606377588393,4.46848343338276,7.713833549350966,1.4846147284447098,0.1754407711056679,-1.6504527890228744,4529635.108359855,4511492.485368057,6005.603151379503,12137.019840422943,0.002679469659271884,5998.727106019895
1299,train,13,1,3.341183240276878,3.1571991423210277,3.1571991423210277,5.285674517291481,8.626350679376628,1.674165701630622,0.23981561121183959,-1.5705573347773678,4983966.070471382,4965506.677638779,6976.096782132061,11483.296050473204,0.0023040477980997005,5746.993621090315
1300,train,13,1,2.8932485194674227,2.842837308759816,2.842837308759816,4.376032391024521,7.268334902240895,1.5393186157858463,0.3003754593857591,-1.5927789854770158,4040868.0242546946,4032968.3811932914,3630.5766682295684,4269.06639317433,0.0010564726112186563,4264.377070280277
1301,train,13,1,3.2260308073082125,3.0234978903080183,3.023497890308019,4.541249771305068,7.766679783060681,1.5019854274951812,0.2122742507525198,-1.6241633240446673,4570782.200623007,4552401.348052142,5530.222859304222,12850.629711562126,0.002811472773699556,6000.437027059768
1302,train,13,1,3.0546874429024755,2.9598826765436637,2.959882676543663,5.004268703337759,8.057886915514246,1.6906983317262365,0.3277920371114096,-1.5105921810962135,4380452.771132555,4367580.9707320705,5497.060605885381,7374.73979459697,0.0016835565134264076,5129.722507551916
1303,train,13,1,3.0998406278842157,2.9937455105711,2.993745510571099,4.765839113021546,7.865478163221269,1.5919319448473745,0.28958720857319925,-1.5819521014254674,4481256.287114022,4469060.197430912,4121.28764902654,8074.802034077887,0.0018019058756575039,5277.3438974679475
1304,train,13,1,3.2173191064503626,3.044663473927141,3.0446634739271414,4.694559956202225,7.911308788461611,1.5418978144559845,0.2496945892002096,-1.6064168181425065,4635016.314482736,4541505.48378622,8461.546060839375,85049.28463568298,0.018349295636767227,10170.58884303396
1305,train,13,1,2.6776544901609305,2.654672318388124,2.6546723183881245,4.994136586499225,7.671604958843091,1.8812629159185972,0.41162665532491594,-1.3594889235708654,3523643.6099801734,3512394.4911419004,5012.418165433531,6236.700672834694,0.001769957851347454,4696.344116221922
1306,train,13,1,3.018794231112668,3.026802717810873,3.0268027178108734,5.169920749966433,8.188233760389267,1.7080468177012753,0.36528946195967416,-1.5160413481088664,4580786.885088848,4567604.104639463,6380.0249724883215,6802.755476898056,0.001485062642630691,4873.827371089307
1307,train,13,1,3.627270299446769,3.69896792368636,3.69896792368636,7.623141687857919,11.248557385639288,2.0608834261695246,0.7539001185580259,-0.6601860071475003,6841193.051224478,6835289.5941265235,3607.6544504433023,2295.8026475129727,0.00033558512825508646,2693.7377886961317
1308,train,0,0,3.7878320968474437,4.071504587181063,4.071504587181063,7.2272512161408375,11.014943260626751,1.7750811920722112,0.5646184062622686,-1.2802085869657236,8288574.891408423,8269346.563114431,18991.74199169038,236.5863023116897,2.854366467230993e-05,1112.9896681576583
1309,train,0,0,3.9241405291400735,4.087098363865001,4.087098363865001,6.989344044224184,10.91313597979024,1.7100992983233827,0.5017405107064002,-1.3552614929749967,8352186.528156027,8334191.513592619,17746.71205546721,248.30250793889365,2.9729042461137802e-05,1147.5210377984731
1310,train,0,0,3.9965306529249647,4.071276463304024,4.071276463304023,6.772095560148766,10.768156378355343,1.6633838603662172,0.4554566221119393,-1.4057005590364202,8287646.078956583,8269584.536653533,17826.426410674885,235.11589237817645,2.836944171339151e-05,1146.7794775757504
1311,train,0,0,4.154273933032804,4.068515313175912,4.068515313175912,6.478715950390048,10.632761005035718,1.5924029902034988,0.37492898570629063,-1.4804576188889746,8276408.4484478375,8259617.090534784,16561.20970115179,230.1482119023017,2.7807739714134557e-05,1110.842542353464
1312,train,0,0,4.072798051697813,4.0044307349748065,4.0044307349748065,6.516524038451113,10.58910358362482,1.6273284443493092,0.3816943882799719,-1.4755047827620478,8017732.986906906,7999810.633275774,17690.27748224781,232.07614888666006,2.8945357654793986e-05,1134.6014739215188
1313,train,0,0,4.042777899314068,3.9586205126422174,3.9586205126422174,6.400750276039936,10.443378327414393,1.616914340639259,0.37372788987979805,-1.4830299575422317,7835338.211386618,7817379.250456146,17730.61487722826,228.34605324480438,2.9143101048651992e-05,1186.6113164972662
1314,train,0,0,3.973760119221788,3.9112269978554983,3.911226997855498,6.2776904194134655,10.251423253266694,1.6050437427578315,0.3819418284282104,-1.4750894587401469,7648848.57448147,7631889.405526436,16746.859130721823,212.30982431005768,2.7757096018135065e-05,1144.5484364603135
1315,train,0,0,3.9537243017114525,3.874925209888932,3.8749252098889317,6.240804278000462,10.194218367541907,1.6105612211749871,0.37302197392092623,-1.4838800873464213,7507522.845361703,7489866.598178104,17421.06559165347,235.18159194434264,3.132612404764675e-05,1180.4561140437147
1316,train,0,0,3.9331052224664598,3.8403021499125316,3.840302149912532,6.176362283942232,10.108892166812439,1.6083011291397753,0.36288709089115473,-1.4930798174797202,7373960.315264272,7356447.221713029,17268.351164860138,244.7423863885303,3.31900872699176e-05,1180.0954064004918
1317,train,0,0,3.920213647986023,3.8156278707421545,3.815627870742155,6.0479965723508915,9.968197562598107,1.5850593341993102,0.35579251120357186,-1.4999820325914535,7279508.127299512,7263030.543724142,16256.16125379122,221.42232155490598,3.0417209196392133e-05,1169.9897051832377
1318,train,13,1,2.985486986321048,2.7878868567978485,2.7878868567978485,5.12217426093237,8.10598691564519,1.837296319412213,0.3551345250318239,-1.3061457478049805,3886157.250458588,3873062.2819307907,4188.35818992748,8906.610337868238,0.002291881095860753,5087.798614741031
1319,train,13,1,3.2818074156729273,3.123766861690463,3.123766861690463,4.8346905777963105,8.11632585991174,1.547711718530736,0.2726655868530253,-1.5813552586856203,4878960.04696946,4870946.840877835,5519.167463516545,2494.0386281090978,0.0005111824249633396,3179.789232938639
1320,train,13,1,3.30375280871235,3.1434021123183555,3.1434021123183573,4.7463389347568885,8.050057511034538,1.509936929849651,0.22804870171890698,-1.6080565921884555,4940495.779881397,4922963.302190195,9180.673091911662,8351.80459929443,0.0016904790473264862,4870.30260221472
1321,train,13,1,2.70487435828615,2.570346267833142,2.5703462678331426,4.51907698143553,7.222812272142619,1.7581588278552094,0.26470154253314127,-1.5252229370292663,3303349.8276844057,3282834.437654816,4943.215208625625,15572.17482097104,0.004714055620287386,6907.348956466209
1322,train,13,1,2.7310729000726717,2.4722697032860173,2.472269703286018,3.596257689221762,6.323949453420937,1.4546380940727441,0.14959636516826794,-1.6549552953925923,3056060.049749304,3050997.343556815,4177.250201625809,885.455990862347,0.0002897377592220359,3009.4477297253457
1323,train,13,1,3.1217284493977204,3.0041551577049743,3.0041551577049734,5.569879979557358,8.690598183427937,1.8540586911005197,0.38026012055365915,-1.2979876524805156,4512474.418074503,4505481.995421095,6072.425851350395,919.9968020653344,0.0002038785634729209,2211.737666263601
1324,train,13,1,3.334109923932012,3.2446922716809476,3.244692271680949,5.147606232073848,8.481710770391146,1.5864697792765023,0.30482385410310414,-1.561655765193142,5264014.077232708,5242571.558640505,6885.862596275555,14556.655995933337,0.002765314792544356,5944.0872439674395
1325,train,13,1,3.003423938822816,2.84343389092052,2.8434338909205206,4.2858569525956405,7.288419330492616,1.5072820811065724,0.2207214995129287,-1.63917911845024,4042570.46042125,4027353.0173133817,5663.794537849413,9553.648570015257,0.002363260866706015,5891.170262324422
1326,train,13,1,3.41817775035464,3.25529194128516,3.2552919412851615,4.948743674511082,8.366905777824286,1.520215011055924,0.23139971016223826,-1.6232257427338606,5298462.862622006,5279283.69750736,9866.860865529765,9312.304249112583,0.0017575482721236403,5105.228288407736
1327,train,13,1,2.9284058526399894,2.9070665677480325,2.907066567748032,5.518507866537257,8.446399422362447,1.8983080496887919,0.42559471605177357,-1.3081228820614752,4225583.916196169,4209815.548795515,6012.543334262158,9755.824066401683,0.002308751703879019,5496.806294186111
1328,train,13,1,2.809053740436677,2.6790590500359577,2.679059050035958,5.152914681499358,7.96070268470794,1.9234046675567664,0.4122430638523258,-1.253250492535269,3588696.8396142945,3581337.8937156,3370.930829334816,3988.015069359612,0.0011112710957742074,4429.660766302852
1329,train,13,1,2.654884356624985,2.605301903598344,2.6053019035983445,4.76575277411232,7.420469933582353,1.8292516377967722,0.390428189467629,-1.4393825226576662,3393814.8710136516,3378607.2659438085,4365.619556083752,10841.98551375625,0.003194630799209742,5992.405301288964
1330,train,13,1,3.287911270124372,3.102365687244258,3.102365687244259,4.695984508531634,7.9818825668189675,1.513678586583047,0.25420238598859285,-1.612680619359506,4812336.4535774235,4801453.569816058,4679.910802883118,6202.972958479076,0.0012889732499621618,4679.696472123646
1331,train,13,1,3.2614220226921606,3.103212413924808,3.103212413924808,4.90427507508616,8.16349986125715,1.5803865223919513,0.2752566524904688,-1.5866525578649622,4814973.22117176,4803577.139196559,6299.0046379771165,5097.077337225344,0.0010585889273097416,4424.929391337825
1332,train,13,1,2.7182286165796103,2.871939914072253,2.871939914072253,4.87086411489622,7.588373473787215,1.6960188098049733,0.46862795191351875,-1.4562022119691627,4124048.0641306206,4110287.629905476,6122.184423065427,7638.249802077527,0.0018521243407689833,4627.230523948034
1333,train,0,0,3.7139760376684863,4.005791575258709,4.005791575258709,7.140378820729952,10.85421063330432,1.7825138144559602,0.5706533243151706,-1.2731328224002816,8023183.074849167,8004091.256066825,18869.48237794898,222.3364043844282,2.7711745115402097e-05,1095.1086647188306
1334,test,0,0,0.5546128999559005,0.31288561652642266,0.31288561652642266,0.5544024399569752,1.0459167401277227,1.7719013296674087,-0.09928703530346504,-1.3363709523318603,48948.70554698827,48940.87223966288,7.457236273488289,0.37607105185244755,7.682962146801583e-06,782.1907065861877
1335,test,0,0,0.5149559634511824,0.2940484463891485,0.2940484463891487,0.5139478506527375,0.9273643895285204,1.7478339265651832,-0.13676648884598144,-1.4096727910434081,43232.24444091471,43224.85106061247,6.8882219298035015,0.5051583724698072,1.1684759350401172e-05,982.8549535606168
1336,test,0,0,0.39641604058075247,0.23633952670398245,0.2363395267039824,0.39637850277673353,0.7521344554515963,1.6771570473406319,-0.056064011096014846,-1.3552868407493144,27928.185944873563,27913.015359589524,13.959117566299058,1.211467717755874,4.337795946171177e-05,1688.7171790011128
1337,test,0,0,0.3799791483336594,0.22119170985151532,0.22119170985151526,0.37960552546544934,0.6960967569611967,1.716183331284325,-0.12445500616915822,-1.352362509837872,24462.88714312756,24460.060559440855,2.482748837841937,0.34383484885826054,1.4055366680414712e-05,1058.3715053595502
1338,test,0,0,0.37941616225551117,0.22023283196240737,0.22023283196240734,0.37869553249591265,0.6936790251056664,1.7195235111927094,-0.12340205710385696,-1.3485831744016992,24251.25017711765,24248.05034551896,2.8160341948763614,0.383797403808133,1.5825881181592292e-05,1120.3016522043083
1339,test,0,0,0.3800621149961371,0.2205461872195908,0.22054618721959088,0.378553612590069,0.6924599128542468,1.7164368940695178,-0.12113292143986987,-1.3466998693182377,24320.311743551876,24317.333662806537,2.600142720088835,0.37793802524981973,1.5540015655844693e-05,1102.4255693976327
1340,test,0,0,0.3798739103720436,0.22035878105594256,0.2203587810559426,0.3796397233589232,0.6949448581872275,1.7228254827863831,-0.12484594379472756,-1.348160991369781,24278.99681457256,24276.027754179835,2.6619226639982716,0.307137728751643,1.2650346762568669e-05,1033.0657040077783
1341,test,0,0,0.3802902904188959,0.2204268983951559,0.22042689839515595,0.379912119553308,0.6946410742821172,1.7235288538708435,-0.12348912978365466,-1.3462960567585103,24294.00969278959,24291.086227255364,2.5604662499316775,0.36299928427218914,1.4941925555414862e-05,1102.0936564437602
1342,test,0,0,0.3800076577641594,0.22037927671329433,0.22037927671329446,0.37984456228479396,0.6939515299745835,1.7235947406205445,-0.1266979093507198,-1.3454385308255514,24283.513336786848,24280.482320013383,2.6747691084937757,0.3562476649779688,1.4670351033525812e-05,1088.2461587306689
1343,test,0,0,0.37986517252994234,0.22061751000564964,0.22061751000564964,0.3779172060092678,0.6928118196083233,1.7129973318962308,-0.12618818943785565,-1.3490195387143966,24336.043880679947,24333.2888123724,2.389301038802427,0.3657672687392077,1.502985738078757e-05,1083.2545693009001
1344,test,0,0,0.3800711047602817,0.2205823831641282,0.2205823831641283,0.378321610414423,0.6934812876861542,1.7151034683169872,-0.12245246303356674,-1.350048543344938,24328.295832481777,24325.226534157457,2.6976043631442725,0.3716939611630791,1.527825720808665e-05,1080.140440621537
1345,test,0,0,0.38053469616733493,0.2206963020685037,0.22069630206850374,0.3799021570668556,0.6956329199601896,1.7213798034048375,-0.12251185376133203,-1.3482163412425843,24353.429243405877,24350.34451478296,2.7337018089080356,0.35102681400962493,1.441385566283942e-05,1089.1888861492398
1346,test,0,0,0.379917769495165,0.220269451335442,0.22026945133544198,0.37890847252006643,0.6943963054800406,1.720204368889255,-0.12506044868837005,-1.3462459970570102,24259.31569053612,24256.239554865588,2.7339550334669847,0.3421806370779152,1.4105123221237619e-05,1070.081975107117
1347,test,0,0,0.3793968927254064,0.22022596867931593,0.2202259686793158,0.37933852356369974,0.6942758994082396,1.7224967874523338,-0.12456999856564015,-1.347814893826647,24249.73866231268,24246.671372660283,2.707175051651654,0.3601146007537288,1.4850246667333979e-05,1103.6018956003109
1348,test,0,0,0.37955336230565445,0.2203284013721865,0.22032840137218643,0.3791148306486721,0.6959084665577393,1.7206807124618404,-0.12259160049037833,-1.3479449373645587,24272.302308997554,24269.436095857924,2.5162751556775613,0.3499379839204589,1.4417173099839795e-05,1077.5358982415926
1349,test,0,0,0.3793601103647925,0.2203268149659516,0.22032681496595163,0.3793065344657189,0.6955581394176988,1.7215631902287305,-0.12561490754462448,-1.3471058325050447,24271.956258015107,24269.035265624225,2.572685048903106,0.3483073419580697,1.4350196508905266e-05,1066.4730309775246
1350,test,0,0,0.3795206262579886,0.22048182130177105,0.22048182130177116,0.37910503473493734,0.6945469100028276,1.7194389655193398,-0.12253257862560611,-1.3497957834127245,24306.11767218571,24303.129507426136,2.661751011431363,0.3264137481211804,1.3429283628240902e-05,1059.322174911946
1351,test,0,0,0.3796649633225752,0.22040686112549815,0.22040686112549812,0.3790317355672596,0.6962431789143011,1.7196911821698762,-0.12039346863874013,-1.3469272151883271,24289.593511305135,24286.579558695154,2.657178838939021,0.3567737710402419,1.4688338480188574e-05,1079.2093047163376
1352,test,0,0,0.3793736791681731,0.22013763429449584,0.22013763429449593,0.37789351877069566,0.6930919307051226,1.716623874794425,-0.12164536868719661,-1.3443675152625874,24230.290333334793,24227.42212910813,2.4975642198598202,0.37064000681392634,1.5296556570930508e-05,1093.8116387454518
1353,test,0,0,0.37963325951006843,0.22038022064585763,0.2203802206458578,0.3793178101639787,0.6950310253014322,1.721197161216783,-0.12336078099188619,-1.3455629732255008,24283.720829338756,24280.819080444402,2.5714991829746987,0.3302497113608476,1.3599633832137093e-05,1055.5239361685378
1354,test,0,0,0.37932331984356277,0.2200741791515705,0.22007417915157046,0.37888543565949656,0.6956544233835302,1.7216260313689455,-0.12261095614717184,-1.3468080075301523,24216.322191655567,24213.273396209977,2.6962411923361946,0.3525542532410994,1.4558538264021866e-05,1065.917648427246
1355,test,0,0,0.37899877998244486,0.22004256299408134,0.2200425629940814,0.37865952309186107,0.6954546102206223,1.7208467213774732,-0.12235594724767078,-1.3468228884475886,24209.36493458268,24206.416534538082,2.5865860740194724,0.3618139705700507,1.4945207011738064e-05,1075.5171778194465
1356,test,0,0,0.37891328700387383,0.22020075730831948,0.22020075730831956,0.37709223006421233,0.6932732304558158,1.7124928845554208,-0.12317207130662942,-1.3500406508468779,24244.18677290493,24241.33119374336,2.4607982637289867,0.3947808978337424,1.6283528151785472e-05,1093.731020177881
1357,test,0,0,0.3795121474811749,0.22028120102985824,0.22028120102985824,0.3791618110824784,0.6962384182552341,1.7212626829244704,-0.12136705551662244,-1.349310611669118,24261.90469768111,24259.027114307977,2.517139624743913,0.36044374834832643,1.4856366507068865e-05,1055.3968226190182
1358,test,0,0,0.37919180360628524,0.22005096674933014,0.22005096674933014,0.37861241380457067,0.6949817807762884,1.7205669186441928,-0.1199502355954191,-1.3461735580342118,24211.2142964425,24208.035096352385,2.839006524463896,0.34019356564161146,1.4051074079815903e-05,1074.9902508544922
1359,test,0,0,0.3789413992871996,0.21987565456496277,0.21987565456496275,0.3779238039951306,0.6939430584898219,1.7188069536069177,-0.12216075707671561,-1.3456291313795223,24172.65174026619,24169.76019837358,2.541961201827864,0.34958069080341186,1.446182630518311e-05,1088.2063074675557
1360,test,0,0,0.37889839262061287,0.21979243198245565,0.21979243198245565,0.3787339158443501,0.6942264162062202,1.7231435697230082,-0.12426946492275619,-1.3456977281897704,24154.357669850368,24151.567790652534,2.460371960222605,0.3295072376108741,1.3641730494956082e-05,1080.657105788564
1361,test,0,0,0.37916736664250494,0.21983319263980386,0.21983319263980386,0.3785041936649941,0.6935536148375832,1.721779086769541,-0.12022080316855227,-1.3455810476478751,24163.31646472285,24160.19330954826,2.7831632907783654,0.3399918838303325,1.4070580266856269e-05,1056.8730204324936
1362,test,0,0,0.37863451363833156,0.2198273921551202,0.21982739215512026,0.37821541498729494,0.6931336934212595,1.7205108575386676,-0.12395877379127482,-1.3469087125860335,24162.045279008347,24159.16995090884,2.4804533879262585,0.39487471160200593,1.6342768463606334e-05,1117.9120381446792
1363,test,0,0,0.37897743149782764,0.22008973480782507,0.22008973480782493,0.3784860158817028,0.6945113190449774,1.7196895448676162,-0.12357561397142114,-1.3495929408968939,24219.746139516385,24216.757750380206,2.6095842850465094,0.3788048511315701,1.5640331197093794e-05,1101.5387249792886
1364,test,0,0,0.37901134611165616,0.22001548765081635,0.2200154876508163,0.37751258615462574,0.6923826325219125,1.7158455079024757,-0.12004086051554368,-1.3483277210221731,24203.408146424947,24200.35146803851,2.682393001802021,0.3742853846063286,1.5464160350558474e-05,1107.2158263369602
1365,test,0,0,0.37917572069610467,0.21974428355839118,0.21974428355839118,0.37810365700325926,0.6926574561512098,1.7206529830059871,-0.12078084461528858,-1.3438173284097492,24143.776316497326,24140.66313280325,2.741559682204653,0.3716240118944128,1.5392124538549667e-05,1096.4046247980784
1366,test,0,0,0.37869532715383686,0.2196598965103537,0.21965989651035375,0.3783510183039471,0.6925106320413761,1.7224401190870695,-0.12373724324673797,-1.345550897693606,24125.23509206975,24122.327452453574,2.564625642085813,0.3430139740947715,1.4218057266000457e-05,1089.9673978087988
1367,test,0,0,0.37901322490436723,0.21982633425700465,0.21982633425700476,0.3780811978424317,0.6939611542620696,1.7199085774700997,-0.123650710764321,-1.3466725039705425,24161.80982522887,24158.76362504837,2.6700227221690405,0.3761774583234321,1.5569092756066702e-05,1091.8080640504147
1368,test,0,0,0.37869631282206684,0.21965494607678246,0.21965494607678243,0.3784734239741374,0.694478603938478,1.7230362017062821,-0.12218479073986299,-1.345841634055575,24124.148262841834,24121.27618521691,2.503471055719502,0.3686065692556844,1.527956822514829e-05,1076.9815933206455
1369,test,0,0,0.3783392594807083,0.21957472643430892,0.2195747264343089,0.3777982614148641,0.6921653484459966,1.72059083278827,-0.12445131196713488,-1.347368736023386,24106.530246037146,24103.550001257634,2.6312155249535945,0.34902925456170963,1.4478618490485012e-05,1071.535403511313
1370,test,0,0,0.3785908454600139,0.21989333203150083,0.21989333203150074,0.3776332673304132,0.6924361887504347,1.7173475150047546,-0.11876310031918769,-1.3475490354296713,24176.538771042127,24173.472279903726,2.698179026669832,0.368312111704247,1.5234277958158315e-05,1106.8084417146636
1371,test,0,0,0.3636355439333129,0.2169684536771195,0.2169684536771195,0.3634778606022592,0.69623389915796,1.6752567225425632,0.06556878432666462,-1.2743565321255226,23537.654946141312,23458.094400207512,71.75322423211216,7.807321701691299,0.00033169496789531305,2876.667812504222
1372,test,1,1,0.0975156562254051,0.06192175615996758,0.0619217561599676,0.10712719095496141,0.20461921250534942,1.7300412261921458,0.05454259579198063,-1.2623843980698553,1917.153169802734,1906.3047940839488,9.757690813469452,1.0906849053141583,0.0005689085893050395,3264.511755119177
1373,test,1,1,0.10767364521046238,0.07529387566708388,0.07529387566708387,0.1405602542636816,0.24822499383753893,1.8668218765252131,0.23091689756134107,-1.2624335210047772,2834.5839108856158,2830.352201116814,3.4685652523972563,0.7631445164035019,0.000269226292251504,2299.0793603108004
1374,test,1,1,0.0924527236944914,0.07085923450502735,0.07085923450502733,0.13866945712502002,0.23111088870882668,1.9569708605189868,0.4932510124526366,-1.0601594295590553,2510.5173610674383,2497.760463917891,11.293608024390371,1.463289125160915,0.0005828635753941746,3245.4461932280547
1375,test,1,1,0.11474787634631503,0.09147435055946354,0.09147435055946353,0.2189494426844467,0.33342939024441876,2.3935610512163965,0.7157676386110948,-0.6156645350152399,4183.7804729282825,4172.795466331351,9.89006240227405,1.0949441946515739,0.00026171167482055005,2299.250991123451
1376,test,1,1,0.10215886851038158,0.09671237020712185,0.09671237020712185,0.2988195774963933,0.40092614545937977,3.0897761770953722,1.5178421249386411,1.7600338530830069,4676.646095064547,4632.555520544074,39.980197711725886,4.110376808744069,0.0008789155144927291,3226.720234560448
1377,test,1,1,0.08453583037899808,0.06362526968454475,0.06362526968454474,0.11087659680796787,0.19513609952991828,1.7426503236480737,0.3664583181838551,-1.3553400158147917,2024.0874796188127,2021.858036711994,1.7707131060198948,0.4587298007991061,0.0002266353630553046,2204.8060871019916
1378,test,1,1,0.07417579742819362,0.062351915200288974,0.06235191520028901,0.19549817589372104,0.2694901289505651,3.135399694872803,1.199974244621494,1.3717014878042262,1943.8957145660504,1901.9809102697652,38.60124938392812,3.31355491235999,0.0017045949983483031,3780.8488083026764
1379,test,1,1,0.12439865616058524,0.10531353498599665,0.10531353498599666,0.25063609334731884,0.37489767103397753,2.3799039067546772,1.0601179034971788,0.11009693731354986,5545.470964943646,5542.255566880841,2.633633210048786,0.5817648527554876,0.00010490810544914638,1521.1434689570926
1380,test,1,1,0.09756200854670896,0.09513103622486431,0.0951310362248643,0.3111637299786817,0.40856366058869753,3.2708960432552625,1.7645144485305246,2.7544711627380654,4524.976145278378,4344.6344287166585,164.77615754095388,15.565559020766324,0.003439920680467748,4126.158817444266
1381,test,1,1,0.09779861140769208,0.11140115868785888,0.11140115868785888,0.35135156344849383,0.4490582321450347,3.1539309607449,1.8028300256140821,2.580828484558844,6205.120810289013,6088.726364275679,106.13648722054278,10.257958792782937,0.0016531440895999503,3723.894411175451
1382,test,1,1,0.13270108829811214,0.1379706814268016,0.1379706814268016,0.2926884697787464,0.425159192411229,2.121381635228265,1.0041023137941303,-0.44206769677792535,9517.95457136795,9514.16477334726,3.2774424334873395,0.5123555872121083,5.383042999105961e-05,1227.6428032400672
1383,test,1,1,0.09840183546456684,0.13365266510963117,0.13365266510963117,0.43202615687933577,0.5302828514832072,3.232454485849257,2.057680764620819,3.1341478796091753,8931.54299360008,8720.218433165199,193.80316656150924,17.52139387337999,0.001961743215694644,3782.264051943824
1384,test,1,1,0.11087840206093824,0.08568992923611424,0.08568992923611424,0.2371921300225731,0.3480287983766175,2.7680280767767034,0.637806171909279,-0.27201411130325237,3671.3877742744453,3653.5820840073366,15.991041778512338,1.8146484885957095,0.000494267726583125,2763.3272392118993
1385,test,1,1,0.08198867182446702,0.05836445392439841,0.05836445392439842,0.10166828890131728,0.1834507064340869,1.7419556265019094,0.08273319812785587,-1.4454286439462698,1703.209295680657,1699.8580044094856,2.8157347055949313,0.535556565577989,0.0003144396680643781,2587.324178543711
1386,test,1,1,0.11380441011971561,0.1029428346377949,0.10294283463779491,0.18902646480017576,0.3027499061427079,1.8362275088428128,0.49143605074667474,-1.2297366532916931,5298.617255559505,5220.469285456568,71.90145330099286,6.246516801947638,0.0011788956440274227,3497.4378791841996
1387,test,1,1,0.11057713572429202,0.12658738585125456,0.12658738585125456,0.3041501348788879,0.41451979894191027,2.402689121302157,1.2765619185696528,0.29030342353813543,8012.186787829406,8002.748595050941,8.490172925704382,0.9480198527554092,0.0001183222355968362,1645.3141115235553
1388,test,1,1,0.14268503352622247,0.1257744179717611,0.1257744179717611,0.2708824200965955,0.4135484358830581,2.1537163476074612,0.4953226237867756,-1.112572307106684,7909.615265399065,7702.424011120375,189.57861770436267,17.612636574338833,0.002226737456041134,4036.1581815650015
1389,test,1,1,0.13869105950064115,0.12217717836649518,0.12217717836649515,0.31591547354989596,0.45454105429234914,2.585715906797615,0.9459622583879446,-0.15074644945535054,7463.666229596604,7264.675863955274,181.75632517517695,17.234040466156557,0.0023090583013769123,3936.486984138471
1390,test,1,1,0.12009902652916207,0.12259729334943788,0.12259729334943788,0.2977313214856695,0.4177250010689022,2.4285309516340527,1.0928264871848652,-0.12709695897281925,7515.0487399995745,7506.898211446733,7.420826087724791,0.7297024651121763,9.70988333353401e-05,1553.8084355338785
1391,test,1,1,0.15038344613472146,0.14893208272134503,0.14893208272134506,0.33838468440612635,0.4886581650862354,2.272073808564478,1.069624521530497,-0.1756986620932217,11090.382652444227,11084.32990138285,5.243183349501991,0.809567711878155,7.299727495874393e-05,1397.3015385771525
1392,test,1,1,0.08463880958240895,0.0707904734383654,0.07079047343836539,0.18104087767917248,0.265677927893762,2.557418659401932,0.789557113908415,-0.37068955307098017,2505.6472279939026,2497.8306470924495,6.747194357475605,1.0693865439771872,0.00042679054418740767,2432.1273006727642
1393,test,1,1,0.11628756182627104,0.10379531093099259,0.10379531093099258,0.27775078756375887,0.3940343161320925,2.67594735323274,0.8677370751711739,-0.02238985465819221,5386.743882632918,5346.990886134908,34.51049311962956,5.24250337837427,0.000973223062502807,3484.295361118754
1394,test,1,1,0.09295442073392042,0.06951929914084412,0.06951929914084415,0.10713866980028978,0.1998882557527395,1.5411356432582821,0.003337368473219894,-1.631385602405693,2416.4745078253086,2411.9256578268355,2.6801047667375695,1.868745231737297,0.0007733353799867158,3687.600127721014
1395,test,1,1,0.3394866521478234,0.5631011883005881,0.563101188300588,2.1209313337683144,2.4603941256809776,3.7665190161810567,2.2947496693153018,4.410217672779016,158542.17530293245,151464.9120336515,6479.166553488395,598.0967157927456,0.003772477037418844,4271.242918440087
1396,test,0,0,0.5786182450559573,0.3675279679530559,0.3675279679530559,0.775084657737927,1.3531271587708034,2.1089134033928216,0.40869034205944593,-0.6670238459378712,67538.41305438703,67464.93846254605,66.98856791407202,6.486023927055478,9.603459177864369e-05,1892.0302063457655
1397,test,0,0,0.4548423644005088,0.2731316065106886,0.2731316065106886,0.4543598653831286,0.9071944957831874,1.663519909642343,-0.0257053967440407,-1.3092720692409905,37300.441032011724,37260.19253359626,36.82938983499989,3.419108580416083,9.166402556692988e-05,2106.6394536240755
1398,test,0,0,0.3802763387393643,0.22036150127124052,0.22036150127124043,0.38009669157692405,0.6999503982515307,1.7248779364098967,-0.11884013349515712,-1.3411375362618112,24279.596727206794,24276.343626349142,2.8644115884051082,0.3886892692456096,1.600888489264153e-05,1098.8664984587037
1399,test,0,0,0.37856148361295344,0.21964597551766427,0.21964597551766424,0.3782944685704715,0.6932292122219224,1.7222918274687373,-0.12180721813319037,-1.3440314750555742,24122.179882920016,24119.044333286492,2.7469001526881898,0.38864948084678325,1.611170643503786e-05,1141.72664197488
1400,test,0,0,0.3785412522260449,0.21978320944045868,0.21978320944045868,0.37797758419712774,0.6925949585274793,1.719774614081816,-0.11992493580147756,-1.3469120866418995,24152.329624765123,24149.44732384146,2.5277941099182915,0.3545068136972937,1.4677955261665207e-05,1079.4410090281197
1401,test,0,0,0.3791162319151917,0.22012271132343794,0.220122711323438,0.3786199836080195,0.695634861884173,1.7200405234500908,-0.11689326731041692,-1.3466509637573068,24227.004215666853,24223.86137086115,2.776821822760584,0.3660229829513288,1.5108057921360044e-05,1101.8149588218864
1402,test,0,0,0.3786223983654636,0.21979483427301638,0.21979483427301644,0.377817781121179,0.6932295419392176,1.7189566004625731,-0.11773573724893198,-1.3425049615533973,24154.88463574142,24151.91610360052,2.604922437169231,0.36360970368953427,1.505325772293317e-05,1076.5913225065187
1403,test,0,0,0.3790458961070981,0.21988107365377899,0.21988107365377899,0.37772588337841445,0.6937003649072722,1.7178644669216743,-0.1213082983778822,-1.3437656054816898,24173.84333979631,24170.909277638304,2.5469167093339045,0.387145448669289,1.601505574547796e-05,1108.0165142990531
1404,test,0,0,0.3788401265047505,0.21971450196661518,0.21971450196661516,0.37880851812233596,0.6922344982231152,1.7240942893241273,-0.11948253771237549,-1.3447998831306538,24137.23120002995,24134.331743889965,2.5466024945167156,0.35285364547514586,1.4618646295881195e-05,1089.4105739445695
1405,test,0,0,0.37886329337081404,0.21973796622978334,0.21973796622978345,0.3772951254347572,0.6933210198767483,1.7170229246602462,-0.12292963546888153,-1.3465351638578804,24142.386946889175,24139.307049816096,2.7205656868061023,0.35933138631368156,1.4883838416813321e-05,1092.0621964178267
1406,test,0,0,0.3789661272810772,0.2199010751045481,0.2199010751045481,0.3781301852930337,0.693712962907739,1.719546778537842,-0.12403875817599928,-1.3474479608557692,24178.241427315384,24175.054016595273,2.8315005647386142,0.35591015536818366,1.4720266419628596e-05,1091.4955121656944
1407,test,0,0,0.3787315747907269,0.22011124042632224,0.22011124042632224,0.3780579573797877,0.6938414916512556,1.7175767882073925,-0.11853352256638584,-1.3477503468900214,24224.480666766285,24221.565289155027,2.5395039157525763,0.3758736955234986,1.5516274660086397e-05,1094.277372008693
1408,test,0,0,0.37891115101100875,0.21997791778071202,0.21997791778071202,0.3784732153713703,0.6953390037524514,1.7205054906859172,-0.1184537432483514,-1.345494370191444,24195.142371441198,24192.214118552187,2.546462061459444,0.3817908275211351,1.5779647900389415e-05,1102.8224477785805
1409,test,0,0,0.3787841515550681,0.21968886404731444,0.21968886404731439,0.37845160580406084,0.6943870072427671,1.7226708665695214,-0.12051274403425122,-1.3453573003359725,24131.598613892682,24128.511686612394,2.7504694738089555,0.3364578064842662,1.3942624020381549e-05,1072.9210187774165
1410,test,0,0,0.3782632019327721,0.21952474161802812,0.21952474161802807,0.3771801165029174,0.6934893036959693,1.7181667711934214,-0.11841337302953005,-1.347339841987613,24095.559436538228,24092.620536754475,2.5480300820636694,0.39086970167256607,1.6221648752419325e-05,1124.9373217422922
1411,test,0,0,0.378861213838798,0.2197512457149286,0.2197512457149286,0.37823370021313896,0.695569459698163,1.7211902439169837,-0.12033763008009792,-1.345905421760383,24145.30581430912,24142.4481834284,2.5191864168915767,0.33844446381620114,1.401698808120419e-05,1056.3970137733884
1412,test,0,0,0.3782447053064825,0.2196218833073337,0.2196218833073337,0.3766880446757423,0.6926960091805086,1.7151662621370654,-0.12066650933601586,-1.343405121212697,24116.88598693985,24114.01941168431,2.5345872856247125,0.3319879699267759,1.3765789252665504e-05,1062.2133405031002
1413,test,0,0,0.3784243608202087,0.21968253283637978,0.21968253283637978,0.37783826031547507,0.6942634502192959,1.7199285507004334,-0.12136058875815646,-1.346606582211665,24130.2077496619,24127.124830115452,2.7531932413833813,0.32972630506376993,1.366446192608474e-05,1045.2935054763213
1414,test,0,0,0.3782560636822891,0.21967022498916022,0.21967022498916022,0.3779268229622685,0.6930568371608388,1.720428077956025,-0.117647129095595,-1.3492495858039177,24127.505053863097,24124.52535992441,2.6034081382151584,0.37628580043799154,1.5595719474432097e-05,1088.1571238827526
1415,test,0,0,0.378485625522153,0.21978834758429705,0.21978834758429702,0.37808949840808054,0.6937215381767601,1.720243600553342,-0.11671200472980525,-1.3439943735709996,24153.459111038086,24150.569131723863,2.526756318083865,0.36322299612235,1.5038135715987684e-05,1081.3184535476335
1416,test,1,1,0.05043572412945923,0.05027542056893318,0.05027542056893317,0.11246810627959075,0.16289221083479788,2.237039591252837,1.015994783596201,-0.4075939559525077,1263.809539189673,1254.8973027378734,7.747078145850763,1.1651583059480877,0.0009219413763051367,3262.290477440213
1417,test,1,1,0.08819633291360515,0.0811809652902063,0.08118096529020631,0.16638571454885823,0.2544558662775671,2.0495656088106533,0.6408752240617103,-1.0584734177724138,3295.1766580579356,3291.68386995596,2.828855310440727,0.6639327915321946,0.00020148625109632027,1956.8253282793223
1418,test,1,1,0.06894123641902115,0.06235985423628783,0.062359854236287836,0.1435774555975804,0.21226048457901925,2.3024020398372134,0.7810802069722452,-0.6203243729900603,1944.375969216002,1927.959896966854,14.39675674200346,2.0193155071455657,0.001038541691070056,3472.6493035374456
1419,test,1,1,0.14737770391177038,0.17575853452832474,0.1757585345283248,0.3868032352857699,0.5340634086314822,2.200765023011919,1.126626492359658,-0.27679938416465966,15445.53364492158,15440.228889997581,4.63797038418913,0.6667845397949617,4.317005518382962e-05,1194.269669578807
1420,test,1,1,0.0985559206762482,0.08828071796667936,0.08828071796667937,0.19374033991907347,0.2922299658166594,2.194594067440624,0.7686322302650888,-0.7339007398890152,3896.748276660745,3823.173855266952,66.78666081433231,6.787760579462602,0.0017419037868361522,3968.4863745712837
1421,test,0,0,0.15882364581366892,0.278392246699778,0.2783922466997781,1.071522795455252,1.2303304581855627,3.84896780768035,2.51198688759034,5.153462533222726,38751.12434478157,38231.80116771518,493.01074491628435,26.312432150122163,0.0006790108053642974,2424.507486518166
1422,test,0,0,0.07317156041433918,0.08600335259684791,0.08600335259684792,0.4075583473367442,0.4804540980840102,4.738865811978607,2.8754846217853838,7.850118460320209,3698.2912649664104,3496.8301831241356,174.74817489882108,26.712906943456545,0.007223040325813593,4883.978871074508
1423,test,0,0,0.06415511426614284,0.06204333160545696,0.06204333160545698,0.2986142212422037,0.3627634276981553,4.812994620294363,2.6248401589895107,7.262890457688517,1924.7089980987662,1721.2281185477643,173.9929181432383,29.487961407764555,0.015320737543645746,5746.646051894893
1424,test,0,0,0.06109106665426225,0.054860604167535444,0.05486060416753546,0.26385384673303636,0.32475115479610395,4.809532281621784,2.510393400529409,7.501294823018972,1504.904709690622,1300.5647458643323,179.83798211185274,24.501981714438546,0.0162814173925176,5753.2899312119425
1425,test,0,0,0.0595833475233012,0.05285247328596002,0.05285247328596002,0.27152668288937276,0.33100269728311105,5.137445156450274,2.733010335193133,8.798082194149801,1396.734350134468,1181.0328148698818,186.97079644539807,28.730738819187568,0.02056993788147443,6083.308122922782
1426,test,0,0,0.06028908815441537,0.04922467476177051,0.04922467476177051,0.2454290953630407,0.3053311074327212,4.985895723045974,2.367900128989325,6.909081155844012,1211.5349679933358,1033.9348081076528,149.81331515179198,27.786844733887822,0.02293523956630913,6334.915255621801
1427,test,0,0,0.05639813128752576,0.04756691458809505,0.04756691458809505,0.23417254503922597,0.2904398503014818,4.9230131293366295,2.4255788052489446,7.310896281141343,1131.3090932099242,948.2151155525776,158.19741682263682,24.896560834710424,0.02200686000328175,6284.69419324233
1428,test,0,0,0.05516917155787814,0.04488903013547102,0.04488903013547102,0.2140214378972305,0.2690360775741283,4.7677893073504425,2.393418073592574,6.991642367010831,1007.5183589799556,839.7953116941901,140.9870183597778,26.736028925986826,0.026536517858647513,6605.924096131627
1429,test,0,0,0.05543415736904717,0.043065597853228756,0.04306559785322876,0.19997153687724495,0.25526294751034584,4.643417178574068,2.2459925523881217,6.133995074430741,927.3776559011138,764.4272547414704,135.0135117872554,27.9368893723889,0.030124609100316526,6777.301338086141
1430,test,0,0,0.05511312095299945,0.04237807241548279,0.04237807241548278,0.19769410880430952,0.2527762842073571,4.665009462112349,2.232033083506079,6.474046382492119,897.9963510440773,725.0166696934463,146.99716970833688,25.982511642293748,0.028933872183427637,6719.672465518597
1431,test,0,0,0.05704853904803167,0.04152322317576582,0.04152322317576582,0.18630132603089442,0.24319666172959842,4.48667785837072,2.141657367488003,5.96738099663451,862.2433814710458,691.7309283160996,141.32289110672883,29.189562048216878,0.033853042743474004,7098.158726850341
1432,test,0,0,0.0573789632748194,0.04362773002054368,0.04362773002054368,0.21358267899050043,0.2709408154223638,4.895571667146729,2.216965909862195,6.442518210363662,951.6909907902576,767.9491746777608,158.34585017380746,25.39596593868866,0.026685096511842105,6449.336778599704
1433,test,0,0,0.054712830910037154,0.04139038413700208,0.04139038413700208,0.20961815225188912,0.2642489007412223,5.064416690554345,2.2593366331174107,6.758752818751528,856.6020326314106,684.8357329202022,146.86054655061452,24.905753160593974,0.029075057274946643,6677.022266870352
1434,test,0,0,0.055923301946299034,0.042713162799398505,0.042713162799398505,0.19901580714069134,0.2548642664696672,4.659355432782278,2.2311445801083223,6.4604339756418,912.2072156849705,728.1109805271861,154.86608330978407,29.23015184799944,0.032043324526928575,6812.225127402649
1435,test,0,0,0.05524369944495265,0.03977373082869913,0.03977373082869913,0.19054359327393466,0.2453659621241968,4.7906894652298,1.9720093378971228,5.414820359759922,791.0083864824834,608.3571584282055,153.71079324328193,28.94043481099605,0.036586761032573356,6934.245994588857
1436,test,0,0,0.054068404130535784,0.04116670778933971,0.0411667077893397,0.20402778417627268,0.25807969678135123,4.956135555467143,2.2072487921914288,6.505764448895363,847.4039281645972,679.0529954717626,141.73219356528668,26.618739127548984,0.03141210259103099,6763.905918896028
1437,test,0,0,0.055766342673156034,0.04147452031862448,0.04147452031862448,0.1943442835475471,0.2501084092837118,4.6858717606499996,2.1879458558636657,6.265047384640017,860.1386964148435,693.9685289907814,137.81355324468748,28.35661417937472,0.0329674903565766,6959.386082051293
1438,test,0,0,0.0556096943624143,0.041362870367396685,0.041362870367396685,0.20032409703658777,0.255653142783558,4.843089835334265,2.0641642782751957,5.673941083985602,855.5864774095011,682.6636491797254,146.30032485667536,26.62250337310089,0.03111608712389551,6714.448814314806
1439,test,0,0,0.27357781316369073,0.49466078803611613,0.4946607880361161,1.5462980232086847,1.8195450564380735,3.1259765491979663,2.0106427825780386,2.5660839372636266,122344.6718320285,120914.80471699468,1403.5487001035908,26.318414930263177,0.00021511696861140547,1787.9321898735673
1440,test,0,0,0.23657396833694658,0.4048546828227874,0.40485468282278725,1.1477296014567546,1.3840212040522601,2.8349174411282236,1.8794780162963725,1.816659084549161,81953.6571018028,80769.783674308,1157.7991556099937,26.074271884958176,0.00031815873515648877,2287.5692865065175
1441,test,0,0,0.23649179899584125,0.4032626252755651,0.40326262527556517,1.1562035087357871,1.392609540351259,2.867122902713109,1.8906018527880075,1.8536260888444733,81310.37449422915,80259.05784476086,1022.5599811562531,28.75666831212493,0.00035366542696425385,2382.7207206523954
1442,test,0,0,0.2350609415018407,0.39989247340089107,0.39989247340089107,1.1084563619649561,1.3433548918983433,2.771886033608169,1.8983067696172131,1.8950264002023847,79956.99516087947,78984.50996280016,943.5919739287967,28.89322415049095,0.00036135955449996115,2407.151826096352
1443,test,0,0,0.23834357038175222,0.4107137258007174,0.4107137258007175,1.1478748582300031,1.3859179889259394,2.794829551878584,1.8818086658751538,1.8184876464671254,84342.8940785676,83140.3303582628,1174.295814151182,28.26790615356191,0.0003351545671082809,2319.694100043957
1444,test,0,0,0.23693666665861382,0.40402759389651266,0.4040275938965127,1.1490872123925946,1.3853037983644754,2.8440810225623374,1.9020978745569177,1.9060918948292,81619.15978015703,80615.87141010008,972.6655501066206,30.62281995019112,0.00037519156081334756,2416.6524266920305
1445,test,0,0,0.26389834966231135,0.45555703506773604,0.455557035067736,1.2241900197071955,1.485034086741507,2.6872376573554018,1.8244636931671183,1.5714914244976592,103766.26823628246,102439.9096360524,1298.398576322121,27.960023907869218,0.00026945195566060494,2259.1780276245913
1446,test,0,0,0.2663060544662294,0.46246133504742787,0.46246133504742787,1.2485602976150694,1.514534495800035,2.6998155369832655,1.8198864944955122,1.5363317024080692,106935.24324755641,105272.54733080606,1633.525127682132,29.1707890684685,0.0002727892898783403,2185.7001904496055
1447,test,0,0,0.265439395320951,0.4604037739718949,0.4604037739718949,1.2780263382071861,1.5429350904887542,2.775881542372419,1.8314013071543038,1.6167826504150842,105985.81934095798,104711.65054739476,1247.3837891348587,26.785004428331323,0.00025272253019211524,2121.232289915039
1448,test,0,0,0.2649295577248558,0.45757118707852373,0.4575711870785238,1.2400283566275612,1.5038728445069864,2.710022815345582,1.8166137143700694,1.5442990658604439,104685.69566949255,103322.62124687986,1334.8289281476927,28.24549446509384,0.0002698123586461023,2180.4224080038575
1449,test,0,0,0.3458057170872198,0.6121790359113441,0.6121790359113441,1.6413405412669673,1.9869099647767143,2.681144640674475,1.7475872134603578,1.2951462739382889,187381.61312034455,184909.050566376,2445.579098176685,26.98345579145153,0.00014400268704123915,1685.1325812565624
1450,test,0,0,0.405980523683902,0.7109755072239742,0.7109755072239743,1.7577810920692718,2.1636902407481102,2.472351120691319,1.6552818553790556,0.9432356510226039,252743.11804684871,250427.11110607663,2289.878734818149,26.12820595404474,0.00010337850603394704,1602.3296878710619
1451,test,0,0,0.43616755558666775,0.765853790285199,0.765853790285199,1.895454568131594,2.3303803028538823,2.4749561759376277,1.6439245672038427,0.9056322904192302,293266.01537689025,289920.72008211556,3317.928200757007,27.367094017363474,9.331832732883388e-05,1555.785963791209
1452,test,0,0,0.438488007586624,0.7712092899692857,0.7712092899692857,1.9209544648712618,2.358851362601854,2.4908341871086197,1.6493488222561983,0.9419325819817455,297381.90389620326,294747.58984454005,2604.7015167989744,29.612534864841574,9.957746075624491e-05,1583.5131629022255
1453,test,0,0,0.4400448820880265,0.7708249688605481,0.7708249688605482,1.934526918143907,2.3737741154036485,2.5096837755574666,1.6430401501716019,0.9135753682353904,297085.58933587687,294446.8355395688,2610.830674009373,27.923122299051325,9.399016075290749e-05,1565.8125072152588
1454,test,0,0,0.4217038671275659,0.7426052679130474,0.7426052679130474,1.9141368349293189,2.3354052820650395,2.577596628567746,1.6832383612510613,1.0551459130326295,275731.48529683956,272392.0062721595,3310.214270697159,29.264753983021745,0.00010613497385515,1584.4894289567978
1455,test,0,0,0.4672563888624718,0.8201000671791828,0.8201000671791832,2.0670715949937293,2.5342118179105455,2.5205114323470674,1.6400721635983944,0.9268235809414795,336282.1348028891,333819.5253038471,2437.02904664224,25.580452399891424,7.606842514808388e-05,1470.4716214359141
1456,test,0,0,0.44716138093415064,0.7916306808399782,0.7916306808399785,2.088182027650444,2.5350964069366455,2.6378235182026155,1.6538235672437516,0.9811814123182829,313339.6369245025,310656.82041162596,2655.051512518203,27.76500035846065,8.860992063110891e-05,1541.613811639323
1457,test,0,0,0.41702775701193606,0.7371434181508215,0.7371434181508215,1.8459503199228784,2.262167837936431,2.5041942646026474,1.6676667246320647,0.9773712232150578,271690.2125674978,268110.832530049,3549.8847570396742,29.495280408732413,0.00010856217502279256,1613.7125320973023
1458,test,0,0,0.4176438887131371,0.7371477007170214,0.7371477007170213,1.8365811269271217,2.254115770061617,2.4914696541014574,1.673549364321504,1.0112378264074229,271693.36834931787,268944.1986076646,2719.916441277752,29.25330037547783,0.00010767027753826763,1590.7141253876744
1459,test,0,0,0.42048519829197906,0.7390224875838688,0.7390224875838689,1.8222456576497934,2.2423934672551695,2.465751297511084,1.6547167560791807,0.942099086814896,273077.17364674597,270309.32946188207,2738.654787493326,29.18939737081336,0.00010689065285468683,1652.407303562301
1460,test,0,0,0.42023702071182195,0.7460886598392755,0.7460886598392759,1.8723838765812688,2.29174320778111,2.50959969956469,1.6740952701216398,1.0010021922993504,278324.14753829717,274873.33392376563,3422.893466100203,27.920148431417026,0.00010031522122087965,1602.315071998938
1461,test,0,0,0.4241377489003353,0.745599882487917,0.745599882487917,1.875712476548273,2.298658347222954,2.515709190148203,1.670596650087999,1.011414779044129,277959.59440304514,275422.2066566338,2508.2116216753484,29.176124735804397,0.00010496534504759215,1616.5336577835094
1462,test,0,0,0.4238101715414268,0.7443341786007522,0.7443341786007525,1.8936861282022255,2.317442543931975,2.544134318488638,1.657860800637594,0.9553640087425079,277016.7121811175,274153.0121958608,2834.2642747814584,29.435710474886903,0.00010625969185440845,1648.603738361342
1463,test,0,0,0.4235113086263882,0.756308665628082,0.756308665628082,1.8727294979532016,2.2948372600367293,2.4761444408388207,1.6829759441886147,1.03437731695319,286001.51097653003,282376.8590436076,3593.939165510172,30.71276741273843,0.00010738673130736989,1619.1464033701025
1464,test,0,0,0.42647170908935367,0.756864661486865,0.7568646614868649,1.9227907668780535,2.348874307179358,2.540468414922055,1.6839424158430931,1.061009369958132,286422.0586913363,283715.6113210771,2676.7650936232412,29.682276635766595,0.00010363125232527498,1608.6810587353084
1465,test,0,0,0.42861575525032825,0.7530029488931016,0.7530029488931016,1.8588240679003065,2.2862797990674153,2.468548191786949,1.6562351018887478,0.951051967681785,283506.78519784304,280340.96241281205,3137.8255132224863,27.997271808917535,9.87534453165904e-05,1609.7333146494652
1466,test,0,0,0.42931070723739684,0.7604979220311721,0.760497922031172,1.8949836214521785,2.3234337241738103,2.4917669944330303,1.6829466888713205,1.0377007959633247,289178.5456827634,285591.11213635176,3558.4813648595327,28.952181552619688,0.0001001187051558832,1584.7913433490473
1467,test,0,0,0.4314519675951451,0.756745793824818,0.756745793824818,1.8851702896375209,2.3048124657943845,2.491153971413981,1.676074200401622,1.0264033690039591,286332.1074138421,283716.801141977,2589.2183397349677,26.087932130032527,9.111074676765839e-05,1577.7299193994677
1468,test,0,0,0.42895131441170814,0.7584008510865088,0.7584008510865087,1.917273232020787,2.3458477230742574,2.5280473106986125,1.666188483396476,0.983161355964751,287585.9410050987,284421.08158849395,3138.4193999752556,26.440016629643146,9.19377927072394e-05,1574.8193246560638
1469,test,0,0,0.430280633534072,0.7666619456974357,0.7666619456974357,1.9043398422349709,2.3333196395542473,2.483936828901276,1.6867542000796663,1.0513088221317162,293885.30418493436,290119.63000504975,3737.4992372446395,28.17494263940616,9.587053941859034e-05,1614.3650250204223
1470,test,0,0,0.4333377432052803,0.7630891880467198,0.7630891880467195,1.9045869756515312,2.337710606312612,2.495890395887675,1.6679378653272103,0.9953899013643124,291152.61474825605,288431.1399611376,2687.6095764086967,33.865210709911004,0.00011631429358514408,1666.0355499724294
1471,test,0,0,0.4297728161918349,0.7624625619860709,0.7624625619860709,1.9232621569526964,2.3523912604432553,2.522434874629073,1.6681978653756064,0.9903859956738912,290674.58246478764,287519.5721068642,3127.214214911802,27.796143011377808,9.562632816285214e-05,1605.36616239297
1472,test,0,0,0.43202778220234905,0.7713703802063694,0.7713703802063695,1.9245624887937447,2.355677672312595,2.4949914310669468,1.6823568783488165,1.0389243911846746,297506.1318357953,293774.24377381,3702.4269056995377,29.46115628607731,9.902705569221012e-05,1584.308435733282
1473,test,0,0,0.43628673746832647,0.7665851926733972,0.7665851926733971,1.9187008838390467,2.3529195012524724,2.5029193130482335,1.6721327094809868,1.0162747829713563,293826.4681617278,291169.39493955136,2630.243461778473,26.829760398285867,9.131158457623445e-05,1576.0152075238761
1474,test,2,1,0.04272605014680812,0.023849079026421402,0.023849079026421402,0.052736503056297804,0.09544491513588582,2.2112595206663213,0.005963554065063891,-1.0109528728053119,284.40552621301003,237.352848009725,26.345785199258845,20.706893004026796,0.07280763239641848,9073.405291349938
1475,test,2,1,0.04056224782954814,0.021435165806412155,0.02143516580641215,0.08203344981182453,0.122532171641069,3.8270499305997863,0.16700300303607526,-0.48353031701332805,229.7478522436907,147.44504268469802,56.61473067413398,25.68807888485845,0.11180987606191602,8815.732222578554
1476,test,2,1,0.044184867818082695,0.02732165602454559,0.027321656024545588,0.11539786628988849,0.15957852470501166,4.223677590634178,1.1975912247797833,2.071484085621016,373.23688076962566,254.5067117455318,84.83005007468077,33.900118949412665,0.09082735575195464,7958.6362627803555
1477,test,2,1,0.06994495286148958,0.04714001578554904,0.04714001578554908,0.10128548250990935,0.17121361014505965,2.148609431330711,0.07234543241956096,-1.456544008206647,1111.1130709614156,1032.071515773866,47.435716277741925,31.605838909811446,0.028445204845321263,8295.403766956993
1478,test,2,1,0.06655087167202146,0.043204401381547144,0.04320440138154713,0.1510763705355057,0.21716913327691145,3.4967819412961796,0.2896666707826062,-0.8466313589262944,933.3127374052492,829.9527796063127,67.38995103749085,35.970006761446214,0.03854014342657348,8316.616802212571
1479,test,2,1,1.2768018033495172,4.1560866401406305,4.156086640140631,19.10566928124521,20.382438129418006,4.59703344408593,3.4753857362194034,10.99376261809656,8636528.194639836,8283211.307538082,353063.3993351667,253.48776659921282,2.9350655829102388e-05,1380.493415546321
1480,test,2,1,0.05147625916908146,0.022543971459101617,0.022543971459101617,0.08325659817745326,0.1346368792874273,3.6930759218043767,0.23312504563901013,0.03267592682728493,254.1238236338831,155.12695313102,69.9497452802868,29.04712522257611,0.11430303860225394,8427.121840773334
1481,test,2,1,0.053153674392175165,0.03794082049537767,0.03794082049537767,0.15986076435618451,0.21272789416252635,4.213424018483216,1.6135396484381548,2.8149818578140193,719.7529302391155,573.2985367564536,107.84244171023079,38.611951772432974,0.05364611959218472,7392.198151436245
1482,test,2,1,1.576211189042042,4.851758365887246,4.851758365887246,18.80626371024995,20.38238838423422,3.876174840543781,3.146902537116654,8.503069517534504,11769779.775158387,11572700.54222524,195240.69367224356,1838.5392608909488,0.00015620846744910378,1509.1302279292443
1483,test,2,1,0.04386578057648148,0.024991105821005978,0.024991105821005985,0.12189826811908279,0.1657105979102198,4.877666038155967,0.43587260005454637,0.2523557646147019,312.2804447717281,200.0885646512049,80.95619017538313,31.235689945140287,0.10002448269847015,8337.97419012995
1484,test,2,1,0.051631234138576475,0.15947237911064815,0.15947237911064815,4.973134257347019,5.024760150905422,31.18492547161703,30.326434685362024,942.7572513059915,12728.42135449344,671.7059079462907,4541.237583468859,7515.4778630782885,0.5904485445420256,12467.512655525512
1485,test,0,0,0.2655956716168439,0.4734159890917816,0.47341598909178156,1.4008252649676287,1.6648200628114864,2.958973286168519,1.956468085970174,2.137236402894138,112061.39172262506,110651.06650482774,1382.8556469340597,27.469570863202907,0.00024512966009913325,2017.657690991643
1486,test,0,0,0.23887290843196388,0.42532231137490556,0.4253223113749055,1.2650416862183047,1.5038059614453232,2.97431301482611,1.9953211255753893,2.309145045281422,90449.53453257459,89208.74498096535,1213.2783887590526,27.511162850191713,0.00030416035850669654,2236.00321913441
1487,test,0,0,0.2365443995613896,0.41808864343225643,0.41808864343225643,1.2583434292655147,1.4946935365151148,3.0097527140064644,2.0060624377055625,2.340879834763368,87399.07153007945,86177.15832573127,1191.7627337609267,30.150470587282598,0.0003449747240953921,2318.6362729185844
1488,test,0,0,0.23451592201099267,0.415865394922858,0.41586539492285796,1.2330776286710752,1.4664258466800675,2.965088328399645,2.004925278844542,2.3433256141742422,86472.01360280658,85422.61505493528,1018.7375876065992,30.660960264831512,0.00035457668888881253,2326.41650337423
1489,test,0,0,0.23161187914723996,0.40803196907009653,0.40803196907009653,1.2093784496415174,1.4404959332896397,2.963930626312656,2.009547236857514,2.3694185992709738,83245.077329073,82054.61578944241,1162.0778585231508,28.383681107439944,0.000340965280087824,2369.4964107610103
1490,test,0,0,0.2326900176219351,0.4110311527016496,0.4110311527016495,1.2243676968403452,1.4567258914757986,2.9787710464103507,1.9946397896895784,2.2851514256198433,84473.30443948168,83223.40807972127,1222.4307174510493,27.465642309331958,0.0003251399065252488,2278.6803372734007
1491,test,0,0,0.2329720021649264,0.4090118030645143,0.4090118030645143,1.2031547068194486,1.4347537194844335,2.941613659568823,2.0009138682676655,2.34003234050273,83645.40150731515,82636.01303456932,981.6766913367104,27.711781409155073,0.0003313007159961036,2319.7747919380763
1492,test,2,1,0.03762945107197993,0.026693005033169463,0.02669300503316945,0.07894392737173803,0.11655265042463725,2.9574762104768713,0.4405364435883639,-0.7986541272590859,356.2589273338682,285.11159736264574,46.85506276315864,24.29226720806368,0.06818711151986985,8552.987762933428
1493,test,2,1,0.03569128547870787,0.02406127013316266,0.024061270133162664,0.1360302623633179,0.17156201285251882,5.653494666344855,1.0832409081692624,2.312429079127843,289.52244677537,171.83021515411164,85.92743152093249,31.764800100326333,0.10971446412571767,8632.14021131344
1494,test,2,1,1.575296281312125,4.404019734563722,4.404019734563723,17.088777662779673,18.664048721229847,3.8802681851453027,2.911477184332971,7.22488747279945,9697695.123864025,9498123.86228046,198851.18887221883,720.0727113479695,7.425194359596016e-05,1268.1931404499862
1495,test,2,1,0.06196483661572256,0.04670959008990124,0.04670959008990125,0.17857931862433635,0.24053763147185236,3.8231831681808255,0.6133768587712819,-0.1404491304059574,1090.919172580332,921.4680119840747,132.052031460447,37.399129135810796,0.03428221822094417,7568.804457848492
1496,test,2,1,1.594301776909575,4.8372890524950005,4.8372890524950005,18.97322599408652,20.56746325919812,3.922284938565004,3.147220491468851,8.532254527504543,11699682.704335697,11308846.801122785,389910.18075356557,925.7224593526688,7.912372350145977e-05,1633.6520739431835
1497,test,2,1,0.06452871046905057,0.04446137524181199,0.044461375241811964,0.09514752842541202,0.159574393343064,2.140004170089958,0.12908889704897933,-1.4367638858405953,988.4105083947267,912.7795747742343,49.238161199014556,26.39277242147792,0.026702237782095527,8142.4367888799525
1498,test,2,1,0.07059264173288829,0.04492864568679646,0.044928645686796456,0.10838937769155019,0.1788171207299456,2.412478187015627,0.027658012750634262,-1.3326446163058476,1009.388203667357,920.2638648287314,61.65884412210996,27.465494716516798,0.027210041306930142,8174.592019491268
1499,test,2,1,1.1250596097340604,3.7575557944426343,3.7575557944426357,18.935000891364574,20.059964071129798,5.039180235026485,3.7295670321955,13.010974094641355,7059612.818191093,6670468.529111725,386651.5124658384,2492.7766135296047,0.00035310387095256263,2015.277044521025
1500,test,2,1,0.0644322986026782,0.04043900117864696,0.040439001178646974,0.09535617583789645,0.15973868831133586,2.358025002067742,0.08668108676907783,-1.2393126535137353,817.6982068135898,734.4284419136056,53.01673401105144,30.253030888934138,0.03699779531965013,8398.131098025911
1501,test,2,1,1.3058180034594042,4.44738433695872,4.44738433695872,19.26170976753669,20.567451795526722,4.331019832818977,3.646451616534491,11.987396428773996,9889613.7966901,9552382.344244294,335436.43575199624,1795.0166938084337,0.00018150523677771903,1607.845267743198
1502,test,0,0,1.3555255108467537,2.768263697524347,2.768263697524347,9.417895776689868,10.773220846211188,3.4020948889776195,2.2622066517025825,3.8885276967719387,3831641.9821119215,3823035.702691632,8572.104437365,34.174982922322975,8.91914826120744e-06,678.5003775366706
1503,test,0,0,0.24158163636966493,0.42743498494313503,0.4274349849431349,1.2917099419231817,1.5331349210173357,3.0220033161184223,2.0276551187919454,2.5113587137202664,91350.3568771407,90195.20792983873,1123.9352919038192,31.21365539812456,0.000341691663450254,2267.9236551281356
1504,test,0,0,0.2351458121364167,0.4137921234572349,0.4137921234572349,1.2940528344089934,1.5291963144309193,3.127301756247018,2.037008503931945,2.548860609948676,85611.9979033536,84291.35034147125,1293.8596165559902,26.78794532633448,0.0003128994297805675,2244.3995144784726
1505,test,0,0,0.2403960309370741,0.4265811122905557,0.4265811122905556,1.2776542820588366,1.5180372026516125,2.9951027958045002,2.0350584357870063,2.5090162087218637,90985.72855021055,89736.81176271974,1222.2429049209638,26.67388256989912,0.0002931655655774533,2163.059191971315
1506,test,0,0,0.240406920543217,0.4224528416491668,0.4224528416491668,1.2778514126629599,1.5181538630858995,3.0248380095503618,2.0323250302269087,2.5241504964439185,89233.27317558529,88065.85326443001,1139.0697380582242,28.350173097138978,0.0003177085417605833,2257.669672494225
1507,test,0,0,0.23636846204773337,0.41995326023121304,0.41995326023121293,1.3092040572546348,1.545557565575109,3.11749944870967,2.0376129671213405,2.5498926959840205,88180.37615515108,86901.40654906866,1253.612501635945,25.357104446361838,0.0002875594951165401,2200.307222752701
1508,test,0,0,5.4944991940269245,2.6647603412335354,2.6647603412335354,5.483910144829191,8.75863893236965,2.057937466260344,-0.4979062645525709,-1.0886649474576207,3550473.8381383177,3549372.7512606024,1075.4714858553832,25.615391860674478,7.214640363074988e-06,774.7928948600485
1509,test,0,0,5.501487482717261,2.669428552685752,2.6694285526857526,5.497743441170082,8.793111884966493,2.059520729872586,-0.4971131886121679,-1.0880660316622879,3562924.3998515615,3561701.27790246,1200.119377676645,23.002571425295464,6.456093041506521e-06,760.5144043554728
1510,test,0,0,5.5019975768830625,2.6708525474663065,2.6708525474663083,5.471632242059335,8.767424238845706,2.0486463197865317,-0.4956129067398625,-1.0900493804814575,3566726.7045494528,3565565.337373361,1137.6016125475612,23.765563544703884,6.663129954529538e-06,756.9581576122648
1511,test,0,0,5.501635218438692,2.6689316370016103,2.6689316370016107,5.497680027437396,8.775912934914231,2.0598804222702833,-0.4989240661111971,-1.087495991924908,3561598.041518535,3560479.462964998,1094.5003999183107,24.07815361619693,6.760491592681494e-06,771.9748617439718
1512,test,0,0,5.50502870972082,2.671487945628142,2.671487945628141,5.489255430128425,8.77628375776112,2.054755829653481,-0.49583263541849765,-1.0911140445094125,3568423.9304263643,3567211.8050208297,1186.4618277645536,25.663577771828738,7.191852277697955e-06,764.6508747322978
1513,test,0,0,5.504073641192168,2.6736297567467533,2.6736297567467533,5.501735491607338,8.792773506604135,2.057777625239254,-0.495500327496355,-1.0929425705964368,3574148.0423545665,3572936.9285079576,1186.9262022009402,24.187644409768875,6.767387395020888e-06,767.342585368633
1514,test,0,0,5.506226046414813,2.671124458119404,2.671124458119404,5.503286756280577,8.780492716701701,2.0602884075851513,-0.4984151138907677,-1.0893927542708604,3567452.972105329,3566326.8892202713,1102.3062076793276,23.776677377264782,6.664888805312828e-06,771.7682968469305
1515,test,0,0,5.505908364877571,2.673736249782931,2.673736249782931,5.502351745944936,8.78223287081346,2.057926149743322,-0.4965543897700929,-1.090768331439487,3574432.770605399,3573157.193348169,1254.592388004168,20.98486922640145,5.870824987665738e-06,741.1037270231811
1516,test,0,0,5.503908041626215,2.669828174183117,2.669828174183117,5.496028652176261,8.781753407791257,2.0585701751603818,-0.4986769740937867,-1.0887255861747238,3563991.251172273,3562850.9960308075,1115.3577548937444,24.89738657349373,6.9858158505031255e-06,778.5555720943069
1517,test,0,0,5.503967732108198,2.6714224703284484,2.671422470328449,5.496988753705286,8.788405428640544,2.057701024364535,-0.49804190199287335,-1.088407157721281,3568249.0095666777,3567150.6864141724,1072.90884525427,25.4143072528581,7.12234689471528e-06,774.8471564284516
1518,test,0,0,5.505655245934148,2.672537202834194,2.672537202834195,5.503176212855149,8.791139169130474,2.059157944375515,-0.49655160320476105,-1.0897100761496779,3571227.5977857946,3570027.364810924,1176.9408338018418,23.292141069728135,6.5221665189218275e-06,754.1674846234101
1519,test,0,0,5.505300657722634,2.6721134039501537,2.6721134039501537,5.501758443556261,8.79124614642933,2.0589539483702586,-0.4969663357161045,-1.0893577431916124,3570095.029736178,3568972.168328096,1098.5106991405514,24.350708941197265,6.820745313044714e-06,771.0300357696755
1520,test,0,0,5.508239998042583,2.674660962627001,2.6746609626270006,5.494205921448767,8.786853031255305,2.0541691071202024,-0.4978241322250998,-1.088264152606497,3576905.654611537,3575808.3838852304,1074.8304464030152,22.440279902287077,6.27365719678848e-06,748.2499914344629
1521,test,0,0,5.506609494535253,2.672504392804076,2.6725043928040764,5.486357873974368,8.776044499129057,2.0528901238653936,-0.49652633448846983,-1.0893695457376464,3571139.865985817,3569940.3658348485,1174.500105118284,25.000045846053638,7.00057874634724e-06,767.6747951028357
1522,test,0,0,5.506504793764761,2.671855125626326,2.6718551256263265,5.506042770485364,8.796661885717185,2.060756482518736,-0.4966078957653166,-1.089637971301247,3569404.9420636618,3568336.678129465,1043.2704058285976,24.99352836689407,7.0021554776141444e-06,774.6981272940168
1523,test,0,0,5.504075943459757,2.670484883689669,2.670484883689669,5.499571861666627,8.77519905846566,2.059390747821106,-0.49699955992238093,-1.0896991672014351,3565744.8068128913,3564624.713382274,1095.019363326906,25.074067290792005,7.031929834934971e-06,790.3156158043967
1524,test,0,0,5.503603281581774,2.6711577972718015,2.6711577972718015,5.4975789255816485,8.786090855486691,2.0581258550867436,-0.49605763670616476,-1.0908138797098124,3567542.0010635294,3566378.110586045,1140.6865099867114,23.203967498724435,6.504189016361135e-06,756.4695704511668
1525,test,0,0,5.504299595389515,2.671498795844171,2.6714987958441703,5.4996601868383586,8.780802943743765,2.05864221065483,-0.49598433556112353,-1.0925986502189653,3568452.965740958,3567337.47482922,1090.335101448512,25.15581028687298,7.049500309624957e-06,767.8055739994676
1526,test,0,0,5.5057698716847225,2.6743011717442013,2.674301171744202,5.4922369975103065,8.78498053830117,2.0537092289901753,-0.4952732381334619,-1.0916014670033065,3575943.3903463967,3574759.328156933,1157.678455392073,26.383734067157864,7.378118495495005e-06,778.8255572975785
1527,test,0,0,5.50556953486288,2.6715239663161596,2.6715239663161596,5.498351164183114,8.791019429918379,2.0581328236276115,-0.49737417141068485,-1.0890691493469424,3568520.1905766176,3567319.715214595,1172.6305697647067,27.844792256468633,7.802896094016312e-06,789.4110391526411
1528,test,0,0,5.50464763732953,2.6714236559077777,2.6714236559077786,5.498777244317811,8.792713591363281,2.058369600852122,-0.496749328712641,-1.0907589354343552,3568252.1754632914,3567108.438531129,1118.7063823748115,25.03054978685968,7.014792833023296e-06,763.2660586305884
1529,test,0,0,5.499974821430631,2.6699391383674893,2.6699391383674884,5.495805261393078,8.786856555379927,2.0584009509495567,-0.4952303728212427,-1.0920002635282535,3564287.50137645,3563074.697599794,1187.4299182101322,25.373858446661124,7.118914632128383e-06,770.6325598097343
1530,test,0,0,5.505490720949136,2.6728152848952242,2.6728152848952242,5.499776608987712,8.7918656533584,2.05767178901901,-0.49513400172569166,-1.092183506318732,3571970.7737440923,3570758.5305818566,1184.795959545176,27.447202694891306,7.68405018782433e-06,791.3644186687035
1531,test,0,0,5.5021458904878235,2.6717432485223247,2.6717432485223247,5.4996300906562245,8.787507050205022,2.0584425893835174,-0.4954743608028187,-1.094231983124635,3569106.014478116,3568013.2257902,1068.6527366271393,24.13595129095744,6.762464099707238e-06,765.755669594009
1532,test,0,0,5.498158582605887,2.669665105523428,2.669665105523427,5.495958896939177,8.787506544496864,2.058669788045049,-0.49666247525648916,-1.0899803446165215,3563555.887979504,3562328.8918842934,1203.6153788997785,23.38071631198528,6.5610634565470174e-06,761.5775504054324
1533,test,0,0,5.499957627050346,2.668581450154403,2.668581450154403,5.4971936653757005,8.767592216609046,2.0599684769065734,-0.4996383649836493,-1.0888637272294255,3560663.656901942,3559572.901035542,1067.7563878585831,22.99947853708232,6.459323528775442e-06,759.9200643330294
1534,test,0,0,5.499798033567146,2.668596452510887,2.668596452510888,5.494624130608514,8.765882272273302,2.058994017412641,-0.4988304086851235,-1.0890037414079339,3560703.5518444395,3559595.187252809,1084.9865142502233,23.378077378733398,6.5655781331820185e-06,763.4667454262715
1535,test,0,0,5.503902464616113,2.666979957221072,2.6669799572210717,5.490710204909556,8.776501572690904,2.0587744538698156,-0.49570944518374954,-1.0943093142510076,3556391.0483296174,3555170.775408547,1183.5222661149555,36.750654952002854,1.0333693469750486e-05,876.0320027757207
1536,test,0,0,5.501421359982807,2.6703558323141867,2.6703558323141863,5.500142963752616,8.776217941660434,2.059704140247885,-0.49897752243021537,-1.0896549429323907,3565400.34955584,3564330.3763267505,1046.5141547715516,23.459074322918827,6.579646609907705e-06,764.775359506121
1537,test,0,0,5.498528975196183,2.6704799771539847,2.6704799771539833,5.48852834584564,8.76403863914311,2.055259126748796,-0.4971510310126703,-1.090626448644702,3565731.7010548133,3564636.804966902,1069.4418482440565,25.454239671473214,7.138574016643863e-06,775.9346303659737
1538,test,0,0,5.499990837212652,2.6696694982436817,2.669669498243681,5.496134496789425,8.782653173431754,2.058732176550399,-0.4975282205882886,-1.0891290516046268,3563567.6357300025,3562377.548231421,1163.8112655721775,26.276233007352374,7.373574937625576e-06,779.763759707793
1539,test,0,0,5.501537557386327,2.670247075047676,2.670247075047676,5.49629510396393,8.768285645637661,2.058347017893764,-0.4988320512076387,-1.089172167887094,3565109.72498702,3563959.342253446,1125.5870313154203,24.795702259872336,6.9551021350296905e-06,773.2111304154917
1540,test,0,0,5.500056993355771,2.669690017322147,2.6696900173221465,5.4999005991206795,8.775646218069596,2.060127042253916,-0.49894648198012004,-1.0898177702458323,3563622.3988724686,3562465.4198969738,1130.8759712185765,26.103004276874778,7.32485133249072e-06,783.5393050583382
1541,test,0,0,5.50347596806474,2.670073877756462,2.6700738777564625,5.489582374962047,8.76989222690463,2.0559664736972314,-0.49816922225369603,-1.0903826097579252,3564647.278563355,3563479.6178213074,1145.0253590668897,22.635382977741,6.349964304704965e-06,755.1927186807733
1542,test,0,0,5.503805816339678,2.6725539758007186,2.6725539758007186,5.502448976322427,8.788013696786948,2.058872908141677,-0.4977815397962205,-1.0895649288344624,3571272.378978393,3570149.783289468,1098.3917852673396,24.203903654092386,6.777389424722685e-06,774.0051727431481
1543,test,0,0,5.503529076258652,2.670745927547273,2.670745927547275,5.488895041662269,8.775882818736136,2.0551917668570923,-0.4984430267891883,-1.089088854690628,3566441.931054384,3565290.479725629,1128.3273643999455,23.123964360661848,6.483763035453509e-06,750.2772644426485
1544,test,0,0,5.502795216900995,2.670128655391997,2.670128655391997,5.499927145935362,8.779592141741887,2.0597985549606137,-0.49737711932062284,-1.0914233170863539,3564793.5194579717,3563590.400696875,1176.1075229767537,27.011238120394403,7.577223750255659e-06,790.113247963211
1545,test,0,0,5.503688332409133,2.6722044777270657,2.6722044777270653,5.499276261561085,8.779587372206151,2.057954886086667,-0.4987865065736432,-1.0902185162198736,3570338.395091056,3569219.038996445,1096.4402372654451,22.91585734652899,6.418399269390418e-06,753.7206014118606
1546,test,0,0,5.501785897591617,2.6710726755376153,2.6710726755376153,5.496955437993165,8.782959838863462,2.0579580212607937,-0.49727301971268,-1.0901498322512742,3567314.625952188,3566103.9557531797,1184.597976297824,26.07222271015748,7.308641217256883e-06,777.0945481125857
1547,test,0,0,5.50607448244188,2.672375927567738,2.672375927567738,5.496583272569813,8.781382317654788,2.0568151418623675,-0.49780410580778683,-1.0897575567699025,3570796.5491563366,3569602.287321795,1170.8033348880122,23.458499654287007,6.569542490408615e-06,761.2804648824351
1548,test,3,1,4.045745808032108,2.845588819709446,2.845588819709446,4.249518436047482,8.293655358022079,1.493370513200634,-0.21247624449289892,-1.5678406551032995,4048687.865828492,4017662.48127115,29383.838890450537,1641.545666892527,0.00040545127737492644,3050.3699450354184
1549,test,3,1,3.7309554493983743,2.8534686871565937,2.853468687156594,3.96618429059186,7.694914387539029,1.3899519235811406,-0.10744107780069685,-1.6339806489291557,4071142.0761729544,4045418.4503372815,25065.894897512433,657.7309381652315,0.00016155931821065954,2335.9856855950975
1550,test,3,1,3.811411393194809,2.9038759147963704,2.9038759147963704,3.8097944683100797,7.268543273326941,1.3119687548967585,-0.1791639749082474,-1.7092422387489534,4216249.851800302,4197739.173692152,17311.725393507142,1198.9527146435419,0.0002843647214435358,2659.8101241124123
1551,test,3,1,3.2487495797211303,2.6268014398252073,2.626801439825208,3.8272434813445435,7.07286584796384,1.4569976334409254,0.022639620032014685,-1.6497855875070737,3450043.023360004,3442355.0112486067,7300.955366297356,387.0567451019058,0.00011218896184226434,2107.256394695983
1552,test,3,1,3.923055047412752,2.966536542006929,2.96653654200693,3.921887746906257,7.485157009796239,1.322042621545801,-0.21256152033724507,-1.6811675400578876,4400171.200834494,4382085.872789747,17436.33529460068,648.9927501459159,0.00014749261347441077,2214.0898363866227
1553,test,3,1,3.814882871922338,2.8585798476628344,2.858579847662835,3.8142906657832207,7.5183029430918396,1.334330635858142,-0.20434293817330823,-1.6497170108025274,4085739.947951584,4072708.6533682677,12412.834241455015,618.4603418547402,0.0001513704615891694,2216.348026338675
1554,test,3,1,4.010921673419885,2.9705013894688808,2.970501389468882,4.006428472734056,7.680704629514366,1.348738124458644,-0.22326264400458246,-1.6538589481870365,4411939.322151804,4398834.182410483,12499.743286548739,605.3964547733823,0.00013721776537899358,2247.3605684464424
1555,test,3,1,3.897281747575384,2.85450509908515,2.854505099085149,3.891233766249847,7.418846828397363,1.3631903363903477,-0.24875000431668332,-1.6187177797591124,4074099.9429167407,4049044.1012226515,24497.449258413362,558.3924356811278,0.00013705909121153323,2198.4068410851187
1556,test,3,1,3.5339592288914137,2.6682391920695596,2.6682391920695596,3.842978637319524,7.376018387731165,1.4402676674345691,-0.07290565797909952,-1.5825575744109823,3559750.3974768375,3526645.470509037,30926.782754021082,2178.144213778495,0.0006118811631631169,3372.911566139298
1557,test,3,1,4.223174975478556,2.9765552229580754,2.9765552229580745,4.22000084141409,7.817935160826892,1.417746530911088,-0.32524870911489256,-1.5548900183307044,4429940.50258399,4413349.360144378,16157.005703695731,434.1367359050562,9.800057938742601e-05,1931.9791360431313
1558,test,3,1,4.0288983131949205,2.9250668090690937,2.925066809069092,4.028156020755821,7.843704843486194,1.3771159032219813,-0.24433310477769452,-1.5790816972369845,4278008.159496948,4267021.85892258,10623.641904657063,362.6586697018666,8.477278588092073e-05,1896.8102179096422
1559,test,3,1,4.066086542048608,3.0808400994543894,3.08084009945439,4.065135117458296,7.825057372101583,1.3194891608227972,-0.23478115098322117,-1.6711420827589762,4745788.361380192,4720331.045175345,23656.735323151337,1800.5808816911367,0.0003794060637730342,2894.318452011182
1560,test,3,1,4.080070932632545,2.9778596867243947,2.9778596867243947,4.078409093901747,7.8517426832113415,1.3695773216191869,-0.20425695934726806,-1.6176772443800487,4433824.473001131,4392810.069977458,39058.825050925596,1955.57797275517,0.00044105895140036846,2984.4645085357256
1561,test,3,1,3.980545932468856,2.9653666981289812,2.9653666981289812,3.980408335713917,7.678425521226018,1.3422988591007592,-0.22481662210542613,-1.6592431741855245,4396700.058321608,4379270.344915031,16845.184900000047,584.5285065653313,0.00013294709641586708,2381.7990322147384
1562,test,3,1,4.074754882121924,3.0982695366162027,3.0982695366162027,4.070781790635083,7.851284896489233,1.3138888474761354,-0.2264181730616321,-1.677402062776794,4799637.278796925,4778508.8793949885,20322.550814449238,805.8485874874596,0.0001678978099131385,2397.7113023236
1563,test,3,1,3.6554849421019897,2.842057867820541,2.842057867820541,3.9542524541382447,7.6086229413049296,1.3913342507591517,-0.12280462114412853,-1.6403808337679129,4038646.563856684,4026084.696828741,12134.155524886424,427.71150305355565,0.00010590466293369203,1891.8794013518914
1564,test,3,1,4.068898803819961,2.8993471587022777,2.899347158702279,4.06866561723646,7.492783056397457,1.4033040524397076,-0.315146040088423,-1.5636691007382018,4203108.056015578,4187366.301230443,15436.198304408912,305.55648072131584,7.269774572747348e-05,1749.2247619694367
1565,test,3,1,3.7325191721043374,2.77238471772188,2.7723847177218777,3.9334540143885826,7.66559967349167,1.4187980438807128,-0.15146259673975476,-1.5452018268951497,3843059.5186996944,3833743.398791111,9033.672550887351,282.44735769581,7.349544193147873e-05,1774.3664694363042
1566,test,3,1,3.7188931934575082,2.7586977662434835,2.758697766243482,3.9420507915278433,7.657597606768832,1.4289534865922382,-0.12519143332696597,-1.5681195152125298,3805206.9201506935,3798245.925958447,6730.698331267881,230.29586097550776,6.052124518011431e-05,1705.1039047166412
1567,test,3,1,3.4456246127964696,2.5109398358342747,2.510939835834275,3.4449746065082727,6.632121962553356,1.3719861214291735,-0.2036654320446842,-1.634291901775981,3152410.790912982,3146043.640989593,6187.509470962261,179.64045242277584,5.698510262069921e-05,1703.3829200076532
1568,test,3,1,3.5181084571782266,2.6396823524034065,2.639682352403406,3.5180354530425975,6.902358007064322,1.3327495445955682,-0.1716779176948106,-1.6721089344420277,3483961.754185548,3470494.553344531,12966.452872898157,500.74796811919805,0.00014372946761473816,2365.359785937035
1569,test,3,1,3.8662929409476927,2.834498705518296,2.834498705518297,3.890382302429993,7.754277966218069,1.3725115819795812,-0.18839453111220042,-1.5888398994143789,4017192.205219409,4007263.276772252,9614.057239936705,314.8712072172432,7.838091660342792e-05,1880.0855442482746
1570,test,3,1,3.716235942147592,2.7350690956860757,2.7350690956860757,3.9760243232027497,7.692176067670516,1.453719882058551,-0.13354208146173274,-1.5157887373694585,3740301.649188639,3684807.435753669,53450.3117194753,2043.901715496352,0.000546453710742748,3272.399345454589
1571,test,0,0,5.505105581592768,2.6752711658057344,2.675271165805735,5.4948928323499855,8.790608555078506,2.053957334338121,-0.4942044703336642,-1.093610217583942,3578537.950852349,3577456.8407594436,1059.3988503212952,21.711242584782877,6.067070653704152e-06,749.271607859736
1572,test,0,0,5.5059863765556365,2.672980956063443,2.672980956063444,5.492577747331932,8.788649590685964,2.054851058655116,-0.4960394274724115,-1.0913474949618551,3572413.624882655,3571228.175096715,1159.476285211202,25.97350073052106,7.270574871176689e-06,778.5359874589884
1573,test,0,0,5.501067224585102,2.6726529136748067,2.6726529136748076,5.500517754859873,8.799182738526724,2.058074105588535,-0.49317156726952427,-1.095044860718653,3571536.8186820885,3570399.82572376,1111.910585602643,25.0823727278764,7.0228515065769076e-06,768.8396263158177
1574,test,0,0,5.500718638754916,2.671272664348982,2.671272664348983,5.4967218181001956,8.775596647057682,2.057716492763873,-0.49491074036994637,-1.0935778424224785,3567848.94467932,3566731.0810868936,1094.6299177149808,23.233674709138025,6.511955822509263e-06,750.6541777879551
1575,test,0,0,5.5022691732635725,2.671362708713726,2.6713627087137284,5.4988969007870185,8.789977947250009,2.0584613548920725,-0.49681905785380576,-1.089961194264037,3568089.3801365634,3566871.692951588,1193.5861698659482,24.101015108857002,6.754599602528614e-06,766.5420698865496
1576,test,0,0,5.5013263995843005,2.6692207330894644,2.669220733089465,5.488136863996274,8.773270387202501,2.056082060191433,-0.49603226412714535,-1.091954055818322,3562369.7501844247,3561252.490193046,1095.0566784738971,22.20331290815623,6.232736763781121e-06,753.2521047775283
1577,test,0,0,5.502210449082777,2.6701980446206073,2.670198044620607,5.49811828753911,8.78645997773856,2.059067603099944,-0.4977280066286478,-1.0905744345096782,3564978.8132850863,3563822.3116493425,1134.100690974844,22.40094476753216,6.283612313221562e-06,744.1576684340749
1578,test,0,0,5.503362580692396,2.6709793458915874,2.6709793458915874,5.499615940289572,8.783405649941415,2.0590260081003247,-0.497663972798617,-1.0910184377970038,3567065.334262693,3565838.7391340183,1202.1964608970975,24.3986677775557,6.839983429291146e-06,779.0404949920774
1579,test,0,0,5.5020544380249925,2.669694471624912,2.669694471624911,5.499922737043584,8.776789426337928,2.060131897301362,-0.49854332117304584,-1.0891551739015792,3563634.2957206024,3562529.4996107076,1078.6702902933787,26.125819600095426,7.331229141965737e-06,781.3545414078352
1580,test,0,0,5.50135855492577,2.6693845852783116,2.6693845852783125,5.495565572049469,8.778094880282879,2.0587387828481436,-0.4996551796666897,-1.0872916461103543,3562807.0505139674,3561629.2707106066,1150.1318633299275,27.64794003167331,7.760156427130918e-06,786.4192688797694
1581,test,0,0,5.5024405438790565,2.667607458336275,2.667607458336274,5.501441239180276,8.770149376941845,2.062312887148471,-0.49950485130381966,-1.0879287505349973,3558064.7891485514,3556891.4052498513,1148.4974025292743,24.886496164958565,6.99439095118724e-06,773.6182153354348
1582,test,0,0,5.500735134718474,2.672356740925251,2.6723567409252493,5.493537123681512,8.792615259531885,2.055690035522535,-0.49779740415532364,-1.0896872458559164,3570745.2754893787,3569730.2764986353,989.6788600131018,25.32013072792029,7.090993272951992e-06,775.5966151604296
1583,test,0,0,5.500577592908405,2.667356353084383,2.6673563530843825,5.491303997731768,8.780843668617308,2.058706550919576,-0.49835022666846657,-1.0867928702108107,3557394.9914478906,3556263.102098392,1108.3509330654804,23.53841643514917,6.6167565006799626e-06,760.6109943028358
1584,test,0,0,5.502188063383103,2.6697289027746374,2.6697289027746374,5.494013801373542,8.770951905287802,2.057892018797728,-0.49770157676763876,-1.089226916298825,3563726.2165667177,3562598.3588385847,1102.7366382851271,25.12108984856552,7.049107681668963e-06,777.2252456907358
1585,test,0,0,5.49947834520787,2.6685227908224647,2.668522790822464,5.476433298952878,8.75918342359364,2.052234036669025,-0.4974601048545078,-1.091555280900988,3560506.943605393,3559442.526316706,1039.522942439036,24.89434625081053,6.991798259379982e-06,765.2950120800174
1586,test,0,0,5.501602994716493,2.669336617607343,2.6693366176073425,5.498812760432018,8.7833702347707,2.059992255814058,-0.4978537605813139,-1.0884902561857748,3562678.9891028497,3561436.899353561,1217.2153021522636,24.87444713751599,6.981950159865469e-06,767.3433923539272
1587,test,0,0,5.48744429415185,2.6586163984425837,2.6586163984425837,5.476833450143226,8.731667255051434,2.0600314710131,-0.5023952479908368,-1.0835926816745722,3534120.599399019,3532946.6211333056,1150.123720015392,23.85454569839944,6.749782591588961e-06,757.5294362434984
1588,test,0,0,5.488608968539164,2.6607391626849206,2.660739162684919,5.478980436084792,8.730434181168675,2.059194870705034,-0.5026538789488072,-1.0860872721972317,3539766.4795714566,3538617.468311315,1121.3416522257467,27.66960791964723,7.816789067678008e-06,794.90173515465
1589,test,0,0,5.486869878515601,2.658431490371843,2.658431490371843,5.470250220417976,8.728000665083528,2.0576983985593835,-0.5020971685945005,-1.0851633505685898,3533629.11459878,3532551.60579645,1052.0929812799213,25.415821051935954,7.192554800653365e-06,769.8437556735215
1590,test,0,0,5.488129700741265,2.6590817003589384,2.6590817003589384,5.480516747313086,8.738641013856977,2.061056170847738,-0.5036805513612977,-1.0829781513907881,3535357.744892516,3534136.5626341496,1196.0886037476312,25.09365461544991,7.097910996900491e-06,767.6681026312434
1591,test,0,0,5.488349109163275,2.6589701479994634,2.6589701479994625,5.484784770264989,8.740028877044097,2.062747780147736,-0.5024790074852524,-1.0852082660989735,3535061.134051871,3533870.2264624783,1165.5921406382784,25.31544875474589,7.161247795941067e-06,766.9859805666352
1592,test,0,0,5.492649570113979,2.6615909046094015,2.6615909046094015,5.483897357254289,8.729669227264822,2.0603832646696962,-0.5042508328099997,-1.0841916900669477,3542033.085734442,3540955.1625972907,1054.2644079090933,23.65872924178792,6.679420736376965e-06,753.5322009243262
1593,test,0,0,5.489728772087721,2.6596642136835924,2.6596642136835915,5.488014545530779,8.750642302678898,2.0634238402335643,-0.5028624363410799,-1.0850385419943114,3536906.8679997707,3535658.5496253218,1223.63341825367,24.684956192461485,6.979249698599382e-06,763.6888191330273
1594,test,0,0,5.492424349147128,2.6592599759195363,2.6592599759195372,5.488560091317864,8.75377467344515,2.0639426536023397,-0.5022278840951008,-1.085306931146796,3535831.8319379142,3534709.2608487904,1098.3119227511954,24.259166370885428,6.860950272510414e-06,760.3475775501106
1595,test,0,0,5.487879905554,2.6574906483915184,2.6574906483915184,5.4845979252667165,8.734219164121896,2.063825860906168,-0.5034274674395317,-1.085371453198078,3531128.3401051043,3530047.639251662,1058.9130821629683,21.787771274098564,6.170200903388872e-06,734.5260107492434
1596,test,0,0,5.487166108686477,2.660066798810304,2.660066798810304,5.4714122806973755,8.726447977125645,2.056870257222272,-0.5019080176149745,-1.086159990520532,3537977.687067069,3536713.0814048937,1239.3000646338871,25.30559753837348,7.15255995844096e-06,775.126683495748
1597,test,0,0,5.4859016112224195,2.6577956045773004,2.6577956045773004,5.4811333518647585,8.73779594199732,2.062285505486223,-0.5018584675492335,-1.0851645824960439,3531938.763999701,3530717.308585501,1195.111930143049,26.343484058001394,7.458646884400973e-06,777.2950368581884
1598,test,0,0,5.487404303954914,2.66060182795453,2.66060182795453,5.463950060637668,8.73222584091127,2.0536519231208494,-0.500556641806543,-1.0859590807122368,3539401.044669808,3538321.7470984724,1054.3651896746658,24.93238166204932,7.044237527023523e-06,760.4196032225422
1599,test,0,0,5.486223577206954,2.66009853192317,2.66009853192317,5.480254695435986,8.733246015384793,2.0601698131361807,-0.5021129054208978,-1.0854857206226347,3538062.1534694363,3536778.2688484336,1259.6891202148,24.195500790006758,6.838630792927299e-06,764.0024512559468
1600,test,0,0,5.490719498040154,2.660953043694659,2.66095304369466,5.471728744821623,8.733254196122289,2.0563041342602117,-0.5025008319212453,-1.0832874493264266,3540335.555645212,3539284.8400649847,1025.752608551897,24.962971678867486,7.051018550787648e-06,761.553109683966
1601,test,0,0,5.484175213110634,2.658968860093936,2.658968860093936,5.47820417719055,8.740971484221518,2.0602739127215717,-0.5029769823847525,-1.0835529359440823,3535057.7935866145,3533980.663417195,1050.5136855986468,26.61648382033307,7.529292411745382e-06,773.4614726867003
1602,test,0,0,5.4867491777646356,2.6570789856035266,2.6570789856035266,5.479759470060002,8.73773933434859,2.062324642869182,-0.5037339119241012,-1.081273208688061,3530034.379515025,3528786.184557964,1220.2048796961972,27.990077365057914,7.92912316307337e-06,780.9570100730347
1603,test,0,0,5.487105950483587,2.6570352661890744,2.6570352661890744,5.4850579223162494,8.74649857217446,2.0643526987066845,-0.5038370736345416,-1.0815212449138287,3529918.206279384,3528810.744162931,1081.8964020821247,25.565714377077803,7.2425798228408985e-06,769.9048711830231
1604,test,0,0,5.488886095626279,2.657943182047407,2.657943182047407,5.464650066612288,8.733463937416673,2.0559694817866205,-0.5036137418252769,-1.0828430779267197,3532330.9798531076,3531201.6421903106,1102.5203866439945,26.81727614838527,7.591948857946622e-06,769.327845041716
1605,test,0,0,5.486861920023802,2.6577273773234413,2.657727377323441,5.4806956970528695,8.73439907701686,2.062173774411881,-0.5032590819883211,-1.0833626145528792,3531757.4221259276,3530545.5281708757,1186.956423929566,24.937531125499994,7.060941096710132e-06,769.9307763223687
1606,test,0,0,5.486612580166664,2.6571699488078004,2.6571699488078004,5.481703080152627,8.731733337510377,2.0629855017787317,-0.5031254601213703,-1.082773113029065,3530276.0697295363,3529237.5696477857,1015.6805461662104,22.819535589495622,6.463952149567693e-06,751.3603561226
1607,test,0,0,5.486306270614266,2.6578631054382096,2.6578631054382096,5.467209283292293,8.73171172849834,2.0569943094909315,-0.5048127009124099,-1.0811690988981308,3532118.1469022944,3530956.8238220145,1139.946486903063,21.376593375040454,6.052060685962036e-06,732.7080456908113
1608,test,0,0,5.48760378367285,2.6571222166829043,2.657122216682903,5.486812157447159,8.738306922663469,2.064945346886145,-0.5022691568964409,-1.0850196960628147,3530149.256700695,3528967.927527828,1158.6020516842648,22.72712118097017,6.438005740927542e-06,761.9801971005725
1609,test,0,0,5.482427282748744,2.6555049490029785,2.6555049490029785,5.463361403463408,8.723473526537418,2.057371953125018,-0.5032697304775986,-1.082288131836163,3525853.2675054823,3524821.474357406,1008.4317651820055,23.361382897749245,6.625738828399194e-06,752.327221532558
1610,test,0,0,5.488920601262711,2.6568529414949795,2.6568529414949795,5.479145511231385,8.73987300414592,2.0622690197329234,-0.5038954430224061,-1.0806110825640818,3529433.7764157522,3528240.907682816,1167.4993941968708,25.369338736874678,7.187934480141462e-06,757.091435429886
1611,test,0,0,5.487925610665232,2.659309308248446,2.6593093082484454,5.468917883161455,8.723151162266731,2.0565181591319135,-0.5025579028899481,-1.0840180959938583,3535963.00563366,3534824.007686133,1116.5158267181678,22.482120811173164,6.358132360365085e-06,750.9076141471679
1612,test,0,0,5.486875056028366,2.6585028932277974,2.6585028932277974,5.477147101163864,8.726696491241455,2.0602374047123324,-0.5023154490038618,-1.0839284615497289,3533818.8182366528,3532758.0600807136,1035.4593107898338,25.298845152481825,7.15906684913341e-06,775.0993515577204
1613,test,3,1,3.6822949435237096,2.6662409336054784,2.6662409336054784,3.6817814342003548,7.3475895370938815,1.3808884965326786,-0.23125799273468337,-1.5942397771193173,3554420.3611318925,3545350.530929918,8807.656561579213,262.1736403965392,7.375988593342712e-05,1818.7805736805392
1614,test,3,1,3.452648784816149,2.6008830249800465,2.6008830249800474,3.4583133199812144,6.910421548527665,1.3296689188887088,-0.15541918132030413,-1.6489650018666375,3382296.6415826227,3373699.407158248,8132.979952715726,464.2544716614014,0.0001372601285037407,2295.054836403069
1615,test,3,1,3.8921846458869513,2.8212927157110097,2.8212927157110106,3.892128811399667,7.205724671646749,1.3795551201495193,-0.2822642167871772,-1.5719920137006613,3979846.29413217,3972402.614942766,7193.252033016277,250.4271563876008,6.292382616806763e-05,1750.367700592674
1616,test,3,1,3.919320396809955,2.739699233285055,2.739699233285055,3.91832862709288,7.3219886341830716,1.430203936070231,-0.32262802030781224,-1.502402550931671,3752976.2431020127,3748247.3779118,4597.57270865328,131.2924815582249,3.4983563191890985e-05,1390.3109027689502
1617,test,3,1,3.6361780395227252,2.836438152393964,2.836438152393965,3.7724256286901654,7.407838762737811,1.329986915281838,-0.1413450846595168,-1.666189639273464,4022690.7502766694,4013322.8039978864,9180.873620332963,187.0726584542628,4.650435990919672e-05,1549.147820319651
1618,test,3,1,3.2248137086376083,2.448519691482783,2.4485196914827836,3.222199164398713,6.2823719517327845,1.3159784565373056,-0.18640991890819636,-1.622767430403582,2997624.391423137,2992241.123831097,5148.564995997795,234.70259604512637,7.829619905571296e-05,1958.0665819107046
1619,test,3,1,3.3270632391936377,2.7857520702527547,2.7857520702527543,4.256902062320034,7.583143450319767,1.528097962405463,0.07005245936774189,-1.590646848055454,3880207.350190744,3862407.257151463,16552.887624788284,1247.2054144883296,0.00032142751712148045,2624.581850613171
1620,test,3,1,3.9813861022822676,2.9909052975391464,2.9909052975391472,3.9805585213008454,7.584536283917259,1.3308875157551674,-0.22847447909278146,-1.647229593868191,4472757.403697096,4462466.634819965,9773.333176687895,517.4357004434834,0.00011568606426446936,2107.116184358744
1621,test,3,1,3.538822906513582,2.7089504225128738,2.708950422512874,3.768606407146086,7.306326955324039,1.3911684672509637,-0.163048626079328,-1.6070265406069113,3669206.1961515583,3660267.214494328,8653.12995788191,285.8516993517726,7.790559703392732e-05,1786.301532554699
1622,test,3,1,3.8406741398444866,2.8610685749959717,2.861068574995971,3.839726782339858,7.484623550088145,1.3420603811795269,-0.22535897087135173,-1.6258608345085794,4092856.7004646934,4081178.377853285,11478.357575462862,199.9650359496515,4.885708212724573e-05,1626.6600836904333
1623,test,3,1,3.58433169153754,2.699779821095047,2.6997798210950466,3.695689975942929,7.279922577647085,1.3688856947022945,-0.12006628900142736,-1.5865735842981172,3644405.823185027,3633946.0552709512,9898.342063071672,561.4258510056533,0.0001540514087190749,2375.7688983736175
1624,test,3,1,3.807387356282561,2.9890760615083196,2.9890760615083196,3.9023866610514233,7.709014442632906,1.3055494677115167,-0.09110860872203284,-1.682521834583976,4467287.867930477,4450025.891222275,16385.501714734433,876.4749934555167,0.00019619845852055065,2489.495651732834
1625,test,3,1,3.3609529318264832,2.6421235764793813,2.6421235764793805,3.7838405786105285,7.144713186178706,1.4321209697740487,-0.03501893339300938,-1.6212782332701547,3490408.5412551607,3482625.9474907275,7512.4032649719065,270.1904994646076,7.740941963414013e-05,1935.6045514301068
1626,test,3,1,3.3505079772636526,2.6383626833234763,2.638362683323475,3.943856475098408,7.2932959569152445,1.4948121045020382,0.024718545797912165,-1.596903728266791,3480478.901224214,3473576.609761225,6697.395781634943,204.895681352186,5.886996794611125e-05,1453.2405796500038
1627,test,3,1,3.444977178077737,2.6928799772817507,2.6928799772817498,3.6713930230331027,7.115567126718815,1.3633704635952935,-0.08174505128760107,-1.6419820886439056,3625801.4375423975,3617883.6235580244,7679.370060450406,238.4439239187352,6.576309487051082e-05,1757.5116861140857
1628,test,3,1,3.6661172592608784,2.8074170928579063,2.807417092857907,3.999533585313096,7.665407608175883,1.424631058736496,-0.1066318819924202,-1.59633617023812,3940795.4103594343,3932872.9494195813,7723.003735067372,199.45720478811728,5.061343815611201e-05,1555.0878246173666
1629,test,3,1,3.4158036963846534,2.576763126665517,2.5767631266655164,3.473155711421743,6.888609547866508,1.3478754315753545,-0.15703131912519772,-1.6259069406152558,3319854.3477340816,3314505.0314720618,5178.193187951261,171.1230740715535,5.154535595465237e-05,1728.000763211979
1630,test,3,1,3.4903162663413676,2.627630664466896,2.6276306644668956,3.6388346011207906,7.127483498305082,1.3848348819825682,-0.12099114422647939,-1.5970590352294802,3452221.5531559326,3443385.8689279924,8502.604046640083,333.08018130202555,9.648285203408576e-05,1975.6848576452219
1631,test,3,1,3.657660785244312,2.6922364322286807,2.6922364322286803,3.655736126817297,7.27336106239818,1.3578807875321022,-0.17554826440395827,-1.5824433173145915,3624068.50354937,3619326.251117643,4439.29786372859,302.95456799467115,8.359515491993626e-05,1843.8008814037055
1632,test,3,1,3.1555939428262647,2.432357594119399,2.432357594119398,3.428997445876128,6.583602490602061,1.40974232331885,-0.07614222556194475,-1.6206848256077961,2958182.023054114,2954401.9590572454,3486.2133066390497,293.8506902300015,9.933489147723958e-05,1937.7067417223218
1633,test,3,1,3.4647942312653175,2.6279609295204787,2.6279609295204787,3.4784459344451317,6.942771798698232,1.3236292424940428,-0.14420433396328566,-1.6341159487729515,3453089.414527447,3447807.27799449,5061.535160960506,220.60137199800945,6.388521857265564e-05,1733.6497272260976
1634,test,3,1,3.4876142482865253,2.5561812107579907,2.5561812107579907,3.4870862120772363,6.78418523207074,1.3641780157844139,-0.19486033453055995,-1.610566747045157,3267031.2487184377,3261757.8255825173,5081.261880324485,192.16125559978545,5.881830964278801e-05,1692.4064792043293
1635,test,3,1,3.8622896291455255,2.866178569851161,2.8661785698511606,4.741772451237775,8.596174381673336,1.6543883556717869,0.06359477143705614,-1.416993587533781,4107489.8558140416,4101624.538718019,5386.0226285629815,479.2944674619817,0.00011668792481217044,1943.020638057621
1636,test,0,0,5.489235584584065,2.6616614329365156,2.661661432936516,5.47880803417135,8.759942932985723,2.0584165838578414,-0.49719776893813505,-1.0884713006920133,3542220.7932783053,3540916.121681303,1278.4638435075535,26.20775350083484,7.398678690658273e-06,777.7018862987649
1637,test,0,0,0.30628391456182724,0.29793829949023054,0.29793829949023043,0.5847610001606154,0.8909849081537686,1.9626916081656365,0.6397034116628904,-1.054503075081257,44383.62147973089,44334.003534556716,29.680402554612186,19.937542619459006,0.00044920945958779144,3548.459242175925
1638,test,0,0,0.29904018920703673,0.2968022728327951,0.296802272832795,0.6003221960659431,0.899245194348623,2.0226334196710734,0.6694353119686532,-1.0117783698303409,44045.80417451822,43989.06155611498,33.561700277927635,23.18091812533608,0.0005262911771002905,3593.857257552951
1639,test,0,0,0.29356856678467014,0.29752431417575254,0.29752431417575265,0.5965420451309182,0.8899852974864189,2.0050194781006394,0.6881952215559942,-0.9874552215067713,44260.395300770135,44207.39296495432,32.04672327545366,20.95561254041219,0.0004734619381053644,3554.9061890621215
1640,test,0,0,0.296896181519136,0.2998415148274026,0.29984151482740246,0.6052921791719346,0.9021318386730854,2.0187070476893716,0.6770902763605977,-0.9919269665391215,44952.54953681902,44902.50065387302,28.49933324740205,21.54954969865498,0.00047938437131367866,3527.049818826942
1641,test,0,0,0.2915130085866176,0.29726129540795687,0.29726129540795676,0.6011210255701818,0.8926246397177238,2.0221974231297506,0.699935557067827,-0.9701240516225651,44182.17852062804,44130.06576118296,31.528230904629783,20.584528540488932,0.0004659011671612866,3494.7208798088905
1642,test,0,0,0.26175768866182625,0.25672136073480173,0.2567213607348017,0.5648941229379052,0.8266210020447033,2.2004172980426517,0.6339870742799435,-0.9805441844907521,32952.950076513305,32684.972551701583,225.27118278235255,42.70634202942131,0.0012959793259863426,4368.167803025402
1643,test,0,0,0.19556488722757603,0.19639103023013216,0.19639103023013216,0.4360454466919491,0.6315878831646842,2.2202920682323857,0.6491484447040206,-1.0787333769699414,19284.718384776814,19118.26551587229,127.0383986285576,39.41447027595914,0.0020438188149572655,5232.480047379228
1644,test,0,0,0.1754231976495339,0.17249620528541876,0.1724962052854187,0.6604898048414634,0.8359083665582148,3.829010636776572,0.744242399903745,-0.5583157409052029,14877.638095876988,13836.199934528273,863.8178533662317,177.62030798247773,0.011938743692905214,6822.145861715916
1645,test,0,0,0.20289792792030495,0.20295187797996614,0.2029518779799662,0.3967147253351577,0.5992419674294069,1.954723106205099,0.6631576005196623,-1.1032469821404964,20594.84470295517,20262.501247979188,259.5970528965867,72.74640207937655,0.0035322627156755453,5718.012282612152
1646,test,0,0,0.17253446364352568,0.16906327072145605,0.16906327072145608,0.43281710362484593,0.6052719664221513,2.560089496540874,0.6179521766143631,-1.1489619052413966,14291.216528457793,13952.612941562675,281.34596846007594,57.25761843504139,0.004006490162753151,5865.661402167823
1647,test,0,0,0.17604535280375558,0.1769895973869812,0.17698959738698114,0.5239695960411541,0.7000079413469393,2.960454194918101,0.7365450313945818,-0.8495419760710239,15662.829809496907,14406.147598860267,1045.6982645260664,210.9839461105639,0.013470359358858458,7216.167435632964
1648,test,0,0,0.18044963000768605,0.1846355025872331,0.18463550258723316,0.5178938257837873,0.6983432561902987,2.8049525607303094,0.7324154126250699,-0.9893073229072482,17045.361669566137,16293.739071921715,651.3265076650614,100.29608997936063,0.005884069339428309,5955.233569837704
1649,test,0,0,0.1789378688191955,0.18737178139702515,0.18737178139702515,0.551263256325763,0.7301741304963798,2.9420825922430773,0.7875839710894118,-0.8460860993566195,17554.0994826275,16749.60921189144,689.7932078108364,114.69706292522064,0.006533918930944373,6267.183873548709
1650,test,0,0,0.1586522947256708,0.15907782770603765,0.15907782770603773,0.5770113576943732,0.7356137987844704,3.6272267858764136,0.845382033939301,-0.43080214931403216,12653.070951652777,11421.446429791333,1087.8062701500937,143.8182517113699,0.011366272445708842,6529.648165236617
1651,test,0,0,0.15828252440065263,0.16133988403972185,0.16133988403972185,0.6559914290371526,0.8142561714921612,4.065897486796554,0.8185188036122932,-0.5946787918821532,13015.396409758063,11865.677980248069,980.8001711668558,168.91825834313215,0.012978341421586567,6746.426375496327
1652,test,0,0,0.1721944159601553,0.1824355312529403,0.18243553125294026,0.5516375952626841,0.7237425425337278,3.0237399012907114,0.8044673869805086,-0.9073574739062757,16641.363070282026,15384.027922515723,1054.0883504143894,203.24679735194104,0.012213350342370515,6860.1260973984035
1653,test,0,0,0.19024975506286138,0.1943884405119095,0.19438844051190957,0.3796998718597461,0.569930517434841,1.9533047894197344,0.6538713656551723,-1.1654607048396424,18893.47333052302,18455.879128766253,379.588401629626,58.00580012712579,0.003070150157801612,5582.841074338947
1654,test,0,0,0.18489286661352616,0.18940990090019513,0.1894099009001951,0.44169571637902755,0.6265788617956787,2.331956852729511,0.6955825158991673,-1.1065833208765683,17938.182036268547,17155.75435168318,642.8309666754928,139.59671790984032,0.007782099525336229,6550.09629152629
1655,test,0,0,0.1644587733867811,0.17189771769723672,0.17189771769723677,0.5589549324390246,0.7233524781622691,3.2516716331482143,0.8265245528599257,-0.6617016252939769,14774.596783322262,12959.005294285775,1540.142875787768,275.4486132486998,0.018643392932362758,7232.642479330346
1656,test,0,0,0.1490220464232807,0.1600763550404626,0.1600763550404625,0.6412614547249431,0.7902324207279889,4.005972365892836,0.9948965971046202,-0.15703192177248138,12812.874313021332,10804.061453071516,1771.4647015379346,237.34815841187478,0.01852419313679407,6762.197959240095
1657,test,0,0,0.19074475591333612,0.19648609307783127,0.1964860930778312,0.39531451637594,0.5860186829449958,2.011921099267569,0.701386744503318,-1.0968318967744595,19303.392870180887,19047.866783005094,206.1218426867633,49.40424448898485,0.00255935548850081,5574.171241529725
1658,test,0,0,0.16721884466095072,0.17505694701072252,0.17505694701072252,0.5757384493263235,0.7428194432141026,3.288863762093706,0.7760621057710123,-0.9893804598949298,15322.500507457582,14096.497501890855,1070.7758104680343,155.22719509871266,0.010130669927089404,6391.2522266765645
1659,test,0,0,0.17334058056885623,0.17931842398238793,0.17931842398238784,0.6443549775022802,0.8176409533007245,3.593356238540034,0.7775215490748043,-0.796323567036231,16078.034449094519,14723.684530303552,1094.2433930881903,260.10652570277455,0.01617775646185552,7153.9395843928005
1660,test,0,0,0.1506080427424604,0.15231668349004696,0.15231668349004696,0.5449840030415362,0.6955610162840458,3.577966579591052,0.7677163655761512,-0.7735169141572169,11600.269939524529,10864.68372916727,616.9800593866659,118.60615097059541,0.010224430257995947,6394.817503531078
1661,test,0,0,0.15796623984037433,0.16641805256291087,0.1664180525629109,0.7538095875674626,0.9117348893923918,4.529614281374315,0.8999881358394904,-0.2681144978178449,13847.49467116265,12537.069995830436,1171.9587832106486,138.46589212156485,0.009999346120704381,6278.666685863419
1662,test,0,0,0.15345337611612922,0.16553085115493757,0.1655308511549377,0.4829511978012597,0.6362462746474193,2.9175902524008346,0.8565552947850307,-0.7605251347106572,13700.797037961587,11961.032497754535,1533.5981856613835,206.16635454566853,0.01504776356984426,6899.974198397922
1663,test,0,0,0.16182391429506243,0.17212361014966307,0.17212361014966313,0.4908059976045042,0.6524945107958047,2.8514739911494056,0.7696169201454336,-1.0081872664360845,14813.609395734227,13694.98667145101,984.8582139875805,133.7645102956375,0.009029839164934154,6520.40973332101
1664,test,0,0,0.146134591431648,0.16607451801687295,0.16607451801687295,0.8850481745290454,1.0311048804724123,5.3292232011122,1.26992246418831,0.9425160047541965,13790.947237944873,9962.5039713265,3342.6874257384425,485.7558408799206,0.03522280467750582,7364.090350047865
1665,test,0,0,0.24770284620599523,0.28636367816105435,0.28636367816105446,0.554182281815245,0.8018558773856057,1.9352394318093862,0.7914753014388101,-1.058823721647791,41002.50943410728,40551.95735874915,355.38895115214575,95.16312420605216,0.0023209097569743434,4732.066182451747
1666,test,0,0,0.29252288256636166,0.2912760365991798,0.29127603659917956,0.563458109750838,0.8559779561792311,1.9344471873812399,0.6165906189369299,-1.1132533745825044,42420.86645156624,42368.63734820744,31.1824932432574,21.046610115549985,0.0004961381479461251,3606.4216398998556
1667,test,0,0,0.2923048487099477,0.29342220527657636,0.29342220527657636,0.5896534571257761,0.8819078830529179,2.009573394658307,0.6508032180774422,-1.0525528483931774,43048.31855087838,42996.70864548963,30.42951269287438,21.180392695931094,0.0004920144016983659,3580.1211539375568
1668,test,0,0,0.2981978563699377,0.2971933956327193,0.29719339563271924,0.5868015976515162,0.8848422154114814,1.9744772470539813,0.670574567039918,-1.0108695654473385,44161.960074863426,44109.01034538115,33.00527548148557,19.944454000817625,0.00045162067007460167,3515.1447931338153
1669,test,0,0,0.2907965136339299,0.2985248489130405,0.2985248489130406,0.5999278473089107,0.8906663056877733,2.009641239224504,0.7085819589902173,-0.9685971153395481,44558.544552016916,44511.36588274005,29.565647545805152,17.613021731087823,0.000395278210008109,3308.2701876932856
1670,test,0,0,0.30094772677837317,0.2988549819235272,0.29885498192352716,0.6020709266144186,0.9029002133684116,2.0145922371422276,0.6808462149464979,-0.9886360322469052,44657.15249109171,44607.31980116655,30.319528737833185,19.513161187302728,0.0004369548907354819,3445.277498708052
1671,test,0,0,0.2890502327677532,0.297915884593795,0.29791588459379487,0.6026730424168781,0.8915952121751616,2.0229637746191895,0.7129121558787792,-0.9505155206733717,44377.02095639009,44326.67969275631,30.515933525220465,19.82533010855023,0.0004467476563609994,3383.908165188484
1672,test,0,0,0.2920520843043487,0.29781282319530084,0.2978128231953007,0.6011324583515961,0.8930197738372954,2.0184908490571725,0.7094447113154451,-0.9572620874945841,44346.24450356931,44296.00356689792,30.8102241018423,19.430712569553254,0.00043815914486263494,3390.8311818209495
1673,test,0,0,0.29150486007152904,0.2985735722316962,0.29857357223169606,0.6076801417785991,0.899165847857148,2.0352777281541625,0.7242435951411572,-0.9360005788723149,44573.11736425902,44519.01492486542,33.35679701073957,20.7456423827533,0.0004654294698128564,3464.787436755096
1674,test,0,0,0.2905734439613298,0.29848513727560605,0.298485137275606,0.6093387345550582,0.8993370541720651,2.0414374401242825,0.7194221158128268,-0.9366466639863416,44546.68859161064,44496.01785231865,34.404696815931615,16.266042476048277,0.0003651459399186771,3230.1598498246367
1675,test,0,0,0.29131497193254474,0.30052563400746934,0.3005256340074692,0.6103572125347709,0.9016072127124062,2.0309655598949714,0.7220653690760808,-0.940833396552649,45157.89360666342,45106.05575114862,31.104234822105294,20.733620692649524,0.00045913613405542254,3521.88845273494
1676,test,0,0,0.2874818233293627,0.2987609129338166,0.29876091293381635,0.6215181561666395,0.9088964548282092,2.080319510552315,0.7404400017554094,-0.9110280757832236,44629.1502058845,44574.66083595607,35.55827360555871,18.931096322821524,0.0004241867979893867,3409.717437787187
1677,test,0,0,0.29118129360427986,0.3018227030659228,0.3018227030659228,0.6106050933624254,0.901785228458607,2.023058859257051,0.732412804848573,-0.9207764553011493,45548.47207241576,45499.673681829714,27.520669560521636,21.277721025503833,0.0004671445617687286,3475.369587871495
1678,test,0,0,0.2935916886350551,0.3002287317294368,0.300228731729437,0.6153771772363743,0.9089529194661736,2.0496944902360172,0.717787752705439,-0.9437750060914021,45068.651585165564,45013.93519167383,32.670471249519125,22.045922242300414,0.0004891631204150974,3491.596468191708
1679,test,0,0,0.29301306476083117,0.2985622288977479,0.298562228897748,0.6082918358853786,0.9010262196243275,2.0374038542353836,0.7145906632381485,-0.93995716932571,44569.707194199036,44516.29944073224,30.82865928735693,22.57909417951563,0.0005066018064945781,3546.227167273785
1680,test,0,0,0.2957672840951127,0.3007324892835903,0.30073248928359014,0.6270752781035263,0.9223487824201584,2.0851597364732863,0.7218454426711266,-0.9338608055056694,45220.128559837576,45163.084110028016,37.58151112122319,19.462938688299396,0.0004304043201147702,3427.9134638462324
1681,test,0,0,0.290424021256229,0.3008895843423427,0.3008895843423427,0.6106894292709621,0.9010214225563686,2.0296130575797497,0.7321988965795997,-0.9199044366236615,45267.33945006029,45213.60508420379,35.74980329331087,17.984562563243816,0.00039729665541940446,3274.702962634929
1682,test,0,0,2.3807709155669436,3.344729995913644,3.344729995913644,8.615169292868115,10.995808666324592,2.575744321183929,1.234995203750579,0.11862782795020221,5593609.376098969,5592617.161859447,954.3216487831025,37.89259073422358,6.774264734347646e-06,617.0275126854484
1683,test,0,0,3.9516134253107595,4.971068833510929,4.97106883351093,10.753634453717561,14.704801963613136,2.1632439247723236,0.9277452686810095,-0.7162951032418143,12355762.921210146,12350931.64220674,4788.694125810668,42.58487757963404,3.44655994544311e-06,581.4841956661056
1684,test,0,0,6.420642256740553,5.979975050441674,5.9799750504416735,9.671818375583666,16.092302002056385,1.617367680299823,0.3594650702966292,-1.5097584918903575,17880050.865692377,17876862.095319934,3119.9738840001664,68.7964884489256,3.847667378895992e-06,608.2410495425361
1685,test,0,0,5.343613696366316,4.316578391989748,4.31657839198975,6.933977055281633,12.275774031644687,1.60635958057636,0.20377853512425984,-1.5633758130620767,9316424.570522884,9315377.32374297,985.4088336872995,61.83794622162317,6.637519120508751e-06,825.1440932813736
1686,test,0,0,3.9319871022850275,3.199124421003641,3.199124421003642,5.1662451670020815,9.089434623718262,1.6148934793168521,0.26916203871214817,-1.530563484688681,5117198.535570467,5116545.687581305,601.2401595744687,51.607829589694674,1.0085172429984957e-05,967.2911809361318
1687,test,0,0,3.1403098177117243,2.5400184158186696,2.5400184158186705,4.159873001654731,7.300145663302828,1.6377334021469945,0.3080040725551348,-1.4984648265840537,3225846.7983075264,3225289.6085773013,516.8823611202165,40.30736910523493,1.2495128140115833e-05,1099.5156357177664
1688,test,0,0,2.6606529324720616,2.128705067134107,2.128705067134107,3.529843512230087,6.18576441751793,1.6582116361391221,0.33162186278765576,-1.4718216658021281,2265692.631451918,2265155.9389930223,488.98278168790705,47.70967720647502,2.1057435834048398e-05,1325.9835495931318
1689,test,0,0,2.33681491837831,1.8483779732893548,1.848377973289355,3.0650758363213972,5.401018140895758,1.6582516566494345,0.3383572699592598,-1.45853243547073,1708250.6615089898,1707712.5176263074,483.91286021334014,54.23102246850331,3.174652507998922e-05,1547.2742119814081
1690,test,0,0,2.1212497088774107,1.6523696056222679,1.6523696056222676,2.7540530827180483,4.871200419962406,1.6667294492389895,0.3425889775762645,-1.4454555214645919,1365162.6669566561,1364640.2339243682,434.5392199416302,87.89381234807884,6.438339875204737e-05,1704.5051232785975
1691,test,0,0,1.949479284909554,1.5031146682873897,1.5031146682873897,2.520298776003532,4.467785646207631,1.6767175713048532,0.3484058792963414,-1.4283807424435775,1129676.8582344253,1129168.5893167646,368.42970275294357,139.83921490869608,0.0001237869164880045,1859.2556801121057
1692,test,0,0,1.827462201320799,1.3919996986754481,1.3919996986754481,2.304377550876467,4.129652288975194,1.6554440012229803,0.3475746587009008,-1.4176747219934058,968831.7639705084,968303.1138155338,375.6636901430399,152.98646483110699,0.00015790818439326474,2007.7793557232128
1693,test,0,0,1.7350967224128544,1.307563668088695,1.3075636680886948,2.154951543044299,3.8877924126572907,1.64806624383672,0.34819418821437637,-1.4033514417514832,854861.4058508555,854259.3524102793,425.13782938549366,176.9156111898145,0.00020695239015232876,2174.148494015285
1694,test,0,0,1.6515977012517395,1.2317519760084568,1.2317519760084563,2.0696685684320983,3.720385124324821,1.6802640537577587,0.34748320307883385,-1.3891548523094184,758606.4986175132,757997.6027110755,429.80970591595377,179.08620052212407,0.00023607258947621896,2308.9147780649128
1695,test,0,0,1.5865774284976069,1.1713194482311222,1.1713194482311224,1.961710678420728,3.5470623692963272,1.674787079974828,0.3436166217167591,-1.3787089226665843,685994.6332575574,685431.7703979134,406.47653374257703,156.38632590150044,0.00022797018856966048,2281.6627257253263
1696,test,0,0,1.5312158194122603,1.1193832460291175,1.1193832460291169,1.885706749862642,3.4160527092171833,1.6845944019190653,0.3373218610930978,-1.37180133742311,626509.4373704835,625882.378463872,450.1603104443529,176.8985961674223,0.000282355836346028,2498.570960712917
1697,test,0,0,1.4856649310711072,1.0754089566199214,1.075408956619922,1.8020309536334826,3.2872031391598284,1.6756703973318012,0.33029136600914055,-1.3682896799912219,578252.2292715528,577656.4190496316,438.77271145863733,157.03751046299286,0.0002715726849178242,2518.2841886451406
1698,test,0,0,1.4418919150265865,1.0383807038024,1.0383807038023998,1.7363045151797123,3.1739029474556446,1.6721271002259737,0.3269705004537106,-1.3634436717227016,539117.4061269418,538518.4839334387,449.3136884710912,149.60850503303934,0.00027750635266599456,2509.5933135731257
1699,test,0,0,1.407952035726572,1.0068042412994396,1.0068042412994396,1.7151315557346096,3.1225854213698767,1.7035402567642763,0.3231010448227839,-1.354559925700217,506827.400971082,506189.54887646856,489.14764200673716,148.70445260675226,0.00029340255148366945,2645.5834772978187
1700,test,0,0,1.3779087000855943,0.9777308746172606,0.9777308746172603,1.670917517565773,3.0480809718137607,1.7089748937506606,0.31701830703869516,-1.3529310275965916,477978.85045852757,477350.1069826893,483.50454374605215,145.23893209206867,0.00030386058285369785,2614.8750190073793
1701,test,0,0,1.352702761173714,0.955453767040248,0.955453767040248,1.6486431117053144,2.998614334035665,1.7255079927230703,0.3104232719173748,-1.3523977234505649,456445.97251210647,455841.1115357374,461.43560303815855,143.42537333159922,0.00031422201524145357,2694.7080327493545
1702,test,0,0,1.3327948329383508,0.9348835696816244,0.9348835696816244,1.584302497155033,2.914764824556187,1.6946521989840604,0.30457178874934104,-1.3446744449589851,437003.73913188896,436401.55456651363,464.12719068875606,138.05737468637514,0.00031591806276217934,2683.3144983356524
1703,test,0,0,1.3146377515215426,0.9182780947011355,0.9182780947011356,1.5374931383710355,2.849410312715918,1.6743219153794915,0.30074822236170307,-1.3460696714578195,421617.4417971259,421060.7671613061,419.0351348862665,137.6395009334578,0.000326455898851754,2744.774724106915
1704,test,0,0,1.2976338558616116,0.9030080300417883,0.9030080300417883,1.508144409137778,2.7966000763699412,1.6701339954507226,0.2932917565411143,-1.3440828235278872,407711.9077980113,407139.6927334059,432.75280043686945,139.46226416856987,0.00034206080691089914,2761.9337019032605
1705,test,0,0,1.2808610464348458,0.8869076154802454,0.8869076154802454,1.504818055509124,2.781715311575681,1.6967021471501182,0.29291596312613677,-1.338489720664891,393302.61175721546,392717.06322017044,440.40594098721147,145.1425960582586,0.0003690354239189611,2852.8747206138887
1706,test,0,0,1.267940879200818,0.8768602239852644,0.8768602239852641,1.4862498041640502,2.754056717385538,1.6949677537078327,0.289538623262194,-1.3388692915451086,384442.0829309926,383838.9809764783,464.7859584845102,138.31599602987754,0.0003597837025940401,2798.5344314708714
1707,test,0,0,1.2586176052947995,0.8663266949109324,0.8663266949109327,1.458290611181641,2.713448445079848,1.6833033308890109,0.2853355223327186,-1.3366676529293418,375261.52763897844,374686.3032744803,449.59549906994283,125.62886542799525,0.0003347768320893713,2768.046400778592
1708,test,0,0,1.2487935762061388,0.8566330083305429,0.856633008330543,1.4488315840111463,2.6973707177094184,1.6913095455365592,0.2838874842164959,-1.3335667458451905,366913.13431500946,366307.42322884337,465.1705355773352,140.54055058849002,0.00038303494054761855,2924.527762437995
1709,test,0,0,1.2336542362198233,0.8444533041167273,0.8444533041167274,1.4366469627395273,2.665048357564956,1.7012746065837432,0.28297629895116055,-1.3275533877258983,356551.42562377197,355937.1304591982,475.4172648625105,138.87789971147754,0.00038950313960606496,2829.9184073106835
1710,test,0,0,1.2271244758424582,0.8381529892828082,0.8381529892828083,1.4350876575651346,2.660916139720939,1.7122025166230235,0.2794624080359194,-1.3264675550947993,351250.638216436,350672.7921940189,452.96315842616457,124.88286399052878,0.00035553775681277934,2978.5547473886304
1711,test,0,0,1.2210452158108238,0.8321896285069708,0.8321896285069709,1.429805318628263,2.649980660818983,1.7181244149767558,0.2771638267260995,-1.3249186018406733,346270.3625342133,345686.9773688118,445.9018709810453,137.48329442044528,0.0003970403167463147,3045.408637894878
1712,test,0,0,1.2191488701668567,0.8285679575556396,0.8285679575556396,1.4174981158408337,2.633959882427007,1.7107807548129166,0.269489165036651,-1.327703074132419,343262.72313528246,342682.1866105211,455.6684293493876,124.86809541242856,0.0003637682946517239,2882.1058913246065
1713,test,0,0,1.208775585643947,0.8202382116322894,0.8202382116322893,1.3988117518499494,2.6025741226039827,1.7053725759328964,0.27187132432709443,-1.3225567235162632,336395.3661182899,335797.49473109853,466.87279695425514,130.99859023726648,0.0003894185337594758,2991.736313933808
1714,test,0,0,1.2053244454166852,0.8162673897265055,0.8162673897265055,1.37643476898456,2.580174800939858,1.6862547570909838,0.2679916755913251,-1.3219642050850493,333146.3693187842,332574.33800082153,442.5048221054351,129.5264958574912,0.00038879756103104543,2991.7321029092022
1715,test,4,1,0.5499773728874279,0.37619688076804836,0.37619688076804836,1.0594492447349477,1.6089163856813684,2.8162095405255956,-0.09059818664292034,-1.390841420016016,70762.17173943952,68611.08216986811,1286.172897809405,864.9166717620371,0.01222286781907759,8140.284954031117
1716,test,4,1,0.40599790410380954,0.38392446206456526,0.3839244620645654,2.3298891465248524,2.7358769435304566,6.068613429828886,0.7053886838456285,0.6486767387504191,73711.67898530392,55781.375535331645,10615.642197161573,7314.661252810687,0.09923340986804857,10239.451878665559
1717,test,4,1,0.44564857210630815,0.41531923974060736,0.41531923974060736,1.3319227484274443,1.7775625309141105,3.206985424656254,0.38142343672379103,-1.1420297722575115,86247.70890439424,75931.7550796931,6767.674056545497,3548.2797681556435,0.041140568407317564,8859.408970969804
1718,test,4,1,0.31491660620948825,0.31804030832074326,0.3180403083207432,2.1970598742745207,2.51182688595145,6.9081176718606025,0.9096093526623887,1.5312375857574505,50575.51860633883,40027.513825954265,7428.832009984123,3119.1727704004174,0.06167356967071177,8750.52547885354
1719,test,4,1,0.2867057428733824,0.45295462759879457,0.45295462759879446,5.3996751203163145,5.68631623678084,11.921006633580722,5.62900066041743,51.04306502103806,102637.60814430198,28542.18728922505,32451.228811547713,41644.19204352915,0.4057400868595851,11877.841472239057
1720,test,4,1,0.34866115657390034,0.40504739273170143,0.4050473927317014,2.2882080355495127,2.6367524554079864,5.649235315693526,0.8887424669088677,0.08907629400858452,82036.36715685896,68865.05018947646,8529.891898301108,4641.425069081365,0.0565776524478059,8950.483890634447
1721,test,4,1,0.21418847235471913,0.40728855525250823,0.4072885552525082,6.129499538814715,6.343602519729757,15.049525599889705,7.717198707361069,96.36860926802588,82952.14152826293,23629.80728616834,27549.44243389298,31772.89180820158,0.38302678174229077,11638.031872862784
1722,test,4,1,0.25557904191606123,0.5332286242195988,0.533228624219599,5.86535258345015,6.120930432861314,10.999695659688793,5.869457134156944,50.49325129815971,142309.76056123787,38168.04708301855,48649.670649343,55492.04282887626,0.38993841750578495,11565.567958109892
1723,test,4,1,0.1546967414642744,0.49040468953732624,0.4904046895373262,7.053179463980062,7.207874920994641,14.382365451346734,7.393928846319651,71.36026667627573,120329.3290754948,10351.423518125912,53324.50095132852,56653.404606040385,0.4708195835654993,11790.27959942175
1724,test,4,1,0.26294828193624925,0.5853357351310299,0.58533573513103,6.043435327835479,6.306366210941633,10.324733251563105,5.452483787256389,41.67657269552076,171864.69483683427,39814.59798703268,56430.59546845322,75619.50138134866,0.4399943889182165,11794.641288624784
1725,test,4,1,0.13822857932814805,0.535095475199051,0.535095475199051,9.381492451860817,9.519507839213475,17.532371112596273,11.802704609062054,163.0768618993616,143434.39777934455,9587.433871228082,56902.486715813844,76944.47719230258,0.5364436870343459,12347.419072106495
1726,test,4,1,0.142366654773592,0.5238916806012635,0.5238916806012635,8.110756628612638,8.252608088601846,15.481743514812129,11.16826195870307,144.66652266784516,137260.75264867133,10981.532531941966,51794.78300468578,74484.43711204364,0.5426491963270219,12241.920085364762
1727,test,4,1,0.1949565846303085,0.5748528201650921,0.5748528201650921,8.608432964625063,8.803285506066459,14.97502084473171,9.265031541464982,104.7033069887977,165338.1979463575,18985.546943103658,62996.878349725084,83355.77265352882,0.504153146029648,12195.99085949662
1728,test,4,1,0.2796860332903493,0.4725818794426288,0.4725818794426288,5.3657407168927564,5.645420561054834,11.35409745972741,4.977218342757236,41.90507145161651,111717.24181011844,39333.49403912661,33675.74638885147,38708.00138214026,0.34648189263328555,11447.533492639208
1729,test,4,1,0.309543660863259,0.37287700489691256,0.3728770048969126,4.600274034754417,4.909630964495591,12.337242507153883,2.7727660276881507,23.35107635196533,69527.65645338812,41217.56178876058,16238.986545455164,12071.108119172397,0.173615921130104,10435.680432565483
1730,test,4,1,0.19416343830645563,0.5047238511374006,0.5047238511374006,6.277693632616396,6.471821777824516,12.437877897922887,7.03572770369028,63.01569652728176,127413.12679629406,15514.018950601683,55736.80442062868,56162.30342506397,0.4407889896215741,11817.693302218842
1731,test,4,1,0.2463031102946261,0.44275642359309486,0.4427564235930949,6.714779825038626,6.960820943757426,15.165855236037613,6.234680485542165,73.26252708133458,98092.84506620043,37258.249658748406,28463.685781552063,32370.909625900047,0.33000276018147623,11367.710900993385
1732,test,4,1,0.1191461184719301,0.29661210518258974,0.29661210518258974,4.030545463254144,4.149584826845967,13.58860745340452,7.081151909275244,64.32984754667783,44008.36203921126,6861.063785892232,22983.036667204375,14164.261586114704,0.3218538688964249,10676.33606464402
1733,test,4,1,0.5279047923119724,0.726274294351651,0.7262742943516508,6.156137661453897,6.683958055342373,8.476325968482081,3.1421265630021615,17.894447651367596,263881.4104271748,137525.34529706667,48037.60116747603,78318.46396263181,0.29679416915291157,11796.641698646117
1734,test,0,0,2.267755983974552,1.7807659725369707,1.7807659725369709,2.963808537814999,5.229333641938865,1.6643447727118261,0.34173669663264666,-1.4502013631722412,1585563.83490492,1584700.6741602698,782.6374648763726,80.52327977540827,5.0785265154737165e-05,1851.4186924689163
1735,test,0,0,2.057522855196381,1.5950965493693305,1.5950965493693308,2.6335443635841367,4.688737594289705,1.6510250521358016,0.3443316455829353,-1.437966506404176,1272166.6453283047,1271398.1390619155,517.6757271866556,250.8305392001457,0.00019716798905336378,1984.5767464280736
1736,test,0,0,1.9080106310993432,1.4573227892385179,1.457322789238518,2.4458549923747777,4.346090608276427,1.6783206921870675,0.34712451236575104,-1.4196304310734855,1061894.8562085964,1061194.9130573662,485.70642165445474,214.23672957469523,0.0002017494748393536,1996.688448572489
1737,test,0,0,1.7837120561861228,1.3494739032479695,1.3494739032479697,2.218515727017002,4.0020329611579655,1.6439856463154914,0.3510078841911344,-1.4022306542953185,910539.915270132,909892.1208592883,442.97002715796174,204.82438368619364,0.000224948275469536,2163.9492703351893
1738,test,0,0,1.6913148230143706,1.264146087148469,1.2641460871484695,2.1449428731373628,3.835715516761411,1.6967523729600775,0.3493413208162088,-1.3889743710827662,799032.6787146615,798335.165103366,496.29290433465104,201.2207069620017,0.00025183038481691264,2272.085540881543
1739,test,0,0,1.611236201231135,1.191493520838497,1.1914935208384974,2.0316454306200615,3.6399647153448313,1.7051250343269333,0.345681801702461,-1.3802399536695211,709828.4210527097,709176.8934614487,475.40306076475844,176.12453049729504,0.0002481226804586014,2375.902676169696
1740,test,0,0,1.5489695241661392,1.1342600089488242,1.134260008948824,1.9123365709571518,3.46036460850155,1.6859772502509462,0.3384223199281162,-1.3710255811896175,643272.9308349018,642615.7791451581,476.15929725438076,180.99239248916908,0.0002813617421368247,2528.215807632763
1741,test,0,0,1.4925665616180632,1.0827998692773582,1.0827998692773577,1.8621995688293245,3.3540436896146275,1.7198003266034054,0.3345373980402547,-1.3637771943130526,586227.7784663462,585600.2664517736,446.9941113588376,180.51790321439202,0.00030793133632570617,2505.047568691131
1742,test,0,0,1.449193790022051,1.0434584037294574,1.0434584037294572,1.773152992662275,3.2211945846211165,1.69930395531321,0.32918293424176537,-1.357202944570979,544402.8859423161,543740.5348659462,494.3131809739795,168.03789539637057,0.0003086645933287274,2533.3960779700697
1743,test,0,0,1.4119400113844895,1.0099916578846706,1.0099916578846706,1.754851427671907,3.1663739147479646,1.7374910119032791,0.32461582869201583,-1.3526785110128108,510041.5769305348,509381.07627875445,490.9005900318187,169.6000617487431,0.00033252203235941644,2664.256981551371
1744,test,0,0,1.3745525163176353,0.9760887661594125,0.9760887661594125,1.6590616423127358,3.0326631919597276,1.6997036538393904,0.31832052532266214,-1.3506101255557268,476374.7433555828,475724.476506821,505.13395152898016,145.1328972325107,0.0003046611921744525,2703.311659602166
1745,test,0,0,1.35244738832023,0.9519306487816008,0.9519306487816008,1.6319309495398775,2.983327868860215,1.7143380682496414,0.3099417862061852,-1.3462584335022298,453085.9822303864,452441.73873200617,486.7890515247739,157.45444685534815,0.00034751559975493854,2750.667921962179
1746,test,0,0,1.3301730799409561,0.9316779762697319,0.9316779762697318,1.573912794616539,2.9015626495238394,1.6893313298208443,0.30486951362675296,-1.3468754867382149,434012.07020708703,433389.7285159914,465.4984458094715,156.84324528552432,0.0003613799155647612,2839.065438960052
1747,test,0,0,1.305915001206682,0.9112184415822835,0.9112184415822834,1.5470453469225904,2.852661589393392,1.6977765992490526,0.30208468365871355,-1.340602947740606,415159.52965589426,414537.6849889163,468.4574611955563,153.38720578303722,0.0003694656989089772,2818.811986263033
1748,test,0,0,1.2885085225220536,0.89280369712067,0.89280369712067,1.5276042342070724,2.814505155547522,1.7110191625926967,0.2926459485351132,-1.3366063211443122,398549.53357563703,397927.76774885465,467.1430049578661,154.62282182477995,0.0003879638760019663,2811.925501834057
1749,test,0,0,1.2718462655809708,0.8779569001817582,0.8779569001817583,1.4922657301160507,2.76287198998034,1.6997027186723124,0.29306980159001883,-1.3299838524162588,385406.93895891536,384812.4053571476,445.9193609493509,148.61424081796548,0.0003856034383278394,2815.676329908593
1750,test,4,1,0.2471324522007126,0.6342877209353689,0.634287720935369,7.031313745309053,7.278409790837031,11.085369483331856,6.151890629917121,48.29392783703033,201304.0824303894,40536.24484295678,67757.29480796338,93010.54277946908,0.4620400225198213,12061.043318333985
1751,test,4,1,0.1850542850091151,0.47723300069919655,0.47723300069919666,7.809482114832194,7.994409871738753,16.364086522496304,8.984486077835902,111.71646807288204,114001.10420675128,16293.013685799544,46321.70284297473,51386.38767797698,0.4507534206404101,11819.122434698686
1752,test,4,1,0.21623457563694684,0.6639819673788854,0.6639819673788852,8.197674382798112,8.413793033367256,12.346230448334314,7.59806663466339,69.07308751337568,220467.77479534264,15670.529168807418,86052.04722720085,118745.19839933448,0.5386056919636627,12464.555222827501
1753,test,4,1,0.20080571846087697,0.6405025218848583,0.6405025218848585,10.913112585982482,11.113420364563353,17.03836005808,9.578733307907433,121.46163359361753,205134.9241140415,22008.888200200767,77464.16093059322,105661.87498324768,0.5150847689129066,12348.340468292825
1754,test,4,1,0.11716171484807274,0.21129519613709893,0.21129519613709896,2.9146492840685534,3.031202604994178,13.794205156360404,8.144661578008852,90.36235656588711,22324.81048672339,3717.1100994022318,11840.780567284317,6766.91982003686,0.3031120834849264,10471.394479050725
1755,test,4,1,0.14280503575801776,0.34593200712113475,0.34593200712113475,4.524011675667763,4.666771287829761,13.077748177501233,7.804204131372277,76.39192284624484,59834.48335125737,7051.949472217388,29489.41439649408,23293.119482545833,0.389292564720647,11345.462518469776
1756,test,4,1,0.2967815433308715,0.45916834108693966,0.4591683410869396,5.706421371860779,6.003061581388465,12.427732622751352,3.702479938516514,30.183512584994652,105454.59864284034,65348.74624642464,19178.592264190665,20927.260132224943,0.1984480563346752,10828.560840724738
1757,test,4,1,0.1765967931362975,0.6525464365766167,0.6525464365766167,8.604163971939386,8.780648481246317,13.185519818449203,8.506442037279198,84.53318844811832,212957.18101153383,14938.52828712286,83059.8337510874,114958.81897332349,0.5398212843881385,12445.181823777739
1758,test,0,0,1.70077139254941,1.2750495488346585,1.2750495488346585,2.1246058333264446,3.8253227426685044,1.6662927611466116,0.3510927516486158,-1.3908077419997813,812875.6937713282,812152.4532301184,500.4588585724791,222.78168263637608,0.0002740661140976953,2282.6406297120025
1759,test,0,0,1.6218908739078324,1.200067503971071,1.2000675039710709,2.016086726189824,3.635503292316571,1.6799777675160048,0.34466482559138273,-1.3819749630042546,720081.0130353173,719427.539104178,468.06803299357796,185.40589814530702,0.0002574792207945824,2388.8913538850497
1760,test,0,0,1.558668392801308,1.1429193784881395,1.1429193784881397,1.9359059155940777,3.4937801141059026,1.6938254368868126,0.3434673825855592,-1.3697575656535301,653132.3528628381,652480.6786134886,456.7700402502434,194.9042090989128,0.00029841456826415073,2445.5779079932595
1761,test,0,0,1.4978596480949782,1.0905316885785339,1.0905316885785339,1.8487508980170824,3.3453281722031534,1.69527480712354,0.3371135189612827,-1.3650212766617547,594629.726105738,593961.827115519,475.2645926886921,192.63439752858196,0.0003239568912744322,2601.717990519153
1762,test,0,0,1.454887410330819,1.0468817812355413,1.046881781235541,1.793649653267814,3.2461493506561965,1.7133258839894312,0.33133309622936963,-1.358008261775637,547980.7397849336,547281.8138833267,517.8686076765847,181.05729392985805,0.0003304081344189537,2641.233933160016
1763,test,0,0,1.4122565938786138,1.0094224850833449,1.0094224850833449,1.7102786348506342,3.12220282596536,1.6943139865855295,0.3220229450265171,-1.3516353963769108,509466.9126952035,508814.351486604,485.84357333952653,166.7176352599404,0.0003272393772894175,2665.3406380098336
1764,test,0,0,1.3739598516938858,0.9751711160588424,0.9751711160588427,1.6691929574491806,3.042555075546261,1.7116923686124232,0.3173282724700514,-1.3490435563097964,475479.45272379485,474853.37999427714,469.0795356834777,156.9931938346356,0.000330178713160572,2703.815177514031
1765,test,0,0,1.3478899711669656,0.9518508369715751,0.9518508369715751,1.6065749412475852,2.953829277015757,1.687843177570859,0.31279174115198416,-1.3466427826886518,453010.06893966923,452393.36413970444,470.44556430337434,146.25923566132263,0.00032286089358601227,2738.8695560386764
1766,test,0,0,1.3263756100710016,0.9280357105798709,0.9280357105798713,1.5916174586240668,2.915766327874735,1.7150390232608235,0.3021081077200215,-1.3452880134956202,430625.17575072194,430001.54459656874,469.425851276166,154.20530287764896,0.0003580963481961271,2761.5135851035466
1767,test,0,0,1.3036596844245214,0.9089487036605013,0.9089487036605015,1.5838115146111231,2.885390490293503,1.7424652328924906,0.29889164935308193,-1.3386705830291041,413094.11362275825,412455.3229232246,481.8271510334825,156.96354849966147,0.0003799704312489966,2876.898863472393
1768,test,0,0,5.075400503571669,4.072357082882714,4.072357082882713,6.706813661162218,11.781493690621573,1.6469119786555266,0.21369513575121424,-1.520261111002209,8292046.228252032,8290066.343967089,1926.942597170157,52.94168775939677,6.384634902181064e-06,806.4827681488846
1769,test,0,0,3.1921436143831814,2.6101209021952805,2.6101209021952805,4.267910783199826,7.4590090026613325,1.6351391154372341,0.28899023354473896,-1.5123372377565176,3406365.7805698127,3403064.9514570246,3242.0498021292565,58.779310659722924,1.725572485345082e-05,1171.8457985206505
1770,test,0,0,2.3276102667734957,1.8979486909408094,1.8979486909408096,3.283640133769717,5.606856791768223,1.7300995276864006,0.33987092639941047,-1.4714432068698091,1801104.7352347556,1797949.7618429556,3104.571885359848,50.40150644025703,2.7983662168145768e-05,1543.4513901283512
1771,test,0,0,1.8972156126204063,1.5460219147378946,1.5460219147378944,2.868177167683549,4.764961300592404,1.8551982609960653,0.39334364402052513,-1.3854898716135091,1195091.943416716,1192825.2599701402,2205.3287811134983,61.35466546315499,5.1338866269773906e-05,1663.957283144428
1772,test,0,0,1.656408304763492,1.3251800797528424,1.3251800797528426,2.4541912130587735,4.110005648806691,1.851968083852046,0.3767005317840767,-1.3892322973816011,878051.144191871,876054.6297820113,1934.194554320524,62.3198555402021,7.097519996692131e-05,1846.7006601017372
1773,test,0,0,1.5158238439264888,1.2259425077369361,1.2259425077369357,2.3947558374699955,3.9105670186045245,1.9533997902484554,0.451333607682627,-1.318224615035325,751467.6041926173,749642.9847458161,1763.5887084882993,61.03073831346789,8.121539501232365e-05,1848.0109669837366
1774,test,0,0,1.382909297535196,1.1036049240606012,1.1036049240606012,2.294879675319418,3.6769417270552367,2.0794395034734383,0.4718462937622422,-1.220539855663067,608972.2038592176,607340.4106098395,1581.3941310999303,50.39911827891957,8.276095026920286e-05,1888.9323177527954
1775,test,0,0,1.3303322726828628,1.0663362151446558,1.066336215144656,2.4322249954598374,3.7619839286780916,2.280917557629691,0.524031598630619,-1.0934326794011378,568536.5219225041,566571.5624407723,1912.7993839866672,52.16009774497175,9.17444979059438e-05,1867.0648903814301
1776,test,0,0,1.2127075826771325,0.9254298726138188,0.9254298726138193,2.136158641611808,3.3482719886815175,2.3082879695447485,0.44202794869572287,-1.1639299300038315,428210.2623792911,426897.80321111396,1268.348119440837,44.1110487371795,0.0001030125912725271,2092.3453304373597
1777,test,0,0,1.171283055586973,0.8986093743898458,0.8986093743898459,1.9887604224251119,3.1566071617417037,2.2131534336323573,0.51313691424891,-1.035404676393138,403749.4113707346,401937.0790388441,1759.9530996607184,52.37923222972234,0.00012973203366883966,2188.045715694379
1778,test,0,0,1.1028528135783855,0.802243159756624,0.8022431597566241,1.421888597630721,2.5243524206453003,1.7723910516882166,0.3332324370933956,-1.3493284947384658,321797.41906805005,320815.09625334246,932.7752914376382,49.5475232705996,0.00015397116426257555,2647.416697253647
1779,test,0,0,1.0787220593043603,0.7911295619357473,0.7911295619357473,1.5720829371861182,2.648170370142907,1.9871371426691764,0.35920717201452546,-1.312772112416219,312943.01314237574,311779.0668852065,1113.112726941965,50.833530227120285,0.0001624370191770129,2407.1259994842026
1780,test,0,0,1.0211857526497916,0.7223423936290332,0.7223423936290332,1.2775000364584848,2.295845916494727,1.768551932886496,0.30676811702625034,-1.3561030737442696,260889.30902095084,260051.60387774042,791.0243201701462,46.68082304006321,0.00017892961277426084,2856.9693232396403
1781,test,0,0,1.0110586548202554,0.7234247325967615,0.7234247325967612,1.6876179313308677,2.697849668271374,2.3328175762986394,0.39945835302974964,-1.1130615660708483,261671.71585334663,260598.88858683468,1029.2427706114163,43.58449590061162,0.00016656173846866376,2466.765049820526
1782,test,0,0,0.9968210918118566,0.7174770937932651,0.7174770937932649,1.5987745064089687,2.5954402043280425,2.228328291229939,0.40819127359525137,-1.1529127461998203,257386.70626825566,256221.37409009718,1116.2527780853095,49.07940007325953,0.0001906835080367655,2446.5049171207384
1783,test,0,0,0.9500607877782313,0.6528461700369755,0.6528461700369753,1.1534698575922522,2.1016607141355053,1.7668325411588506,0.2838060287760004,-1.3225287962728662,213104.07391078415,212391.56970503918,661.46362957944,51.040576165563905,0.00023951009114416087,3132.2780539809955
1784,test,0,0,0.9461791555132367,0.661228772004388,0.6612287720043878,1.5031061132703325,2.449022995249834,2.273201313841737,0.3613595024478899,-1.185261735835367,218611.7603269399,217690.71853063448,874.1609386736955,46.880857631555166,0.00021444801305036635,2595.6839906311775
1785,test,0,0,0.9215101648427081,0.6459214246292743,0.6459214246292747,1.6403549264811446,2.5605270725209266,2.5395580080388616,0.4109301164663666,-0.9937751504066439,208607.27256403628,207524.01314777616,1038.8234872774383,44.43592898271015,0.00021301236738556002,2548.85016377592
1786,test,0,0,0.8959562670525048,0.5991083959477227,0.5991083959477228,1.0280276644889381,1.9232882479554974,1.7159293233784727,0.23231686497565593,-1.3467273406898452,179465.43557049913,178907.27320670153,509.91646765404363,48.24589614365078,0.0002688311316899706,3250.394419316275
1787,test,0,0,0.8875398987174267,0.6020845997564455,0.6020845997564453,1.17587920490501,2.0622235274640843,1.9530132565766927,0.2824988558772166,-1.292509817913313,181252.9347487644,180473.4738735755,733.2198569085818,46.241018280407395,0.00025511872866777193,2836.678927776276
1788,test,0,0,0.8737180050613679,0.580624422695319,0.5806244226953191,1.0030384246108732,1.8766183530533453,1.727516765406912,0.23053060551343893,-1.3246683913589445,168562.36332673335,168051.0790023033,463.81213730572597,47.472187124102206,0.00028162981455168824,3313.148554894408
1789,test,0,0,0.8685727334786861,0.5779374471694937,0.5779374471694937,0.9877854370306522,1.856288009606942,1.7091563141797266,0.21427483857531626,-1.3771666073530873,167005.85243444095,166356.82001208919,603.0952460159263,45.93717633588822,0.0002750632727312422,3155.5650021306305
1790,test,0,0,0.8502810224621499,0.5604571103306492,0.5604571103306494,0.9518629089267051,1.8017606687790249,1.69836886959136,0.22083586002017558,-1.3288315140408882,157056.13326191736,156615.57559852075,393.1705548703562,47.387108526355405,0.0003017208404547276,3355.194345494037
1791,test,0,0,0.8475111751777876,0.5610728051504321,0.5610728051504321,0.9777096481101762,1.825021306722192,1.7425718001927353,0.23866381093702624,-1.336113510322312,157401.34634074138,156754.48403339283,599.3469650755303,47.51534227300998,0.0003018737982720242,3019.4749613805134
1792,test,0,0,0.8359577159178443,0.540393311978607,0.540393311978607,0.9512208004700952,1.7865503150969744,1.7602379218707873,0.19589620130020796,-1.3411405944493997,146012.50627938393,145572.2713859004,389.35811696839204,50.876776515064826,0.00034844122473807787,3578.020084749478
1793,test,0,0,0.8234964588649818,0.5385997473765027,0.5385997473765028,0.9374556561939171,1.7609126405077404,1.7405423243516636,0.19286518994962104,-1.3242871511606846,145044.84426400514,144572.28047384636,415.82043262458535,56.74335753420213,0.000391212509635434,3580.7418048726486
1794,test,0,0,0.8252098124263284,0.5313408003754709,0.5313408003754706,0.9194028813602927,1.744214087171713,1.7303449701408193,0.17460123305001973,-1.333252279158222,141161.63479497033,140739.86817075164,378.78504062141536,42.98158359711047,0.0003044848811756743,3447.1844922399005
1795,test,5,1,0.3253314500202096,0.29441165801849795,0.2944116580184979,0.9815118307720267,1.3068349861869137,3.333807626294331,0.47525326269846924,-1.1991477000632635,43341.26044680091,41188.00421115707,1020.0246903837132,1133.2315452600326,0.02614671409132215,9365.32062293808
1796,test,5,1,0.1685888319893711,0.2569028937934535,0.25690289379345355,2.27184323969642,2.4402370073803468,8.84319832349943,3.853843195063278,23.637522184727704,33001.48728535132,13167.232977628239,6030.4408028079115,13803.81350491516,0.4182785274360161,12211.386736677729
1797,test,5,1,0.17772115417246823,0.24561452367483574,0.24561452367483572,2.6883052473473072,2.865875128452899,10.945221020017131,2.745628300636326,16.385824392437947,30182.376722927384,19873.5836387165,4586.926620474468,5721.866463736441,0.18957640467690373,10694.953048350593
1798,test,5,1,0.09497564433317165,0.19754190695051546,0.1975419069505154,2.4573221862484935,2.551659918797668,12.439498150962251,7.537188546332839,68.62357865379283,19523.711868013444,1892.2589524946472,6576.051789729925,11055.401125788852,0.5662550851255597,12485.415687426692
1799,test,5,1,0.09514009130650447,0.20710468604620724,0.20710468604620724,2.32437194215602,2.4194746081011544,11.223174069742816,6.425341562541571,51.69300560697903,21469.194756510125,2613.501075016419,7630.549304565416,11225.144376928287,0.5228488773909172,12393.710708102502
1800,test,5,1,0.23331291896488984,0.32018322437978314,0.3201832243797831,1.8055628992876736,2.0384334418922663,5.639155214284487,1.8170437411254925,3.8130000278102747,51276.384657666305,35043.11337339751,5603.875058429308,10629.396225839531,0.207296132455593,11488.85240211954
1801,test,5,1,0.09121178202459122,0.21784333321801144,0.21784333321801144,2.7148220676915953,2.8057803865522146,12.462268308090374,7.933691223646246,74.15983819274798,23768.57753110636,2456.173243389947,7764.918667159718,13547.485620556701,0.5699746062980364,12550.281314339152
1802,test,5,1,0.21791255135470328,0.3048045986967598,0.3048045986967597,1.5820084844118982,1.7999069410370794,5.190238241732658,1.4584601463074658,1.5558941323639432,46482.08815262538,36269.28776516499,3762.8866991783098,6449.913688282096,0.13876127223681525,10778.940328241833
1803,test,5,1,0.1549205915365019,0.24886552753834804,0.2488655275383481,1.9322335584726533,2.0863490360789,7.764167169255342,2.9255742017506505,11.894288538778136,30993.03099616988,15691.597627944468,5758.560592750234,9542.872775475184,0.30790382446474795,11624.763229293985
1804,test,5,1,0.24204483711719332,0.3901384692953345,0.39013846929533447,2.8221748760938663,3.0642013486522046,7.233777487237441,2.9551475599258965,13.198543790027934,76104.42219044553,39254.56505134144,13826.167262754432,23023.689876349723,0.3025276220971061,12145.935730305166
1805,test,5,1,0.1070982656160968,0.20878893994717723,0.20878893994717726,2.6286125936826092,2.7356968703488747,12.589807651438038,5.958825137596808,49.98913337388171,21801.90259069227,6018.232585914593,6097.5010543825165,9686.168950395138,0.44428090209569077,11990.490438645023
1806,test,5,1,0.07706915089103131,0.23733962145496446,0.23733962145496448,2.544563186679159,2.621601225240738,10.721190044376948,6.934229141373213,54.265763180566466,28182.770710181427,2423.6421565618016,9830.595006698311,15928.53354692132,0.5651869261089688,12627.253043085639
1807,test,5,1,0.16187205265553167,0.23573711249684895,0.23573711249684898,1.6335685019633037,1.7954226250822103,6.92961954382613,2.252185700320283,6.321324758331238,27821.405142619118,17678.02391617407,4134.0723077780185,6009.308918667027,0.21599588115200813,11174.668522211321
1808,test,5,1,0.12004498558925115,0.2871721088288086,0.2871721088288086,2.9725560752780584,3.0925069146906026,10.351130851116475,5.966015097895318,44.30866757196866,41235.41106236797,6115.760211025929,12847.889813665488,22271.76103767659,0.5401125019462245,12379.218372393458
1809,test,5,1,0.09985159142614429,0.18494195800520938,0.18494195800520938,2.267171638172855,2.366968454232847,12.258827918913857,6.127849273879141,49.145600090830634,17156.093779666473,3719.332292524389,5362.3151665134965,8074.446320628591,0.47064596547021,12166.99388793947
1810,test,5,1,0.0762117570812261,0.16841573341603905,0.16841573341603905,1.7366064125125849,1.8127894654608099,10.311426238441921,7.0558663578034455,58.465214915613714,14193.684866387279,1807.4048388730473,5217.567816055278,7168.71221145896,0.5050635038710433,12311.502709182345
1811,test,5,1,0.24083034769414008,0.44013532682317563,0.44013532682317563,2.963217332206983,3.2039914150773257,6.732514187386407,2.284230856280809,5.1448605145042645,96860.14920478464,79934.78307251667,6822.665417026582,10102.700715241319,0.10430193220002051,10282.030764812369
1812,test,5,1,0.2406173072251986,0.3927594012131065,0.39275940121310643,4.157094923457175,4.397524087471538,10.584329517300556,3.6635264288119993,22.00348935870091,77141.31031959206,35369.89200242946,12074.146985328876,29697.271331833745,0.384972347615041,12364.978988840798
1813,test,5,1,0.12013502581378999,0.288735931521739,0.288735931521739,2.8034432365153115,2.923492517285922,9.709367385417494,6.318551834057342,43.944955959527114,41709.63297338329,8158.114155814008,12147.122126847335,21404.396690721893,0.5131763375712503,13018.818766028686
1814,test,5,1,0.11037594929954503,0.14126184878246503,0.14126184878246503,1.5933647666809847,1.7034077590506058,11.279512341188973,4.224288160935967,30.252045036815773,9979.586635475735,4941.9114310462455,2005.924863087348,3031.75034134215,0.30379518231394403,11275.259465969095
1815,test,5,1,0.18733222042530542,0.28975736974433974,0.28975736974433963,2.278191022525134,2.465011355932802,7.862409244449037,2.028857862641099,4.925825306303501,41982.442809535576,32724.152661457585,3791.2133575927846,5467.0767904851555,0.13022293188817027,10423.38565596539
1816,test,5,1,0.08945605434547178,0.1912959328139708,0.1912959328139708,2.732138183935778,2.821047733479645,14.282259657829188,9.34714264586704,106.31885450618314,18366.904601944654,2243.6277296079693,5977.09988553571,10146.17698680099,0.552416273002623,12506.67739383957
1817,test,5,1,0.4602755668805039,0.6019148669105572,0.6019148669105572,2.0963078376605115,2.556395205028821,3.4827314507452045,1.3194496441035055,0.5496890035180098,181163.05443609908,167207.88548679987,3405.5915271302397,10549.57742216894,0.05823249919806387,10262.453330086488
1818,test,5,1,0.08761260904333903,0.15477140137432108,0.1547714013743211,2.042286177501461,2.129650916904211,13.195500973478339,7.723505302538254,76.518872921929,11993.856544066099,1958.7582409251888,4136.074988261318,5899.023314879593,0.49183707452279857,12304.848133746525
1819,test,5,1,0.19230073663953226,0.32575833197352255,0.32575833197352255,2.621561825540033,2.8135483742516953,8.047566457189227,2.6836063650391915,8.613240023585014,53082.370347902935,38861.92284240452,3374.3784123838136,10846.069093114567,0.20432525944167923,11437.50485200709
1820,test,5,1,0.13865860833373153,0.2808378756856065,0.2808378756856065,3.431274329288339,3.5696477445599157,12.217989902222433,5.680145529162262,45.50274721657271,39437.53506063537,9374.989761809024,10826.765969399507,19235.77932942684,0.48775308344833807,12493.062967851865
1821,test,5,1,0.08503851267363643,0.22238433394318613,0.22238433394318613,2.7880603375766078,2.8729406579077477,12.537125651525841,6.852733868175432,58.297644006396524,24733.671698595164,3516.096965060266,8125.129580906432,13092.445152628437,0.5293369020246221,12617.4660275585
1822,test,5,1,0.3406926824001639,0.5327437351021902,0.5327437351021902,3.4945696161838207,3.8351637565210694,6.559569612796098,2.2368168313668706,6.658698040436056,141922.4139919742,88507.61334893153,8106.290389769158,45308.51025327339,0.3192484469425359,12253.559943528926
1823,test,5,1,0.4651205913417507,0.49160075498812583,0.4916007549881259,1.742867432416184,2.207641367742326,3.5452903900814414,0.750120282133286,-0.87752567114847,120841.00685507638,112425.65272538122,3532.9727873991455,4882.381342296055,0.04040334874196683,9574.973433137286
1824,test,5,1,0.07606343189561085,0.11312964950230912,0.11312964950230914,1.5060168131223945,1.582025299914676,13.312308663094148,5.887197396188051,51.18402046563794,6409.472806927905,1817.0657000489869,2267.216875542677,2325.1902313362475,0.36277402235375483,11223.27493417819
1825,test,5,1,0.10848268676894077,0.22899537742069212,0.22899537742069212,3.1059085447679244,3.2141595024295384,13.563193195214573,6.957705418023593,67.9911625995797,26220.045556284775,6264.1041787008235,7391.158389070892,12564.782988513058,0.4792052310336799,12242.239550843151
1826,test,5,1,0.23063855500845237,0.3922982123775785,0.39229821237757845,2.8611514058527536,3.091721713601146,7.293307273852571,2.5534192349818654,8.446691011441818,77006.72948832164,42981.23714011504,11515.17810619217,22510.314242014396,0.29231619615046983,11850.514444536662
1827,test,5,1,0.19674001278744982,0.3174517451919425,0.31745174519194236,3.2991901820672864,3.4958256553145475,10.392729704706715,2.6702669239873216,12.826510191596768,50387.80951539775,38899.77048123547,4070.9700450059245,7417.06898915638,0.14719967112064747,10830.59730353731
1828,test,0,0,2.3480035347065424,1.9153037628710174,1.9153037628710174,3.291648240653565,5.638539756066166,1.7186037559490948,0.3139881953608658,-1.4901878070135888,1834194.2570195133,1832336.19371972,1800.5472153186827,57.51608447650492,3.1357684310911584e-05,1535.7547593037964
1829,test,0,0,1.910169949733303,1.5474680177082152,1.5474680177082154,2.976156840122654,4.884571849717759,1.923242875500789,0.3966439584762775,-1.3772185220581632,1197328.644384171,1195037.9217857106,2223.7199110459683,67.00268741377278,5.5960147389804286e-05,1687.9834826252654
1830,test,0,0,1.66653856200492,1.3344696215569773,1.334469621556977,2.7392527206488886,4.3996444758959115,2.052690204706869,0.4312582275601095,-1.2843900388630436,890404.7341374505,888337.2162616439,2011.0293683972793,56.48850741005972,6.34413826031384e-05,1785.1398563617618
1831,test,0,0,1.4745791649250313,1.1468611965720217,1.1468611965720217,1.9883341098399834,3.4614790426567197,1.7337181829702948,0.36588620820188,-1.4590317202987833,657645.3023550839,655705.3327428041,1889.7604916458927,50.20912063284783,7.634680952337786e-05,1977.0384152311435
1832,test,0,0,1.344977749263402,1.0250874947501523,1.0250874947501516,1.8170550933727063,3.1590980319306254,1.7725853672769503,0.35074752980128177,-1.4279572183262694,525402.3218310929,524138.5458482031,1217.156693425456,46.61928946447543,8.873064987988893e-05,2067.379153415562
1833,test,0,0,1.2643845429632348,0.9531568113863389,0.9531568113863395,1.8000692972925025,3.0613757164683193,1.888534264025615,0.37907527891536424,-1.3621211748671158,454253.9557644257,452941.014439428,1259.8231289627163,53.11819603519798,0.00011693502139306602,2158.4302021631092
1834,test,0,0,1.1670916312704793,0.8565819089054744,0.8565819089054745,1.5100762611855754,2.6738186422735453,1.7629093557615811,0.3366125881854466,-1.3692741866769866,366866.3190035348,365954.2233328438,860.7128588770632,51.38281181467234,0.00014005867846968327,2591.001704226725
1835,test,0,0,1.1169734825568158,0.8023631881084309,0.8023631881084311,1.4335338244957965,2.5497596683562733,1.7866395738759506,0.3150570675882838,-1.3601980341724758,321893.3849030405,321039.67232387676,801.6239689869616,52.08861017696435,0.0001618194489851175,2735.4257519975295
1836,test,0,0,1.0683484889308457,0.7775050776374884,0.7775050776374886,1.7563981198032852,2.821510743582621,2.2590181984923388,0.40687237127508635,-1.1636366723294103,302257.07297559123,301154.1642428076,1056.7184313592165,46.1903014249915,0.00015281793398668158,2371.4094152912185
1837,test,0,0,1.0385374279867974,0.7497145255185406,0.7497145255185409,1.6883841303933296,2.726098859566264,2.2520360389517022,0.4105422788998236,-1.1579359241685347,281035.9350315856,279907.9461543526,1085.9058781580864,42.082999074898865,0.00014974241308382557,2317.4701214950333
1838,test,0,0,0.9907231661934638,0.6949072400616649,0.6949072400616648,1.2636418011527275,2.252698053023778,1.8184323436327907,0.3107813758041894,-1.3353224346745223,241448.11042203693,240456.28763190677,946.2893028902139,45.53348723981415,0.0001885849806826996,2594.517692685801
1839,test,0,0,0.9545137184483464,0.6558481484523823,0.6558481484523824,1.2034455043452326,2.1570819303160533,1.8349453409070777,0.2665289064095811,-1.3547049023406639,215068.45280213622,214396.74014037178,622.9138712912355,48.79879047325048,0.00022689887725256267,3116.156611970344
1840,test,0,0,0.947674710522173,0.6655470784689315,0.6655470784689315,1.4559183528323192,2.4023112470749766,2.1875512641143433,0.3613276135772414,-1.1782198261128662,221476.4583173054,220542.20780958328,886.4298500966615,47.820657625374004,0.00021591756518366477,2625.8173219437417
1841,test,0,0,0.9293578230764833,0.6376868925552558,0.6376868925552559,1.2907297051522764,2.219589170999825,2.024080658111432,0.29764981172102506,-1.2778182805598013,203322.307497064,202392.18744654267,883.469546976297,46.65050354539964,0.0002294411475045515,2722.9882975018463
1842,test,0,0,0.9015441298196675,0.6060481361274455,0.6060481361274453,1.0940802932073712,1.9954823031439446,1.8052696279182978,0.2531204582824931,-1.322640306496528,183647.1951079476,183115.31566417296,488.82979035479894,43.04965342009711,0.0002344149791930804,3124.6307456574673
1843,test,0,0,0.8784414005576983,0.5867202615248939,0.5867202615248935,1.0233712720573531,1.9012079919339158,1.7442235067825984,0.23444286021351204,-1.3352538641817921,172120.38344346842,171634.459928959,434.8171982295163,51.10631628005216,0.0002969219290453047,3330.4910658415756
1844,test,0,0,0.8753976094145328,0.5887790872056051,0.5887790872056052,1.2185340655427426,2.0910082878544927,2.0695946782451244,0.2750574074569912,-1.2697336264822499,173330.4249353419,172526.8536452121,757.1607257529008,46.4105643770741,0.00026775774878753575,2898.767817183513
1845,test,0,0,0.8679690979067527,0.5855681775209179,0.5855681775209178,1.4040235855038918,2.2715373746759724,2.397711555037051,0.33322551585215376,-1.0961255938681078,171445.06796806172,170528.60948970297,864.5290450227341,51.929433335945866,0.0003028925471663013,2777.599734363511
1846,test,0,0,0.849099873430212,0.5573155064982197,0.5573155064982198,0.9751756201916142,1.8230417332379147,1.7497729900230743,0.21311327844701775,-1.3328682095408881,155300.32436753344,154829.99596950982,423.15065726426207,47.17774075917611,0.00030378391642972596,3364.769856585346
1847,test,0,0,0.8470916938015726,0.5563823117885757,0.5563823117885757,0.9620189476779196,1.8074958396609873,1.729060984317354,0.20120688294743402,-1.3392166589541257,154780.68615918478,154370.87289537062,365.03495670266557,44.7783071116415,0.00028930164494547517,3353.5430935353725
1848,test,0,0,0.8357285436944439,0.5428427245625478,0.5428427245625478,0.9392214837713764,1.7749397821971797,1.730190792421971,0.19261164851831236,-1.3201372447099742,147339.13606573513,146891.7115909723,401.53562252625636,45.888852236327736,0.00031145053148577234,3429.328740910659
1849,test,0,0,0.8292749011106789,0.5364323651420655,0.5364323651420655,0.931568137448281,1.754879543557763,1.736599426102059,0.19244967984366115,-1.3559454258854196,143879.84132213704,143432.14993811332,400.255751757537,47.43563226606088,0.0003296892172674542,3420.8228723132975
1850,test,0,0,0.8178913852504774,0.5294352491761661,0.5294352491761664,0.9358877876468614,1.7536809161974816,1.7677096285205038,0.18291923689302467,-1.327651876190249,140150.84919993998,139703.97503180342,396.93535542157855,49.93881271501892,0.000356321870328277,3576.9048513537223
1851,test,0,0,0.8166089509003795,0.5274345205961418,0.5274345205961418,0.9270399357802235,1.7412242826540023,1.7576398578015349,0.18518749762237996,-1.3260893315449318,139093.71085185706,138686.95360926102,362.7215761747792,44.03566642124131,0.00031658991734099227,3464.9108576564645
1852,test,0,0,0.8034027054611652,0.5178581101820988,0.5178581101820986,0.9041298196013958,1.70723814619123,1.7459025973030902,0.17591997173126614,-1.3234694113029286,134088.5190855054,133658.15620323998,388.6740315695421,41.68885069566535,0.000310905444999965,3402.773221037289
1853,test,0,0,0.8014585772120918,0.5137531724124431,0.5137531724124431,0.8819192847645317,1.683209693263052,1.716620611067533,0.16361118792376447,-1.3357555808584738,131971.16815064373,131557.53434230026,369.8056756631231,43.82813268061102,0.00033210384733869795,3507.856762813284
1854,test,0,0,1.0749731972140404,2.395717210680917,2.395717210680917,9.46250238872346,10.53747408066431,3.949757653589675,2.362937921666345,4.5579692484152545,2869738.385876797,2516179.6262379764,346883.358292703,6675.401346116938,0.0023261358523025744,3512.746069418254
1855,test,0,0,1.7910123759922976,2.794388303237581,2.7943883032375805,7.717382819015027,9.508388340505462,2.761743172941878,1.2974965579159476,0.20407144970889002,3904302.998953,3733257.358326677,169311.77745747624,1733.8631688455648,0.00044409032016995794,2414.5596729212843
1856,test,0,0,1.7873444342033085,2.351970886785991,2.3519708867859905,5.174067995606261,6.961406230346711,2.1998860720069184,0.8902618185387327,-0.8090768624222804,2765883.624197653,2668375.522161365,96356.69162204991,1151.4104142379704,0.0004162902604305991,2428.75657796611
1857,test,0,0,1.8490214569214145,1.9936643236243667,1.9936643236243676,3.3237504737731656,5.1727670214445425,1.6671565189724504,0.4501476884601494,-1.4979113304640728,1987348.7542351517,1932279.7590194861,54375.70850515245,693.2867105100688,0.00034885004910820806,2453.56434794323
1858,test,0,0,1.9030015007704932,1.657653807416802,1.6576538074168017,2.130650327995376,4.033417338505387,1.2853409550668884,0.012286484362994714,-1.7420055977743096,1373908.0998026012,1344769.442102032,28851.65718289889,287.0005176698486,0.0002088935334984079,2289.009477928847
1859,test,0,0,1.9794266947650836,1.3032849577166732,1.3032849577166723,1.9794254096050732,3.450181391155297,1.5187970964331428,-0.4735746591355442,-1.3992756964523572,849275.8529448645,840315.507430097,8932.34179231319,28.003722456186598,3.2973647324463154e-05,1691.5016270670194
1860,test,0,0,1.9686480072432606,1.0000610829294048,1.000061082929405,1.9682887876570168,3.1171601590758655,1.9681685661554331,-0.5782278264061808,-0.9643233940069615,500061.12500062585,499364.0130984751,675.7254521824589,21.386449969039344,4.2767671590173257e-05,1529.2220135309033
1861,test,0,0,1.8672407833638136,0.9500351119986525,0.9500351119986524,1.8664846560696606,2.9562570028938353,1.9646480772094959,-0.5760712206943513,-0.9725322951513653,451283.35738666984,450666.62699931156,593.4217144237117,23.308672934462706,5.164975076732401e-05,1629.177726918215
1862,test,0,0,1.8140535236625002,0.9233375556334509,0.9233375556334503,1.813716631632764,2.86423777876189,1.9643050589320763,-0.5749764996257123,-0.9748112683672345,426276.15161923465,425624.8405254851,625.3277156250992,25.983378124359998,6.095433212874009e-05,1678.9384469151682
1863,test,0,0,1.7870966762517637,0.9098374286531282,0.9098374286531282,1.786841788950056,2.8316147149016615,1.9639132582127286,-0.5764398775851275,-0.9722442251972394,413902.0753989234,413318.15051783086,559.997180923452,23.927700168189425,5.7810051194180755e-05,1673.246580986959
1864,test,0,0,1.7718631927837851,0.9026430800917692,0.902643080091769,1.7705543662869605,2.809007259318605,1.9615221180302558,-0.575149630544308,-0.9793007593263923,407382.2695031033,406814.92220794165,544.7083181808687,22.638976980799892,5.557182694380232e-05,1708.3330655817804
1865,test,0,0,1.7566653491293838,0.894999742923108,0.8949997429231082,1.7563221737281711,2.777751354704378,1.9623717074956315,-0.5759282486377059,-0.9770977263184148,400512.26992707106,399920.5461426335,568.1737591272508,23.55002531019272,5.8799759903687654e-05,1699.397627372346
1866,test,0,0,1.7534513887083594,0.8929776700153342,0.8929776700153342,1.753382755080398,2.7700181316613453,1.96352362881626,-0.5780057433595869,-0.9793039164769306,398704.5664237811,398122.33363269415,559.7812542563406,22.451536830590634,5.631121065898956e-05,1675.2635584482632
1867,test,0,0,1.749087829231954,0.8908176485087627,0.8908176485087628,1.7489593120135543,2.7715213202754967,1.9633191090694362,-0.5782821776400514,-0.9744852591238997,396778.0425918996,396200.66500264226,552.891221643193,24.48636761400673,6.171301076554743e-05,1724.5415495087027
1868,test,0,0,1.7444585349393165,0.8891832595888447,0.8891832595888456,1.7443532730929874,2.756407380060409,1.9617477660337068,-0.5743940907008347,-0.9801060287256367,395323.5613274411,394714.43849082966,586.797841851571,22.324994760288398,5.647271487012865e-05,1697.6410131373652
1869,test,0,0,1.7437636041714577,0.8882223476930332,0.8882223476930333,1.7426467210453702,2.764952767523937,1.9619487457971763,-0.5750498399911531,-0.9791766074498871,394469.4836207943,393904.24787286296,543.5605896535816,21.67515827770052,5.494761743987519e-05,1690.541790012966
1870,test,0,0,1.741872356372125,0.8874566253540904,0.8874566253540902,1.7418368509758984,2.7614958476005995,1.9627289956632137,-0.5712689057822772,-0.9842651641314699,393789.64181090804,393240.8129375661,528.7379783803112,20.090894961659586,5.101935863337649e-05,1633.323475859031
1871,test,0,0,1.741278468348435,0.8878192406912311,0.887819240691231,1.7400501468883594,2.75908781203907,1.9599148871042775,-0.5750511499567166,-0.9809030329137793,394111.50309465703,393534.88747957005,555.4365271682534,21.179087918347722,5.373882201368013e-05,1659.1442269693448
1872,test,0,0,1.741670814603567,0.8876257868953518,0.8876257868953518,1.7406884084036574,2.7505763744702563,1.9610611071722717,-0.5731333389982238,-0.9784198248608718,393939.7719858671,393378.70156552695,541.3759658385462,19.694454501495255,4.9993567296378006e-05,1662.136500539566
1873,test,0,0,1.7403387658362626,0.8872859573301396,0.8872859573301398,1.7400906479982077,2.746620015706867,1.9611384961328289,-0.5765456621385029,-0.9805684414234821,393638.2286349619,393064.0612542599,552.2389411436601,21.928439558232984,5.5707088293419275e-05,1673.5009411149845
1874,test,0,0,1.7357146383273065,0.8861517437061337,0.8861517437061336,1.735032131209562,2.7578130621113814,1.957940210051581,-0.5763568544532031,-0.9741866899599536,392632.56692531606,392049.2243293641,560.8698294639984,22.4727664883113,5.723612451278378e-05,1726.6884131662016
1875,test,0,0,1.7362765169086634,0.8854775975475081,0.8854775975475084,1.7348854216829641,2.731756287510507,1.9592651767679334,-0.5736393246381254,-0.9823393988106184,392035.29187018855,391479.09998646576,534.9103016559646,21.28158206652187,5.4284862888233716e-05,1666.6680658382463
1876,test,0,0,1.7359595834077335,0.8846141818919493,0.8846141818919493,1.7334708485086447,2.7306848738808185,1.9595784060359758,-0.5760772759808385,-0.976224911908175,391271.1260668495,390701.0332511197,547.2633788669918,22.82943686283051,5.834684785539235e-05,1707.0542808586854
1877,test,0,0,1.7365214346898719,0.8841865573111245,0.8841865573111244,1.7363964697103946,2.758234705659561,1.9638349569472109,-0.5720781314460077,-0.979472509465158,390892.9601023318,390322.11283220013,550.7587537752637,20.088516356653273,5.139134854563332e-05,1627.5051013259185
1878,test,0,0,1.7356850781299145,0.8844925173183646,0.8844925173183645,1.7355417374138924,2.7578072036412777,1.96218928191249,-0.5688016945425908,-0.9869279892165461,391163.5074862014,390603.10188675503,539.3889793865427,21.016620059421033,5.3728478391257934e-05,1643.3403722402195
1879,test,0,0,1.7375041520329542,0.8862041746930602,0.8862041746930603,1.7371055714077666,2.75126057426678,1.9601640581409117,-0.5726116329991378,-0.9843112522815356,392678.9239159107,392097.318110054,562.0344661922614,19.571339664632138,4.984056559354124e-05,1637.1274109168633
1880,test,0,0,1.7324435280347534,0.8830237424307313,0.8830237424307311,1.732307746936829,2.7385576946253423,1.9617906786608517,-0.5737817102832272,-0.9770669053199437,389865.48704817006,389269.1500676738,574.3754504834062,21.961530011822855,5.6331044274020044e-05,1694.5901320314726
1881,test,0,0,1.7352139624219454,0.8845012595002015,0.8845012595002012,1.7351616784637336,2.7486576331102697,1.9617402008496958,-0.5703756205579718,-0.9852521072879141,391171.23938423255,390609.2857997069,539.2241133307465,22.72947119450042,5.810619213795043e-05,1688.7609627769557
1882,test,0,0,1.7340565494110343,0.8832718550346581,0.8832718550346581,1.731524257020792,2.7376191129442304,1.9603525767871885,-0.5738624515166637,-0.9784987098940703,390084.58549847966,389506.71172575676,556.9554655947956,20.918307128136508,5.362505442609456e-05,1678.8387184291191
1883,test,0,0,1.735506062071421,0.8848321358552056,0.8848321358552059,1.734090895416797,2.7332197095965967,1.9597964688983267,-0.571513340027973,-0.981676814739854,391463.9827840783,390914.8487960629,527.2258759321799,21.908112083034307,5.5964566464645286e-05,1650.3833888530605
1884,test,0,0,1.7318286923278357,0.8825433785628058,0.8825433785628058,1.7316238447843353,2.729412271291949,1.9620835494842535,-0.5720924340169086,-0.9819624359444696,389441.4570398411,388917.26647202135,505.10419435253306,19.086373467243106,4.900960881853549e-05,1641.2889380604756
1885,test,6,1,1.2192100345200743,0.9475267833612219,0.9475267833612219,1.237502449839667,2.456462465634104,1.306034268973164,-0.17170663980914583,-1.6326365542938528,448903.55602282344,448109.012115891,753.2130285665504,41.33087836617099,9.207073058710549e-05,1784.6012098229737
1886,test,6,1,1.2361870866954996,1.0182707571522434,1.0182707571522434,1.3436521428882406,2.579719738176209,1.3195430915113169,-0.03558303411557302,-1.7288652482759455,518437.6953896481,517044.68150512764,1314.322514171119,78.69137034914013,0.00015178558783229904,2275.2760861898328
1887,test,6,1,1.2409049919312238,0.9714814523995148,0.971481452399515,1.3058975288207293,2.5467307812941726,1.3442331046004243,-0.14678413190959574,-1.6435837014939574,471888.268520718,470567.75070254016,1243.7605718215716,76.7572463567264,0.0001626597893551075,2379.589706948742
1888,test,6,1,0.983645829426121,0.9072729307190726,0.9072729307190726,1.4281009109150655,2.411714022502565,1.5740587672809803,0.19189775355630528,-1.6391489670610457,411572.12793611694,410171.95230402815,1313.584378455288,86.59125363365165,0.00021039144236485347,2332.7842534825695
1889,test,6,1,1.299741197165622,1.0439260370493546,1.0439260370493542,1.2996940209369314,2.594042570246529,1.2450058479339232,-0.13647170169595563,-1.7031293167057995,544890.8792908358,543073.9168898532,1715.4649648172967,101.49743616492842,0.0001862711233064228,2408.1664209481696
1890,test,6,1,1.3008287066773119,1.0574197892943829,1.057419789294383,1.3215966110869704,2.6223579421566683,1.2498315470044992,-0.10915930341340463,-1.7132690492693474,559068.4690234921,557918.8047269583,1076.9692535108575,72.69504302349226,0.00013002887311900542,2049.5907577458343
1891,test,6,1,1.1199163110482264,1.0134597663498983,1.0134597663498985,1.3383871404898595,2.458297489265078,1.3206120113778441,0.06231104344726031,-1.7812737590489685,513550.4360143037,511316.656609875,2150.03304065886,83.74636376997825,0.00016307329893425638,2032.1845941451415
1892,test,6,1,1.1222476743878425,1.0687496700122225,1.0687496700122225,1.547196171361059,2.669428905640416,1.4476693792507696,0.19485182584747418,-1.7279078065840086,571112.9911103752,568758.6758493654,2244.1729755653196,110.14228544420847,0.0001928555069813182,2063.7970807442075
1893,test,6,1,1.1743240506040566,1.0865887960674152,1.086588796067415,1.5282409041536338,2.702526571305498,1.406457447090056,0.12051623573284796,-1.7666522785195518,590337.6228663425,587504.7629312003,2746.4234183597,86.43651678220408,0.00014641878381817797,2126.4473274639004
1894,test,6,1,0.7546120237213909,0.9032389237408107,0.9032389237408105,1.7957341123717487,2.5501712560944725,1.9881053231570485,0.7401170843022137,-1.1069071676769477,407920.2778320483,404850.51533135946,2939.006914740064,130.75558594885408,0.00032054201042363883,2339.361160637985
1895,test,6,1,1.0104063121398212,1.0688487025767082,1.0688487025767082,1.6814903648773907,2.691815101308748,1.5731790297576893,0.38881121098414045,-1.6433933329621184,571218.7799968392,565990.8562508231,5090.849822323634,137.07392369244226,0.00023996746691906862,2096.5089972483584
1896,test,6,1,1.083304298187766,1.1094365544358995,1.1094365544358993,1.755100834105935,2.8383462060592137,1.5819749467317024,0.37057158891573244,-1.598861223651939,615424.7546347168,612529.220188996,2812.219636455595,83.31480926525904,0.00013537773486981404,1914.142987190542
1897,test,6,1,0.9563163970768801,1.0002555028757996,1.0002555028757998,1.6916433120906005,2.647869708001963,1.6912112027647093,0.4355350898882832,-1.5433988862250627,500255.5865110807,498370.26122210757,1787.3388009117662,97.98648806124652,0.00019587285120518312,2022.830878012815
1898,test,6,1,1.0510170641632868,1.0733217768258194,1.0733217768258194,1.5775182065276312,2.627927288413048,1.4697532842321466,0.31565408482314417,-1.72516681690947,576009.8716494369,572800.3835791149,3105.032138694581,104.455931627891,0.00018134399559642186,2014.0651523078861
1899,test,6,1,1.0521581060090683,1.0926619324360645,1.0926619324360647,1.6498522871336319,2.7014594002976082,1.5099384705892738,0.3686642899654405,-1.6539882343052552,596955.1211096349,593593.6553988869,3251.5010466263006,109.96466412230427,0.0001842092650413975,2168.7969606503175
1900,test,6,1,1.0001007214712645,1.1473742084158678,1.1473742084158682,1.863120685465381,2.8631992014688876,1.6238125903472365,0.5576227116971699,-1.491762842527605,658234.7619478211,653538.9463294831,4451.312675199076,244.50294313977284,0.00037145249274931914,2557.9758551826876
1901,test,6,1,1.1474954229957912,1.1799259568958353,1.1799259568958353,1.6743358033530857,2.821790536025219,1.4190176879894654,0.3079397931816178,-1.7395341975918077,696112.6534495829,692235.8467627428,3711.5830821859645,165.22360465527387,0.00023735181918689324,2324.0491978112864
1902,test,6,1,1.1006160341313624,1.0949699083697506,1.0949699083697495,1.684118691820786,2.784683441670495,1.538050204802608,0.26868477140046365,-1.704563072677093,599479.7897980948,595054.008240799,4312.449109946517,113.33244734816873,0.00018905132295842563,2046.09871004831
1903,test,6,1,1.136711483605788,1.0964173243506334,1.0964173243506332,1.5811947530427715,2.7177499589161016,1.442146815747602,0.23322521765439924,-1.7224998644288063,601065.5929810221,598050.1958115376,2947.265280018973,68.13188946635388,0.00011335183757308342,2011.2172656264268
1904,test,6,1,1.2331653580935964,1.0822758819346048,1.0822758819346046,1.5590347304073802,2.791954434098443,1.440515081626464,0.07474169402657847,-1.697298440697422,585660.5423134106,583691.7819424963,1889.2514303006576,79.50894061340524,0.0001357594286603942,2155.001551263689
1905,test,6,1,1.3119425886774625,1.1490414351891027,1.149041435189103,1.517855156073514,2.8296962334643467,1.3209751272578902,0.024623673643772416,-1.779500946945792,660148.1117573247,657287.8437584046,2792.6833469524263,67.58465196821689,0.00010237801300121192,1943.8266142550663
1906,test,6,1,0.9544731253286937,1.0047550393528712,1.0047550393528715,1.8582795983651539,2.8127307077393198,1.8494852233455914,0.5478581918665707,-1.2632242094595372,504766.35924005107,501315.9002036452,3353.9490802703467,96.50995613563494,0.0001911972824039524,2004.1957026807156
1907,test,6,1,1.053805983248254,1.0662527744765835,1.066252774476584,1.7245570061774051,2.778316425567027,1.617399783108633,0.34059115765225695,-1.5964638269040021,568447.5010253425,565912.9267466458,2470.046500476476,64.52777822012855,0.00011351580947006711,1817.483035427701
1908,test,0,0,2.017356350795966,1.0236074736592113,1.023607473659212,2.0173147753084084,3.2160185861030186,1.9707894160804358,-0.5810128900273557,-0.9598740314282295,523886.2030481969,523129.25958460564,735.4355789090755,21.507884681708283,4.105449724876527e-05,1509.6433355803465
1909,test,0,0,1.8854654911728577,0.9597339048953549,0.9597339048953553,1.8832317735822872,2.9931257031857967,1.9622436635575833,-0.5793811269202178,-0.974134580237477,460544.5918333286,459906.4347121198,618.5460467992841,19.61107440953456,4.2582357403149834e-05,1559.8766730917457
1910,test,0,0,1.8158613052677537,0.9244602551057578,0.9244602551057574,1.8154601427544548,2.8828259473957587,1.963805510001907,-0.5770395713097328,-0.971692794373499,427313.3882875056,426708.47460497246,584.425519210015,20.488163323238958,4.794645776334553e-05,1621.0757075300899
1911,test,0,0,1.78303829923569,0.9087261304072544,0.9087261304072544,1.7826318479452166,2.828940205508843,1.961682170563658,-0.5734119166903,-0.9822703069408121,412891.62270433945,412285.7672509084,585.3135426969848,20.541910734022803,4.975133813439541e-05,1644.983474825697
1912,test,0,0,1.7592182131973386,0.8962015706203964,0.8962015706203961,1.7589048795833078,2.7994100531504955,1.962621956091535,-0.5742871677902274,-0.9793213306991708,401588.6358666883,400994.45045228396,572.7764664519001,21.4089479521991,5.3310641886056836e-05,1653.182869409509
1913,test,0,0,1.75026210305735,0.8916478584111,0.8916478584111002,1.7489320851302472,2.770741105196066,1.9614605347079637,-0.570259829280613,-0.9859921696418659,397517.9528219334,396995.8427535181,499.8851984528841,22.224869962575184,5.590909745032504e-05,1677.1586918680025
1914,test,0,0,1.742368014883832,0.8876418749341775,0.8876418749341776,1.7406816689815605,2.7610518819419667,1.9610179714771112,-0.5732999792976495,-0.9827615562330037,393954.0924884805,393376.4393235145,557.66637100214,19.986793964023814,5.07338147898749e-05,1651.6026784824369
1915,test,0,0,1.7387109979955422,0.8874708344326039,0.8874708344326041,1.7385134786510317,2.7443491324956995,1.958952802953275,-0.5718638042921624,-0.9835648141897546,393802.24180633575,393244.013995059,536.6804618109994,21.547349465940478,5.4716167605102265e-05,1671.8571507518398
1916,test,0,0,1.733709959851374,0.8845785610772219,0.8845785610772214,1.733236873798567,2.749355967825977,1.9593928115190438,-0.5724569422237588,-0.983202231574746,391239.65624976536,390693.1246572382,527.5433047855413,18.98828774120083,4.8533647951778194e-05,1600.023262671241
1917,test,0,0,1.7337570645645901,0.8849907450969804,0.8849907450969805,1.7334688536680478,2.761426724406192,1.9587423521339626,-0.5738929290493554,-0.9770806899477029,391604.31245303893,390999.7178960207,584.359457057455,20.235099960977962,5.1672311354856566e-05,1639.109143434684
1918,test,0,0,1.7313448555782087,0.8830159537731337,0.8830159537731337,1.730778508367075,2.7417692107264884,1.9600761469500587,-0.5715708312160616,-0.9859738091162109,389858.5940227708,389285.04562028986,552.176962289072,21.37144019184124,5.481844063335687e-05,1679.4223171127437
1919,test,0,0,1.7347670120759722,0.8831830896289357,0.8831830896289359,1.7346056332132866,2.7438733882881934,1.964038548272104,-0.5756820260605124,-0.9763599928470716,390006.1977754602,389441.19393150054,543.5129322180951,21.490911741307734,5.510402620237533e-05,1687.1622113533008
1920,test,0,0,1.7359663561785128,0.8859422849773878,0.8859422849773877,1.7347240479995962,2.7503946737851948,1.958055369310962,-0.572953192921192,-0.9847254742275808,392446.86700775236,391866.0506302398,556.4918801314618,24.32449738086624,6.19816322304485e-05,1719.5118738902502
1921,test,0,0,1.7313198632848361,0.8831574528968987,0.883157452896899,1.7311739618682913,2.7408845532190753,1.9602098767210325,-0.5744656045620882,-0.9786723317609685,389983.5434343148,389447.8312304554,512.9878930533462,22.724310805886823,5.8269922381261445e-05,1691.4546376579992
1922,test,6,1,1.1007423485253238,0.9742907826341132,0.9742907826341132,1.6355419074561215,2.736081629380351,1.6786999698737124,0.36618691454211527,-1.3268430400195192,474621.81066031265,470882.40042288235,3557.741545734435,181.66869169532097,0.00038276515662560113,2466.7683412569236
1923,test,6,1,0.8221088104178343,0.8335679165582095,0.8335679165582096,1.2746366806099978,2.0965909068327164,1.52913356583223,0.3448399716176635,-1.6676112440567934,347417.74112883053,345361.993265793,1970.3216504778825,85.42621255990355,0.00024588903342223254,2379.7239087757216
1924,test,6,1,1.1360971253372036,1.088462315143151,1.088462315143151,1.4580805975937046,2.594176737045018,1.3395783917442678,0.16018512973482144,-1.7736716237714887,592375.1782226918,588107.0706495964,4175.50198467578,92.6055884204112,0.00015632928560284468,1954.5478028054806
1925,test,6,1,1.1722756481987309,1.1113972816183835,1.1113972816183826,1.5265473269599605,2.6987985027371906,1.3735388345894182,0.16397813307475584,-1.7651710502056153,617602.0026227722,613006.3873879801,4459.830884810715,135.78434998044577,0.00021985736672454099,2114.0722795517177
1926,test,6,1,1.1047654338969732,1.0841194571557666,1.0841194571557669,1.5896770767078852,2.694054628140293,1.4663301781138307,0.26270328260518927,-1.6887736707246757,587657.5057586718,584453.3946949012,3115.429212514072,88.68185125747385,0.00015090737442889407,2153.8257646481024
1927,test,6,1,0.986706572992378,1.0804454897523197,1.0804454897523192,1.6162199196986622,2.602750567981275,1.4958828881493722,0.4473174287342485,-1.6237297965553539,583681.2287804895,579305.2419367168,4266.125090334961,109.86175343719118,0.000188222180224521,1950.1051793611884
1928,test,6,1,1.110290125999858,1.053763574524543,1.053763574524543,1.6205822666545608,2.730854220895708,1.53789930287329,0.18955297718439276,-1.6817822537527585,555209.0458034589,552962.8174511167,2141.1632734699983,105.0650788721458,0.0001892351712679737,1990.9255936205686
1929,test,6,1,0.9700474275598208,1.0769375808789814,1.0769375808789816,1.8487296567907652,2.8187563834108005,1.7166544186171473,0.5237135529564889,-1.4486965999864025,579897.3197347387,575422.6416400617,4359.183691231931,115.49440344575636,0.0001991635407085288,1909.8229459305699
1930,test,6,1,1.147452461798137,1.112972885431108,1.112972885431108,1.5095449804473464,2.6568239577609347,1.3563178404500185,0.21493578539722605,-1.7657838795268042,619354.3265424327,615186.7368801791,4072.304791474011,95.28487077950713,0.00015384549149989517,1883.616201218931
1931,test,6,1,0.8225024439232657,0.8549449562031168,0.8549449562031171,1.439544370041578,2.2618957775412127,1.6837860257515482,0.437955263740848,-1.5351883303591924,365465.4991750069,363295.19556789834,2059.462886046442,110.84072106217593,0.00030328641503065307,2512.10951441949
1932,test,6,1,0.9096468592424986,0.9479551326306034,0.947955132630603,1.7473520135144596,2.6569923671800098,1.8432855663384689,0.5333345589803983,-1.3120792304493292,449309.60388358496,447445.84361191513,1780.7313516561055,83.02892001404162,0.00018479222188082632,2058.4475330524892
1933,test,6,1,1.0944739771905587,1.0625359277212927,1.0625359277212927,1.7691908883032157,2.8634128169796895,1.665064533015284,0.3039277913923605,-1.5476396325676933,564491.5247069853,562408.154993049,1992.0907534561807,91.27896047835866,0.00016170120627717038,1942.5024142351594
1934,test,6,1,0.9671409671605797,1.0045445919032325,1.0045445919032325,1.752805655687931,2.7195911159506068,1.7448759067698791,0.44520384454751266,-1.4167254011783823,504555.2544583778,502215.8219147104,2265.0384052278487,74.39413843941719,0.00014744497809120364,1890.0279987691479
1935,test,6,1,1.1107454230748044,1.21023690181213,1.21023690181213,1.7786662647761478,2.8892995285496,1.4696843751110948,0.4378291121701376,-1.6443605553443752,732336.8640396772,726108.8623306277,6064.017691320459,163.98401772932135,0.0002239188354178452,2214.582883608008
1936,test,6,1,1.162163632187273,1.102667332424231,1.1026673324242309,1.5236137935787182,2.6857639127183575,1.3817529084035074,0.19756666562148434,-1.7503922750839405,607937.6782966955,605183.662930216,2681.539691216381,72.4756752638903,0.00011921563319936153,1887.545875972571
1937,test,6,1,1.034169395158373,1.010137025499974,1.0101370254999744,1.5356028483413828,2.5695328982401406,1.5201926170178006,0.2558727039009259,-1.7122524220220645,510188.4710011536,508221.62810093304,1883.90071946781,82.9421807524592,0.0001625716484531687,2149.2957433258653
1938,test,6,1,1.1823512754601107,1.14479771223106,1.1447977122310593,1.6093412198859587,2.791653204760223,1.4057865443752202,0.21309289333091264,-1.752047844693835,655280.963838371,652807.3445097209,2398.1235475908775,75.49578105995691,0.00011521131427003944,1861.1603758076565
1939,test,6,1,1.2166049645366583,1.152328332551059,1.152328332551059,1.5295603110370721,2.7460986364312703,1.3273650120629124,0.14457333349386323,-1.7838323491799564,663930.3275340003,661955.0129737536,1908.3784210327235,66.9361392137945,0.00010081801724950825,1900.0759475498364
1940,test,0,0,1.9741748928109009,1.0024335200102898,1.00243352001029,1.9737232947564043,3.135376896971138,1.9689318596769827,-0.5831655646220523,-0.9650154477440758,502436.48740213586,501756.79760874825,656.5765222662999,23.113271121225967,4.6002373833823026e-05,1546.532150649231
1941,test,0,0,7.920372817328199,3.825764402418053,3.8257644024180544,7.902821395209059,12.238086700439453,2.0656842826531925,-0.5174323624206121,-1.084025069928356,7318236.661896188,7316111.269905082,2086.82630658623,38.56568451203263,5.269805595770401e-06,742.1364917784058
1942,test,0,0,7.917673900617286,3.8225938135795263,3.8225938135795263,7.913270478961989,12.272584607824683,2.070131137357725,-0.5172496097823818,-1.0853092965971165,7306111.786901572,7303816.1609631535,2260.1246484539506,35.50128997579444,4.859122199504435e-06,739.3648334467568
1943,test,0,0,7.9189181092474605,3.822864638235259,3.8228646382352585,7.911550468513742,12.281739681959152,2.0695345551565056,-0.5180926079510784,-1.0818873129982571,7307147.307205886,7305026.266837754,2076.871868810761,44.16849931746251,6.044561230332129e-06,782.2986043869777
1944,test,0,0,7.909179289886728,3.8194545629547254,3.819454562954724,7.902946995632723,12.271495786495507,2.0691297318429194,-0.5167061598462616,-1.084639344132575,7294116.656489845,7292056.890175378,2017.5876507483756,42.17866371850468,5.782559520895072e-06,771.1597450587288
1945,test,0,0,7.906608691802249,3.8130327849559422,3.813032784955944,7.904698782032356,12.247333826497197,2.0730739093615442,-0.5175033083814643,-1.0821280179340909,7269609.623675072,7267311.047290995,2254.4707073081145,44.10567676662251,6.067131393545912e-06,777.0081531489636
1946,test,0,0,7.897612301584333,3.8156001012758995,3.8156001012759,7.883542394217104,12.233495362102985,2.0661343392828098,-0.5177244175920794,-1.0828735061073929,7279402.109463723,7277486.540791914,1879.7033228000173,35.86534900422307,4.926963569933257e-06,740.9953176831153
1947,test,0,0,7.898530127395876,3.810691549354551,3.810691549354552,7.890046854418703,12.240471499972045,2.070502624584009,-0.5193853770332704,-1.0797184157702386,7260685.106886789,7258599.380281778,2043.576569795102,42.150035216986794,5.80524214953315e-06,774.5934133689151
1948,test,0,0,7.891128767728805,3.8080987189882087,3.8080987189882087,7.866298817545175,12.201404485851526,2.0656761806939734,-0.5161763983086919,-1.0850980092242901,7250807.934277534,7248660.07133846,2107.1105939481467,40.75234511606963,5.62038678799043e-06,758.5897292690807
1949,test,0,0,7.884542140966281,3.807065236826429,3.807065236826429,7.877997478326782,12.22092573530972,2.069309819574798,-0.5180642421870956,-1.0822401550839664,7246872.860093924,7245035.755967609,1798.9163093707189,38.18781694732163,5.2695580127545785e-06,753.6716950127402
1950,test,0,0,7.881246639981866,3.8069350637414656,3.8069350637414656,7.864631580755114,12.209297988563776,2.065869642921026,-0.5172447291374376,-1.0842659347822496,7246377.292120201,7244243.268351931,2094.4997497362674,39.5240185324667,5.454314195790716e-06,751.4782943671182
1951,test,0,0,7.879251847362146,3.8039949065677394,3.803994906567739,7.864600422179326,12.205374591052532,2.067458189442052,-0.5157806061451465,-1.0859307914309149,7235188.630202772,7232998.108433559,2149.2621902925957,41.259578917866314,5.702626569490004e-06,767.1949167831631
1952,test,0,0,7.873881831522565,3.7986854147179763,3.7986854147179767,7.866642328202259,12.185729818884283,2.07088544308592,-0.518722741841747,-1.0797694009563643,7215005.465559301,7212991.957918261,1972.87243299839,40.635208043216764,5.632041200410478e-06,763.3521251208896
1953,test,0,0,7.865461796339601,3.799496965063252,3.799496965063252,7.851789753701538,12.177158188074827,2.066534024345727,-0.5178611134432747,-1.083672913214758,7218088.638987993,7216068.45393427,1979.0263847235196,41.15866899593191,5.702156215374841e-06,757.6794896540184
1954,test,0,0,7.86486255806929,3.7962226505462167,3.796222650546217,7.863691932508373,12.182205686694942,2.071451718296057,-0.5169680356632801,-1.083722732516279,7205653.219328683,7203454.139466509,2154.3725669688333,44.707295196794306,6.2044749915066655e-06,774.4569629494636
1955,test,0,0,7.8593663621852174,3.793148704202597,3.7931487042025966,7.850750960611738,12.183226677589118,2.0697187410326268,-0.5179601308823238,-1.0801310178858445,7193988.556951563,7191995.872028167,1953.8566460177417,38.828277378423124,5.397322649464503e-06,739.3281474523435
1956,test,0,0,7.856597091878764,3.7958015729886494,3.7958015729886507,7.845936910125427,12.169738759286702,2.067003967214196,-0.5164175163427059,-1.08362111210972,7204054.87601586,7201869.910429511,2143.860168911811,41.10541743672313,5.705872337754335e-06,772.1262171505831
1957,test,0,0,7.851900880316272,3.790248748865782,3.7902487488657814,7.838610264563933,12.151756076142192,2.06809916286091,-0.5155100279830301,-1.0858644362292134,7182992.792538105,7180774.888576961,2179.9498226948467,37.954138450409225,5.283889257112586e-06,746.0420298019674
1958,test,0,0,7.851443541274406,3.7932081500496424,3.7932081500496437,7.845401287117042,12.153948056511581,2.06827597557871,-0.5159702802361052,-1.0837473843561056,7194214.04092365,7192199.166636111,1974.343884455533,40.53040308382389,5.63374996257691e-06,765.089943009763
1959,test,0,0,7.849735201171716,3.7879886493969694,3.787988649396969,7.848528271259856,12.155199472676031,2.0719513698937053,-0.5165614702103304,-1.0835905204194505,7174429.009067627,7172315.000705821,2072.5283127131265,41.48004909508785,5.781651618917964e-06,770.6342831404886
1960,test,0,0,7.839235755128582,3.785133111263766,3.7851331112637663,7.838806762077409,12.139433067495702,2.0709461283543122,-0.5161543334696344,-1.083579683401729,7163616.378892003,7161441.731560108,2138.1574254132265,36.48990648088374,5.093782881562906e-06,743.4890353434546
1961,test,0,0,7.834491144338623,3.7836466130304673,3.7836466130304673,7.81073651596345,12.122743098065257,2.0643409162642525,-0.517563271891038,-1.0815172469728451,7157990.891206192,7155999.087173631,1957.2536423166857,34.55039025352339,4.8268279156333645e-06,742.5794954281888
1962,test,0,0,7.82920493250899,3.7774306612722,3.7774306612722004,7.801786093695089,12.10437418334186,2.065368445722185,-0.5168032867765682,-1.0838121916450196,7134491.241073487,7132416.477248535,2039.3109145260805,35.45291042812603,4.969227549684626e-06,742.2197084913098
1963,test,0,0,7.828116790587548,3.7784911373350756,3.7784911373350756,7.824272564342711,12.114611660595983,2.070739954113291,-0.5171003004959758,-1.0835524368461493,7138497.702658937,7136311.473516053,2146.350885842731,39.878257040860014,5.586365465384435e-06,754.2135059810856
1964,test,0,0,7.822587594540208,3.7775340181606403,3.777534018160641,7.821507162215537,12.116261562914588,2.0705325549984033,-0.5182137760135391,-1.0805164175392077,7134881.629380511,7132960.539101836,1881.363277290706,39.727001383292986,5.56799726287012e-06,762.6225897509084
1965,test,0,0,7.819076295145788,3.773716849082083,3.7737168490820827,7.81114284707699,12.113891770131886,2.0698804810904052,-0.5169474311468607,-1.082435580250389,7120469.483936747,7118390.215483007,2036.5276427657366,42.740810978173776,6.002527091028743e-06,778.8410802239888
1966,test,0,0,7.819641541283578,3.774075684656094,3.7740756846560948,7.784041646461934,12.080161862075329,2.062502794554116,-0.5157596006482739,-1.0847415706044121,7121823.68915195,7119769.129524034,2014.0333044235122,40.52632348967223,5.690441838851252e-06,753.7400409148454
1967,test,0,0,7.810646710641683,3.7737445847223063,3.7737445847223063,7.800476172663272,12.09474889561534,2.067038719112803,-0.5165109970304022,-1.0838361594780628,7120574.108633336,7118619.579488579,1914.8457865952164,39.68335816126746,5.573055986195467e-06,765.7943985322174
1968,test,0,0,7.811730721298606,3.7695742668086085,3.769574266808608,7.7958980754800145,12.079499499872327,2.06811101829814,-0.5169239684119478,-1.0833668155344212,7104845.341395521,7102751.9237929005,2055.368066378498,38.04953623857831,5.355434834997365e-06,762.3387401087102
1969,test,0,0,7.809268555753865,3.7711953281801476,3.771195328180148,7.804632095769979,12.10936004575342,2.0695380155597065,-0.5171913587667187,-1.0824838434892694,7110957.148315218,7108902.444548761,2018.6203316394551,36.08343481512074,5.0743428855663824e-06,757.8424361109836
1970,test,0,0,7.803648935395293,3.766831005985978,3.766831005985977,7.798536472718231,12.090677446685731,2.0703175853457076,-0.5164561445515796,-1.0829280355421163,7094507.914224833,7092607.520007393,1860.444073961971,39.950143482423684,5.6311366433634815e-06,761.3919294700743
1971,test,0,0,7.797563397432677,3.764307767023649,3.764307767023649,7.786360086980276,12.06918761972338,2.068470637600594,-0.5171351253629822,-1.0821271277909426,7085006.5797214955,7082957.908689514,2010.3197512781649,38.35128070948692,5.413019773228563e-06,769.844836802047
1972,test,0,0,7.794782003224827,3.765414799735869,3.765414799735869,7.780760654085316,12.064028310589492,2.066375437476665,-0.5170705865197864,-1.0825517576291526,7089174.456468847,7087130.124128528,2008.5853914015804,35.746948918168314,5.0424699148924664e-06,737.1779651065438
1973,test,0,0,7.789488357717579,3.765058045222541,3.765058045222541,7.788934783828386,12.067816291528288,2.068742285052343,-0.5155908240122534,-1.084563972157968,7087831.091403764,7085891.271541122,1897.744532590525,42.07533004497496,5.9362771914816934e-06,780.9356845770618
1974,test,0,0,7.78811421007663,3.7613264729849796,3.7613264729849796,7.778571718789637,12.054223988205194,2.068039500069395,-0.5160035862511182,-1.0862435673769533,7073788.458228999,7071667.55680463,2083.8911441179152,37.01028024925545,5.232030964426293e-06,764.457589705385
1975,test,0,0,7.787784496866166,3.7607831125459636,3.7607831125459645,7.762964970044791,12.055941428989172,2.064188425051037,-0.5170313472285151,-1.0832010527036482,7071744.809957517,7069693.686380438,2013.4161695056118,37.707407591031796,5.332122213733886e-06,733.2460902822654
1976,test,0,0,7.7834914584318176,3.760412460487859,3.76041246048786,7.771891611316241,12.046060255728662,2.066765731945253,-0.5170568627198113,-1.082462319356648,7070351.263838186,7068403.058511557,1908.343147188116,39.862179438248766,5.637934799947878e-06,748.7331938488517
1977,test,0,0,7.777046377879567,3.7560107087234855,3.7560107087234864,7.77120477577392,12.04700244544074,2.069004957234276,-0.516550185426975,-1.0853134526120025,7053808.337759676,7051710.00173462,2059.2165864785447,39.11943857284573,5.545860718023174e-06,770.0675030269103
1978,test,0,0,7.775417827504687,3.7580057660578894,3.7580057660578894,7.767090076084249,12.045183868147433,2.066811644153449,-0.5153801771863428,-1.0854810153655994,7061303.702219843,7059213.041187268,2049.4886526765904,41.17237991481182,5.830705157444024e-06,761.6299466220801
1979,test,0,0,7.776960256163031,3.758631512738897,3.758631512738895,7.7507636348046365,12.03546891361475,2.0621238364376655,-0.5152931854621212,-1.0856531537291245,7063655.4282681905,7061795.492690763,1821.078636886071,38.85694054115235,5.5009677263771875e-06,759.1924179977678
1980,test,0,0,7.779764942457201,3.755018865739082,3.7550188657390833,7.778298091474222,12.059745688689873,2.071440482614794,-0.5148224639959729,-1.0855217189713988,7050083.391532282,7047973.233409449,2072.0166700457403,38.14145278123474,5.4100711527817805e-06,762.5180788462015
1981,test,0,0,7.77332521839533,3.753612347553063,3.7536123475530627,7.763542295941152,12.033943044953048,2.068285581222077,-0.5164514961518533,-1.0816604449353941,7044802.845829753,7042705.633909811,2059.6519028558373,37.56001707996641,5.331592367017122e-06,747.256364525766
1982,test,0,0,7.77237022347562,3.7546300440802427,3.754630044080242,7.752204010782763,12.02684230171144,2.064705155972775,-0.5159628758407957,-1.0840084253956823,7048623.460198766,7046641.176777399,1943.9624894160565,38.320931950287296,5.436654712324026e-06,761.7568894531871
1983,test,0,0,7.771080506576225,3.753806133692842,3.7538061336928403,7.76155590599589,12.039595348760486,2.0676496413415975,-0.5142399067927015,-1.087095266495042,7045530.341636054,7043413.546979303,2081.2330504112583,35.561606327054754,5.04739950048912e-06,752.3227211770588
1984,test,0,0,7.767996542681009,3.753212951434125,3.7532129514341226,7.754823040742427,12.026060659438372,2.066182532429786,-0.5153487279157594,-1.0844149436380621,7043303.733852632,7041260.26802555,2005.90749811757,37.558328963792846,5.332487477896787e-06,746.2455500339589
1985,test,0,0,7.762263058592565,3.751621476406822,3.7516214764068216,7.748071152624674,12.026277263648808,2.0652593022379,-0.5158580371396638,-1.085919152058825,7037332.13741513,7035321.300997886,1973.2053801118795,37.63103712882344,5.347344191522788e-06,748.4766998459587
1986,test,0,0,7.767043791172094,3.7470542913338596,3.7470542913338596,7.757472044249065,12.033890052698553,2.070285467224334,-0.5154993575952322,-1.0851340049092055,7020207.9317134125,7018084.52985368,2081.755797154584,41.64606258153149,5.932311832730429e-06,776.0537893260549
1987,test,0,0,7.757709332890808,3.7530199599835927,3.753019959983593,7.72764835614711,12.014175206422806,2.0590480302643774,-0.5143443732480455,-1.0862479388587771,7042579.4227480665,7040810.571802793,1731.152171564112,37.69877371840577,5.3529781427293334e-06,748.6689673086487
1988,test,0,0,7.756362267035991,3.746243272275434,3.746243272275434,7.733498968381435,12.000980466604233,2.064334429537508,-0.5140038418606068,-1.0868789001081793,7017169.338050462,7015159.244099441,1969.3055211087865,40.78842991185333,5.8126614802750836e-06,766.4858385637921
1989,test,7,1,5.678536439152347,4.0235671254772605,4.0235671254772605,5.67841474427926,10.314246553112753,1.4112886817082013,-0.35054471702212037,-1.5124185481045203,8094546.207184916,8070479.240914888,23850.90796649582,216.05830353046684,2.6691836453869177e-05,1341.8882711351841
1990,test,7,1,6.060016153133736,3.8306583718576404,3.8306583718576412,6.059662549015163,10.381220072944416,1.5818853995263973,-0.4628470928431608,-1.3031196071576356,7336971.9404238975,7318472.656628878,18368.086791688424,131.19700332864923,1.7881628060454224e-05,1365.71027318735
1991,test,7,1,6.012167269792975,3.8606674435952044,3.8606674435952035,6.011924116326249,10.485328707800363,1.557224030342202,-0.4472695821215953,-1.3237579924658955,7452376.661214636,7435008.047292294,17190.372393457612,178.2415288855568,2.391740742429219e-05,1444.7848635464745
1992,test,7,1,5.7567980105859755,3.8964864538892154,3.8964864538892137,5.75639180135206,10.222934778925264,1.47732883701069,-0.39161558254918966,-1.4400508437371238,7591303.364535519,7580171.345781208,10953.170221166094,178.84853314015442,2.3559660910889895e-05,1376.2932190246145
1993,test,7,1,5.792758393058961,3.909637671766361,3.909637671766361,5.791972163498343,10.45166261534905,1.481460086525499,-0.3764763806962666,-1.445420169797748,7642633.697202703,7633529.493552155,8934.520161722783,169.68348883225764,2.2202227079699484e-05,1221.5963175208337
1994,test,7,1,5.725365834887111,3.956016592203203,3.9560165922032016,5.725056145712937,10.431905047764303,1.4471769802473236,-0.3153734080553819,-1.5048267469064596,7825034.092164726,7813418.319428228,11401.469816132018,214.3029203739131,2.738683536069146e-05,1299.9438409043378
1995,test,7,1,6.033587401320721,3.8894266419133707,3.889426641913371,6.033103826771287,10.650543151219608,1.5511550627429629,-0.41915261193456504,-1.367570783989124,7563819.826412529,7555649.555375519,8068.7633611379715,101.50767586793111,1.3420160474139104e-05,1105.5756861607779
1996,test,7,1,5.9292358642772305,3.866559539024145,3.8665595390241445,5.928046237756731,10.379063211614266,1.5331578831068178,-0.38851585647797465,-1.414868072344989,7475142.495402134,7470059.068336316,4926.411697032308,157.0153687940903,2.100500009072315e-05,1279.744843818245
1997,test,7,1,5.835486618035095,4.102979373231229,4.102979373231229,5.835220072262775,10.9251380028727,1.4221909352830477,-0.3381900285159147,-1.5074032724395807,8417220.109629994,8399591.489775695,17393.493171663467,235.12668263721585,2.7934006664291874e-05,1256.191575875584
1998,test,7,1,5.936421653955709,4.032008586462294,4.032008586462294,5.934535114328843,10.733074016403407,1.4718557728905621,-0.3629512497852305,-1.4697936604513846,8128546.8464510795,8112251.670548361,16157.462271673307,137.71363105232018,1.6941974211841555e-05,1212.0989156135058
1999,test,7,1,5.292396433375426,4.063636848938541,4.063636848938541,5.291202948269085,10.137516536866315,1.3020855812081722,-0.1883418588529366,-1.6827568712494725,8256572.585699572,8218922.194109977,37310.18034101611,340.21124858104406,4.120490010228842e-05,1492.4959436690021
2000,test,7,1,5.588540621156921,4.028292349674756,4.028292349674756,5.587599280228955,10.392615253920667,1.387088819578871,-0.2765826769541691,-1.5887871139582335,8113569.637458818,8090003.2238151515,23374.394983254104,192.01866040149267,2.3666360058706934e-05,1253.2967792850086
2001,test,7,1,5.6254043561843865,4.068605266275543,4.068605266275542,5.625268856927956,10.579848211986246,1.3826037398013316,-0.2800980257734249,-1.5744315573744236,8276774.467596822,8256519.618486403,19947.270830788064,307.5782796267528,3.716161178861489e-05,1580.781563632088
2002,test,7,1,5.0672455530012375,4.026611781874384,4.026611781874384,5.788226058021712,10.854996315028984,1.437492952282402,-0.07261559760123673,-1.597914511781072,8106802.775880159,8084446.186625673,21386.148736978445,970.4405175052634,0.00011970693556189324,2002.9668376571228
2003,test,7,1,4.758521951485076,3.547467349672827,3.5474673496728273,4.757916748623014,8.96270408516284,1.3412150922437167,-0.2465670873073591,-1.6381913459079525,6292262.298990629,6271728.534142562,20394.34616685956,139.41868119808612,2.2157162968309652e-05,1290.027574222732
2004,test,7,1,4.478353503754828,3.7093436729917877,3.7093436729917877,4.826900478789117,9.303899165708572,1.3012815485214824,-0.06524744373627585,-1.7363327087364975,6879615.2423001705,6860547.0262314575,18832.542600817043,235.67346789263755,3.4256780298347195e-05,1487.8493388002128
2005,test,7,1,5.227571530052461,4.136187055030347,4.136187055030347,5.225846247962676,10.45096462755464,1.2634453370785317,-0.10291686376554542,-1.6983952025560953,8554021.893782476,8537609.5678522,15852.756590024603,559.5693402481916,6.541593500653964e-05,1762.3315806733192
2006,test,7,1,4.734568949366571,3.613974246702377,3.6139742467023765,4.734286980892415,9.221240362763638,1.3099946645198937,-0.15612857076824904,-1.6593744034828872,6530404.959861017,6521603.750832521,8623.924459481543,177.2845690255619,2.714756130978667e-05,1329.8170617565622
2007,test,7,1,5.213197062271837,3.911363108230956,3.911363108230956,5.548150708419081,10.761266155037447,1.4184698671273241,-0.11785311082667826,-1.5571553774074216,7649380.759692222,7638375.453370669,10806.449851765183,198.85646978602662,2.599641409326678e-05,1275.807196321003
2008,test,7,1,5.298256497271242,3.9061203950921337,3.9061203950921346,5.298181450716103,10.362586315139197,1.3563794545024856,-0.2486801264876722,-1.58543648001427,7628888.27110521,7616396.227916138,12336.033837101173,156.00935196928776,2.0449814760058927e-05,1262.2964990567727
2009,test,7,1,5.155721452487531,4.051575104925728,4.0515751049257265,5.546520445095477,10.702082517309464,1.3689788048979425,-0.11129980246410051,-1.6357789131264038,8207630.523958035,8194139.082714521,13225.268143495225,266.1731000082466,3.242995639622039e-05,1266.2335192781393
2010,test,7,1,5.634546475812327,4.391108473023905,4.391108473023905,5.633147246880922,10.907158662914298,1.2828531295656413,-0.20031786412380226,-1.6801302308174355,9640916.921332704,9592173.047905501,47844.39053193702,899.4828952688066,9.329848007283392e-05,1972.9046246178636
2011,test,7,1,5.693342789425369,4.085879422212089,4.0858794222120896,5.6929831481828295,10.603892220329726,1.3933311681284652,-0.2861956474436476,-1.5412574340999021,8347205.331434355,8337752.857801893,9186.113834870926,266.3597975896111,3.191005696080568e-05,1407.3738634398142
2012,test,7,1,5.778588649223093,4.279784390465955,4.279784390465954,5.777499369333964,10.784063155413605,1.3499510354317052,-0.24125661196513284,-1.6192827240646384,9158277.260619614,9132900.175679743,25020.700432553567,356.38450731152415,3.8913924220657686e-05,1511.475967334534
2013,test,7,1,5.239899959529808,3.9614520919083747,3.9614520919083747,5.619356784854958,10.858833048900124,1.4185093381119018,-0.11436713423965082,-1.5379391192169694,7846551.861662681,7834671.357680172,11471.948181572398,408.5558009315961,5.2068196085945865e-05,1571.7817563628266
2014,test,7,1,5.050837977051917,3.763311126289694,3.763311126289694,5.050790082566157,9.978021410934161,1.342113344624208,-0.2131354369576775,-1.5944260741515792,7081255.37916316,7070018.976892169,11098.772841729724,137.62942925364223,1.9435738705120226e-05,1228.1297280617428
2015,test,7,1,5.365813617326232,4.349814055091346,4.349814055091346,5.365523947396461,10.729185351432534,1.233506508425631,-0.1304777679385275,-1.6929141210831382,9460441.158941774,9427220.96013781,32935.592573226735,284.60623075663887,3.0083822305436162e-05,1465.3222233387432
2016,test,7,1,5.825031131633179,4.170095793742178,4.170095793742178,5.8246082875228895,10.820841422857484,1.3967564717010923,-0.3292392826038567,-1.5208475327943614,8694849.644382035,8677699.78185859,16928.181889634856,221.68063381992096,2.54956259034513e-05,1340.4237286457349
2017,test,7,1,5.80556048911771,4.287806815896646,4.287806815896644,5.805547398374841,10.838393472062307,1.3539666425388652,-0.27756915454509384,-1.5863798930440303,9192643.916618584,9175590.110031374,16712.6843308809,341.12225632535456,3.710817686614285e-05,1524.1635901159925
2018,test,7,1,5.761049585032044,4.169148071488101,4.1691480714881,5.760737582510803,10.714053002971923,1.3817541338738335,-0.30387224138063273,-1.5458031195824413,8690897.859310564,8678740.356073227,11951.404876393824,206.09836094266802,2.371427719885981e-05,1370.2766434334121
2019,test,7,1,5.7853954484108145,4.114355673602871,4.114355673602871,5.785389295922902,10.792017506264528,1.4061470992994476,-0.33937605444448343,-1.5363954427746476,8463962.20077111,8447694.065271638,15951.17556475419,316.9599347070383,3.7448174647821756e-05,1506.487718701808
2020,test,7,1,5.6384576686698855,4.1183018589662685,4.118301858966269,5.638360474427187,10.541138729524391,1.3690983972317332,-0.30792425023961606,-1.5882704286658706,8480205.734531723,8447961.430259535,31490.922562042815,753.3817101521855,8.884002743994598e-05,2057.162841541588
2021,test,0,0,7.74231977776438,3.7439436341428145,3.7439436341428127,7.719386059947312,11.975992444902658,2.0618328731101982,-0.5144370674331586,-1.0880744813917043,7008556.998204293,7006495.163924023,2022.8851070103935,38.949173260646134,5.5573741171863985e-06,766.6738683052738
2022,test,0,0,7.750212425336242,3.7443776455735343,3.744377645573536,7.72527959753573,11.996206317096949,2.063167855589638,-0.5150540522776178,-1.0838020640115684,7010182.026431138,7008165.98075091,1976.149005303509,39.89667491906609,5.691246642189885e-06,764.1609761588174
2023,test,0,0,7.747819989662617,3.7401993874155393,3.740199387415539,7.715621534477919,11.974798653274775,2.06289043317805,-0.5148404931058558,-1.0845839395885895,6994545.862850126,6992459.629220658,2047.3044347420393,38.929194722655225,5.565650077357906e-06,759.3554818070154
2024,test,0,0,7.744434216530993,3.7412052589109313,3.7412052589109313,7.718279916333034,11.978864887729287,2.063046366662019,-0.514341521524402,-1.08638587476682,6998308.402538066,6996250.658581244,2021.9445110672061,35.79944575957292,5.115442718498886e-06,743.7954145513104
2025,test,0,0,7.739849820805714,3.738885599206781,3.7388855992067795,7.731194824052975,11.973391130566597,2.067780524146869,-0.5171672886412965,-1.0805608592101357,6989632.8000134975,6987642.761805112,1951.8418321294953,38.196376250953385,5.464718583053408e-06,759.7224738894085
2026,test,0,0,7.73835594964691,3.740818803848028,3.7408188038480272,7.737712354408694,12.004608289222233,2.0684541968323154,-0.5134601915807131,-1.087586571915487,6996862.666976641,6994714.505139726,2106.531639061983,41.630197854567854,5.949837782446622e-06,775.8536270050548
2027,test,0,0,7.735250781464856,3.7410259014440266,3.7410259014440266,7.730793386406731,12.001897890586406,2.066490206181856,-0.5129776798481875,-1.089060814627401,6997637.402509452,6995646.124643539,1954.9833332944452,36.29453262951236,5.186683810809721e-06,752.9706729504869
2028,test,0,0,8.239757250969298,3.98534470894566,3.985344708945661,8.229507620421238,12.714477046392858,2.064942488399802,-0.5095350662939638,-1.1011042968813827,7941486.231436728,7938930.473041705,2527.805113774309,27.95328124702183,3.519905523020051e-06,666.3478147065193
2029,test,0,0,8.24647327752877,3.9878766896554017,3.9878766896554034,8.232623653096146,12.736178032122552,2.0644127925147897,-0.5109488583998948,-1.0963023759793786,7951580.245948623,7949169.17461221,2385.5331556309316,25.53818079167175,3.2117113833673e-06,652.8269694983662
2030,test,0,0,8.249218232518528,3.9897335137814687,3.9897335137814687,8.242861990871374,12.726853368338197,2.0660181845225023,-0.511343622953672,-1.097099266327743,7958986.756059631,7956710.878853245,2248.8119880717218,27.06521831293654,3.4005859216099643e-06,674.0367125977838
2031,test,0,0,8.25116524702916,3.9920369748823337,3.992036974882333,8.244159784140532,12.734207381960005,2.0651511586722044,-0.5110089411383508,-1.0987054526432707,7968179.604736463,7965592.582031013,2559.745191503159,27.277513926532556,3.423305608010918e-06,667.6466684334058
2032,test,0,0,8.252806759865955,3.9930819060048193,3.9930819060048184,8.244637300686911,12.738531781360507,2.0647303247871225,-0.51079496303167,-1.0976792933550652,7972351.561215539,7969946.46473741,2379.5427135874884,25.553764548998167,3.2052982551991224e-06,638.9756740304489
2033,test,0,0,8.254919914216735,3.9923601850825716,3.9923601850825716,8.24650693933014,12.740369183011353,2.0655718815509583,-0.5113096087016952,-1.0970512924659401,7969470.014127436,7967036.802135869,2409.2736977224818,23.938293845287173,3.0037497854753064e-06,645.4118169100989
2034,test,0,0,8.25348262934573,3.9929399988784775,3.992939998878477,8.238807226331904,12.73421928845346,2.063343608630731,-0.5108769605853744,-1.0982282487362525,7971784.9294090625,7969234.017459822,2527.9993781542084,22.91257109623415,2.874208386092602e-06,635.4197404778029
2035,test,0,0,8.253715596041642,3.9927868622673666,3.9927868622673666,8.240858781962656,12.732041982002556,2.063936560160628,-0.5126535126213624,-1.0958149617654844,7971173.5595889315,7968794.193547367,2351.4929928526467,27.873048722193236,3.4967308783113023e-06,657.5685879418742
2036,test,0,0,8.250818210544995,3.995185729230865,3.995185729230865,8.248317122350446,12.735429209657013,2.0645641232650216,-0.5123658043795705,-1.0958242631257091,7980754.517783173,7978371.541480922,2357.3719620865522,25.604340165333785,3.20826058592339e-06,645.0251145278321
2037,test,0,0,8.251264389863703,3.990777892827433,3.9907778928274333,8.24478596987063,12.733477482106537,2.0659596177198596,-0.5117570763850001,-1.0970855689276091,7963154.1359915985,7960636.438521771,2492.333758998601,25.363710831110645,3.1851337294191747e-06,666.0064814418012
2038,test,0,0,8.247576281091199,3.9938957326219895,3.99389573262199,8.228583516215906,12.712362902238965,2.0602900193425544,-0.5124437267521952,-1.095696479827114,7975601.574463089,7973343.255332136,2233.7805827673715,24.538548194330936,3.0767018594434804e-06,629.8886210238115
2039,test,0,0,8.254095584479161,3.9923634537372283,3.9923634537372275,8.249958780919203,12.75244736392051,2.066434801469908,-0.5127807427300057,-1.0954932702000153,7969482.977283062,7967118.40126539,2341.0468652109043,23.529152463451073,2.9524063895387825e-06,645.2722882090999
2040,test,0,0,8.250904004357755,3.9929885106183756,3.9929885106183747,8.225365876488388,12.728394825011492,2.059952302546086,-0.5113823099608263,-1.0979462721594904,7971978.653670629,7969409.714839438,2545.9908557273716,22.94797546263797,2.878579642467027e-06,638.4152664220394
2041,test,0,0,8.251341764193029,3.9935521549573334,3.993552154957334,8.24787937135622,12.737451951950788,2.06529902485882,-0.5134173911727828,-1.0934700250239449,7974229.428557476,7971962.852720642,2241.2324585926467,25.343378238339714,3.1781601552094152e-06,643.5241144665807
2042,test,0,0,8.253278004732216,3.994356185345227,3.9943561853452274,8.25179449704499,12.747507504886016,2.065863461881479,-0.5123232585695661,-1.095068039217512,7977440.668698236,7975074.500857774,2341.2982951601452,24.869545312019216,3.117484208889446e-06,639.2803603392648
2043,test,0,0,8.253179098334629,3.9925698424362257,3.992569842436225,8.245370719902683,12.751282045152038,2.065178831003603,-0.5113296592353986,-1.09701494496861,7970306.978876324,7967699.120124688,2583.929097052661,23.92965458668248,3.0023504301783053e-06,647.6224754458461
2044,test,0,0,8.255441622402518,3.9951691939094602,3.9951691939094607,8.234270749207585,12.734699945896864,2.0610568287722413,-0.513781856747382,-1.0924845418917846,7980688.542901025,7978528.020586191,2137.0310802635977,23.49123458020287,2.9435097553203942e-06,626.9927180934972
2045,test,0,0,8.25141336855176,3.992625656800425,3.992625656800425,8.248145519920392,12.736129200318828,2.0658449423806533,-0.5125738654831903,-1.0955067575401038,7970529.829943052,7968109.493411795,2393.070689286684,27.265841975043873,3.4208318087730795e-06,666.537362238707
2046,test,0,0,8.25265021458827,3.9921084521138934,3.992108452113894,8.223135113945231,12.713589834049344,2.0598476250290574,-0.5107715008913017,-1.098560770135383,7968464.955001072,7966001.979021696,2438.934104912842,24.041874451730507,3.0171274627544965e-06,636.6166443417952
2047,test,0,0,8.250429852290079,3.9959015924222014,3.9959015924222014,8.234216653166339,12.730024555698037,2.0606655250924213,-0.5128567399337822,-1.0944135566326194,7983614.768923108,7981339.626966746,2251.258530826312,23.883425534740145,2.9915553575691537e-06,636.5832041302356
2048,test,0,0,8.249865204664879,3.992373101793476,3.9923731017934747,8.245131631950848,12.730340470559895,2.0652207150295965,-0.5118617271792306,-1.0969614692691592,7969521.492968954,7967156.760552559,2339.6639980282202,25.068418366433317,3.14553620170919e-06,648.7759998416577
2049,test,0,0,8.252822214443237,3.9926876920401093,3.9926876920401093,8.242019878406078,12.73593895882368,2.0642786298656692,-0.5128380846823499,-1.0960127697248108,7970777.520381707,7968255.982409406,2495.218486507877,26.319485789696788,3.301997292283776e-06,658.4152642597419
2050,test,0,0,8.253115225011483,3.996755165856381,3.996755165856382,8.236157016256824,12.728622464463115,2.060710920352828,-0.5134181959355711,-1.0947325182089878,7987025.942265508,7984732.119724057,2266.135721614845,27.68681984055204,3.4664742597165917e-06,662.2418976892086
2051,test,0,0,8.252295563191176,3.9939603742943226,3.993960374294324,8.242949580967426,12.729641940444708,2.063853621087525,-0.5118154530020733,-1.0981635936454224,7975859.744303806,7973400.470452553,2433.693506395059,25.58034485699332,3.2072209989979167e-06,656.467843715734
2052,test,0,0,8.255128717379645,3.9975547992428617,3.997554799242862,8.246046573253349,12.743240052834153,2.062772616604318,-0.5123993195016978,-1.0967496946903887,7990222.186695197,7987765.618243035,2433.5406474698293,23.027804694218894,2.8819980416268413e-06,650.03851207799
2053,test,0,0,8.251430014855229,3.996281640048991,3.9962816400489927,8.236737455948257,12.734597907401621,2.061100342228952,-0.5122459947860107,-1.0955698685825246,7985133.474002794,7982892.531639943,2217.2180254864256,23.724337365397954,2.971063344481003e-06,645.3570927593208
2054,test,0,0,8.250366553761996,3.9932860138420803,3.9932860138420807,8.239939010799862,12.725596359930933,2.0634482434359684,-0.5119309276272159,-1.0968366183436824,7973166.59465381,7970676.010052545,2465.7980409129686,24.78656035107015,3.1087473285319415e-06,645.203951116832
2055,test,0,0,8.249120155921672,3.994149134899782,3.994149134899782,8.241479394132737,12.735512810293585,2.0633879997421594,-0.5117042474754194,-1.0966536606686665,7976613.663126191,7974244.371524847,2342.9663397467443,26.325261591884754,3.3003054558828124e-06,650.2496541121275
2056,test,0,0,8.249228240390309,3.9952375798597695,3.99523757985977,8.237339040664025,12.744078894145787,2.06178953717019,-0.5128144183387462,-1.094571632556765,7980961.67589403,7978758.144994988,2176.433622783731,27.097276267441345,3.3952394921638185e-06,648.6386011036143
2057,test,0,0,8.250350184514188,3.993169933389402,3.993169933389402,8.236719180605375,12.735164505429566,2.062701892983064,-0.5115922838526766,-1.0983090642547322,7972703.129985915,7970132.431429533,2546.757641438651,23.940914948877506,3.002860455048676e-06,636.9160480988678
2058,test,0,0,8.250562888665124,3.9944601952376844,3.994460195237684,8.229511062709614,12.721187172457576,2.06023108517168,-0.5126588950826841,-1.0962540229716196,7977856.12815768,7975539.97601068,2288.030276861677,28.121870137206045,3.5249908854523562e-06,658.7106888146335
2059,test,0,0,8.250474423425505,3.9949188278440015,3.994918827844003,8.247345430799061,12.742409718921408,2.0644588253749396,-0.5137244394089971,-1.092357608446255,7979688.230992845,7977441.877930484,2218.0634213802223,28.289640971742024,3.5452062978934434e-06,660.3030820628758
2060,test,0,0,8.25316843622364,3.994249146811696,3.9942491468116974,8.223172743329778,12.715863453224301,2.058753082514571,-0.5122110490165931,-1.0970286006131247,7977013.137768048,7974484.430634804,2503.501707062595,25.205426174123676,3.1597573852280383e-06,650.2856203536168
2061,test,0,0,8.248357213739306,3.9941291826564482,3.9941291826564473,8.227008297745138,12.720876730978489,2.0597752154509568,-0.5129109340037071,-1.0952681638628445,7976533.984491262,7974258.615125921,2252.5824920948994,22.78687325044125,2.856738690607432e-06,639.0307500412256
2062,test,0,0,8.249287045326083,3.9931543230494166,3.9931543230494153,8.216840932842343,12.710525307804346,2.057731875127597,-0.5133557824777466,-1.0947064916308975,7972640.735353618,7970300.52753881,2315.151315286964,25.05649952095578,3.142810563361529e-06,647.6127385183631
2063,test,0,0,8.247067207992076,3.9903201306053684,3.990320130605369,8.209247338175773,12.695155136287212,2.057290410163245,-0.511532779171668,-1.099939203838166,7961327.374695852,7958763.250524242,2539.4717618564746,24.6524097569947,3.0965200395287725e-06,652.4159279979583
2064,test,0,0,8.246960461833515,3.9927522699388764,3.9927522699388764,8.23698985552881,12.722591458819807,2.06298545430541,-0.5141561226196231,-1.0935573161153231,7971035.346778443,7968673.747326185,2337.1486634043235,24.450788852888095,3.0674545763706936e-06,645.9365788629829
2065,test,0,0,8.248659698858857,3.9947748152901803,3.9947748152901807,8.227230938717723,12.716864887624979,2.059498049108457,-0.5131596769109404,-1.0957113745251417,7979112.91320477,7976804.20029655,2284.4093499156534,24.30355830679348,3.0458972784522334e-06,643.405961385545
2066,test,0,0,8.249071599970572,3.9935507920904705,3.99355079209047,8.235564994680695,12.721790597774088,2.0622161638689698,-0.5124201586080924,-1.097971155978669,7974224.007535998,7971664.52464185,2532.996181092897,26.48671305535205,3.32154113432491e-06,655.6097716871747
2067,test,0,0,8.250445403579622,3.9959306223211635,3.995930622321165,8.2442655399926,12.735953276976943,2.063165334738383,-0.5135760796553521,-1.0949268983878593,7983730.76935576,7981422.204089119,2283.045396868067,25.519869767730338,3.196484263432851e-06,642.5668334856796
2068,test,0,0,8.250004186268896,3.9948999658909403,3.9948999658909394,8.23450779074058,12.715783931314945,2.061255065470488,-0.5119944836314798,-1.0969063133012886,7979612.8730296325,7977245.629631616,2340.526727942572,26.71667006644362,3.348116066725936e-06,661.4274555735626
2069,test,0,0,8.251019312135876,3.994517988464895,3.9945179884648927,8.235333453930915,12.720266519114375,2.0616588729134206,-0.5120555998585786,-1.0976374747259452,7978087.02992544,7975605.058825889,2458.6734353766356,23.297664177775097,2.9202068228118624e-06,639.7496678950819
2070,test,0,0,8.250504393422975,3.9952537975346303,3.9952537975346307,8.233367657581343,12.730560140684247,2.060787142649597,-0.5144790816211727,-1.0927663722253331,7981026.453413183,7978723.698659322,2276.876934933362,25.877818938462035,3.242417386975966e-06,649.2503900684518
2071,test,0,0,8.252818763503805,3.9944029154224374,3.9944029154224374,8.23906450929679,12.737149829044938,2.0626523372205803,-0.513214343360488,-1.0959136895506139,7977627.339777656,7975243.739489381,2358.573967733886,25.026320540354334,3.137063123463955e-06,649.7423108368512
2072,test,0,0,8.254039485030924,3.9943919145971147,3.994391914597113,8.252724743355182,12.757948296959512,2.0660778711263688,-0.5124078588360823,-1.0965759557195862,7977583.389280436,7974965.846338619,2592.5573245113314,24.98561730707006,3.131978205410363e-06,652.0009064116905
2073,test,0,0,8.251679424861447,3.9960945706282796,3.9960945706282796,8.222701570684091,12.71130801923573,2.0576844279717057,-0.5132908635577967,-1.094321372062875,7984385.914605593,7982087.9365793085,2273.6965145193926,24.28151176512767,3.0411245178806105e-06,638.6473426654569
2074,test,0,0,8.24929911287129,3.994224138070521,3.994224138070521,8.215872146353126,12.710915837436914,2.0569381843258165,-0.5121530898225342,-1.0965694865775553,7976913.247179439,7974444.949549138,2446.1850706971286,22.112559608037355,2.772069712035059e-06,621.3220787346015
2075,test,0,0,8.247167509088293,3.991501395099761,3.991501395099761,8.243199287021532,12.730002420023084,2.0651876251731855,-0.5116549991701669,-1.0980182499107487,7966041.775730589,7963512.322027523,2501.843938200605,27.60976486194954,3.4659327228317686e-06,661.872185090035
2076,test,0,0,8.247671708696755,3.9941417683372857,3.994141768337286,8.243831302038627,12.733903924701735,2.0639806447006603,-0.5130821943360665,-1.0945166618229571,7976584.2357833395,7974332.004393952,2228.946928316774,23.28446106385709,2.9191017577927505e-06,635.0762540368856
2077,test,0,0,8.246091512281447,3.9938516154527943,3.9938516154527925,8.22409081577137,12.712650869041681,2.0591878736684075,-0.5130989535403636,-1.0956210292589363,7975425.382982812,7972999.547876851,2404.92036244013,20.9147435167849,2.6223984944315005e-06,626.5881624626097
2078,test,0,0,8.246634027830558,3.991610368868662,3.991610368868664,8.243464195777895,12.725268545327708,2.0651976104857965,-0.5120007436910786,-1.0984962533947848,7966476.669511954,7963961.207818176,2491.474186234046,23.98750754608133,3.0110560215261213e-06,639.7282481612176
2079,test,0,0,8.24755406480655,3.9946396427930253,3.994639642793024,8.245032196011394,12.742149952799082,2.0640240255179876,-0.51391448972176,-1.0941169471567387,7978572.939513365,7976327.6296976665,2220.0041829948036,25.305632699487735,3.1716991110231294e-06,641.4519120672779
2080,test,0,0,8.251149269012734,3.994420709934216,3.9944207099342144,8.241272617323324,12.74166257865727,2.06319594649284,-0.5123657911698788,-1.0975781246880612,7977698.445432068,7975217.419779396,2454.321164536236,26.704488138504463,3.3473925244435788e-06,665.4523216905004
2081,test,8,1,5.229832745362575,4.588046317748198,4.588046317748199,6.003220462034886,11.23300946647214,1.3084480945216896,-0.016991972432385743,-1.7274719892888246,10525085.501733864,10438971.012429921,83226.7988255731,2887.690478358225,0.00027436266222089287,2539.240213350619
2082,test,8,1,5.065152836320951,3.883425813057451,3.883425813057455,5.282192515851901,10.347105188964633,1.3601888564708242,-0.1475151257114071,-1.5916575546566225,7540498.08608032,7526440.960265833,13810.990750263785,246.13506423759026,3.264175143707721e-05,1361.9742264843605
2083,test,8,1,6.179854242140646,4.280840318379036,4.2808403183790364,6.179660617048722,11.21305653512536,1.4435625151719473,-0.37648001893099414,-1.4676979106438146,9162797.308542758,9131420.33246898,30965.353079565608,411.6229942147675,4.4923289291906385e-05,1635.4927985190732
2084,test,8,1,5.334001693371494,4.522813983009214,4.522813983009213,6.189650383349697,11.523592286699568,1.3685396760959578,-0.06695211125776145,-1.7051019038606345,10227923.540075267,10162799.887799788,64001.13865978913,1122.5136156993208,0.00010974990293005849,1885.787638056791
2085,test,8,1,4.692536558983236,4.025914801683314,4.025914801683315,5.419136796119303,10.111585413047578,1.3460634571435677,-0.021569442062947083,-1.753753112458134,8103995.534914055,8049071.064136485,54420.92931507686,503.5414624994583,6.213496297352026e-05,1769.8422915712238
2086,test,8,1,6.363529667059207,4.35136730650456,4.351367306504559,6.363395439218162,11.602844478518819,1.4623898629991452,-0.37357715925192825,-1.45709003626883,9467199.88429957,9428980.802608453,37229.56073961675,989.5209515062537,0.00010452097384647786,2035.5830439623426
2087,test,8,1,6.3188984266328045,4.215874473155519,4.2158744731555196,6.318407055894786,11.338266144215595,1.498718023064276,-0.4051687450559373,-1.414612627744698,8886798.86862679,8870403.4344419,16066.330750481366,329.1034344030245,3.703284380215509e-05,1400.7558869866207
2088,test,8,1,6.326076214799658,4.187993817491661,4.187993817491658,6.322219646668062,11.111905188765377,1.5096057735955946,-0.4098597311493279,-1.415122289917008,8769646.390749384,8751951.599029172,17160.26323224235,534.5284879505114,6.095211415985438e-05,1795.8539929265653
2089,test,8,1,5.002228241149336,4.135741059328021,4.135741059328021,5.864943046387285,10.864626408088952,1.4181117633462832,-0.018557065362887783,-1.6697260022831044,8552180.890270287,8495976.507695103,54694.595289893936,1509.787285281465,0.00017653827773908895,2137.969390970177
2090,test,8,1,6.098879353261815,4.363062223739915,4.363062223739913,6.098473571388546,11.123672968737083,1.3977507673867369,-0.3314417868673802,-1.5498192020981632,9518156.465221073,9483227.5226133,33967.281887089055,961.6607206910656,0.00010103434674613007,1885.997174962584
2091,test,8,1,6.110508347189229,4.306065744931792,4.306065744931792,6.109930059025705,11.147691365156788,1.4189123949668088,-0.3171546333569356,-1.5506883733167436,9271101.93401716,9242280.98392512,28029.6242280624,791.3258640127716,8.535402475829437e-05,2019.9522092359473
2092,test,8,1,6.442175646763295,4.047356143391334,4.047356143391335,6.431947048272938,11.14898637495935,1.5891724919674406,-0.41405162541942436,-1.3580026230435134,8190545.942344261,8184425.874540655,6008.123934372449,111.94386922389783,1.3667449033544857e-05,1091.15176561931
2093,test,8,1,6.311081750077545,4.551365708357298,4.551365708357298,6.310962299575447,11.544228312559426,1.386608482809269,-0.3128886299148938,-1.5951852461116056,10357465.1635952,10314822.596864304,41869.66102823696,772.9057026606905,7.462305597486612e-05,1883.7548392928536
2094,test,8,1,5.636777177670388,4.407962141583811,4.407962141583811,5.635751708744443,11.156519620795734,1.2785390454191783,-0.10457701330890774,-1.6492153174955833,9715065.872729907,9690126.898448398,24415.17593261367,523.7983488898692,5.391608824394757e-05,1659.4378703679613
2095,test,8,1,6.1000926251788625,4.468983861257661,4.468983861257661,6.099386732493062,11.357876603957266,1.3648263054538248,-0.22099170373668778,-1.6443872891641766,9985908.522577858,9962268.609509937,23268.23230793071,371.6807599724446,3.7220525216317065e-05,1585.427254442214
2096,test,8,1,5.702046021530783,4.180606733523652,4.180606733523652,5.7015856713141835,11.345916068850784,1.363817750565733,-0.15734624794535845,-1.5273837551922629,8738736.333837729,8723151.058557598,15185.20157091655,400.0737092104586,4.5781643240717975e-05,1658.167200855839
2097,test,8,1,5.747831769170239,4.296336679983509,4.2963366799835105,5.742038376977667,11.361808956135064,1.3364963699725005,-0.21396575010730753,-1.6041116397484914,9229255.515627118,9212684.464826798,16017.47919422655,553.571606099702,5.998009321146066e-05,1691.2598184820736
2098,test,8,1,5.374154532755674,3.6335972388488895,3.6335972388488917,5.3740653710101105,9.750229365476116,1.478993134834226,-0.3437112373039235,-1.469512519394207,6601514.460090524,6588412.216242151,12684.783976373772,417.459871999783,6.32369851681062e-05,1714.2720601069902
2099,test,8,1,5.143271962117695,3.8697739156686906,3.8697739156686883,5.142603475653858,10.253206292283721,1.3289157422947866,-0.14779321552752905,-1.6001990344559014,7487575.291096661,7476803.318314861,10538.051908272048,233.92087352565358,3.12412048535665e-05,1408.6421473671858
2100,test,8,1,5.998139529418957,4.292206660681969,4.292206660681967,5.997876630036451,11.369169549958315,1.3973876619173502,-0.19069833797691269,-1.5020676712739147,9211519.20424208,9182304.826704813,28745.517667434953,468.85986981700455,5.089929895614674e-05,1743.1013686645072
2101,test,8,1,6.246771499784198,4.440683640501084,4.440683640501083,6.243743758918252,11.531187232583761,1.4060321032492449,-0.29484400991979015,-1.5635169193856624,9859836.77533683,9844810.721477516,14594.388753909492,431.66510539845075,4.378014720063196e-05,1558.3365292620078
2102,test,8,1,6.135073094248284,4.366428252730778,4.366428252730777,6.134962521294867,11.36211495957832,1.4050299618362088,-0.23794516943840785,-1.5771828611062968,9532847.966146998,9520166.545104254,12224.443906427348,456.97713631505945,4.79371052531074e-05,1601.6152092709976
2103,test,8,1,5.171775022310205,3.6502680830130423,3.6502680830130427,5.169636711266823,9.773951357230544,1.4162348062391206,-0.2399076165878511,-1.5083472755889786,6662228.630459546,6651971.870980293,9891.141043633084,365.61843561402026,5.4879298789360327e-05,1685.4905287971885
2104,test,8,1,5.64471471693604,4.258317400540305,4.258317400540302,5.695311184858394,11.339849871772458,1.3374557716472153,-0.2012720247413415,-1.5806990824569946,9066633.632527132,9038748.530081475,27241.385556583104,643.7168890952545,7.099844497806537e-05,1776.9809684706013
2105,test,8,1,4.752677431674238,3.976400815506296,3.976400815506298,5.04557276669002,9.797927122068359,1.2688793209714673,-0.06100647087558555,-1.7282397711677286,7905881.730479292,7888658.4983194675,16741.930757724323,481.30140209165427,6.087890237923854e-05,1669.2519945081008
2106,test,8,1,5.50824324496428,4.383229494073239,4.38322949407324,5.991628009003005,11.499199891695753,1.366943715154443,-0.10370385710634046,-1.6430692936909488,9606351.090758514,9558544.28728422,46451.1852181191,1355.6182561665867,0.00014111687604992037,2020.025660779295
2107,test,8,1,5.200839081533661,4.1422786362335815,4.1422786362335815,5.628802260629425,10.829152740829159,1.3588661591696989,-0.1468188010153406,-1.6456347494816737,8579236.204574103,8537249.92873617,41334.26969922018,652.006138683473,7.59981568447608e-05,1771.7350405492384
2108,test,8,1,5.928592284610524,4.591619302442686,4.591619302442686,5.928161253825557,11.362591773475287,1.2910829194118614,-0.19428180738951875,-1.6645804802083384,10541486.906396285,10515509.726790166,24906.265428879968,1070.9141772302219,0.0001015904290105811,2044.2721799553328
2109,test,8,1,6.020773956360354,4.384723768301945,4.384723768301945,6.020604265254515,11.244192186335567,1.3730863295833322,-0.29030267491339795,-1.5684199085543697,9612901.262260865,9594109.772777755,18255.688492909252,535.8009901962155,5.573769828466958e-05,1642.37739323918
2110,test,8,1,6.275646769892526,4.5259117123271455,4.525911712327145,6.275566102674682,11.49471703938616,1.3865860629985411,-0.31042994972092997,-1.575217547687986,10241938.908753522,10221209.794003367,20044.774075239944,684.3406749264526,6.681749237359385e-05,1843.7917494455687
2111,test,8,1,6.56949097646444,4.816326668498933,4.816326668498931,6.569031717641483,12.703476364345988,1.3639090887680185,-0.28381285442573756,-1.5623911094368825,11598501.987121966,11567942.631854767,29277.47407312216,1281.881194074524,0.00011052127210029543,2005.5759603921047
2112,test,0,0,8.239409167031758,3.991439887558297,3.9914398875582973,8.226708014207892,12.720580936409533,2.061087789359257,-0.5109289854297407,-1.1006655349053123,7965796.206737509,7963283.086165394,2490.2588736412226,22.861698468504084,2.8699828460546792e-06,630.574596745811
2113,test,0,0,8.238680775571614,3.990717857949838,3.9907178579498375,8.219808890778571,12.705082315951586,2.0597319037235464,-0.5103814034439458,-1.1002982870662104,7962914.58564723,7960601.775183288,2288.780407264706,24.030056668677904,3.017746380451063e-06,636.1284698223194
2114,test,0,0,8.239229124992155,3.9916587656640163,3.9916587656640163,8.230471598005854,12.726439540274441,2.0619176340432266,-0.511456362537963,-1.096734900899402,7966669.850803712,7964319.547589519,2324.7092451231097,25.593969065635406,3.2126308162567293e-06,648.3030147590848
2115,test,0,0,3.466590837149299,2.6292356791124587,2.62923567911246,4.190398737283074,7.656239961623214,1.5937706804197975,0.16811438590668618,-1.4982826834660135,3456440.136458304,3455965.7422580356,448.831441653715,25.562758615673612,7.3956896710113135e-06,817.9825864489447
2116,test,0,0,2.099584551154403,1.5618458107660405,1.5618458107660407,2.6037841126334387,4.700441204709932,1.6671198236632316,0.16082953371389763,-1.5109626301083832,1219681.1814152654,1218650.2145352548,1002.4434532929369,28.523426716080873,2.3385969342401036e-05,1297.337760473041
2117,test,0,0,1.495679241284146,1.1025272353063194,1.1025272353063198,1.868524688616977,3.363294951035641,1.6947651076373065,0.21964966415341997,-1.4584681004263902,607783.1649496743,606927.6441218889,824.4019991358476,31.118828649073443,5.1200543949995965e-05,1805.6157266448906
2118,test,0,0,1.2418121367513886,0.8953902174372494,0.8953902174372494,1.5747021168649444,2.8164458223691327,1.7586769278896017,0.19072711983733562,-1.475650228564986,400861.8378510434,400137.187914909,696.0690161064223,28.58092002727852,7.129868031463482e-05,2023.773591687401
2119,test,0,0,1.0990713749809364,0.7809302597258145,0.7809302597258148,1.314430841358175,2.4133606907271314,1.683160339848622,0.19083188402442647,-1.464293494434076,304926.03733212146,304147.2929530791,750.5447104730484,28.19966856954451,9.2480356273511e-05,2198.274189051685
2120,test,0,0,0.9428428006004542,0.6539019825967999,0.6539019825967997,1.115342538373545,2.0560919968411326,1.7056723607783777,0.18735575159685403,-1.4448832447018498,213793.93448993406,213072.0510535228,699.4593464897309,22.424089921409244,0.00010488646450568515,2395.4846768428315
2121,test,0,0,0.8717994504105009,0.5965002778557238,0.5965002778557237,1.0421737618316256,1.9135400445957202,1.7471471523500237,0.17352968434342106,-1.4261819213531541,177906.30179957027,177202.11059980042,678.9226623640667,25.268537405627836,0.00014203284060221452,2562.3372709281125
2122,test,0,0,0.8204320547004463,0.5507128907567929,0.5507128907567929,0.9998111847023247,1.8186161677585915,1.8154853490507155,0.15768779658289914,-1.4282904454911047,151642.3440523167,150911.2148700691,710.0704001152777,21.058782132396587,0.00013887138360991897,2723.5613244199903
2123,test,0,0,0.7818486484598689,0.5194053345601184,0.5194053345601183,0.8947500196385808,1.6764444273576373,1.72264310761525,0.1449903871326053,-1.4148969725251297,134890.95214306022,134176.25426400464,693.4911523991183,21.206726656124506,0.00015721385548256384,2809.391577502559
2124,test,0,0,0.7400875230932142,0.4835763365657739,0.48357633656577387,0.8087668279504869,1.5455332403071225,1.6724698187138902,0.12157591068635755,-1.425978219932186,116923.04111690515,116187.394099603,709.9387980144983,25.708219287617986,0.0002198729954510309,3107.686047447006
2125,test,0,0,0.7171348886204141,0.46796697176729557,0.4679669717672954,0.7915166063594443,1.5085951028668205,1.6913941669221895,0.12266520546169098,-1.4101499040253413,109496.60953601825,108846.91504482481,627.6066142423035,22.087876951313493,0.00020172201719221105,2969.386007251296
2126,test,0,0,0.6843551671630267,0.44031977292832436,0.44031977292832436,0.763299318539488,1.4474334575497778,1.7335113375972295,0.0902738243734841,-1.4031296619598974,96940.75235861774,96273.77727938049,641.4464842109455,25.52859502637161,0.0002633422415779528,3183.797621218447
2127,test,0,0,0.6682588489461887,0.4246951368983704,0.42469513689837046,0.7514501182626736,1.419656282178039,1.7693871508646344,0.12181990602013108,-1.35316607220733,90182.9796595265,89558.86964982527,599.127243691545,24.982766009722365,0.00027702307136048707,3155.9450350411807
2128,test,0,0,0.6483758966029854,0.41193833261079155,0.4119383326107916,0.7206728180347709,1.3680183802498505,1.7494677260726752,0.11049012405241865,-1.3638870879407252,84846.61241716787,84161.97334881162,661.1896651530561,23.449403202990204,0.0002763740653273913,3241.9620744514264
2129,test,0,0,0.6302585549802753,0.4007208242620005,0.40072082426200045,0.7175883106737164,1.3460468299454078,1.7907437478331316,0.0724555153053238,-1.3914709778381076,80288.63834921869,79634.2814199946,626.8188478756064,27.538081348380913,0.00034298852134722864,3440.440160835223
2130,test,0,0,0.6284382684326265,0.39167527380683925,0.39167527380683925,0.6651196138763334,1.293043623212725,1.6981404197711687,0.06795437161442305,-1.391747825447708,76704.76042621877,76089.69636473757,590.9950914366639,24.06897004463524,0.0003137871744972966,3330.3947772295933
2131,test,0,0,0.6206381162667203,0.3914309671806299,0.39143096718063,0.690742746922977,1.3113406690281408,1.7646604505979886,0.10038269303901318,-1.3647934002797155,76609.11510959781,75967.27952042953,617.0794991951332,24.756089973177055,0.0003231480997758652,3351.187889529352
2132,test,0,0,0.6076231667339161,0.38711482768517363,0.38711482768517363,0.6921921303928539,1.2994146063865628,1.7880796107241557,0.12508776257984064,-1.3692019484095357,74928.94908401393,74324.25301553779,580.4800095717022,24.21605890445899,0.00032318695511539584,3394.2481181567928
2133,test,0,0,0.5923957510057372,0.372497955966855,0.3724979559668549,0.6721532659467775,1.26386458176421,1.8044481994596129,0.0875642238805272,-1.3707379512330127,69377.3637806291,68790.13632080815,557.9855042043445,29.2419556164955,0.00042149130527585957,3454.0622227236167
2134,test,0,0,0.5977543864779,0.3733607568407677,0.37336075684076786,0.6572725500531669,1.2545422526018228,1.7604221600972452,0.06308265986941129,-1.396104857464134,69699.12741258346,69111.68787858347,559.9241330585006,27.515400941639978,0.00039477396580250954,3587.545374985334
2135,test,0,0,0.5833297547013498,0.36017427433262444,0.36017427433262456,0.6525974694578909,1.2349138692952693,1.8118936191850574,0.05576812463092628,-1.3576217747766743,64862.7569622563,64272.61993597787,564.3707405607988,25.76628571766752,0.0003972431472911481,3482.4287571358905
2136,test,0,0,0.5784841678885277,0.35311135040516267,0.35311135040516256,0.597518215343589,1.175297770416364,1.6921523894884494,0.014805884652885001,-1.3801275215727935,62343.823565677485,61789.1932073159,528.371055171844,26.25930318979104,0.00042120135865788844,3628.413434423889
2137,test,0,0,0.5827992711703992,0.36092722619124296,0.36092722619124296,0.6172574009258532,1.1988158876774833,1.710199054362249,0.023935527137701328,-1.3698355553069963,65134.23345784439,64572.18388061162,540.5727637328582,21.476813499820132,0.0003297315767709183,3497.947743516156
2138,test,9,1,0.255904117533195,0.3473268918947123,0.3473268918947124,0.9002953377280355,1.1560923781944439,2.5920691968790837,1.5247538075179314,0.7123622015873283,60322.960292749376,58146.20542487042,1070.820373091052,1105.9344947879458,0.018333558058503896,7015.803086741987
2139,test,9,1,0.07469934559313697,0.06978145626959997,0.06978145626959997,0.6112052168801602,0.6855288734077476,8.758848690671842,3.001943085191308,19.21718808372161,2434.944610861839,1248.9274915434298,540.1234919279848,645.8936273904254,0.2652600903154893,11299.787723527037
2140,test,9,1,0.10064402912289006,0.11279838357119412,0.11279838357119414,1.4122368922409405,1.5128513175041007,12.520010017249842,4.454329421473236,37.26787100313375,6363.275787732467,2700.6505765565503,1606.63377216987,2055.9914390060594,0.32310267660718595,11693.174106677088
2141,test,9,1,0.10649006972841744,0.13676973071926882,0.13676973071926884,1.404927080769019,1.5113985581265297,10.272207698154702,4.260536682756587,28.4311189376671,9353.02008180335,3613.1999777539963,1826.7161098256686,3913.1039942236835,0.4183786584438938,12511.31418703501
2142,test,9,1,0.09688032822873446,0.13215494541536005,0.13215494541536008,1.769375312754847,1.8662515780006288,13.388642454459344,7.1085006307412195,73.75138468900465,8733.78198396391,1896.0442642283658,2504.382375129128,4333.355344606412,0.49616023763392325,12654.289546352868
2143,test,9,1,0.17227884972876928,0.17149742453611005,0.17149742453610997,0.9424965695064602,1.1147097363864304,5.4956893495972645,1.035487981288271,0.6831274787575077,14706.030339476592,12486.183236779078,614.9633337410363,1604.8837689564762,0.10913099809459499,10776.820805456542
2144,test,9,1,0.15066187168046236,0.1707138928051639,0.1707138928051639,1.1521576187522768,1.3027649543400912,6.749055977929321,1.5024302329209507,2.414661201733912,14572.638510880335,12256.369237903109,931.6595204395929,1384.609752537627,0.09501434839708944,10217.003176434682
2145,test,9,1,0.1478805533418781,0.18011657983467735,0.18011657983467733,1.6849973210325115,1.8325419328757562,9.355037290731987,2.249667212315052,10.774769731955152,16247.501392663216,11310.293999744774,2056.3672158403683,2880.8401770780456,0.17730973566058156,11335.757342703679
2146,test,9,1,0.09655076772109168,0.10998394893006434,0.10998394893006436,1.290220076738442,1.386766178700782,11.730985196384028,3.8004540386288115,27.04897230203027,6057.482791189759,3254.487593007122,895.3822562008069,1907.612941981827,0.31491842531626074,11708.476274467863
2147,test,9,1,0.14697208565537584,0.18718926785872772,0.18718926785872778,1.217550371467427,1.3643047879158985,6.504381289563648,1.7762162363647045,3.3285754685824553,17537.08252480681,13173.216318625016,1350.3903565520443,3013.4758496297463,0.17183450242462395,11413.159474144173
2148,test,9,1,0.12218876120533968,0.1287246022897127,0.1287246022897127,0.9823961711219308,1.1044883060603752,7.63176699440027,1.9615040383078282,5.471567697884048,8285.376509747544,5956.120991351423,970.786139549366,1358.4693788467541,0.16395988489461497,10608.937803717166
2149,test,9,1,0.1439801722629054,0.13860626142658225,0.13860626142658225,1.1406774252789036,1.2845452544424916,8.229624069927779,1.42560299693635,4.569415303122135,9605.997525787981,7270.9635855341385,1000.4558609261541,1334.5780793277052,0.13893175339103886,10912.503934412563
2150,test,9,1,0.14626533480723447,0.13952832974610702,0.13952832974610704,1.5984685948268598,1.7446707191847963,11.456229697119687,2.2738099129778395,17.124648962079718,9736.700723381626,6845.930508012092,1279.5907865392487,1611.1794288302876,0.1654748846250574,11242.32933011485
2151,test,0,0,0.8238668990165897,0.552810399884541,0.5528103998845411,0.9124348807304196,1.7360595834470587,1.6505385588277446,0.13695161290190233,-1.4534488503560647,152799.67459829626,152004.6681850593,769.3423056162054,25.66410762058791,0.00016795917719103617,2843.517405739303
2152,test,0,0,0.7798605142745655,0.5181663111264617,0.5181663111264619,0.8875692905273754,1.6660238737240434,1.7129042770029839,0.14205589442901015,-1.4145152754480976,134248.25763689884,133532.93780396783,690.7456206949248,24.574212235980422,0.00018305051155633077,2933.425735698502
2153,test,0,0,0.735253600509066,0.4845628702820636,0.4845628702820635,0.834575148193937,1.5697184708697023,1.7223258309249565,0.1392902426431599,-1.3990136512939062,117400.59039969496,116610.69270399859,765.4501570328488,24.447538663436013,0.00020824033831689772,2984.5737947093703
2154,test,0,0,0.7025060452163452,0.4527174718474929,0.45271747184749295,0.8206879102051026,1.5219945119461045,1.81280370482712,0.12387701235972304,-1.3851402336352603,102476.5687776549,101698.0823637719,756.7252864735897,21.761127409435257,0.00021235222518672277,2897.415319922221
2155,test,0,0,0.6940876302530523,0.44965125228891245,0.4496512522889124,0.7818211260030512,1.475695650151465,1.7387277851963174,0.12261520475102437,-1.3985049201720143,101093.17559418394,100338.2323793386,725.8233116260591,29.119903219179733,0.00028805013838001397,3180.2527188507283
2156,test,0,0,0.6724184059482068,0.43402097138631907,0.434020971386319,0.7302692628521472,1.4001512131653726,1.6825667674987523,0.11337007815368247,-1.4063276496201096,94187.11743838876,93516.59617723184,644.4087790692275,26.112482087740073,0.0002772404846641708,3209.3269462295452
2157,test,0,0,0.655423745274893,0.4166599051058707,0.4166599051058704,0.723441377520212,1.3782921904930845,1.7362874820805965,0.09596015399356787,-1.37386314785202,86802.74061388795,86142.06816523065,635.1301525110249,25.54229614610903,0.00029425679380015344,3257.651014705684
2158,test,0,0,0.6312665168881649,0.405273825067274,0.40527382506727394,0.7403995569109684,1.369842175510712,1.8269118583912118,0.09783913125760305,-1.3742870716467805,82123.43768267812,81425.96683278967,673.036487596714,24.434362291773887,0.00029753214163035093,3307.636383004277
2159,test,0,0,0.624637321776143,0.39464636704826694,0.39464636704826694,0.704255147629985,1.3286961755220545,1.7845220593247006,0.08335819140792572,-1.3725189107545432,77872.96003376668,77154.21536286062,694.3893490282388,24.355321877794587,0.000312757109364198,3353.7828858731136
2160,test,0,0,0.610249217510107,0.38317219998280944,0.3831721999828095,0.6492106356621953,1.2589016187703237,1.6943051601638148,0.07748300658902209,-1.3791152775870705,73410.47726040975,72822.922815559,564.4708234300846,23.083621420631264,0.00031444587042727556,3379.6642533586046
2161,test,0,0,0.5958040219568648,0.370621561083349,0.37062156108334876,0.684700085518416,1.2770195007324219,1.8474372713692024,0.07786556298157066,-1.355951996680063,68680.18672195,68070.38159368624,585.1105998552555,24.69452840863488,0.0003595582596274826,3396.626797980843
2162,test,0,0,0.5946940510285204,0.3696535673841111,0.3696535673841111,0.6540711791503127,1.2480969002936035,1.769416656192202,0.08984138155109983,-1.3328559607886494,68321.88448292675,67753.99535557549,542.6195419776902,25.269585373627958,0.0003698607783563506,3481.3073069168363
2163,test,0,0,0.572370616182292,0.3456277551166343,0.34562775511663446,0.6419045055065508,1.2142362480954034,1.8572134210978968,0.015009486750277235,-1.3466573241680118,59729.276966793834,59187.742928329484,517.1130856023657,24.420952862015447,0.0004088606810960083,3528.8554652363846
2164,test,9,1,0.443235808638623,0.35860125469190623,0.3586012546919063,1.0593341052255127,1.502281998284161,2.95407250076591,0.39219922948928104,-1.067824653512875,64297.496077185075,62860.582074520375,946.9869343260091,489.92706833874536,0.007619691251283237,5951.0595992874505
2165,test,9,1,0.08306426676656702,0.11151218465516571,0.11151218465516571,1.4107566389188577,1.4936877346772235,12.65114339999172,6.017415618033882,51.27412387593097,6227.160884935591,1347.759450490131,2029.306658538104,2850.094775907364,0.45768767317416803,12244.586904266338
2166,test,9,1,0.09348481351611554,0.13397338263293096,0.13397338263293096,1.318497842009092,1.41191970455111,9.84149101931388,4.31144039719699,29.262300521940197,8981.82351486649,3688.641269523938,1866.6662704025123,3426.515974940037,0.38149446704987616,11962.568005938714
2167,test,9,1,0.16682722341832779,0.16945752004522316,0.16945752004522321,0.9014570497292552,1.0682630076298665,5.319663886788163,1.343713789919506,1.3014197418424036,14360.187385201742,11430.235882486733,1054.1111978937572,1875.8403048212238,0.13062784311256886,10697.964963716577
2168,test,9,1,0.1327223638856267,0.16882211357084775,0.16882211357084775,1.6347174783384943,1.7674127327663882,9.683076723550615,2.608171182721154,13.688986127973692,14254.455345466456,10024.112310553937,1554.6936610662706,2675.6493738462623,0.18770618090976282,11027.490100540086
2169,test,9,1,0.0721013414258232,0.11277370469827155,0.11277370469827155,1.2842205894594918,1.3562631860659167,11.387588914414502,5.267030676688712,38.36313537163603,6363.735861757269,1339.3239336230456,2080.2858343013218,2944.1260938329046,0.4626411525854751,12242.536756131922
2170,test,9,1,0.07569687160805097,0.07796767402869187,0.07796767402869187,0.9143542191092647,0.9900418538536542,11.727350219179106,5.667782098928219,48.8426073222191,3039.4796461483884,799.3676805948412,1063.8680395109532,1176.2439260425942,0.38698858455365015,11807.971051752571
2171,test,9,1,0.08746789297211217,0.12030564762897394,0.1203056476289739,1.4035406271542306,1.4908034358522855,11.666456686080029,4.7885724391279085,35.26357779630439,7238.180281635265,2581.7581661080517,1816.094419239384,2840.327696287831,0.39240908429627264,11838.592519934988
2172,test,9,1,0.08904083707499376,0.11420838453071369,0.11420838453071369,1.0942371275169862,1.1832453774259193,9.581057748196383,4.208842129915361,25.972654190216097,6521.902226507192,2287.8467428276203,1815.44616262006,2418.6093210595095,0.37084415513459745,11827.560869934448
2173,test,9,1,0.08139874355117172,0.12119374207097765,0.12119374207097758,1.363727789957129,1.445109734451762,11.252460454257255,5.724438938351272,43.896208997734455,7353.17996135371,1276.6409152299398,2322.1557920201435,3754.3832541036218,0.5105795416181336,12405.036053083586
2174,test,9,1,0.06854066822055029,0.10374811999051817,0.1037481199905182,1.1555918696212466,1.2237685376312584,11.13843672277492,6.295421999077711,48.65622463194522,5387.513394236526,660.369440944648,1879.269892247263,2847.874061044616,0.5286064001420814,12416.552611803616
2175,test,0,0,0.762878034284222,0.5293758718230844,0.5293758718230845,0.9918643496726872,1.7537422507302836,1.8736485783850847,0.2850985729243327,-1.3338269798484783,140119.99784041304,138625.3035901005,1018.9013702957725,475.7928800168048,0.0033956101009843,5638.54736914675
2176,test,0,0,0.7783898497843184,0.518197663800158,0.5181976638001579,0.8995213125920855,1.6770087748300284,1.735865241065588,0.14795493098424675,-1.424453788885457,134264.41889062768,133437.4982742026,804.4941557413862,22.426460683668218,0.00016703204668049024,2826.061374520688
2177,test,0,0,0.744170430008322,0.4911250776381555,0.49112507763815555,0.8479590389095247,1.5899146136362106,1.7265643265202444,0.12499566897193,-1.4263947604674292,120601.94995904692,119717.67504135198,861.9707456588342,22.30417203605527,0.00018494039311660508,2950.023835443347
2178,test,0,0,0.7077524834737997,0.4621054960622145,0.46210549606221446,0.8223436898126383,1.529721445927862,1.7795583407255646,0.1170909052083478,-1.4102102213900813,106770.74636965699,106104.10635940489,642.0423339815765,24.59767627054614,0.0002303784239307005,3071.4185470853486
2179,test,0,0,0.6865544592789374,0.4439195267507372,0.4439195267507372,0.7855152810164727,1.4705356186022982,1.7694992756143009,0.10312437249426562,-1.3977513280004525,98532.27316847445,97840.27557874455,666.3802811839048,25.617308545822965,0.0002599890139753648,3173.4320052094663
2180,test,0,0,0.6628364853420062,0.42630391550191243,0.4263039155019126,0.7371209330997662,1.398946151486598,1.7290972620598863,0.11419999471456804,-1.380495536095147,90867.52038355196,90106.73465038091,734.2192910412015,26.566442129860008,0.0002923645546585073,3257.9713451756447
2181,test,0,0,0.6442262550015585,0.4032587187185715,0.4032587187185715,0.7264398912768228,1.3700990822981112,1.801423893785158,0.06642632816348083,-1.3692886543290086,81308.84734199723,80610.32276121271,673.9874455073295,24.53713527713035,0.00030177694161526446,3247.3851326193326
2182,test,0,0,0.6352427061768685,0.4015657264806711,0.4015657264806711,0.7038426343230094,1.338951377561898,1.7527457845854981,0.07140177699535862,-1.37989554292025,80627.52472653193,79927.21395766956,674.0779193355495,26.232849526772473,0.00032535848788298573,3436.8396720273377
2183,test,0,0,0.6238942590202787,0.3966362664962996,0.39663626649629974,0.699384883359482,1.3224931562435813,1.7632903050886464,0.10205587675014377,-1.3915575972816225,78660.18633722658,78058.52274110218,576.5570656315427,25.106530492924534,0.00031917710422512264,3282.0357183457777
2184,test,0,0,0.6158019360799808,0.38380826463765233,0.3838082646376524,0.6651672068338376,1.279157963115722,1.7330716092364815,0.07180709453360218,-1.3636027626610725,73654.39738542092,73000.25719943168,631.5031965113964,22.636989477888275,0.00030734063791782536,3351.703791897279
2185,test,0,0,0.590466463665638,0.36743795811946783,0.3674379581194678,0.66306082000288,1.2533403550914954,1.804551776295508,0.0758696678291007,-1.348077078110365,67505.37876678928,66907.87294625716,576.0482636614737,21.457556870604716,0.0003178644022535464,3418.9181315065457
2186,test,0,0,0.5934242029756751,0.36212472674365376,0.36212472674365365,0.6244171838193688,1.2177936231273634,1.7243152364499836,0.024149976319219366,-1.3781661013298536,65567.17055040832,65003.7862750908,536.6670913482017,26.717183969252307,0.00040747806783445113,3687.193302300439
2187,test,0,0,0.5821314927269705,0.36013249981469886,0.36013249981469875,0.6492440823386423,1.2270193616859615,1.802792257496066,0.041808662274662685,-1.3723009138689148,64847.715747476286,64304.858292202596,518.055040551601,24.802414722041853,0.0003824716790121802,3533.1009212680283
2188,test,0,0,0.5564568305242574,0.336030844479741,0.3360308444797409,0.5789942478906596,1.134343939484097,1.723038993004009,0.029307353481221005,-1.3262908968235214,56458.38480690088,55951.766226668806,483.002064383393,23.61651584876612,0.00041829953034503895,3696.0867362489657
2189,test,0,0,0.5755436211832566,0.35524792899401575,0.3552479289940158,0.6245686024419265,1.1988977269502357,1.758120319548569,0.05394506000339745,-1.3583578093029631,63100.54572712944,62565.78096021313,512.3490170713433,22.415749844977054,0.0003552386050971922,3484.9048850472573
2190,test,0,0,0.5270683223190717,0.32270101291485154,0.32270101291485154,0.5877435749587603,1.1143733451608568,1.8213254729195516,0.019473092701629918,-1.324884615055187,52067.97414059633,51600.567681154986,442.3767333729897,25.0297260683078,0.0004807125009458095,3710.629221230487
2191,test,0,0,0.535957593012834,0.33231656936733084,0.3323165693673309,0.6378630218019243,1.1711874108295888,1.9194439296731343,0.05010854299868835,-1.3342621508357821,55217.15159962017,54700.64939689036,489.43520204246056,27.067000687327276,0.0004901919042037921,3665.1131009823634
2192,test,0,0,0.5341310998996487,0.3239520824749059,0.3239520824749059,0.5928656557003269,1.1260092252632603,1.8301029311835082,0.008137142492163863,-1.320986359154755,52472.51144780383,51979.44000186158,467.8061628056707,25.265283136517713,0.0004814955953013596,3625.958932343555
2193,test,0,0,0.5334347536074056,0.3197728964099965,0.3197728964099963,0.5958118389142619,1.1291186050802935,1.8632343316249753,0.002421295280962272,-1.3279036290140054,51127.35274020031,50599.31717445639,502.703967008972,25.331598734917222,0.0004954607930443374,3818.9998153361526
2194,test,0,0,0.5442076100530103,0.32373737806552283,0.3237373780655229,0.5599741564569994,1.1032156818546355,1.7297173400337584,-0.03223837899927911,-1.3622874601503,52402.95366352763,51867.8658823958,511.38316017254266,23.704620959343835,0.00045235276453209187,3760.1800899548753
2195,test,0,0,0.556693192226172,0.3381164970169928,0.3381164970169927,0.5815342705423827,1.1373110561980866,1.7199227948737343,-0.016612264769062694,-1.3939470215436713,57161.4267293934,56592.0952763667,542.2646973385658,27.06675568816723,0.00047351434764396865,3812.77936986072
2196,test,0,0,0.530536537673077,0.3278325503091233,0.32783255030912334,0.606863970253864,1.1372247785475338,1.851140070385425,0.010302258895069865,-1.3520722183411629,53737.09053968059,53223.45966719648,489.4386062234381,24.192266260630294,0.0004501968010859505,3736.133195801193
2197,test,0,0,0.5376124622411153,0.32256499749743706,0.3225649974974372,0.5985458848887065,1.1360996913572308,1.8555822532897792,0.016324812529266753,-1.3354638169472663,52024.088956638414,51520.51290558933,481.8323536033221,21.74369744573993,0.00041795441077042397,3619.9453814988447
2198,test,0,0,0.525379945464374,0.3234386662626296,0.3234386662626296,0.5561565859839902,1.0811434830538929,1.7195117467260252,0.004969302635601379,-1.342912531275535,52306.33039675883,51831.90139246875,449.76216896072344,24.666835329348757,0.00047158413030016805,3718.4960606311993
2199,test,0,0,0.5295203359148,0.31945263621792364,0.31945263621792375,0.5755838720777537,1.1031872008461505,1.8017815689118395,0.02406609870366717,-1.3328910029374128,51024.995393406265,50551.009106800615,449.8370278974183,24.149258708198584,0.00047328291795043035,3793.8402794382337
2200,test,0,0,0.5338482361792413,0.3237159381325642,0.32371593813256433,0.609643747234455,1.1431038993468974,1.883267628870349,0.027829057281715187,-1.3169058014569843,52396.03501750138,51906.21695001312,465.190703468138,24.62736402015739,0.0004700234285272031,3702.9213781720296
2201,test,0,0,0.5344174577073427,0.3269363625501179,0.3269363625501178,0.6150587128325132,1.148883864399977,1.881279610609932,0.06806893465922569,-1.3050546159607668,53443.69686249548,52912.84327118028,506.5395674640748,24.314023851166674,0.0004549465190202668,3718.0029161316
2202,test,0,0,0.5146347249524551,0.3117875111925632,0.3117875111925631,0.5947910582048935,1.1084767537540756,1.9076808302226853,0.02040409625924228,-1.3091580065429549,48605.7299772867,48130.45579011128,453.71740865649883,21.556778518969672,0.0004435028242358069,3752.4375844594047
2203,test,0,0,4.073499313639012,2.6983669841909306,2.69836698419093,5.1440442883507345,9.21525752497837,1.9063545909390485,0.36254684347893745,-1.0902254003594125,3640593.3255632175,3636690.780249444,2540.7410244561615,1361.8042893181369,0.0003740610849764328,2710.2994139042526
2204,test,0,0,4.084523748239735,2.6998852252570043,2.6998852252570047,5.245713640371105,9.328348036622629,1.9429394965749924,0.36754359991141855,-1.0875850317914921,3644690.215731073,3640668.746310589,2667.9734093493616,1353.4960111291164,0.0003713610570487468,2691.3068025998214
2205,test,0,0,4.064788932633586,2.688924053511334,2.6889240535113337,5.157562141585164,9.21748493751511,1.9180765387739966,0.3619695582933554,-1.0830036055305359,3615156.3401529794,3610790.9283726895,2837.3878322413234,1528.0239480458442,0.0004226716092674388,2801.7783978881025
2206,test,0,0,4.060433681808645,2.6809850188254236,2.680985018825423,5.15470856825239,9.211926982505247,1.9226920449226306,0.3640876965975653,-1.081922520752256,3593843.7391815856,3589844.4023859696,2693.1082548970276,1306.2285407207808,0.0003634628090475197,2765.76851432778
2207,test,0,0,4.089693114101887,2.7181143338464526,2.7181143338464526,5.269685700595379,9.348953169770539,1.9387284909160358,0.3718515536247429,-1.0915573522026816,3694074.150737153,3689707.873328036,2968.6174419022977,1397.6599672127502,0.00037835189825137836,2774.4438345548356
2208,test,0,0,4.0920326958205555,2.7323678002480767,2.7323678002480776,5.298098300883546,9.378467325121164,1.9390135912165707,0.37124421496883886,-1.0955526904408082,3732917.1419100193,3728923.272879378,2822.535166172091,1171.3338644702753,0.00031378512298586397,2540.7019739032608
2209,test,0,0,4.081581652148627,2.713420109084928,2.713420109084928,5.204093396679498,9.281284960918128,1.9179092022114201,0.36154669803576617,-1.0935943310676068,3681327.7756050215,3677330.5959631745,2592.6589011009846,1404.5207407511386,0.00038152558706085535,2764.4341254866044
2210,test,0,0,4.2029485411639325,2.825849747291989,2.8258497472919895,5.857878714085091,10.055560908745974,2.0729618479180267,0.43865947319457704,-0.9039772816210419,3992714.13803469,3986301.866486758,5065.093347451711,1347.1782004833383,0.0003374091292061424,2484.4763349623745
2211,test,0,0,4.310062051579356,2.9249951324812113,2.924995132481213,6.45625913067162,10.752568749710917,2.2072717520028515,0.4658052723955529,-0.8052801635398734,4277804.182127533,4272790.520821534,3665.7861368858876,1347.875169115752,0.0003150857570215841,2409.1628115284007
2212,test,0,0,4.172507527249545,2.7963581135571753,2.796358113557175,5.592192408663541,9.764525561913615,1.9998126783374885,0.41208542173362983,-0.9634200058888776,3909812.03762032,3903817.545041417,4686.7102200044565,1307.7823588965214,0.0003344872710792752,2543.13735434311
2213,test,0,0,4.173120788906701,2.7848505222199513,2.784850522219951,5.6167733150972055,9.787770472466946,2.0169029792736524,0.3955696083266202,-0.9786158627297206,3877701.922322128,3871449.171519448,4948.231460574351,1304.5193421083302,0.00033641558021745265,2558.174454112121
2214,test,0,0,4.176664200942963,2.7805689799996975,2.780568979999696,5.638624342758209,9.80561563745141,2.0278670960210543,0.40348592609496625,-0.9564503032898837,3865782.5304749426,3860355.3331193198,4050.69893667864,1376.4984189411127,0.00035607238847240553,2555.0848495787004
2215,test,0,0,4.182987095016054,2.798409744905018,2.798409744905018,5.637416957718321,9.815407898277044,2.014507335097085,0.40814157212247965,-0.9490986695038086,3915550.6443583667,3909114.7244751127,4947.968558936442,1487.9513243213826,0.0003800107467554439,2575.056811278636
2216,test,0,0,4.18804913327517,2.7872611112072434,2.787261111207243,5.627035324122291,9.814560502767563,2.0188403955039074,0.399955812052953,-0.9574528588983653,3884412.2535597663,3877576.086306492,5369.169958118054,1466.9972951567677,0.00037766261647753196,2592.389508676104
2217,test,0,0,4.181982803071849,2.7949242433637234,2.7949242433637256,5.5993473055707295,9.771676409058273,2.0033985961751317,0.4033753114930399,-0.9605282115524245,3905801.602047874,3900496.272046971,4022.433369889045,1282.8966310138,0.0003284592413350327,2484.727207671786
2218,test,0,0,4.180942946441937,2.791890708229433,2.7918907082294337,5.680755204192828,9.858878998551518,2.0347340916491174,0.40486032814155803,-0.9482087167175743,3897326.873739112,3890782.1695079687,5308.4356359925605,1236.268595149391,0.00031720936816452083,2453.6808508595923
2219,test,10,1,3.6915199853722007,2.1603766727236575,2.160376672723658,6.815839519327506,10.486284935846925,3.1549310846494896,0.052442155529116484,-1.1745365253157205,2333619.6823484395,2302681.70139618,23498.07062024287,7439.9103320205995,0.0031881417474733677,4754.653073026374
2220,test,10,1,3.634749389048666,3.291366503533006,3.291366503533005,12.844038986805826,16.440410785377026,3.9023423775562005,1.5674850612802504,1.738843883126549,5416580.259774816,5298917.58243636,92136.9734674582,25525.703870997353,0.004712512811922875,5002.256395919988
2221,test,10,1,3.1865086191035807,2.04780874390349,2.047808743903491,5.266945398535579,8.436311352998018,2.5719908727881666,0.4848244720798282,-1.0017555704494139,2096776.1191604205,2065082.0048814244,22891.76130310897,8802.352975887361,0.004198041410072884,5557.926260005443
2222,test,10,1,4.130775530867279,2.6612613148930255,2.661261314893026,15.436166684098541,19.52099097520113,5.8003197948710365,1.1179503929744141,0.9141521386125095,3541232.0263077123,3164715.760259177,200715.1545314838,175801.11151705647,0.04964405331563563,8226.821191526506
2223,test,10,1,4.406897263929248,3.0436691586295,3.043669158629499,8.2867091127187,12.566453382372856,2.7226050798668386,0.9471866881011962,-0.3160158561386033,4632035.690641219,4443400.941492174,167443.78653959016,21190.96260945805,0.0045748703215463685,4559.187100904757
2224,test,10,1,3.749061642229557,2.0030016277934126,2.0030016277934117,6.282258929669857,9.909898206591606,3.136422278693128,0.6811470173964786,-0.9591873093719268,2006031.5470016373,1943734.6520789892,43687.195652876086,18609.69926977305,0.009276872688063395,5962.60341728751
2225,test,10,1,3.643075118450739,2.6180969504324088,2.6180969504324088,9.33748709163227,12.980256067297887,3.5665169275301576,1.140256164668087,0.035086305967504394,3427310.813356796,3228947.2984768343,93321.70756525143,105041.80731471948,0.030648462609622163,8544.60747474885
2226,test,10,1,4.076765329882503,3.0221510527274558,3.0221510527274567,12.44782611604035,16.430506393313408,4.118862988270004,1.3780604703242902,0.823346576636026,4566848.041760507,4382564.983781832,103570.35288026315,80712.70509841795,0.017673613039093684,7432.347490648087
2227,test,10,1,4.152951790809631,2.3653598978675965,2.3653598978675965,9.92723505306244,13.85518792271614,4.196923716349454,0.7408684025436594,-0.799640013538617,2797793.284910644,2659606.74967946,69603.59062663278,68582.94460455206,0.024513227969500423,7516.5013842195995
2228,test,10,1,3.519755021218676,2.4914286348341417,2.4914286348341417,5.9055169666963625,9.420821338426322,2.3703335845658295,1.0922500442769378,0.08248909377884805,3103611.8347829226,3074953.631316543,22614.39754742867,6043.805918951176,0.0019473459442372247,4310.762083388954
2229,test,10,1,4.002480405807495,2.623982073020332,2.623982073020332,7.399939638137817,11.364138394594193,2.820118214306291,1.079665071686896,-0.015041658043426054,3442760.8831671346,3355989.337138337,44838.86246378607,41932.6835650065,0.012179958175437072,6890.825378348902
2230,test,10,1,3.9965987501218914,2.647651397010361,2.6476513970103617,11.4359945955202,15.351379670202732,4.319297702270524,1.2350107527221252,0.4499238207769891,3505239.394088485,3311129.4440378235,91906.76075806096,102203.18929260032,0.029157263685032162,8189.210420800151
2231,test,10,1,4.092874672582606,2.5176486748383873,2.5176486748383877,10.246570441553136,14.335905464133248,4.069896862083381,0.9312484989276638,-0.030325040864145336,3170174.381461552,2725197.8507949077,178268.25754028445,266708.2731263646,0.08413047392156503,9980.30827578285
2232,test,10,1,3.9912672897689045,2.4093394269734043,2.4093394269734043,10.773564253199845,14.723794389516115,4.471584257737202,1.076815686927203,0.6561044959461042,2903302.811892059,2440838.936683402,217616.64330469674,244847.23190395764,0.08433403188294805,9348.627636029581
2233,test,10,1,3.7938506993502377,2.1020519239485496,2.102051923948549,14.199853142812849,17.85089936852455,6.755234245660057,1.3153438227694725,3.4985474275020882,2211192.904012103,1773469.0862076168,158566.2809350759,279157.53686941485,0.12624748223589943,10487.235474353167
2234,test,10,1,4.192892461664974,2.3836239413968374,2.3836239413968383,5.544837564580143,9.621036566793919,2.3262216276158005,0.6686987079167863,-0.979004003658277,2840845.5721834707,2791843.3666047584,34801.596946675425,14200.608632035364,0.00499872600294876,5018.784313286987
2235,test,10,1,4.26104213456437,3.051404865881298,3.0514048658812984,8.422605974871665,12.626478437334299,2.760238757251595,1.251497530594153,0.4685014116764554,4655804.786815081,4508730.815276173,64912.435758583335,82161.53578032934,0.01764711785446958,7517.615257419452
2236,test,10,1,3.5166442010765895,2.1350202317971276,2.135020231797127,4.563449182712473,8.070859298110008,2.1374266691942516,0.7997311262725298,-0.6966910413299825,2279155.836717371,2257349.6435737833,18269.238094562086,3536.9550490254214,0.0015518706496698519,4149.9693894602115
2237,test,10,1,3.6170326510239392,2.5037507554369007,2.5037507554369003,5.679774638099596,9.291299985721707,2.2685064101392496,0.9439952656096641,-0.36653208758854694,3134409.4308489226,3107080.8704943345,19494.30485397074,7834.255500619184,0.002499435913992052,4824.745063880834
2238,test,10,1,4.195578297199681,2.6016216752464114,2.601621675246412,8.202040950236842,12.379373347386718,3.1526647507116836,0.6520476343509559,-0.7907540165696059,3384223.4484331235,3273346.315505531,44050.98012483859,66826.15280275232,0.019746377217997366,7535.693846599827
2239,test,10,1,3.9609058856107295,2.7931527631786937,2.793152763178693,12.088223600473254,16.00745164602995,4.327806112085501,1.4323362101301709,1.3839163104502976,3901074.8177941944,3449133.455274251,203951.76525923458,247989.5972607025,0.06356955681278745,9341.728704334142
2240,test,10,1,3.7290687125888655,2.9765567274917317,2.976556727491731,8.036689801815431,11.76486795162782,2.699995510781932,1.443143782115138,0.9674404452838954,4429982.106173091,4371653.968832124,37857.17223211628,20470.96510885205,0.004621004017223044,5084.819830870814
2241,test,10,1,3.517088610038627,2.179903401651444,2.179903401651444,9.829345983162057,13.343973163049668,4.509074106547828,0.9055954214232842,-0.26289015616720013,2376266.705995509,2192157.935382213,71725.3771189415,112383.39349435181,0.04729409927378927,9420.902559435326
2242,test,10,1,4.193344054135029,3.5265122353524343,3.526512235352434,10.909975113955792,15.095736355986446,3.093701194224119,1.5445512986528227,1.6039233583430779,6218144.545384127,6130986.615377948,66886.5514239933,20271.3785821768,0.0032600365646412504,4293.661218834782
2243,test,10,1,3.5788831760473547,2.3250814475652106,2.3250814475652106,5.333435053627938,8.90834957966581,2.2938702036494374,0.8573926725966066,-0.33522357881564524,2703002.527685327,2688220.2928547515,12117.136687963288,2665.0981426069193,0.000985976933173323,3397.3355460753496
2244,test,10,1,3.8604405510276556,2.0444374254551922,2.044437425455193,6.833295525327324,10.586221516132355,3.342384286379366,0.5878956257063843,-0.9888495044315606,2089950.7028089243,1951236.3952549023,62189.09695220502,76525.21060182048,0.03661579696543535,8579.099567278969
2245,test,10,1,3.804570385083556,2.636003488353542,2.636003488353542,6.32899933232367,10.127544676885009,2.400982912308962,0.9888385418685813,-0.23707966255310975,3474262.1321185026,3451009.2359801843,19983.76662534245,3269.129512975298,0.0009409564933955858,3437.9856951562747
2246,test,10,1,4.021740598643198,2.5428837934318427,2.5428837934318427,10.677428560292348,14.674169635400176,4.198944752360166,1.0287173902777047,0.08945800553527627,3233416.182783674,3062173.4953994374,88229.89814793406,83012.78923629971,0.025673400683246823,8604.393723526759
2247,test,10,1,3.998895613159053,2.4874601471004834,2.4874601471004834,13.866596253906376,17.85274524707347,5.574600369002906,1.386685776561748,1.8818035796684196,3094181.8641297417,2728088.0761746108,201762.48781923924,164331.30013589485,0.053109774199427695,8545.664878288311
2248,test,10,1,3.88329207072407,2.5815846154811095,2.5815846154811077,5.896831639908254,9.767322909086943,2.2841907271008863,0.9278723353573733,-0.1757930659579543,3332290.227138087,3312107.4820653107,16876.113678897604,3306.6313938798908,0.0009922999404285882,3336.6967907880535
2249,test,10,1,3.8847603531340136,2.5158379854415984,2.5158379854415998,5.8794656066438185,9.75423736218363,2.3369810141457927,0.8120367806341835,-0.28563971834433843,3164720.511429653,3144582.1076941974,16218.896484526998,3919.5072509254705,0.0012385002836016142,3484.704834928031
2250,test,10,1,4.076594323068857,2.4450095695086747,2.4450095695086747,7.309888869374991,11.293896108865738,2.9897178974411602,0.9685498411714866,-0.22747444339325096,2989048.0324139814,2888899.883421854,68030.86905530521,32117.27993682738,0.0107449862258952,6202.070032639125
2251,test,10,1,3.986352970805019,3.2188792949324885,3.2188792949324885,8.690234133992345,12.674972463399172,2.6997701180263145,1.2315957120839247,0.33052731638285726,5180594.26455925,5151826.904891531,19189.700552741964,9577.659114973043,0.0018487568463900698,4107.706679930579
2252,test,10,1,3.6986942029984204,2.5553167937088133,2.555316793708813,5.7659521364180835,9.462553483666852,2.256452957462594,0.8473281674582903,-0.28761814293974686,3264831.990657608,3249291.213500261,12500.744148385016,3040.0330089593795,0.0009311453139575034,3355.3358673767675
2253,test,10,1,3.4642350837737323,2.0589404447300557,2.058940444730056,10.314309342190622,13.772721078246832,5.009522916794668,0.9108652655255062,-0.045936608572099136,2119652.572347658,2049153.3838488578,34681.51508588955,35817.67341291021,0.016897898212271514,7940.551339072658
2254,test,10,1,3.669769057603553,3.0259003265446043,3.0259003265446043,9.39286541047506,13.041343642398715,3.1041555890246877,1.5755523410126413,1.6444497299713046,4578040.681211411,4506092.855462147,56418.55548088838,15529.27026837514,0.003392121509996256,4578.604501250373
2255,test,10,1,3.777567371698096,3.0168120351747225,3.0168120351747203,8.503594890264795,12.260778838768601,2.8187354038357597,1.363331122291725,0.7779790724543298,4550595.525465792,4512484.804165176,31049.49636122649,7061.224939393335,0.0015517144733865485,3748.2302392386996
2256,test,10,1,3.754046077504754,2.794822711923915,2.794822711923915,9.547319774851204,13.277847360819578,3.4160734897846057,1.3474196225328139,0.7583217411243113,3905597.844631435,3793811.927137793,49822.46708007642,61963.450413565675,0.01586529204453027,7427.753319167731
2257,test,10,1,3.6308684456450866,1.9199377463965315,1.919937746396532,6.956370819796808,10.573457543738186,3.623227280599588,0.6930422065742518,-0.6217872661613688,1843086.1314358956,1725799.0819226054,57335.90227003943,59951.14724325112,0.03252758849449152,8454.301396749524
2258,test,10,1,3.3279191203564404,2.0440319040719226,2.0440319040719217,6.463059311345219,9.682478055357933,3.161917041739975,0.8851461122124422,-0.4617574435033287,2089035.8305476126,2035789.7824444585,40280.468034952115,12965.580068201503,0.006206490036507775,5487.45198234776
2259,test,10,1,4.915341188410297,3.982726111638513,3.982726111638513,15.32951659967564,20.228000381961465,3.849000953110733,1.33157166006022,0.7994323541543951,7931084.385332638,7510149.6875639735,253808.30532294887,167126.39244572524,0.021072325589524765,7054.2791679229595
2260,test,0,0,4.598416222111322,2.9790752291120013,2.9790752291120026,6.047906028254889,10.638499266467988,2.0301286685055073,0.37373757634237637,-0.9393921568216643,4437445.012296974,4431538.082634894,4438.835535995026,1468.0941260827512,0.0003308422125827798,2422.547359549832
2261,test,0,0,4.486084249085747,2.9267794978569572,2.9267794978569563,6.021164629393257,10.495722603984177,2.0572662319802597,0.38985005925237964,-0.9213383244653857,4283020.566360201,4275319.229904409,6429.394769539119,1271.9416862558016,0.00029697305127271987,2404.814869369719
2262,test,0,0,4.398790220050142,2.894784745292869,2.8947847452928697,5.975402971478179,10.362046657130122,2.064195958333212,0.39745450583714015,-0.9342891055311706,4189889.3665313977,4182913.471466808,5661.562364002256,1314.3327005834024,0.00031369150485982246,2427.3313853313884
2263,test,0,0,4.339403462406247,2.854552368500769,2.854552368500768,5.769171404842288,10.10368712246418,2.0210424122897765,0.3887676713776889,-0.954837280059377,4074234.661510031,4068088.316743253,4805.043356463737,1341.3014103129215,0.000329215551324134,2475.833992826232
2264,test,0,0,4.297130782192108,2.837880609054631,2.8378806090546314,5.778558533603791,10.071951385121793,2.036223269987659,0.3953956688481164,-0.93550436824626,4026783.201674911,4019297.8143988275,6145.8280405512705,1339.5592355377426,0.0003326623680610773,2481.035878435065
2265,test,0,0,4.284948268385138,2.861218182046328,2.8612181820463283,5.959537586717401,10.242502600187436,2.082867229109795,0.41646204253426633,-0.9236976634509779,4093286.7508539157,4086730.495146624,5155.582961249165,1400.67274604522,0.00034218778973963174,2489.4181174888736
2266,test,0,0,4.263205563792493,2.8430174613928876,2.8430174613928885,5.829202616444324,10.087413644883782,2.0503576554146115,0.41114303751731307,-0.9271304272355292,4041374.4738223166,4034914.806159468,5009.601189022203,1450.0664738229782,0.0003588052736057173,2513.0319134336073
2267,test,0,0,4.262433164288057,2.851174871686195,2.851174871686196,5.8437918494448535,10.103479879442602,2.0496083588127347,0.3993389553153419,-0.9573233056627681,4064602.180824681,4056588.420125032,6766.885869916938,1246.8748297289073,0.0003067642967892923,2392.2591600277437
2268,test,0,0,4.216127439478412,2.8071080428897686,2.807108042889769,5.792601541539654,9.998142359778285,2.063547769816682,0.4046241611174456,-0.9267395068868236,3939932.9619434904,3933513.8853083723,5048.295130704297,1370.7815044182196,0.00034792000718256904,2506.0500321983595
2269,test,0,0,4.239138367515057,2.8373117264625276,2.837311726462528,5.90843224253133,10.136443315073848,2.0824050411611905,0.41863425173760255,-0.9249617668044419,4025169.549522784,4017453.4054769455,6263.68626618853,1452.45777965199,0.00036084387546462247,2561.200338128533
2270,test,0,0,4.238929941640236,2.848786743683952,2.8487867436839514,6.02494220496621,10.253369058482349,2.114915136531057,0.4195987417490359,-0.9193505005313432,4057793.370102901,4049911.8801888265,6556.490655530483,1324.9992585432099,0.00032653196890348546,2462.0962435578317
2271,test,0,0,4.233628038670169,2.8462777434186592,2.8462777434186592,5.811521764491452,10.042713216273114,2.041797142927887,0.4108554511368552,-0.9458138893271322,4050648.974828519,4044324.9903339385,5054.859677526969,1269.1248170539125,0.000313313946713351,2408.370146256737
2272,test,0,0,4.210730982916895,2.8010435088081733,2.8010435088081738,5.695082234246191,9.900815308094025,2.0332002042586663,0.3978467680897024,-0.9399334504717469,3922922.369497852,3915347.51316494,6239.4196584258,1335.4366744793606,0.0003404188379721369,2445.8634817767447
2273,test,0,0,4.205736299106851,2.800148107767632,2.800148107767632,5.850440840175375,10.042891951277852,2.089332640636475,0.41725368758722603,-0.9140536332610956,3920416.608052005,3913145.8868269213,5986.453935418067,1284.2672896646945,0.0003275843916758702,2490.497383707916
2274,test,0,0,4.216740367206279,2.824233006966685,2.8242330069666854,5.855166676250752,10.066100779455155,2.073188246793909,0.414590081410214,-0.9268159838741714,3988147.1715851137,3981949.964806238,4960.811809796617,1236.394969081297,0.0003100173879967133,2420.1270110641885
2275,test,0,0,4.214389169378904,2.828568752844899,2.828568752844899,5.867223417596193,10.080894192913547,2.0742728673980775,0.42064428760289346,-0.9259436533520864,4000400.7721224297,3992302.571212188,6708.410126956022,1389.7907832840924,0.0003474128874709553,2518.4483314670324
2276,test,0,0,4.210757708878722,2.8136687302544203,2.8136687302544203,5.789640926985536,9.996852153446525,2.057683928719647,0.4069090222484811,-0.9343361620304784,3958374.0312449783,3950965.764380563,6062.043794344818,1346.2230700737264,0.0003400949630953181,2472.94156288792
2277,test,0,0,4.22070171903912,2.827653584958682,2.827653584958682,5.752473329789005,9.962524554692209,2.034362823080063,0.406089059014915,-0.9455815352882553,3997813.8054415523,3991484.037826036,4990.724877617325,1339.0427378929503,0.00033494374752279267,2491.1366207417286
2278,test,0,0,4.215720069747884,2.830752144215136,2.830752144215134,5.916652786392253,10.127621247898787,2.0901345243112863,0.41867561160807687,-0.9287017910577227,4006581.333741006,3998976.1014875947,6304.723467615212,1300.5087857944538,0.00032459313251483377,2436.6499106022534
2279,test,0,0,4.202009499598295,2.809905875393087,2.809905875393086,5.750926672887057,9.91318030282855,2.0466616776202664,0.4144178866637496,-0.9302102531591978,3947786.6758249803,3940925.332024539,5594.4859066439685,1266.8578937994548,0.00032090333086063114,2473.1113345499657
2280,test,0,0,4.206022043742239,2.8148619002850572,2.8148619002850572,5.741030911885202,9.94678582251072,2.03954265440298,0.4121150748217306,-0.9337097069564537,3961724.362195635,3954919.246274753,5270.7872513227985,1534.328669559786,0.0003872880920744932,2585.820444109087
2281,test,0,0,4.210868097345345,2.8210267699478075,2.8210267699478053,5.91559293170739,10.122463209554553,2.0969644792902264,0.40361435125358347,-0.9456579898855533,3979096.4471827303,3971342.586040833,6501.888198156019,1251.9729437425992,0.00031463749631628504,2451.5473125142958
2282,test,0,0,4.215141064518597,2.8301825651515773,2.8301825651515773,5.868679278498981,10.079365831334144,2.073604491371273,0.4110578436934025,-0.9260229187179849,4004967.9294905397,3998200.294312116,5412.7117057198075,1354.9234727005805,0.00033831069225888566,2448.197637637964
2283,test,0,0,4.217113331206608,2.839697788265943,2.839697788265943,5.900320216767025,10.112228321377188,2.077798645034705,0.4180741904737567,-0.9365676171874648,4031942.903346069,4025006.4700696925,5618.790278118777,1317.6429982635316,0.0003268010063262634,2494.162523618767
2284,test,0,0,4.201334223490209,2.815628898756921,2.8156288987569225,5.852304234761744,10.048669886309654,2.078506950026507,0.40957580824747286,-0.9300524267183974,3963884.386379197,3955627.0240209415,6954.233134526337,1303.1292237234372,0.00032875056300866995,2463.8500528263066
2285,test,0,0,4.211986890090353,2.8115043102384383,2.811504310238438,5.831778177963846,10.043630505024339,2.0742554641395037,0.40870736188768014,-0.9293223375895749,3952278.4553757417,3945681.9164625113,5295.886610479507,1300.6523027523065,0.000329089237369702,2442.961595099581
2286,test,0,0,4.264968321467517,2.894585884857221,2.8945858848572215,5.9107909940232055,10.174137227935717,2.0420161049444077,0.4178274310873309,-0.9584609642163344,4189319.5528675183,4182219.9113673847,5794.827384041889,1304.8141160934895,0.00031146206433461644,2488.0620221062386
2287,test,0,0,4.231279870370403,2.8540043947937956,2.854004394793795,5.97603175987862,10.203169878572226,2.0939111974669524,0.4238660870914223,-0.9312869328827205,4072670.5541354716,4064993.9040887365,6365.098445697007,1311.551601035823,0.0003220372440152438,2408.5488885373215
2288,test,0,0,4.21331905282475,2.830020387498889,2.8300203874988883,5.743607293000445,9.92820100672543,2.0295285922220945,0.40903792926026844,-0.9506419366203063,4004507.6974647287,3998308.7194535946,4876.854828013949,1322.1231831156128,0.0003301587318592632,2474.961525142145
2289,test,0,0,4.198387439979823,2.7991400581210426,2.7991400581210457,5.821871463523595,10.018679818022065,2.079878585079302,0.4043361806997339,-0.9369355992345576,3917592.9076503287,3910256.159494769,5997.028466106079,1339.7196894535173,0.00034197521821047167,2442.5687311869146
2290,test,0,0,2.5931079596909696,1.2626432661390117,1.2626432661390117,2.6341678886977022,5.225030215922743,2.086232873005075,0.05201144719180552,-0.4705964587136049,797136.5908879945,780413.3975955284,14542.723424354868,2180.4698681113523,0.002735377967886723,3842.4662108921143
2291,test,0,0,2.6286568358540534,0.7207492353164378,0.7207492353164374,2.1598658844828607,4.300624638795853,2.996695353460339,-0.05735057758412229,3.1586913270850365,259740.12269802752,253722.75455668257,4581.817862226564,1435.5502791182307,0.0055268714906521925,5335.880786491797
2292,test,0,0,2.6092246847450733,0.7041247111562913,0.7041247111562912,2.2689201312363148,4.396659672260284,3.222327089629288,-0.1429885754236372,3.2635783835448073,247907.26697161247,240863.8035849124,5774.068670859499,1269.394715840688,0.005120441733505314,5011.207920381979
2293,test,0,0,2.491544598221779,0.5043468762583362,0.5043468762583361,2.159632497906685,2.6691002249717712,4.282038017026362,-2.806707838251907,7.110102799461934,127187.35303734828,122287.14165314565,3600.2537529933084,1299.9576312093075,0.01022080891036059,5317.558822535025
2294,test,10,1,2.6012501056194304,0.2201118229601101,0.22011182296011012,0.5820240314006804,1.1204497814178467,2.644219758727626,-0.25311168307896764,-0.7606311718519452,24227.91678383112,21797.92243960823,1207.0416887784697,1222.9526554444021,0.05047700412528075,9109.965372847117
2295,test,10,1,2.6849817283153534,0.45719303656260574,0.45719303656260574,1.4153157227039337,2.3682050704956055,3.0956633402489,1.04439696961115,1.2283963965852545,104521.52831012943,100254.6419241078,2833.9156601663685,1432.9707258551052,0.013709814131336545,6725.961534747452
2296,test,10,1,2.8420269870758057,1.3287837308831458,1.3287837308831458,8.670972547531129,11.306310057640076,6.525495719132687,4.8100740278727905,24.691119784269155,882833.2397156433,772290.202218708,108417.33761788553,2125.6998790497114,0.002407815863089149,3181.8933765597626
2297,test,10,1,3.264585776343942,3.1796104256394098,3.179610425639411,21.404712395653128,24.56512589752674,6.731866339049602,4.964503914391882,25.13769431874878,5054961.3320133,4331404.034738779,718244.7471851358,5312.550089398023,0.0010509576118324392,2731.7864824002413
2298,test,10,1,2.5738284347057343,0.21279580682277316,0.2127958068227731,0.5688645598888398,1.1181209087371826,2.6732883903234916,0.0013013057541647508,-0.8758941158393605,22641.149614209313,19650.68101053394,1615.0303600969926,1375.4382435784182,0.060749487857949126,9201.069009244506
2299,test,10,1,2.617696184158325,0.16977370580927081,0.16977370580927084,0.4317115726470946,0.8233087062835693,2.5428647539336455,-0.012285859608961612,-1.0649826229363384,14412.560433848068,11746.613629345968,1375.6261991007057,1290.3206054014004,0.08952750701888244,9567.555678298851
2300,test,10,1,2.730056171581149,1.0325431781923011,1.0325431781923011,6.216352100208402,8.879537090659142,6.020428231477471,3.5507773912581304,17.075064850610868,533073.2058817748,506046.8780636584,24618.254107160028,2408.073710955913,0.0045173414915361115,3718.768575252492
2301,test,10,1,2.638401637792587,0.1740882423513967,0.17408824235139678,0.448294510126114,0.8320212364196777,2.5750992948807676,0.049724145330482014,-1.025731704366983,15155.483570650895,12603.222451638507,1275.6506837183429,1276.61043529404,0.08423422646613792,9627.349149839296
2302,test,10,1,3.202128988049924,3.15492401857956,3.15492401857956,21.92593230650574,25.037254445254803,6.94974971738858,5.16923437921799,27.26692593831955,4976773.023261992,4230204.880928891,738775.9282613036,7792.214071795127,0.0015657161850406779,2975.4319366580025
2303,test,10,1,3.1741495535373687,3.117155285408828,3.117155285408829,23.416869123220444,24.459163427352905,7.512256201297721,5.660022589308073,32.506878347700514,4858330.368575399,4190581.015077892,656361.4560847015,11387.89741281395,0.0023439940368141757,3177.428920536672
2304,test,10,1,2.5986958047151565,0.1945004694565675,0.19450046945656738,0.6174833079576492,1.1896628141403198,3.174713714999723,0.06367247438695797,-0.6991259738617819,18915.35808837805,15814.361945769168,1766.0593838884943,1334.936758720377,0.0705742261120918,9295.178179334076
2305,test,10,1,2.525493695497513,0.15690922482593206,0.15690922482593203,0.4016164996623992,0.7748932838439941,2.5595467704842356,-0.07265832776987188,-1.0585850259036453,12313.247769918597,9617.944404256308,1325.9183618996942,1369.3850037625946,0.11121233238788694,9948.796851818943
2306,test,0,0,2.5349837644696236,0.6701051836621563,0.6701051836621562,2.2571830256581307,4.265026390552521,3.3684010819354055,-0.3402136404035421,3.4646958023111845,224520.69873143785,218075.33502103874,5000.414669584359,1444.9490408145434,0.0064357052555895095,5320.713844613097
2307,test,0,0,2.53637893101573,0.6672530712713776,0.6672530712713773,2.210487704485655,4.3541944324970245,3.312817579503701,-0.2751016240693419,3.617260867581015,222614.13526386596,215190.85333758662,6154.415401412899,1268.8665248663538,0.005699847062103034,5130.24747351691
2308,test,0,0,2.6038132413327695,0.6752809811450595,0.6752809811450595,2.1364304824769498,4.179392009973526,3.163765220892569,-0.20415311456201216,3.4384805663744666,228003.57904799623,222064.70334403694,4566.540676292975,1372.335027666327,0.006018918796785386,5442.191005521939
2309,test,0,0,2.6054357991218566,0.6546633367846265,0.6546633367846263,2.0434764132499694,3.9879754781723022,3.1214156932729535,-0.1193936216127225,3.3496703699285932,214292.55347016302,207713.66810892674,5347.330204336549,1231.5551568997178,0.005747073974136918,5284.101135928934
2310,test,0,0,2.5785377472639084,0.6547927966483997,0.6547927966483997,2.1446918696165085,4.10633385181427,3.2753748675829297,-0.303604089435761,3.502774543250525,214378.99418979176,207600.72740525432,5488.662988605607,1289.6037959317985,0.006015532448995912,5238.634275718677
2311,test,0,0,2.554747983306646,0.6557450283343852,0.6557450283343854,2.071910544723272,3.965163469314575,3.159628293310885,-0.3671708838579675,3.4175173933060057,215002.77363659177,209325.18575698766,4368.4104754798145,1309.1774041242209,0.006089118674985359,5223.621748301023
2312,test,0,0,2.5590730821192262,0.6569874601743165,0.6569874601743164,2.1524043296873567,4.101849466562271,3.2761726214930587,-0.20723285063106164,3.418136576361836,215816.26219014268,209074.62140004546,5422.303467206648,1319.3373228907528,0.006113243318653923,5259.065052524634
2313,test,0,0,2.575352879345417,0.6592435152309317,0.6592435152309317,2.0790603439211846,4.128443241119385,3.1537061736479783,-0.19550860654298885,3.4804915810244363,217301.68070284752,210556.6304337316,5463.241694938131,1281.8085741774476,0.0058987513121459756,5203.766900490199
2314,test,0,0,2.584814322769642,0.6517543802608713,0.6517543802608713,2.043653202831745,3.9624094367027283,3.1356186697414326,-0.261086011413148,3.426979373767228,212392.37742990776,206129.16974225576,4907.93537311857,1355.2723145332868,0.006380983776032849,5316.575850573121
2315,test,0,0,2.6039605939090253,0.6779798365271282,0.6779798365271286,2.2052110933959486,4.204348415136337,3.2526204683193547,-0.34513059513975164,3.458957586354492,229837.66118393227,222506.98712381648,6063.1190238817835,1267.5550362342017,0.0055150014567012795,5084.994895309833
2316,test,0,0,2.596506900906563,0.6673749639475265,0.6673749639475262,2.120541848063469,4.048762291669846,3.177436917202368,-0.3097150343396168,3.4838297675583574,222697.12606835976,216251.53254863768,5231.398929053723,1214.1945906687351,0.005452223888583198,5136.670488513085
2317,test,0,0,2.5437653633356097,0.6541144340172281,0.6541144340172281,1.9916143985986712,3.9606359004974365,3.0447491983431996,-0.10417116192928368,3.3570514865916765,213933.93847781062,208345.5199817765,4329.124033010307,1259.294463023775,0.005886370680519164,5271.594262126672
2318,test,0,0,2.5579066196382048,0.6510082000272518,0.6510082000272516,2.1022969106137754,4.0714541375637054,3.2292940557826646,-0.21977797257827697,3.4171313908175147,211909.34032939762,205379.91313407494,5255.04200841453,1274.38518690806,0.006013822632485765,5306.443411972467
2319,test,0,0,2.5636375930905344,0.65283716586966,0.6528371658696601,2.162372597754002,4.055547386407852,3.312269446047014,-0.4203547624679998,3.5790722912482043,213098.370587834,206844.8182483649,4970.75212927141,1282.8002101976758,0.006019756071616401,5178.482529513085
2320,test,0,0,2.5703836913108824,0.6474872683789126,0.6474872683789128,2.059309386730194,4.0069615840911865,3.1804631338713456,-0.30188893832319724,3.377231786841275,209619.93680000145,203472.63781800144,4885.401306481569,1261.8976755183405,0.006019931571310024,5322.603734756196
2321,test,0,0,2.580532869040966,0.6537440064158996,0.6537440064158996,2.0733242833018304,4.056963205337524,3.171462014112632,-0.13709745742554597,3.495556224352856,213691.1707691165,206573.14550614558,5839.585696554091,1278.439566416811,0.005982650391288774,5277.269771818035
2322,test,0,0,2.558674592167139,0.6457872548419369,0.6457872548419369,2.072912204653025,4.02261945605278,3.209899528228366,-0.1614034868391785,3.4464235411694997,208520.81819657455,202298.63430778345,4923.659595603939,1298.524293187145,0.006227312478521996,5283.766129948736
2323,test,0,0,2.5351715501248835,0.651283020712746,0.6512830207127462,2.0931979831159113,3.9607759714126587,3.2139606231791102,-0.3823064695594358,3.3795315567734603,212085.1827606194,205860.9854136322,4863.117124970645,1361.0802220162523,0.006417611095219715,5401.851957936661
2324,test,0,0,2.5561781661510468,0.6541605126209089,0.654160512620909,2.178321524143219,4.05125817656517,3.329949579829764,-0.3336377738771045,3.510693758250204,213963.0031534497,206809.5927123621,5828.125728411942,1325.28471267579,0.006193990050351481,5262.4927224923495
2325,test,0,0,2.567641156613827,0.6505925572057292,0.6505925572057291,2.0746640142798425,4.090950965881348,3.188883720389375,-0.193973127625998,3.5299011827223934,211635.34062509288,205658.7844740571,4804.391178272629,1172.1649727632866,0.005538606970372447,5232.915703614935
2326,test,0,0,2.560788556396961,0.6533527519009341,0.6533527519009342,1.9744627321362493,3.9368541836738586,3.02204701272251,-0.13264675156503136,3.333572099310148,213434.9111343053,207250.9341525902,4972.066977528591,1211.9100041864306,0.005678124528671078,5281.852078394848
2327,test,0,0,2.5902955840826034,0.6531569938900128,0.6531569938900129,2.0598312925100326,4.099530100822449,3.153654193063565,-0.24554111770401893,3.484393312944915,213307.719198429,206498.13015439466,5553.021448875164,1256.5675951592648,0.005890867896770045,5174.832034085578
2328,test,0,0,1.266984178832732,0.9524439401518742,0.952443940151874,1.532886550613679,2.7979875868186355,1.609424435383829,0.21422988824789246,-1.5052109574586436,453574.7304548919,453463.93496835965,88.58855552761726,22.20693100457076,4.8959806429911425e-05,1672.4945327115963
2329,test,0,0,1.0494132405565761,0.7836812518113896,0.7836812518113897,1.2664782637311436,2.3155191033438314,1.6160629858170317,0.22346479851084652,-1.4874468847619613,307078.15330439294,306968.1013022205,86.24805637996934,23.803945793035435,7.75175489916394e-05,1967.690909055181
2330,test,0,0,0.9017393950979458,0.6638779480480365,0.6638779480480366,1.1136631603677525,2.0139041770016775,1.6775119035693147,0.23470431137378686,-1.4744512444074929,220366.9699931605,219869.69691056528,477.46677151756563,19.806311077686015,8.987876485437331e-05,2174.3856344757714
2331,test,0,0,0.8090464472463355,0.5891927096630295,0.5891927096630294,0.9848856330225244,1.7932153181172907,1.6715848938215807,0.24707261775974426,-1.4507137328667858,173574.0467966122,173101.7689066691,450.89100920699457,21.386880736109003,0.00012321473821008146,2389.011780366624
2332,test,0,0,0.7561199608135503,0.5453578098459351,0.5453578098459353,0.9118350801181514,1.6668735278071836,1.6719941727354133,0.24227187590255359,-1.4426473294937552,148707.61809652936,148285.28087147602,399.356516647774,22.980708405637724,0.00015453618785501926,2629.700224597072
2333,test,0,0,0.7207642509527213,0.5169286629569558,0.5169286629569558,0.8771410272531502,1.5974307855649386,1.6968318650308407,0.2440114965136165,-1.4277809669089685,133607.71497622342,133218.80434880394,367.8547455905272,21.055881829220272,0.0001575948053072185,2709.3563115016996
2334,test,0,0,0.7020138687563012,0.5001144658113569,0.500114465811357,0.8504221253919532,1.5517649984103628,1.7004549628699044,0.24842140297779017,-1.4249383899146735,125057.31156268604,124703.58890555771,332.24366624512743,21.478990883401586,0.00017175317952229495,2714.988510984392
2335,test,0,0,0.6873822162430734,0.4885614165054713,0.48856141650547114,0.8240016748625785,1.5073733222670853,1.6865876981371306,0.2458878849516417,-1.4204743013466852,119346.12949578786,118984.5585826661,340.0029183378943,21.567994783896143,0.00018071800799084444,2738.6910296429637
2336,test,0,0,0.6818365032117581,0.482631168065137,0.4826311680651372,0.8214306657869601,1.5019634442869574,1.7019842897425508,0.23845388239965135,-1.4155947259379675,116466.45979024778,116092.17365694094,353.63215958379357,20.653973723069136,0.00017733838360216542,2777.385164111614
2337,test,0,0,0.6732903644524049,0.47819806356626277,0.4781980635662627,0.8183413818397094,1.4900396771263331,1.711302165752735,0.2504505479126421,-1.4102128692790936,114336.79252630088,113980.55773071217,333.010990279352,23.223805309522927,0.00020311751621142213,2870.841543156993
2338,test,0,0,0.6734992795391008,0.47842887151068386,0.47842887151068386,0.8347202009754255,1.5079260504280683,1.7447111800333424,0.25526412023808903,-1.4074294605749762,114447.1212669544,114098.21001054882,325.2550082446824,23.65624816094902,0.00020670024635892307,2911.830711705508
2339,test,0,0,0.6737233161381955,0.47806586836315756,0.4780658683631575,0.8100371599741703,1.4836782128622872,1.694404921120272,0.25527573800758707,-1.406469241777971,114273.51176969605,113931.45316322026,323.00689520194646,19.051711273934263,0.00016672027470662317,2711.4394719195984
2340,test,0,0,0.67055282113055,0.4732226573318488,0.4732226573318489,0.793060927419865,1.4632042410667054,1.6758726893833584,0.24497787982274447,-1.4097717783156374,111969.91435477545,111608.67429846084,339.01870359470854,22.22135272002743,0.00019845824521772264,2908.7532264393
2341,test,0,0,0.6663175240742567,0.47177401700289445,0.47177401700289434,0.817135392071068,1.4831311866582837,1.7320483168238043,0.24437254812401146,-1.4122148592876353,111285.37705265856,110949.2670975677,314.91045788113803,21.199497209742447,0.00019049670110486453,2821.3747973020536
2342,test,0,0,0.6639454971591476,0.4715092848547675,0.4715092848547675,0.8031342614849564,1.4637062677647918,1.7033265033844132,0.25749320830701455,-1.4058892591199432,111160.50480799882,110791.0487120188,347.06629358625923,22.3898023937118,0.00020141868222337084,2863.508555034887
2343,test,0,0,0.66739540301729,0.4734080126223408,0.4734080126223409,0.8169868687493727,1.4822372780181468,1.7257563179462285,0.2568063072103089,-1.4085096636084342,112057.59519035133,111711.68447386303,323.676828959847,22.23388752845491,0.0001984148195460235,2867.083350608689
2344,test,0,0,0.6679123818849475,0.46941510132973213,0.46941510132973197,0.804303747418031,1.4720701586193172,1.7134168567215793,0.24597249237416963,-1.4076067593628414,110175.2912969201,109848.64295380759,304.06546835203824,22.582874760594926,0.00020497222648347308,2882.898039186079
2345,test,0,0,0.6655305334518198,0.4701441533244109,0.4701441533244108,0.8046343616058584,1.468751690350473,1.711463081942532,0.24889671031762348,-1.4035378679658783,110517.7628057784,110173.08711316116,321.8575541547179,22.818138462523166,0.00020646580136283869,2920.6578599995883
2346,test,0,0,0.6639305141508812,0.4719453929759376,0.47194539297593774,0.817885181611753,1.4812153857201338,1.73300808480072,0.26037605410236964,-1.4007412887412956,111366.22953642302,111013.03516456789,328.9869665786993,24.20740527648937,0.00021736755726808717,2914.0711322277875
2347,test,0,0,0.6648905455024906,0.4711590602213727,0.47115906022137277,0.8093915999976925,1.4742343698635523,1.7178733645011561,0.25678264652847765,-1.4058447746505565,110995.46340098191,110642.59340143965,330.7972954139586,22.072704128328997,0.00019886131785935436,2890.576697311336
2348,test,0,0,0.6644590709037147,0.4680863775932787,0.4680863775932788,0.8099109318428673,1.4729455814231187,1.730259564499868,0.24505829115016994,-1.4122875485794684,109552.43057937297,109188.18232476144,342.84095272609494,21.40730188557065,0.00019540690948030242,2843.8828951014566
2349,test,0,0,0.6635965736819198,0.46992298288448436,0.4699229828844844,0.8145410386609147,1.477633757633157,1.7333500772000836,0.2517650944997272,-1.4004556679461873,110413.83486430199,110084.63580261909,305.9145806161121,23.284481066811068,0.00021088372752769226,2916.5947938725226
2350,test,0,0,0.6639104380975331,0.47173144637534703,0.47173144637534703,0.8197795853247081,1.4835574220778653,1.7378099162641498,0.25755660177791706,-1.4105751991305315,111265.30932410384,110922.14814886125,320.8934052781787,22.267769964506915,0.00020013218944678706,2846.8805673202964
2351,test,11,1,0.556902784262289,0.6630121087628067,0.6630121087628065,7.86093626603068,8.417710505484138,11.856399245406452,4.217405451080242,36.83888356720857,219999.0955566025,114213.19472617231,40049.88097484702,65736.0198555831,0.29880131865664966,12235.568063453242
2352,test,11,1,0.1364525963494889,0.14358753916541134,0.1435875391654113,1.3976759503652938,1.5340556768278475,9.733964092491243,2.9542986000252904,18.74597359433132,10308.86186676427,5873.970857476104,3123.33264682935,1311.558362458828,0.12722630096415272,9059.941377784598
2353,test,11,1,0.11232706690868872,0.10724011116747219,0.1072401111674722,0.9847115597621486,1.0970054803801759,9.182306406083145,2.7880942977923855,16.704034534029258,5750.423243452376,3192.512029249458,2093.5948890714203,464.31632513149333,0.08074472181855126,7659.0296342845595
2354,test,11,1,0.19390616840212896,0.1603747357610657,0.16037473576106567,0.6858958798042004,0.8796485570637742,4.276832485798028,0.29674821803727663,-1.1119770282445993,12860.028246426366,10359.61255673426,2183.6492554848555,316.766434207271,0.024631861465412897,7151.9973588211315
2355,test,11,1,0.1718933338130155,0.19834907364665777,0.1983490736466577,2.434209609607395,2.60590471336036,12.27235179299973,4.459679644638257,45.27002970634749,19690.720143616538,9771.651344750584,4556.3266760649485,5362.742122801013,0.27234870455154686,11127.813471513316
2356,test,11,1,0.20169146363389245,0.2595984420413672,0.2595984420413672,5.544011279896381,5.745699248843266,21.356103820580476,10.54353818069603,210.56572463972287,33716.554191264215,12351.14899361756,9859.086748657606,11506.318448989066,0.34126614433127017,11754.06487908122
2357,test,11,1,0.1620060610898072,0.1922781261203364,0.1922781261203364,3.1300872158877318,3.292009249853436,16.278956317312876,5.534647081260227,74.0179293548096,18485.741764320763,8086.550907288109,5961.742386310145,4437.448470722526,0.240047087495684,10601.088085960559
2358,test,11,1,0.1486889592789812,0.22472802243788198,0.22472802243788204,4.736761403880198,4.885261173723848,21.07775146372547,12.215876584947805,229.7502952992694,25254.895760867894,6187.321815393027,8804.472501919063,10263.101443555794,0.4063806693456373,11689.300817684963
2359,test,11,1,0.14938820510955703,0.33765229395527824,0.3376522939552783,6.287759412230531,6.436930113079143,18.621995244206275,10.340080682407773,152.03882307335718,57005.575978651,9118.04993195177,20242.976927705236,27644.549118993953,0.48494465049080526,12000.26885899294
2360,test,11,1,0.10813874823581136,0.2013260482490369,0.2013260482490369,4.294274143152128,4.402184644146473,21.32994801467609,12.416066681029378,228.30720802744707,20276.77685480843,2866.4107514055277,8753.240856156324,8657.125247246586,0.4269477989147785,11676.783544683785
2361,test,11,1,0.12561450591830362,0.23636346362150928,0.23636346362150928,5.102542537538728,5.227929403350572,21.5876957434905,13.127573005234972,249.8916841468061,27939.553351749146,5546.46060246052,10478.4140466545,11914.678702634132,0.42644485230785617,11826.917803718497
2362,test,11,1,0.21086827424647844,0.2656877441469616,0.2656877441469616,4.496016109908795,4.706879154384751,16.922181052588876,7.982054648300198,112.00164165748832,35307.2173975402,12042.867527837514,9642.364168940338,13621.985700762334,0.38581306330051823,11893.255028819189
2363,test,11,1,0.1548486680190763,0.2979021531205228,0.2979021531205227,7.103107836802701,7.257894727074017,23.84376132363497,14.893292863193075,329.82598518342274,44418.490338349235,9708.3096298766,14607.99745494444,20102.183253528186,0.4525634054737949,12045.669378736486
2364,test,11,1,0.19412383165724167,0.33142857514083207,0.33142857514083207,5.539253625007797,5.733260241671815,16.71326506066664,9.190469784805158,125.44439186465425,54923.49339418323,9295.310365181755,20827.50783523376,24800.675193767758,0.4515494856777322,12007.63604455536
2365,test,11,1,0.1572588588383369,0.34365088176968883,0.3436508817696889,6.69988788112138,6.856989206673461,19.496204539383584,12.77297400572495,212.97862262663833,59191.70410071038,10709.669435182626,21052.493474706207,27429.541190821594,0.46340178252263564,12127.413238544743
2366,test,0,0,1.0292525692600756,0.7661989205509409,0.7661989205509409,1.2766108111720533,2.3021779684349895,1.6661610672253324,0.22739292154454185,-1.485730656443341,293530.4182276123,293428.0372605728,80.14784385876953,22.23312318077867,7.574384731581188e-05,1964.0369479026983
2367,test,0,0,0.8812631477853283,0.647975271016569,0.6479752710165688,1.0866255650976673,1.9654412551317364,1.6769553001504622,0.2428773401032287,-1.4637297122862036,209935.9841518268,209450.000490779,465.52772835442494,20.455932693422167,9.743890632216881e-05,2217.655328139101
2368,test,0,0,0.7896212928514433,0.5730095682244537,0.5730095682244539,0.9633603698988008,1.7527898081607418,1.6812291160929487,0.24424070665797964,-1.446315715314826,164169.98460062238,163750.49996225207,399.2364644185156,20.248173951901958,0.00012333663794365243,2451.1663367474002
2369,test,0,0,0.7415953772487118,0.5343485963579744,0.5343485963579744,0.901843915659003,1.6430666486267,1.6877445207226365,0.25153370926289814,-1.4313616125936601,142764.3120166456,142324.59844319345,414.9652519463416,24.748321505289134,0.00017335089670311726,2685.4983730113545
2370,test,0,0,0.7083659491006401,0.50935815300445,0.5093581530044502,0.8579544702108833,1.5659475525608286,1.6843835033369683,0.260171392136906,-1.4227717277237681,129722.89671585635,129338.82326043316,361.53710181786494,22.536353605360873,0.0001737268761020983,2658.308980437391
2371,test,0,0,0.6871107694215607,0.4927107729526111,0.4927107729526113,0.853285563319223,1.5393409770913422,1.7318183611164752,0.25930657263380663,-1.417784233363801,121381.98188603071,121020.05672006689,337.67766172439946,24.24750423949624,0.00019976197342257083,2831.175840467862
2372,test,0,0,0.6800405279233237,0.4834824220364065,0.4834824220364065,0.8325845703051309,1.5117137506022118,1.7220575813249253,0.2595119948770503,-1.4050999516103222,116877.6273349905,116514.69557679919,342.61363732232826,20.318120869210606,0.0001738409765196168,2712.7672882417296
2373,test,0,0,0.6703272667239653,0.4759035222431856,0.47590352224318566,0.819421688048984,1.4885121028637514,1.7218231211792991,0.25130085960774357,-1.4062616099682497,113242.0820342981,112873.36877609947,346.8896611451411,21.823597053503804,0.00019271631765737052,2807.611594171184
2374,test,0,0,0.6632802201382001,0.46828780048274526,0.46828780048274515,0.8105286644824664,1.472906886076089,1.7308344647178817,0.2400712061943726,-1.416986823808789,109646.7348565853,109305.88957024194,317.0900657171801,23.755220626026418,0.000216652330387198,2966.3110098566835
2375,test,0,0,0.660406532589972,0.46792481334407426,0.46792481334407415,0.8145076605634094,1.4747104850393953,1.7406806335882132,0.25478258489072647,-1.4031088365078117,109476.83513334524,109145.47913965517,311.27635542368745,20.079638266472916,0.00018341449350463472,2770.6164930886325
2376,test,0,0,0.6605857532845112,0.4668170118554344,0.4668170118554344,0.7995233613624004,1.4582421145169064,1.7127125641470833,0.2551345783726745,-1.4075546402915944,108959.07293627456,108604.22566629655,331.3682756030421,23.478994374861035,0.00021548452774183276,2902.0896584043403
2377,test,0,0,0.657585370049801,0.46239536332913783,0.4623953633291378,0.8005238895556067,1.458080362801411,1.7312541453530657,0.23845593405182727,-1.4091024711155469,106904.7363062387,106557.13575145225,326.26412096783207,21.33643381862286,0.0001995836158044732,2855.5922370776475
2378,test,0,0,0.6553243561887648,0.4621239096906234,0.46212390969062345,0.8026419714784715,1.4566181611735374,1.736854455368504,0.24444928337598298,-1.4051950127324606,106779.25510692372,106438.75492483779,320.39184942291075,20.108332663029945,0.00018831684715251484,2863.742352895265
2379,test,0,0,0.6565726230663713,0.4626260506609771,0.46262605066097706,0.8036142160373274,1.4568783116992563,1.7370708261870758,0.25329936157189603,-1.4034608624771667,107011.47490130107,106669.1284198923,318.6394753949828,23.707006013626938,0.0002215370457746929,2960.8509728346035
2380,test,0,0,0.6552648339911502,0.46073777647991965,0.46073777647991954,0.7908208574608762,1.4460726825382153,1.7164228718183752,0.24492143329239174,-1.4064019293977477,106139.67832469686,105800.02123695215,315.72052212818744,23.9365656165538,0.0002255194852138927,3007.8893726278484
2381,test,11,1,0.0792614721917198,0.1654364978085895,0.1654364978085895,3.4657150006628945,3.544941662788915,20.948914215246123,12.392698828776037,216.57184043050404,13693.20048560215,1644.255201180409,6449.697400601634,5599.247883820118,0.40890717182644787,11430.362200574527
2382,test,11,1,0.06937786866166243,0.1024406093380285,0.10244060933802847,0.9106276340391433,0.9799786627354479,8.889322700476129,3.8491058303775305,19.71731086880996,5247.645461573678,1283.6373523255395,3472.9411661127842,491.06694313535434,0.09357852902434682,7779.360722194517
2383,test,11,1,0.10879244177020155,0.3391785547999921,0.3391785547999921,6.301089150026673,6.409630003967322,18.577498668046154,12.94285422058466,198.75208141236143,57530.30930790891,5060.765458541183,21048.46773756307,31421.076111804705,0.5461656036583333,12236.080616172037
2384,test,11,1,0.1327577706541124,0.36473038614649117,0.36473038614649117,4.789593589666932,4.922272244933993,13.13187431480751,8.8053354184847,88.60916708705068,66625.84446779013,5834.054367262584,25232.1695086511,35559.62059187653,0.5337211239261308,12406.448208664084
2385,test,11,1,0.15584855291360872,0.32130245257796847,0.3213024525779685,6.618762443332729,6.774474956764607,20.59978811312246,13.712324197553018,245.87116589858465,51729.870636826345,6833.716208136354,19621.54602050854,25274.608408181462,0.4885882778564024,12174.00691074225
2386,test,11,1,0.09345266190750044,0.19463951445686872,0.1946395144568687,3.831254989230805,3.9246803571841156,19.683849910547302,9.812535319216337,159.8775605165868,18957.878256396718,3021.9462762334733,9320.756230915755,6615.175749247484,0.3489407232064806,10972.279133139698
2387,test,11,1,0.132099476358635,0.19079189953075842,0.19079189953075837,2.679858121373909,2.8117584392311983,14.045974320528623,6.1857012313475295,71.5680292445251,18201.08989681771,6703.113722061371,6730.286828290154,4767.689346466182,0.2619452666567933,10485.06861985866
2388,test,11,1,0.10310161456410424,0.24691051651249168,0.24691051651249168,3.5915034975117015,3.6945258347550407,14.545769650641835,9.23767790834021,110.25103061191182,30516.199544428808,3392.551284370264,14232.75945643507,12890.888803623478,0.4224277267834587,11589.902122231666
2389,test,11,1,0.14046055817876185,0.4728595422458552,0.47285954224585525,6.935362272021433,7.0756811457831645,14.666854853096124,9.614886436444735,105.13818518075254,111883.04781059308,7826.7064924662145,42125.16678488578,61931.17453324106,0.5535349254883045,12473.471404288171
2390,test,11,1,0.09504293287338987,0.18876187338968645,0.18876187338968645,3.834107171649315,3.929136921693498,20.31187285227909,11.682363512269184,197.32779902379616,17832.26150970597,2751.8531933232343,7364.734888169275,7715.673428213441,0.432680589840714,11749.43998927241
2391,test,11,1,0.12927764518430196,0.2477259143430244,0.24772591434302443,5.266473354266382,5.395732416036481,21.25927506709666,11.794109011677543,218.05991095625345,30687.681673585346,5826.992939681416,11560.960411951812,13299.728321952098,0.4333898032251794,11793.000027782176
2392,test,11,1,0.10716341588135765,0.17308247527871334,0.17308247527871332,3.087489141491689,3.194614776479284,17.838253910570266,11.34978114766673,187.14158200156174,14996.3207426425,3209.140223288944,6101.673447196338,5685.507072157233,0.3791267984813314,11421.630618827723
2393,test,11,1,0.09005706794682919,0.1175597195407524,0.11755971954075238,1.8789700936513765,1.9689326335137594,15.98311140067008,5.537731977188118,67.7215459912736,6912.086627682377,2232.710148479075,3470.3779138154023,1208.9985653878957,0.17491079474408627,9507.021540093503
2394,test,11,1,0.18305423053467212,0.30408399481395604,0.3040839948139559,6.836231448328853,7.019278176284843,22.48139186842564,13.511117603717054,273.6394097163126,46233.79382322527,10837.31312750756,15297.744143494921,20098.736552222806,0.4347196042157009,12016.118703946391
2395,test,11,1,0.15511923033746644,0.37684516054116146,0.37684516054116146,6.200280855111752,6.355361963145697,16.453125857336087,9.885342781088301,128.36369800345358,71007.40460298292,6621.190128570391,28784.17799671182,35602.03647770082,0.5013848439716839,12146.61254494821
2396,test,11,1,0.21718554403685267,0.18131581264665725,0.18131581264665725,0.7493611106643803,0.9662724385270849,4.1329054522382584,0.5572872157117669,-0.722328592674617,16437.728131016003,14039.215548897146,2004.6354455561027,393.8771365627577,0.02396177460920279,7015.069408613159
2397,test,11,1,0.1525782621598155,0.3120074529654506,0.3120074529654506,5.21991500489951,5.372457867459161,16.73009716686968,8.927890805906753,114.18397007898416,48674.92776873997,8405.391302544891,18667.089471832496,21602.446994362614,0.4438105608907784,11769.94291417647
2398,test,11,1,0.2463470702872437,0.3795142583534437,0.3795142583534436,4.8748973602547485,5.121087724139215,12.845096733400544,7.099780216273559,75.70107189984368,72036.99119765741,19556.14332217573,22335.622456079607,30145.225419402155,0.41846869112965474,11668.027632202029
2399,test,0,0,1.0225068304665619,0.7619200074974731,0.761920007497474,1.2193039681784577,2.240550085552968,1.6003044363978065,0.22860350224225395,-1.4874776617863523,290261.04926300165,290166.21350595343,72.58987506341106,22.245881984627562,7.664094800563773e-05,1999.1746570802609
2400,test,0,0,0.8766117003826658,0.6423761677843317,0.6423761677843317,1.041909346255823,1.9166530173970386,1.621961396621471,0.23766805131838636,-1.4671099154039993,206323.58050496553,205850.42722644485,450.6637124866179,22.489566033993686,0.00010900143347140312,2327.917627735275
2401,test,0,0,0.7876843597183469,0.572168281240359,0.5721682812403589,0.9465976570358035,1.732477757614106,1.654404286416836,0.24154690777548252,-1.4518564618248815,163688.32416874802,163258.97170504075,404.6196682570923,24.7327954505489,0.00015109688229840754,2569.843185032325
2402,test,0,0,0.7392649221427273,0.5318319313337541,0.5318319313337541,0.8952923250191379,1.6331651251530275,1.6834121312984727,0.250073724436611,-1.4294690026933126,141422.60771473308,141015.77611766904,386.1979572637953,20.63363980006395,0.00014590057511656523,2611.7205563644543
2403,test,0,0,0.7108640632052556,0.5088517794525576,0.5088517794525576,0.8468858042340144,1.5571224179002456,1.6643074436039644,0.2535511855971339,-1.424481560535088,129465.0667514328,129069.31386851202,371.1323872790887,24.62049564183419,0.00019017095699726052,2817.275307611919
2404,test,0,0,0.6884522515090211,0.49176001358135646,0.49176001358135657,0.8327966851441161,1.521109736568178,1.6935022412234795,0.25519138851973433,-1.4162428324537986,120914.02520151167,120561.16129897952,332.67450078976964,20.189401742377456,0.0001669732002448054,2717.382542072414
2405,test,0,0,0.676116313201128,0.479481267341301,0.479481267341301,0.8200378759086743,1.495934703401872,1.7102605081023128,0.2505120698050901,-1.4120051290707525,114951.14999456203,114602.13264616781,326.8155303205304,22.2018180736426,0.0001931413306843202,2840.1365698281243
2406,test,0,0,0.6678926645962056,0.47072503260328546,0.47072503260328563,0.8105314076694194,1.4774758730782196,1.7218787010048677,0.23938387294598792,-1.4199479785833085,110791.02965012782,110452.9464104716,317.8125377066146,20.27070194964148,0.00018296338623853645,2825.771939684138
2407,test,0,0,0.6621489648793358,0.46738980491505683,0.46738980491505683,0.8075895185496192,1.4689538482343778,1.7278714898293301,0.25361993061410715,-1.3988702286717223,109226.6872013876,108866.52943640847,338.85398264754906,21.30378233148479,0.0001950419158296522,2868.5990381087922
2408,test,0,0,0.6591347657426959,0.4671411782702503,0.4671411782702505,0.795960883022868,1.4544166560517624,1.7038979221874309,0.2573170342600082,-1.3984697921622609,109110.45218092664,108778.40560943405,310.47051790817545,21.57605358431101,0.00019774506615125796,2830.7264737456458
2409,test,0,0,0.6575856786323712,0.46294720502002945,0.46294720502002956,0.7889823336051777,1.4441792115103453,1.7042598487467746,0.252790605100019,-1.3972020382280204,107160.13857694365,106815.20322318346,322.32209970675154,22.613254053528237,0.00021102300121879144,2877.020346822654
2410,test,0,0,0.6566036302524153,0.46340396823186075,0.46340396823186075,0.790613357357448,1.4443943044170737,1.7060996701734552,0.24802088313213427,-1.3996880780142282,107371.64604100223,107021.67344436781,328.7143866538407,21.258209980590696,0.00019798718529911313,2877.880928743206
2411,test,0,0,0.6542164623159915,0.46216187640452255,0.46216187640452233,0.8060951889138669,1.4587050629779696,1.7441836509429125,0.25520270534121803,-1.4026720655408191,106796.80327483601,106457.15807262108,315.3987004237844,24.24650179099836,0.00022703396588193047,2976.58768724446
2412,test,0,0,0.6567779803705925,0.45996853811833366,0.45996853811833366,0.7903628325032478,1.4466929739865009,1.7182975943017984,0.24497123720472713,-1.4011500612521055,105785.55290994215,105453.02116640384,309.60661037990525,22.925133158392185,0.00021671327064773122,2959.645638559477
2413,test,0,0,0.650909007498587,0.460203504884592,0.46020350488459194,0.8034629216701141,1.4538614483899437,1.7458861419832157,0.2493548078107507,-1.3968730563972438,105893.63299495353,105543.07180241562,326.16922006875427,24.391972469061884,0.00023034408943382184,2971.455643644511
2414,test,0,0,0.6521775913009187,0.46020045194808706,0.46020045194808684,0.7767939377060393,1.427703514113091,1.6879469249058148,0.25140942849116743,-1.3988347418687532,105892.24799215131,105569.15957893911,302.70688988691,20.38152332520244,0.00019247417739883197,2844.140780471456
2415,test,0,0,15.99180098308297,10.986965486747803,10.986965486747808,16.620789806711954,32.60501886671409,1.5127734611307844,-0.015067513846024387,-1.4822156281590095,60356708.22160444,60315904.100655995,37415.611767727205,3388.509180735452,5.614138478682887e-05,1954.3004963271674
2416,test,0,0,10.859817660748027,7.480701341323228,7.48070134132323,11.040345989764669,21.895642747171223,1.4758437058271583,0.008440331808258145,-1.5310707478468415,27980446.553474866,27971220.437981408,8517.76635364571,708.3491398355378,2.5315862578596645e-05,1562.5280914582263
2417,test,0,0,8.59319315545843,5.8841308853076395,5.8841308853076395,8.590006502788746,17.01161246537231,1.4598598620974823,0.026675666808897908,-1.5418505514189311,17311498.184119985,17308584.623079203,2652.8394052483654,260.72163552456806,1.5060604966225898e-05,1271.967942757673
2418,test,0,0,7.36934894789569,5.005501792302654,5.005501792302654,7.364357166463509,14.594061601441354,1.471252528125801,0.037837721397361544,-1.540945355338257,12527524.205832515,12526040.25145856,1225.980635004248,257.9737389529323,2.0592555617080822e-05,1109.2740656100448
2419,test,0,0,6.614468188573839,4.4483199094847565,4.4483199094847565,6.612147073577391,12.928819784661755,1.4864369488082227,0.03888239155966766,-1.5347331288445214,9893775.028855968,9890970.338051846,2587.1653599844244,217.52544410695592,2.1986091605330217e-05,1160.5294337338619
2420,test,0,0,6.123802722996566,4.083267083979839,4.083267083979839,6.118712159904185,11.96004215022549,1.4984844327009974,0.03976155726582287,-1.5267199637101294,8336535.11671806,8334420.490091841,1899.5680108466968,215.0586153682738,2.579712222851385e-05,1058.3634635118133
2421,test,0,0,5.792494110618718,3.8341947357702186,3.8341947357702204,5.783919238341041,11.351585955359042,1.5085095142354985,0.03617308743736761,-1.5217076735909398,7350524.650451001,7348441.284830124,1870.5280119332147,212.83760894015478,2.8955430946972724e-05,1057.0122024783436
2422,test,0,0,5.5533210380095985,3.6571437436862078,3.6571437436862078,5.538951634066179,10.77201041020453,1.514556720289919,0.03525427564030784,-1.5184900932966852,6687350.212644908,6685248.895684124,1880.285059487666,221.03190129696813,3.3052239567029945e-05,1066.173804084701
2423,test,0,0,5.374465163147193,3.5230537278697334,3.5230537278697334,5.373463328161393,10.389567851903848,1.5252288903951907,0.0318498315377877,-1.514098366654446,6205953.963277982,6203409.038658354,2318.255310963658,226.6693086603609,3.6524490835996194e-05,1200.2836158167952
2424,test,0,0,5.230102943407838,3.417441992425985,3.4174419924259856,5.222938955447171,10.113334669265896,1.5283182471049035,0.02973019480363398,-1.5079710918465608,5839454.88748078,5836784.293829623,2457.9060463412493,212.68760482486496,3.6422510135465965e-05,1187.2570115196959
2425,test,0,0,5.129502106055617,3.3416219671107212,3.341621967110721,5.123516764089465,9.91219512373209,1.5332424835953034,0.025793577651487588,-1.509717285208325,5583218.77511608,5580808.427767682,2191.5860934016496,218.76125499512443,3.9181924228032095e-05,1172.8849998633013
2426,test,0,0,5.047309339376516,3.280338541152949,3.280338541152949,5.045524734984501,9.768823343911208,1.5381109820485594,0.022963784228713043,-1.5071759347193185,5380310.497574848,5378073.072998999,2017.1758700047387,220.24870584458515,4.093605860551381e-05,1189.2370031682483
2427,test,0,0,4.994585052262642,3.233535922137744,3.233535922137744,4.99273220777011,9.586271430714987,1.5440472374493777,0.02278975756339884,-1.5096879811117385,5227877.303171861,5225396.555832701,2271.5915951567536,209.15574400117907,4.0007775980947364e-05,1226.441559512889
2428,test,0,0,4.953797017540783,3.2036005275125303,3.2036005275125303,4.946154151428491,9.500929712317884,1.5439359898186136,0.021152110570295087,-1.5076909541818988,5131528.207338705,5129124.144111617,2189.643674158805,214.4195529290296,4.178473629403104e-05,1219.5314995557023
2429,test,0,0,4.916289854894043,3.175144275687743,3.1751442756877415,4.915028670319938,9.447907020687126,1.547970184521878,0.02217904198960238,-1.5055292873692878,5040771.060762736,5038305.426331273,2239.4651673227454,226.16926414249053,4.4867989721451085e-05,1253.3918691265194
2430,test,0,0,4.88831052759604,3.1516288498864666,3.1516288498864675,4.886662534255883,9.380410150275566,1.5505196731626307,0.017147264064323972,-1.5029607976771726,4966382.233276346,4964399.310410105,1766.939810334179,215.98305589468396,4.3489011870155415e-05,1247.2660992754402
2431,test,0,0,4.863207368249619,3.135957574565103,3.135957574565103,4.863124804095038,9.32779257317452,1.5507623073534276,0.020701455296813633,-1.5028387923534599,4917114.9616204705,4915038.483451286,1848.2113226435322,228.26684653801365,4.6422922449384154e-05,1249.8483379776414
2432,test,0,0,4.841864887124859,3.119783482173595,3.1197834821735957,4.830254571943544,9.275462820194662,1.5482659612577472,0.018403110892614732,-1.5033922671166495,4866524.504763246,4864580.276130863,1733.682901712309,210.5457306612642,4.326408517108806e-05,1234.979352764718
2433,test,0,0,4.829973332048627,3.1100235346166074,3.1100235346166087,4.828311404376524,9.242892591981217,1.5524999571978282,0.019113371541483258,-1.5015898016545122,4836123.207540316,4834045.822216395,1853.2977877770616,224.08753614320537,4.6336192550639704e-05,1277.548677184658
2434,test,0,0,4.820502283160574,3.102234550071903,3.1022345500719033,4.811635725309141,9.201684704050422,1.5510225444422368,0.01664118744789662,-1.5029968805477047,4811929.656017772,4809935.57792718,1774.6481297921948,219.42996080909722,4.560124035368625e-05,1211.008442408697
2435,test,0,0,4.814951434221118,3.0979404980648284,3.0979404980648266,4.801528533410281,9.19303328357637,1.5499098631525121,0.01556503279476203,-1.5020082401673522,4798617.687949467,4796669.969295278,1721.599167387544,226.1194867922577,4.712179662907934e-05,1300.5720169501903
2436,test,0,0,4.81053962714877,3.0958482981497317,3.095848298149733,4.8080912853395565,9.19178841356188,1.5530771608586778,0.015991272154146557,-1.502859251741739,4792138.348558671,4790173.832012271,1735.690029372397,228.82651703349114,4.775039875514345e-05,1272.156321045478
2437,test,0,0,4.803340089965611,3.091756202462941,3.09175620246294,4.793681801754981,9.187205839902163,1.5504721225872407,0.015397390645918635,-1.501927047245288,4779478.223923118,4777572.209886779,1675.1153703298294,230.89866599867113,4.831043372955126e-05,1226.8292746835748
2438,test,0,0,4.802958867885638,3.0897316543101363,3.0897316543101376,4.796795019787271,9.176947342697531,1.5524956716211262,0.014174551899481453,-1.501826408588908,4773220.96875545,4771229.922591735,1760.5803350326419,230.46582867960544,4.828308393602322e-05,1218.400841231955
2439,test,0,0,4.794646231235936,3.08401170393114,3.08401170393114,4.779401564748958,9.16083699092269,1.5497352226830825,0.016239042520306824,-1.5008820345354321,4755564.146180513,4753645.403804317,1693.5059114300057,225.23646476834722,4.7362722454127445e-05,1228.6599943636886
2440,test,0,0,4.786435916672344,3.076016818338932,3.076016818338931,4.785023346312228,9.15525513899047,1.55559076198295,0.016408048420040892,-1.4991749445732991,4730939.83524205,4729041.199318668,1684.271215155083,214.36470821490428,4.5311231104239295e-05,1269.6540378302411
2441,test,0,0,4.786772297516465,3.078985465640217,3.0789854656402165,4.766561623483896,9.158796856179833,1.5480948762753513,0.01609568811606745,-1.5012095959290324,4740075.9118089685,4738091.45140239,1764.6404417292913,219.81996485179766,4.6374777311932784e-05,1284.0579206776717
2442,test,0,0,4.782015621944331,3.073947426635585,3.0739474266355846,4.77546712039318,9.133434675633907,1.5535292110118804,0.014310037397846998,-1.500990895487827,4724576.419000326,4722585.690414764,1765.7613536559245,224.9672319142681,4.76163812293397e-05,1252.0543133806825
2443,test,0,0,4.788465546277352,3.0783916598309173,3.0783916598309173,4.785341220042668,9.154242426389828,1.5544939529577293,0.01407818504876656,-1.5005680344938677,4738247.607694773,4736264.07953757,1752.9004509401364,230.627706266053,4.8673629020889595e-05,1301.5484341555202
2444,test,0,0,4.781399870146066,3.075182142436935,3.0751821424369346,4.775075438287109,9.139811852015555,1.5527780850415223,0.015850950610995573,-1.500619211593342,4728372.613434557,4726284.763140077,1868.836594037849,219.01370044735157,4.6319044278590846e-05,1313.0433712779925
2445,test,0,0,4.773542695018463,3.06974652263315,3.06974652263315,4.761542085829191,9.110392045229673,1.5511189769977693,0.015740346542690867,-1.5007672512523706,4711671.867278501,4709642.917280827,1800.1730628717853,228.77693479426205,4.855536235090272e-05,1272.1362731497452
2446,test,0,0,4.777575221432839,3.0713808132056903,3.071380813205691,4.772057743331883,9.124444489367306,1.5537173778041369,0.014993676932268584,-1.5019906852447666,4716690.058145469,4714699.4903559815,1754.5128263240913,236.05496315290014,5.004674045631766e-05,1308.820387271844
2447,test,0,0,4.783490902371705,3.074768373774445,3.074768373774446,4.772051117010415,9.119804874062538,1.5520034477109124,0.014838671471888354,-1.501500948143871,4727100.277576549,4725116.386300346,1762.3865369861544,221.50473922210793,4.685848114389212e-05,1267.5128479262107
2448,test,0,0,4.779904904575552,3.0749304077326536,3.074930407732655,4.775152819497045,9.102290227543563,1.5529303712008473,0.01579329268380082,-1.5018916748519833,4727598.547385291,4725581.569859118,1788.735872012974,228.24165416893075,4.827856085520737e-05,1277.7805323933094
2449,test,12,1,3.158359093968058,2.799443014397639,2.7994430143976388,5.990373091395711,9.148194614099339,2.139844626444261,0.7178658172900713,-0.5953503019881854,3918441.199748743,3907027.3962759385,10146.146186991933,1267.6572858099914,0.0003235106056692329,2692.0494607011724
2450,test,12,1,2.7677765008984334,2.3282391572170087,2.3282391572170082,3.6146674039782756,6.3824144863556285,1.5525326909710433,0.21608737972119285,-1.5005314089760982,2710348.88551291,2707454.894141138,2170.354822074581,723.636549696858,0.00026699018475620197,2964.2731368383284
2451,test,12,1,3.04090701914567,2.6205489000393354,2.620548900039336,4.613940602772054,7.654601197398733,1.7606771629801665,0.21428457017718072,-1.4733094064524133,3433644.7762012375,3423031.977712535,5519.757229855264,5093.041258845504,0.0014832755252219523,5384.578342096804
2452,test,12,1,3.3927019441930444,2.7342435626418755,2.7342435626418755,4.289692560354075,7.6823737760041695,1.5688772642512125,0.13150756947953118,-1.5080390154410332,3738048.709650909,3732992.582190322,1732.6878804242524,3323.439580160397,0.0008890840752235056,5008.876761105042
2453,test,12,1,3.0789653434723734,2.8133418108686135,2.8133418108686135,4.857780300143349,7.936521404073574,1.726693955699439,0.3944011229753982,-1.3076633285486026,3957454.072979216,3931229.4845711575,5563.070793743221,20661.5176143123,0.005220911533853399,7386.698850804344
2454,test,12,1,3.2085741436161914,2.722679392083465,2.722679392083465,4.039508017333516,7.2478269788844045,1.4836517399290186,0.11520291488509823,-1.608862821539181,3706497.7861122047,3685994.700163327,5003.991308316784,15499.094640560998,0.004181600943789637,6395.633437345612
2455,test,12,1,3.36638433127047,2.8913566345888904,2.8913566345888904,4.316480811551795,7.682589395320974,1.4928911777656018,0.15190643821267036,-1.5746009797827074,4180006.467901811,4167701.960900932,2721.0906008131815,9583.416400066788,0.0022926798017318052,6205.861418315974
2456,test,12,1,2.852635282403411,2.6758774418651554,2.675877441865156,4.933475118750153,7.785659529006807,1.8436850064819834,0.4231590561916153,-1.3077252553147798,3580161.9355930923,3572503.7583322534,1906.8179980730224,5751.359262768529,0.0016064522684267227,5042.3002920405315
2457,test,12,1,2.960697393475566,2.774156067266821,2.774156067266821,5.351260919512715,8.311542572861072,1.9289689511898773,0.3921702890615083,-1.3406247947278687,3847975.5001880676,3831217.274106711,4214.94417324554,12543.281908115341,0.0032597093997875754,5783.235498252416
2458,test,12,1,2.8712523926469746,2.844713354524697,2.844713354524697,5.931378031852537,8.80260647844807,2.085052971125651,0.625868582114689,-0.8484868357693283,4046200.404543893,4026957.462452731,6895.688445712361,12347.253645446324,0.0030515674981348743,5979.145896290762
2459,test,12,1,2.8376382431230702,2.6431700299562952,2.643170029956296,5.575036660746559,8.412649965164746,2.109223620713776,0.4484730174541816,-1.0378355154433558,3493174.4854694214,3476374.0405499283,14294.969786944575,2505.475132540058,0.0007172487784283602,3601.9317045511193
2460,test,12,1,2.783611908278344,2.6088525420150375,2.6088525420150375,5.047280654587867,7.8308739299063745,1.9346745641244352,0.4425194522324845,-1.169187153034713,3403075.1822231845,3382911.3962272373,13247.082975832049,6916.703020116821,0.002032486104405789,4849.904300805933
2461,test,12,1,2.9864321421266067,2.8382780975902193,2.83827809759022,5.771806650292827,8.758204971032683,2.0335592397352666,0.46097048180449207,-1.1197345246008508,4027922.1589788427,4013128.31852127,3551.578229300724,11242.262228273616,0.002791082296169236,5455.72194421419
2462,test,12,1,3.679797514120892,3.168536375052921,3.168536375052923,4.736160890420123,8.415907664642873,1.4947472049586354,0.1894075471972248,-1.5710340263404357,5019820.339313842,5012661.480547601,2269.3483793611417,4889.510386874839,0.0009740409130943488,4883.202280017182
2463,test,12,1,3.7809394447278892,3.1933219297621926,3.193321929762192,4.899003639988908,8.679932980697231,1.5341402300624722,0.20418587756974113,-1.5534799690098262,5098663.545800504,5094713.225708526,1539.1487588846398,2411.1713330821703,0.0004729026168177194,3912.1501501880284
2464,test,12,1,3.777623647694433,3.165863836999476,3.165863836999475,4.944890504832422,8.722507759156997,1.5619403611240157,0.19299908582784855,-1.5520292185568008,5011356.957354489,5006586.867885903,2032.4164971078537,2737.6729714750354,0.0005462937473367017,3836.671414790838
2465,test,12,1,3.101219270333604,2.8953123377468564,2.8953123377468573,6.203944113150283,9.304938215602306,2.1427546977464322,0.6581392497458145,-0.6834321844878768,4191419.725572007,4174561.1856091055,11332.299632330307,5526.240330568549,0.0013184650291290926,4276.829704883926
2466,test,12,1,2.932743327255361,2.647082583642105,2.6470825836421055,4.9754583672331645,7.907828596682521,1.8796007340229863,0.39952623431570394,-1.30235146164419,3503523.833072154,3499988.592111705,2785.7919681291046,749.4489923205361,0.00021391291397705799,2360.9244189184988
2467,test,12,1,3.1894404518693626,2.804357902481558,2.804357902481557,5.07809189676345,8.267264282010728,1.8107859529163097,0.2813604589747448,-1.4146307585618798,3932212.9779899656,3918946.774567646,7516.741346087201,5749.462076232555,0.0014621441179342007,4520.600560698725
2468,test,12,1,3.843316632216971,3.210381203277573,3.2103812032775716,4.797256869369943,8.640233012934914,1.4942950900884555,0.19801808959905912,-1.5483964404762376,5153276.540989323,5140862.93866489,4042.998171137652,8370.604153299148,0.0016243265981786734,5645.070526118414
2469,test,12,1,3.7969204294340453,3.0535058871534377,3.053505887153437,4.650218356881872,8.445788959856145,1.5229112137775949,0.188368451780439,-1.5393206330608693,4661949.463105879,4656060.067188338,2318.1008903084416,3571.2950272328326,0.0007660518535208591,3869.820804360964
2470,test,12,1,2.904394034519399,2.5099190995045144,2.5099190995045135,4.449826832637584,7.354073032314773,1.7728965182646843,0.24731880565358422,-1.4620544981326646,3149849.229163402,3135909.302559716,11411.673306174303,2528.2532975156446,0.0008026585127019388,3611.021060935908
2471,test,12,1,3.431750117375981,3.151502564918001,3.151502564918001,5.188033284113277,8.61949074070435,1.646209443668425,0.3328566501481076,-1.4855131461260156,4965984.670852535,4959971.462896143,4272.771042317891,1740.4369140816304,0.00035047166462212235,3062.202958723521
2472,test,12,1,3.9614638542772735,3.370350999016847,3.3703509990168476,5.67656238321052,9.634736840380356,1.6842644534252986,0.30397999780388885,-1.4021007723424193,5679639.280979103,5669765.455950412,1942.267606674306,7931.557422018029,0.0013964896412665701,4980.133335572048
2473,test,12,1,2.547730258317664,2.2446928869781915,2.24469288697819,3.746710487989709,6.293945245211944,1.66914169404864,0.2623322886156085,-1.530980977719988,2519324.7363621606,2515528.1070365305,1816.28228041402,1980.3470452132794,0.0007860626367972114,4105.805659312827
2474,test,12,1,3.061541048247047,2.816660835571408,2.8166608355714087,5.8522439325268785,8.9133927403891,2.0777240406865136,0.5159223245480699,-1.0490423150901582,3966790.5268363953,3942927.140687216,21379.271383271695,2484.1147659100297,0.0006262278658538512,3288.4501905812826
2475,test,12,1,3.2370121409613604,2.796065657529933,2.7960656575299327,5.050198323516179,8.28716838849141,1.8061801624420957,0.3053812376189885,-1.3927284555665018,3908991.581051847,3906696.7255973713,1718.1979663464276,576.6574881301468,0.00014752078027627206,2120.5075547434
2476,test,12,1,3.0227658408729186,2.507588200694021,2.507588200694022,3.8175614220054994,6.840093651262578,1.5224036470377862,0.15926791084865538,-1.540026664966989,3144010.4344323003,3140564.2571260636,1221.493996578946,2224.6833096600226,0.0007075941241466406,4477.051903818655
2477,test,12,1,3.2683371227737514,3.035747236070716,3.035747236070716,6.228293545866386,9.496111042564735,2.0516508989489863,0.5805872710457327,-0.8811754063942634,4607881.150483985,4591041.582201283,13928.158516352409,2911.4097663453326,0.0006318326517687061,3374.3100972421953
2478,test,12,1,3.521625211014238,3.233866702889627,3.233866702889626,6.635248491988692,10.155977566435467,2.0518002445987515,0.5557619923857714,-0.927478150402862,5228947.478167043,5225750.186231162,2127.173316508887,1070.118619378194,0.00020465277646149042,2260.2517275139326
2479,test,12,1,3.4412529722480922,3.2809155865415542,3.2809155865415542,6.395962451335892,9.83719176224804,1.949444379968928,0.4937849123471425,-1.164515187652682,5382203.901742538,5368193.16478173,7237.690178360548,6773.046782448257,0.0012584151225217275,4352.174381567684
2480,test,12,1,2.889267389848879,2.6570162242996456,2.6570162242996456,5.407935674115965,8.297144338437647,2.035341607874986,0.4523132395695108,-1.1831276675417692,3529885.613681294,3523932.4489185913,4214.4259374762005,1738.738825221266,0.0004925765351948464,3339.369949064302
2481,test,12,1,2.8453581207126626,2.4186050178911653,2.418605017891165,3.7780854828029624,6.623346566258988,1.5620927993017886,0.20840693114493858,-1.5386921365707487,2924825.136941568,2923456.310319715,826.2779314959411,542.5486903557111,0.0001854978212212179,2491.6552317697124
2482,test,12,1,3.2018897758512757,3.0799037616414577,3.0799037616414577,6.443500734707806,9.644819063600153,2.092111063650149,0.5941218992957678,-0.8754482664860044,4742905.858838019,4730442.008254728,4902.904148618613,7560.946434679394,0.0015941590787829335,4541.978705765298
2483,test,12,1,3.776485217245208,3.572081667437596,3.5720816674375957,5.858504521219148,9.634906719002174,1.6400813493779103,0.3642422955027035,-1.4767700800293018,6379887.035412833,6371076.913606549,2357.134406716185,6452.987399573265,0.0010114579402040623,4438.53856354928
2484,test,12,1,3.2664783180450288,3.2247731113541485,3.2247731113541476,5.392232161691299,8.658667399799015,1.6721276119258486,0.44691854518196455,-1.4205262500570663,5199591.7547773365,5181041.281511888,14142.119109626454,4408.354155812233,0.0008478269763701888,3943.06833409582
2485,test,12,1,3.0817002421770514,3.112633315099161,3.1126333150991607,6.719452940806347,9.801144066136658,2.1587679178947172,0.6297297283250322,-0.8505231615161479,4844313.445746195,4827219.551574819,5350.451954775324,11743.442216596808,0.0024241705967455013,5829.005303522252
2486,test,12,1,5.453718755725455,4.220225141409781,4.220225141409782,7.1793998737301115,12.633100639443,1.701188830729492,0.19457805379071666,-1.3319947765606082,8905176.388924217,8835869.731955884,49051.33424441667,20255.32272390811,0.0022745560378905688,4582.434659860507
2487,test,0,0,6.127024719369947,4.080640045509385,4.080640045509385,6.125535101158894,12.017449400038458,1.5011211557117983,0.03616603729979137,-1.526678165008542,8325811.781809422,8323423.714998511,2123.406097563856,264.66071334811517,3.1787976990586894e-05,1068.6469591869152
2488,test,0,0,5.80053427883191,3.8356110140039306,3.835611014003931,5.796212011228781,11.311990522313863,1.5111574114441315,0.03248957648791702,-1.5233796460910138,7355956.023896048,7353437.544767397,2269.0239626409802,249.45516600201674,3.3911998004291216e-05,1147.3694862540392
2489,test,0,0,5.560653167458251,3.661083519888043,3.6610835198880425,5.557379587234929,10.808373834937811,1.517960340714892,0.031658840682794835,-1.5180549065170752,6701766.388879849,6699213.058298238,2296.7856486479586,256.5449329598575,3.82801963054903e-05,1164.4483263639718
2490,test,0,0,5.378143159125466,3.522155758311394,3.5221557583113934,5.375801675871481,10.411734368186444,1.5262816424815835,0.029576827616945113,-1.513826953580328,6202790.93221056,6200460.197408142,2080.1703300849504,250.5644723333564,4.0395440547930874e-05,1135.2440799396793
2491,test,0,0,5.245271100433543,3.422920459469904,3.4229204594699056,5.234137060822919,10.126933205872774,1.529143642921083,0.02821188712428426,-1.5114510743831955,5858192.244555399,5855773.102820294,2169.9935340691472,249.1482010436969,4.252987792868271e-05,1183.6519161068636
2492,test,0,0,5.144309032632038,3.347060592932563,3.3470605929325634,5.1380753060039135,9.90708967577666,1.5351007737514943,0.02467811582028996,-1.5081662515678844,5601407.412511482,5598795.507514435,2373.2979474575864,238.60704959429287,4.259769590430658e-05,1178.5732750634775
2493,test,0,0,5.066691524662078,3.2865729437533977,3.2865729437533977,5.063758489988745,9.734522333368659,1.5407412452576603,0.022178036415026206,-1.5104181168149182,5400780.89183139,5398035.578704972,2503.521146061513,241.79198035149088,4.476981851220776e-05,1267.3420945659543
2494,test,0,0,5.0020876802825365,3.244590843119783,3.244590843119782,4.995314533947501,9.66635021334514,1.5395822695302745,0.022826877855535548,-1.503983796833664,5263684.908780711,5261372.301698758,2078.470372539814,234.1367094139281,4.448152073528351e-05,1243.5783327451281
2495,test,0,0,4.953276214086218,3.2028258756627515,3.2028258756627506,4.95279932104866,9.54963869228959,1.5463841973687669,0.02131630460324446,-1.5048149042140058,5129046.795130671,5126557.983247053,2243.4388669644904,245.3730166509033,4.7839886523135535e-05,1236.6142842985982
2496,test,0,0,4.915743962084875,3.1749735771800274,3.174973577180028,4.9063139196168635,9.430604823864996,1.5453085830007414,0.017696144877249593,-1.50437707958148,5040228.613987405,5037945.402526148,2025.2089413466058,258.00251990263155,5.118865425799043e-05,1216.6459775667447
2497,test,0,0,4.8879557081549425,3.1538464507601685,3.1538464507601685,4.881609205347951,9.401011666748673,1.5478271632949478,0.01799247131514394,-1.5055957196155931,4973373.731969235,4970578.871454786,2559.809360030903,235.05115441513703,4.7261912553285474e-05,1195.5412687252408
2498,test,0,0,4.865255338072311,3.1361595427798195,3.136159542779819,4.8601408837619235,9.326746087986976,1.5497109816849457,0.02040014237212314,-1.5035218099706662,4917748.3736924045,4915375.982610295,2128.4518188793804,243.93926323521856,4.9603852149121055e-05,1333.1845688892297
2499,test,0,0,4.849201056614518,3.123547393844261,3.123547393844261,4.847182637054473,9.31015637749806,1.5518197824073585,0.013986958100709403,-1.5052926967946536,4878274.162220424,4875742.029898505,2303.3049020624294,228.82741985688313,4.690745379360324e-05,1264.2444923102014
2500,test,0,0,4.8349775068452585,3.1169887237425318,3.1169887237425327,4.823037486708723,9.293498975224793,1.5473387664097025,0.016480724829952012,-1.5042274615149986,4857809.492645808,4855440.727998505,2137.743263624493,231.0213836806049,4.755669896696156e-05,1281.549375505801
2501,test,0,0,4.820128706463074,3.103954091914621,3.103954091914621,4.819988905238497,9.222348602095735,1.5528544438830179,0.015317086209430824,-1.500159131034225,4817265.543168617,4814985.373600944,2037.7332354565704,242.43633222041504,5.032654522527099e-05,1203.8859813879264
2502,test,0,0,18.807102327359374,14.254460642275014,14.25446064227501,21.045139188753907,39.846954518929124,1.4763897222697797,0.04052020211910444,-1.5596066230881886,101594824.10252777,101549772.61381239,41377.079146332435,3674.409568966408,3.616729101532039e-05,1569.9877375032045
2503,test,0,0,14.317235777841764,10.979989901611514,10.97998990161151,16.724615265859406,31.040432370384224,1.5231904050662897,0.08509448914836659,-1.547484485620201,60280090.98410797,60263890.34307357,14484.885428602787,1715.7556058332084,2.8463056007754602e-05,1454.2918834508403
2504,test,0,0,11.709696421031142,8.987996559786938,8.98799655978694,13.250033727284288,24.957913312362507,1.4741921226990746,0.09842021850155797,-1.5519806068908353,40392042.046643205,40382333.0614807,8248.509289318432,1460.4758732299033,3.615751517448415e-05,1635.2558003456747
2505,test,0,0,10.041716604633715,7.675333115538614,7.675333115538613,11.667973489360426,21.70957381657354,1.5201911518001432,0.10496950716872396,-1.5432720906937034,29455369.946784228,29447229.853947632,6665.001836881446,1475.0909997455565,5.0078848183218915e-05,1832.2186324365987
2506,test,0,0,8.92099289178991,6.77006853092469,6.770068530924686,10.341923673151497,19.262435097509297,1.5275951234335514,0.10700551805738502,-1.5259616928841082,22916923.083372552,22909815.173972066,5842.518304036728,1265.391096449384,5.521644820492907e-05,1938.6978185781013
2507,test,0,0,8.119539755693244,6.121615400285489,6.121615400285487,9.009791833051873,17.129153620961006,1.4717997201574757,0.10413631958788389,-1.514577743848639,18737087.58029169,18730975.40298682,4974.424624848367,1137.7526800359751,6.072195986492065e-05,1990.4908330428802
2508,test,0,0,7.526844460769556,5.634838708986008,5.634838708986009,8.299645941452123,15.825511940638535,1.4729163282378401,0.09497855826931192,-1.5080434817762152,15875703.659066867,15869255.612399023,5213.113180871522,1234.9334869867446,7.778763785890237e-05,2141.8656076439715
2509,test,0,0,7.07346766233776,5.25473942336024,5.254739423360238,7.767054150101205,14.84045925657847,1.4781045308492997,0.08517632932447644,-1.4951788066125087,13806147.664613193,13799658.063054834,5250.13609069845,1239.4654676649716,8.977634440647551e-05,2289.0386130782417
2510,test,0,0,6.7034477895319,4.951730465267521,4.95173046526752,7.4057336145818695,14.108470087870955,1.495584960960061,0.07482000755511165,-1.4944277506892512,12259817.3299628,12253723.065932134,4796.131161770098,1298.132868894127,0.00010588517218127799,2384.7465730916115
2511,test,0,0,6.428859272072092,4.711369694241382,4.711369694241381,6.95611806862615,13.384713500447106,1.4764534562270677,0.06458785195023746,-1.4886304918593989,11098503.962845542,11092945.717197051,4339.888779281363,1218.3568692080473,0.00010977667560301283,2430.2661110839285
2512,test,0,0,6.19479506967355,4.515083302066201,4.515083302066202,6.67750889303397,12.872232020439696,1.4789337087043763,0.057557362477972385,-1.482714121386879,10192993.656424578,10187567.29200879,4122.57872711337,1303.7856886829563,0.00012790998725494042,2585.1827956742945
2513,test,0,0,6.005089258033557,4.352820557361735,4.352820557361736,6.445116544883923,12.450114871135156,1.480675911159163,0.04980077778570976,-1.4768221022160313,9473524.777566358,9467921.377008678,4385.011014866535,1218.3895428183378,0.00012860994945656628,2624.129911187564
2514,test,0,0,5.86717994696775,4.23480007361604,4.234800073616041,6.235423965385766,12.10164342308417,1.4724246379974717,0.0380234034819337,-1.4740122639810027,8966767.398616165,8961837.619737333,3519.322301483806,1410.4565773421966,0.00015729822294262605,2656.364834167881
2515,test,0,0,5.733692311790859,4.114667887713483,4.114667887713485,6.082712984534824,11.81619691188098,1.4782998653908321,0.03841279053986637,-1.4676725498675862,8465246.110126462,8460001.845535731,3867.8429852726713,1376.4216054671888,0.0001625967618142441,2626.8617778343396
2516,test,0,0,5.622020947202775,4.036366461839291,4.036366461839291,5.970872653261092,11.592855537750438,1.4792692164378665,0.03716059494222786,-1.4703434752722013,8146127.107187837,8140973.4234753335,3644.3135194049287,1509.370193095446,0.00018528684529899297,2748.8901345330073
2517,test,0,0,5.519737307291231,3.967213848983709,3.967213848983706,5.972027714986601,11.491723731291131,1.5053455503832935,0.03646038998502109,-1.4669173071851245,7869393.175259057,7864754.028883228,3267.3357776353723,1371.8105981910808,0.000174322284786072,2724.3175590134347
2518,test,0,0,5.4569896411095975,3.9090962906086704,3.9090962906086673,5.820301656803,11.275470876484178,1.4889123275847338,0.034570215372466954,-1.4646692547603148,7640518.540672341,7635919.110135158,3059.3251232049042,1540.105413984978,0.00020157079729427025,2820.669101959265
2519,test,0,0,5.373269743357901,3.835342953059394,3.8353429530593957,5.6344407134902434,11.006968854228035,1.4690839339401798,0.03308918711735351,-1.4606976600032404,7354928.704221809,7350056.467456764,3384.615383111497,1487.6213819394131,0.00020226183580617201,2931.953669347113
2520,test,0,0,5.317918076588073,3.798040139723029,3.7980401397230272,5.65492032520636,10.97227297257632,1.4889048343809095,0.030740001978365343,-1.460296149296463,7212555.569872843,7208289.152023472,2918.320369834666,1348.097479534984,0.00018690982225025003,2812.5467700902486
2521,test,0,0,5.255058836210577,3.7492216061128487,3.7492216061128474,5.565173555146845,10.819509778579231,1.4843543913417154,0.03550922856166382,-1.4546304043792024,7028332.168654257,7023934.605287723,2932.5158874624058,1465.0474790836665,0.00020844881031913224,2811.5965123069986
2522,test,0,0,5.19099273854855,3.7002080699218785,3.7002080699218802,5.4316326124035985,10.621460048481822,1.467926265162238,0.03134560206437407,-1.4558384081161733,6845771.345807497,6841237.021824208,3176.376550440276,1357.9474328529298,0.00019836295491881524,2887.225998580821
2523,test,0,0,5.177534935614443,3.684170066104714,3.6841700661047136,5.3877536080867285,10.564680505776778,1.4624063252821604,0.028501665459396523,-1.456901988364862,6786554.720032605,6782128.587323941,2986.7077081966327,1439.425000458839,0.00021209952027793027,2876.293283233011
2524,test,0,0,5.12901594329701,3.6413814715848427,3.6413814715848423,5.403048494569201,10.531585396791343,1.4837908460652507,0.034931145885639225,-1.4535747081538697,6629831.653360635,6625852.370267662,2470.4437586344498,1508.839334336432,0.00022758335553989633,3007.605194475747
2525,test,0,0,5.095947367788991,3.615831013619053,3.6158310136190535,5.396185772774974,10.491665537469089,1.4923777556114213,0.027107545658935025,-1.448815537709392,6537117.313639367,6532957.7024877705,2815.7386280816,1343.8725235105605,0.00020557570853235846,2836.2487457813527
2526,test,0,0,5.063306290344917,3.5928308150903887,3.5928308150903896,5.367939513488091,10.430726381368004,1.4940696597629919,0.028352885963997876,-1.4519409551957452,6454216.682680797,6449853.569292006,2897.9099377480143,1465.2034510443837,0.00022701491491230858,3023.2202024248736
2527,test,0,0,5.034403683524462,3.574920262337748,3.5749202623377503,5.309023020882276,10.342751463642344,1.4850745279030484,0.02741582489918651,-1.4515277310471233,6390029.331965238,6385668.105645926,2770.6405787498443,1590.5857405538532,0.0002489168136673752,3018.7299159903196
2528,test,0,0,5.013414403365983,3.5479464599284096,3.5479464599284087,5.3355607782136065,10.348565026128199,1.50384478415192,0.025229875021353723,-1.4500931001390474,6293962.189494779,6289169.031968764,3308.0319848850045,1485.1255411288644,0.0002359603531790642,2990.330800587144
2529,test,0,0,5.001444171252806,3.529620102313812,3.529620102313811,5.262833286938112,10.264137875899905,1.4910480829050436,0.025111717959178242,-1.4459558234521959,6229109.227485802,6225005.859520009,2707.195706201658,1396.1722595791011,0.0002241367438892423,2963.779330549454
2530,test,12,1,3.182746691432869,2.646980136579469,2.6469801365794687,4.543873982700432,7.726455465221079,1.7166256444115986,0.23455025700247206,-1.4622037477028347,3503254.3837584043,3497779.8180373944,2561.553079095058,2913.01264191987,0.0008315161626358107,4063.3734889806315
2531,test,12,1,3.190364046390052,2.605943621261114,2.6059436212611145,4.227228479092126,7.416985634423327,1.622148861780214,0.153818681624463,-1.5078965537176063,3395484.622741425,3384668.724603978,3477.0006222988713,7338.897515146209,0.002161369680779463,5821.4795060574315
2532,test,12,1,2.9601516602572957,2.7534681060555535,2.7534681060555544,5.150651943868681,8.110665825792239,1.8706052677861527,0.3912204862589169,-1.3622210017491099,3790797.2725811843,3764417.954248739,4018.379168686331,22360.939163757746,0.0058987430758944285,7323.814191529421
2533,test,12,1,2.845846844861691,2.5257607076242072,2.5257607076242072,4.422893809130008,7.268639154324774,1.7511135539400684,0.29002295703346986,-1.4531719639656564,3189769.7966758185,3148828.4857942346,4042.6109323718415,36898.69994921438,0.011567825360835735,9362.609368262638
2534,test,12,1,2.8252676469543947,2.450656859333775,2.4506568593337756,4.663569595172071,7.488584979320876,1.9029875918409431,0.2755471412127996,-1.373409453945452,3002862.957801564,2990708.8620561627,2820.130836543228,9333.964908860533,0.0031083552729605926,6098.465263890522
2535,test,12,1,2.8145592920856144,2.5414049596205217,2.5414049596205226,4.946507621519122,7.760688866052078,1.9463673440921136,0.3978793440242725,-1.230103959127827,3229461.1974197673,3208326.297563853,3831.1395609317897,17303.760294978772,0.005358095123980404,6992.744273766266
2536,test,12,1,3.1623594582928707,2.7080646163137754,2.7080646163137763,4.661779183064551,7.824029142961081,1.7214431129085006,0.22719076417594647,-1.468488562205122,3666820.1905036825,3643584.271791857,3689.536166715249,19546.382545108394,0.005330608409905003,7957.607805368258
2537,test,12,1,3.067527069131538,2.5823732860941258,2.5823732860941266,4.45145009609063,7.518791963884723,1.723782584052171,0.2588014619463144,-1.4301056923481386,3334338.945965148,3313034.8922018553,3619.4984250312245,17684.55533826046,0.005303766541089163,7667.181205540642
2538,test,12,1,3.326508471388064,2.8502185949360115,2.850218594936013,4.474278500657834,7.800592476545717,1.5698018771638396,0.18619316373811656,-1.5345543468817844,4062050.5297813155,4025179.825451014,4640.607421541187,32230.09690876006,0.007934440173124878,8828.075744157766
2539,test,12,1,3.018218422822014,2.5585090864583675,2.5585090864583666,4.4021721831045,7.419816696492489,1.7206005663236617,0.2299632994747362,-1.456181428941021,3273008.733277718,3249986.87997478,3345.5033998256954,19676.349903114235,0.00601170100863421,8360.760634362563
2540,test,12,1,2.6315980474654936,2.216965950287541,2.2169659502875416,4.346139379292319,6.977148796606343,1.9603996979424168,0.3335031048521686,-1.225805978415253,2457469.1381754354,2450089.7525529065,2219.270829833503,5160.114792692062,0.0020997678923134816,5287.329338128714
2541,test,12,1,3.5628133869987213,3.1437720778050933,3.1437720778050933,6.096052541651181,9.657875022501685,1.9390885823718174,0.4039801588830508,-1.1936531237157504,4941704.041751883,4931408.166987092,3855.867896032659,6440.006868761929,0.0013031955807857086,4755.663530731682
2542,test,12,1,3.4297793253136915,2.8748223740977203,2.8748223740977203,4.929292406253691,8.358888018352445,1.7146424247518173,0.23246037968446254,-1.4316313474533513,4132310.5827336055,4105696.671782291,5871.174112206089,20742.73683910963,0.005019646133516881,7645.019558915238
2543,test,12,1,2.438582869131089,2.0781519896703435,2.078151989670344,4.5577330869846335,6.9959997048426885,2.1931663851533902,0.3933319059678868,-1.1016327207363892,2159505.2260003514,2138574.165336883,4032.902276840619,16898.158386622945,0.007825013888908364,7686.03074625929
2544,test,0,0,5.9553792194315465,4.511896301538483,4.511896301538481,6.854503898244235,12.80848418478854,1.5192068789140751,0.09553438948860032,-1.5181809526818975,10178613.677620856,10166453.64056177,8105.244426877949,4054.792632214939,0.00039836393841432286,3639.658706181035
2545,test,0,0,5.887949123044775,4.292409573870672,4.292409573870675,6.416331158022119,12.304134095917107,1.4948086960481268,0.08307104005017332,-1.473906930732691,9212390.160566136,9207981.041459559,2817.804727584226,1591.314378968157,0.00017273632045892035,2627.4157457349925
2546,test,0,0,5.762763515306695,4.183249889253829,4.183249889253828,6.182680591748969,11.944579745118972,1.4779610961399636,0.07410877654857463,-1.4719579077088172,8749790.129855104,8745347.95026988,2863.3006466675174,1578.8789385673401,0.00018044763533013863,2696.230041734254
2547,test,0,0,5.638814704346616,4.076379701831601,4.076379701831602,6.1493656469107085,11.78770738033927,1.5085360287089231,0.07196104820817346,-1.4643872980871802,8308436.27988919,8303507.948989095,3086.4728956586478,1841.8580044353653,0.000221685277757216,2932.2895362899417
2548,test,0,0,5.543028249784606,3.9973559727201087,3.9973559727201073,5.995074853853089,11.535682238638401,1.4997600650946232,0.06394980633686188,-1.4651658130913279,7989427.525116319,7984926.808160433,2868.5075901737705,1632.209365714613,0.0002042961602171677,2790.7804360276373
2549,test,0,0,5.458382531606359,3.924488371883723,3.9244883718837236,5.998113707102137,11.45454910909757,1.5283810623760594,0.06423335782065015,-1.4622760743254557,7700807.294068654,7696094.722389747,2897.5076989130134,1815.0639799849837,0.0002356978834391804,2887.1062377339017
2550,test,0,0,5.372463912938722,3.853238025446753,3.853238025446753,5.778351097132079,11.148974064039066,1.4996091751851028,0.05697637233121615,-1.4597298144302655,7423722.150349053,7419355.751353572,2706.1259642105806,1660.2730312737215,0.00022364428485455344,2921.0552562621237
2551,test,0,0,5.311198220955906,3.8067719185465787,3.806771918546579,5.707595838797512,11.015300038736314,1.4993269785852221,0.05024891479097068,-1.4623387206573324,7245756.333035946,7241547.446603194,2433.044981214866,1775.8414515400557,0.0002450871061511372,2955.805609561117
2552,test,0,0,5.243874763525447,3.7595532945845953,3.7595532945845944,5.6805722961059,10.924339503275405,1.5109700145196547,0.04868740840220185,-1.4545911904926923,7067121.605425912,7063292.752743573,2414.662329041819,1414.1903532983458,0.00020010839380669144,2785.397577422553
2553,test,0,0,5.217307403722167,3.726726384401432,3.7267263844014296,5.45793597396338,10.675118495390052,1.4645389575172716,0.04373040566620793,-1.4609993476341967,6944247.601930266,6939959.083742383,2722.4477153385924,1566.0704725471564,0.00022552054049913798,2903.7561350274873
2554,test,0,0,5.162119073868904,3.6743670956793593,3.6743670956793597,5.471393423079339,10.632760727836285,1.4890709830035977,0.04071152155184053,-1.4567543104780443,6750487.622582324,6745764.6976431105,2983.281250240064,1739.6436889696602,0.00025770637415140963,3075.665113254879
2555,test,0,0,5.1262976390784605,3.6515002051237864,3.6515002051237864,5.421561552816071,10.54716377821751,1.4847490752454384,0.03804235000734322,-1.4536886574806929,6666734.174574344,6662144.420589074,2874.0387645603087,1715.7152207058928,0.00025735467708451677,3042.675785380796
2556,test,0,0,5.081294868680096,3.6006191469079707,3.6006191469079702,5.3668700712002755,10.447814756858861,1.4905408909490114,0.03690102276729165,-1.4530329411719305,6482229.952178059,6478180.978865625,2430.474880887516,1618.4984315445424,0.0002496823536784158,3036.602047441589
2557,test,0,0,5.0688835667925884,3.5967190599754164,3.5967190599754164,5.41062769419374,10.476741793332621,1.5043231356053484,0.030659357653650462,-1.4498412539148717,6468201.585514773,6464226.92519142,2403.5646580485986,1571.0956652985872,0.0002428952846517617,2970.6600778394386
2558,test,12,1,3.5087907174933934,3.0186993298726374,3.018699329872638,6.796341194738051,10.304808123328257,2.251413755415249,0.6384165205612073,-0.5620953554301833,4556276.135607038,4544003.2794985445,7072.766409958453,5200.089698535866,0.00114130257775587,3806.21719610553
2559,test,12,1,2.95122357108834,2.451622622995187,2.451622622995188,4.884445469591592,7.834946682851296,1.9923317005551955,0.37281693782976827,-1.0448606399909497,3005227.268406732,2991919.187623514,3164.7218839538887,10143.35889927175,0.003375238540494613,6410.574139248684
2560,test,12,1,3.2316154682620044,2.701842327389765,2.701842327389765,4.400338248016071,7.6319473449648285,1.6286436123262653,0.18921034509283532,-1.4872145017824583,3649980.9509802186,3631048.9030316416,3261.70856815503,15670.339380423522,0.004293266072036672,7434.207869316692
2561,test,12,1,3.1676204131555568,2.5912205745034638,2.5912205745034624,4.079630620627402,7.246999998955289,1.5744049969227931,0.15191051374518416,-1.5064486806435575,3357249.8876278577,3335913.252558413,3605.07826374516,17731.556805699263,0.005281571941082975,8321.994155181746
2562,test,12,1,2.843022543880972,2.6017873596389967,2.6017873596389967,5.542071145083872,8.384257268742658,2.1301014952478075,0.5613951331055561,-0.8923880022715847,3384738.0244134087,3343629.1170341005,4530.34844285871,36578.55893644628,0.010806909921126175,8297.940375677295
2563,test,12,1,2.462573794035721,2.0633504054019762,2.0633504054019776,3.6341840947582242,6.096651296233176,1.761302435710245,0.20376127512824524,-1.4876896818736882,2128715.29193464,2110597.1023963173,2358.780579265558,15759.40895905589,0.0074032488133879415,8278.490271934264
2564,test,12,1,2.6960731673841365,2.1311115064706176,2.131111506470618,3.585492498814594,6.280957062263042,1.6824518510308308,0.09657620851967119,-1.4937786019873731,2270862.3474864378,2259515.879634013,2897.902075417688,8448.565777001106,0.003720421797627944,7163.243115417268
2565,test,12,1,2.7479337121890275,2.3102121100128166,2.3102121100128166,3.924641761596373,6.672252966382075,1.6988231273597643,0.20258678241672087,-1.4887215137521879,2668761.7757705674,2636516.3730525402,4587.104873103317,27658.297844924877,0.010363719270873824,9131.682689364794
2566,test,12,1,2.687632678071619,2.1401043044982058,2.1401043044982058,3.6319044847091426,6.319316807581345,1.6970689125176643,0.10445799973981959,-1.5007521862178996,2290023.4876153427,2286191.895741966,1887.2429463337862,1944.348927039184,0.0008490519584425232,4154.445679965969
2567,test,12,1,3.3367707989751363,2.990270699387456,2.9902706993874557,6.212866041845176,9.549084942962509,2.07769351554622,0.49508582500467313,-0.9962874785493097,4470859.550412022,4459876.211161362,4349.408369411953,6633.930881247873,0.0014838155407133084,4704.946903662983
2568,test,12,1,3.485192036902765,2.8511139025762793,2.8511139025762793,4.576954149925848,8.061425408814102,1.605321395890249,0.1816729721813281,-1.467929455485758,4064431.1729699667,4057116.5408200477,3239.1697324101474,4075.4624175098907,0.0010027140930847314,5041.735411039121
2569,test,12,1,2.7179863917170586,2.1910573405881255,2.191057340588125,3.528279973334211,6.246142935517128,1.610309282178415,0.11027274702761665,-1.5368676826430276,2400391.448979526,2392578.684105205,3597.0185389598096,4215.746335361457,0.001756274518122321,5535.104780136407
2570,test,0,0,5.113370870691717,4.290989424805746,4.290989424805747,7.252996469396174,12.36634920869983,1.6902853284763146,0.2861815478840777,-1.4232971275238382,9206297.059628962,9194612.435228769,4669.868746781747,7014.755653410098,0.0007619519126936374,3874.7764624986853
2571,test,0,0,5.788264935221581,4.200008201422153,4.200008201422152,6.340786273274513,12.12845442496473,1.5097080694098355,0.07804637604546649,-1.4685863761797224,8820035.363446359,8815668.60692208,2676.217843453838,1690.5386808376227,0.00019167028375462864,2709.9387944401365
2572,test,0,0,5.643852503308328,4.07651852525169,4.076518525251689,5.983200757494894,11.625893509597518,1.4677231859569395,0.06134866751725771,-1.47181836116047,8309001.7109557735,8304725.389906243,2818.7956886922216,1457.525360854473,0.00017541521972882297,2718.182562834551
2573,test,0,0,5.548042988462883,3.9973756866322074,3.9973756866322074,5.946419024781746,11.494364644619054,1.4875807256914622,0.05579579887843281,-1.466141249372966,7989511.579262554,7984774.327519523,3206.931502549105,1530.3202404897754,0.00019154115058320334,2761.819865788488
2574,test,0,0,5.468855905697157,3.9203602797116437,3.920360279711644,5.903270673587511,11.371599416539539,1.505798001305563,0.04654861319266021,-1.4641698975428492,7684613.301137145,7680001.958576345,3055.494700880576,1555.8478599203468,0.0002024627393664841,2844.18320436128
2575,test,0,0,5.395062153037871,3.859208150531867,3.8592081505318667,5.706611926857149,11.100661079632118,1.4787002162789995,0.04138898787666679,-1.4637262747936202,7446744.1900011655,7442064.010932737,3196.44059002737,1483.738478401726,0.00019924660234656104,2896.1862921313614
2576,test,0,0,5.318754717128919,3.794451338452297,3.794451338452295,5.588098958713366,10.906725668275612,1.4727027599707407,0.04140212037346428,-1.460548407431885,7198930.487715874,7194311.166925336,3216.4727684261584,1402.848022111658,0.00019486894956208465,2773.4497656987214
2577,test,0,0,5.258367633551534,3.7445305312931887,3.744530531293188,5.639390850335185,10.8971619445947,1.5060341485285207,0.03213427317591885,-1.4558230285099985,7010754.918937463,7006352.760503571,2985.8113948016103,1416.347039092718,0.00020202489681487494,2840.9086653063814
2578,test,0,0,5.222585137441085,3.7118535085431574,3.711853508543156,5.476728979990556,10.698918647394748,1.4754701303231348,0.03276121934550527,-1.4559070457668117,6888932.237074545,6884795.700693338,2685.237422034996,1451.298959170347,0.00021067110391358065,2847.720795062949
2579,test,0,0,5.165150425367756,3.6725988700015932,3.6725988700015932,5.363544681138592,10.527457154006697,1.4604221345676842,0.035098974275384415,-1.4524249382303625,6743991.492249702,6739666.772668646,3045.877468731884,1278.8421123284495,0.00018962688695531635,2801.92495074725
2580,test,0,0,5.122981721682241,3.641077532252629,3.6410775322526283,5.4380295927098485,10.559806973207742,1.4935220534415532,0.03034885505831921,-1.4553377602637827,6628723.182044254,6624208.5845141085,2790.755722663768,1723.841807475758,0.0002600563879549631,3076.1261784006874
2581,test,0,0,5.102782062312705,3.6259411756724815,3.6259411756724798,5.489953228214639,10.591177729307674,1.514076749244685,0.027887370653065728,-1.456928633554925,6573725.322379728,6569784.040960378,2533.5802178851604,1407.7012014528568,0.00021414055690164744,2894.8050389822174
2582,test,12,1,3.493438439282676,3.184661734198841,3.18466173419884,6.953151984301309,10.446110721473815,2.183325126695285,0.8008772499956321,-0.4932353014160915,5071063.440097945,5056969.653665128,9232.588912381869,4861.197520433792,0.0009586150080464978,3582.270748313875
2583,test,12,1,2.66720191392937,2.2189626300536034,2.2189626300536025,3.9374485835071535,6.604129891551565,1.7744546619120116,0.15547378591894867,-1.5070919829508345,2461926.8160152556,2428355.251682408,5496.222213388621,28075.342119457688,0.011403808568484969,8868.289386112305
2584,test,12,1,2.248562583909952,1.94560323490036,1.9456032349003598,6.723112335218466,8.970392494695261,3.4555413018537546,0.2986994688029431,-1.340572242252586,1893339.648295108,1798614.3944004613,7527.460211838082,87197.79368280961,0.046055019109396696,11976.04798098093
2585,test,12,1,2.854962904855289,2.5617896043473634,2.5617896043473642,4.890827576712094,7.745406142057618,1.9091449072993136,0.4068729345397862,-1.2966034916884785,3281561.654614774,3226843.1081793695,6438.84452894604,48279.70190646507,0.014712416522350141,9353.11033336459
2586,test,12,1,3.1129780607055872,2.627233424672548,2.6272334246725477,4.246307770745829,7.358174795983359,1.6162658905251552,0.1913128597158753,-1.507362617992872,3451177.9325665007,3419830.5938996486,5515.903660462227,25831.435006395834,0.007484816926603968,8694.324582198886
2587,test,12,1,3.1278209579259566,2.5879959795011325,2.5879959795011325,5.269728671285469,8.397421826433856,2.036219805991071,0.2704021748021864,-1.17821506826413,3349159.5522036017,3318327.993925765,5535.575147484966,25295.98313035373,0.0075529346201825675,7856.244454079252
2588,test,12,1,3.3999247117466367,2.953818606660629,2.9538186066606285,5.1979604200893,8.597767056773591,1.7597425950152488,0.2495295941977711,-1.4716984014437358,4362523.196991832,4338882.122336614,4926.399218714279,18714.675436501817,0.004289874137381431,7502.915107909939
2589,test,0,0,6.2908573952129805,9.470084085540012,9.470084085540012,23.311273494679597,29.601934610531316,2.461569853458204,1.2261616994189628,-0.0325520371810466,44841246.34062085,44813272.96581692,27893.631595261715,79.7432086666659,1.778345054482306e-06,520.5370778547665
2590,test,0,0,5.805608762449454,8.803978425963074,8.803978425963077,21.73690794592457,27.542383628329844,2.468986961828765,1.2506010359018762,0.021736885000478434,38755018.10265298,38736799.57044657,18137.538091683,80.9941147114748,2.089900061378899e-06,563.1165560752335
2591,test,0,0,5.820397314064562,8.709105311826825,8.709105311826825,21.075570169455947,26.89596635332714,2.419946643754056,1.221423311328646,-0.06285165983991492,37924257.75185214,37907340.513825715,16833.4997892621,83.73823715663741,2.208038920749815e-06,574.8458273434703
2592,test,0,0,5.614360683019215,8.309744877113957,8.309744877113959,19.525097019617505,25.139256788941566,2.349662632049268,1.1981933679561967,-0.13687698939257453,34525929.9737298,34508876.36769917,16932.190025038086,121.4160055759618,3.516661409796788e-06,655.5407543165086
2593,test,0,0,5.2828550739817,7.790453881353515,7.790453881353515,18.31733794969994,23.60001025632664,2.3512542694774905,1.1984621036410144,-0.12857030045274298,30345585.891048253,30327913.43794261,17529.84457515822,142.6085305011357,4.699481862474248e-06,663.1721892376264
2594,test,0,0,5.191897701909693,7.526112165786573,7.526112165786569,17.98943202526316,23.18125916419376,2.390268923580818,1.1710987510244952,-0.17649109649687889,28321182.16722608,28304118.086936217,16940.479735868277,123.60055397477765,4.364244163430828e-06,655.4768801952592
2595,test,0,0,5.133215552957685,7.326203703229257,7.326203703229257,17.113793724386063,22.246806337338057,2.335970226550296,1.142958813560175,-0.24571463809780525,26836630.352466498,26818525.820925146,17957.430329470048,147.10121190117152,5.481359245522856e-06,741.94404554773
2596,test,0,0,4.949145291294281,6.978299670473067,6.978299670473067,15.970219637904938,20.919315797549643,2.2885545751895604,1.124497547536319,-0.28189773441628363,24348333.146631908,24328239.071494184,19971.684913635083,122.39022409409287,5.026636663669236e-06,747.8968841816883
2597,test,0,0,4.7752265058382255,6.626718651840833,6.626718651840832,15.003479091085602,19.778701220990115,2.2640887412532287,1.0939318807106682,-0.3522285267303036,21956700.048750177,21936707.39353579,19885.095777753624,107.55943662309716,4.898706835921806e-06,779.3886885478965
2598,test,0,0,4.784082822810062,6.495628848482556,6.495628848482556,14.594684190739743,19.378756297272048,2.246846999909671,1.0534034324964485,-0.4387191344058179,21096597.163189158,21077761.99103625,18721.677974260965,113.49417865680792,5.379738626987704e-06,781.1744242904713
2599,test,0,0,4.773095560711594,6.336550681378064,6.336550681378064,13.811310338336257,18.584400482347974,2.179625956267518,1.0110497522359163,-0.527659088069159,20075937.29340224,20056595.203032304,19182.406221400728,159.68414850993557,7.954007136813193e-06,820.9632071710313
2600,test,0,0,4.680441990643165,6.10321200939531,6.1032120093953095,13.136515483111719,17.81690406367852,2.152393766247889,0.9762885864968971,-0.5998854654096277,18624598.439245977,18607054.025083315,17333.60047320408,210.81368946199945,1.1319099853330009e-05,804.718475702082
2601,test,0,0,4.596099173369934,5.87775656443844,5.877756564438441,12.435677254852722,17.031646189643652,2.115718321866367,0.9356839254498769,-0.6800845577541366,17274011.12654402,17254600.880317375,19035.539876796047,374.7063498503911,2.1691913192912127e-05,858.284280979445
2602,test,0,0,4.524377352141517,5.6777813537727155,5.6777813537727155,11.733461850739342,16.257779576855683,2.066557537116643,0.8985753760745452,-0.7511896081652396,16118600.667648256,16099344.58536245,18864.14038494783,391.9419008451199,2.4316124515187534e-05,903.7108108114566
2603,test,0,0,4.474119229613439,5.501622476571797,5.5016224765717965,11.02906794995199,15.50303659515339,2.00469370570561,0.856844701924993,-0.8276346038102167,15133924.95748255,15116082.55760424,17469.348641480123,373.05123684656365,2.4649999117520323e-05,898.9143204533545
2604,test,0,0,4.528047828201372,5.406802402113385,5.406802402113387,10.6183535771331,15.146395336756086,1.9638878559687412,0.7948784283478212,-0.9368511517271081,14616756.115720788,14598451.750528838,17974.532637218006,329.83255472909036,2.2565373063476438e-05,910.868288785195
2605,test,0,0,4.495027310076345,5.252834610275769,5.252834610275768,10.137788050946604,14.632806827604327,1.9299652098535007,0.7497833001755757,-1.0114370043129604,13796135.724530518,13774549.902210524,21225.866876222128,359.9554437669904,2.609103381948931e-05,991.0281227453494
2606,test,0,0,4.5407109568226875,5.148282515539123,5.148282515539122,9.61187502645368,14.152565878554014,1.8670061321308697,0.6853588574593594,-1.113641115007569,13252407.313496651,13233558.051524352,18560.426631008235,288.83534128662666,2.179493389042367e-05,939.7584230779478
2607,test,0,0,4.508190465034728,4.999768618938473,4.9997686189384725,9.14631907933783,13.654446807639033,1.8293484711857995,0.6390913283102433,-1.181836023295217,12498843.126427362,12480199.791802512,18362.85846735104,280.47615748945157,2.2440169434274847e-05,959.6529418327236
2608,test,0,0,4.55978197346878,4.891972821395566,4.891972821395565,8.559842164409638,13.119387280603405,1.7497730418640625,0.5714406592231193,-1.2704615825985988,11965699.105964571,11946513.924087053,18900.190033341096,284.99184418993974,2.3817400192511873e-05,978.7833804023182
2609,test,0,0,4.605729465600191,4.786407534358226,4.786407534358225,8.194543475989164,12.800046274875058,1.7120446633861301,0.5028052331858824,-1.3545404578889257,11454848.546852026,11437841.150312549,16739.402018065935,267.9945214251353,2.339572804729788e-05,987.0227023846237
2610,test,0,0,4.645362930881129,4.671163083444736,4.671163083444736,7.751379889858617,12.396621581654472,1.6594111041274935,0.4376819433064018,-1.4221226502937765,10909882.27618837,10893368.26599102,16262.744896071088,251.26530128830495,2.3030981904975288e-05,958.86180789969
2611,test,0,0,4.577340804414125,4.536632858849609,4.536632858849608,7.468755043669371,12.045304288505577,1.6463212422182396,0.40735760655009384,-1.4486011670313226,10290518.8848418,10271538.381083686,18716.42041967121,264.0833384441183,2.5662781575875623e-05,1092.784535975348
2612,test,0,0,4.419801621126942,4.394266518846907,4.394266518846908,7.214855285000987,11.633893527148757,1.6418793111561711,0.41160164744810324,-1.4456446113607082,9654789.336251343,9637674.75206273,16845.726482595837,268.85770601321485,2.7847081551921672e-05,1132.921416402642
2613,test,0,0,4.340904082059286,4.287889884113037,4.287889884113038,6.990189706087687,11.331068459105154,1.6302167021562,0.39850315310815665,-1.4586847307070334,9192999.838363916,9176354.506522877,16424.950042342072,220.38179868514467,2.3972783918199892e-05,1085.8688599411312
2614,test,0,0,4.273063624342511,4.1971225535685965,4.197122553568596,6.7887859697737,11.061718944707536,1.6174857615252496,0.385326252464,-1.4699141569663363,8807918.908980403,8790482.104089951,17194.613769775664,242.19112070702542,2.7496974394268267e-05,1125.4185020395078
2615,test,0,0,4.217841674272349,4.123589349984122,4.123589349984123,6.58755726676769,10.805165105004562,1.5975298963251647,0.3747584766433163,-1.479846358889566,8501994.876704676,8485011.705852767,16740.817146055364,242.35370585053764,2.8505510690741857e-05,1160.2027809416718
2616,test,0,0,4.129053737427123,4.053887306203605,4.053887306203605,6.485360477660768,10.61424539553991,1.5997880522569816,0.3799389750483967,-1.4759277763637075,8217001.175919886,8199752.7565156855,17033.65930039479,214.7601038173381,2.6136068283243966e-05,1133.2770466068905
2617,test,0,0,4.04977727691214,3.992386800941826,3.992386800941826,6.488754026493622,10.538516238058946,1.6252819052910628,0.3853262626549969,-1.4724966513673892,7969576.336462763,7951707.019625036,17630.029805422797,239.28703230889474,3.0025063090756528e-05,1163.1993751314444
2618,test,0,0,4.022219412193459,3.9461031915408404,3.946103191540839,6.382530458106834,10.404068925825413,1.6174261412597881,0.3776680715557188,-1.4796496363559632,7785865.219169316,7768211.824531397,17409.13469562983,244.25994229400854,3.13722284445182e-05,1179.6188378377688
2619,test,0,0,3.998434114410877,3.9082627655980344,3.9082627655980353,6.248096418426037,10.246401690135826,1.5986889298805795,0.36786617492937707,-1.4872246372887932,7637258.929650774,7620419.906189194,16623.540014851773,215.48344673564245,2.8214762484882224e-05,1147.402483788035
2620,test,0,0,3.981675746350258,3.876147012217706,3.876147012217707,6.204510090441734,10.185236723686103,1.6006900849954793,0.36028878835516354,-1.4940780953177895,7512257.8302175,7495152.957619066,16882.866699324324,222.00589911305988,2.9552486633253934e-05,1165.2431881213806
2621,test,0,0,3.922305452844157,3.837494758866431,3.8374947588664305,6.153935086706625,10.075836137664737,1.603633483143689,0.36711026490086424,-1.489128548307119,7363183.012267181,7345895.31451013,17049.694225074156,238.00353197644546,3.2323457339024136e-05,1209.289287681681
2622,test,0,0,3.8704788017604734,3.8022129837157137,3.8022129837157124,6.108650989499292,9.978992326927255,1.6066041054674463,0.3756691733084829,-1.484495509694134,7228411.786912204,7211736.052658825,16451.455368029725,224.27888534889456,3.1027408504171685e-05,1204.842508116671
2623,test,0,0,3.8638611844694823,3.7817074517911453,3.7817074517911453,6.071121115335205,9.934804119053297,1.6053915308704578,0.367097523273479,-1.4900400362085269,7150655.627816314,7133946.541084615,16497.101682393884,211.98504930448357,2.9645540260651613e-05,1181.4699028760292
2624,test,13,1,3.541832557088259,3.805549411361689,3.8055494113616892,6.342754730814573,9.884552841511322,1.6667119632917942,0.5305060825906234,-1.393595734347477,7241103.28566013,7218564.875255844,21942.8018614857,595.6085428051833,8.225383885694501e-05,1513.732358297568
2625,test,13,1,2.7180426296140068,2.6853225802941125,2.6853225802941134,5.2866437259768135,8.000858427025378,1.9687183077266595,0.46785896390463755,-1.1717578265775515,3605480.2268364616,3598318.450209067,5451.763941220067,1710.0126861729839,0.00047428153216454936,2981.3077282734243
2626,test,13,1,2.711860640114639,2.5280777901575076,2.5280777901575076,3.7917652296363378,6.502928118570708,1.4998609791196726,0.1861959349470245,-1.6543056016718205,3195620.0711562997,3179055.5976270773,4657.649025842735,11906.82450337246,0.0037259825130163573,6796.9060437075295
2627,test,13,1,2.762388629299181,2.7978691325553418,2.797869132555342,5.4375034147682015,8.199468952836469,1.943444513361508,0.4791989638251764,-1.1826701977791216,3914054.4540039087,3903225.2569526127,6714.5589647717325,4114.63808652651,0.001051247021440239,3918.7075671209714
2628,test,13,1,2.93726024936513,2.959280465901988,2.959280465901987,7.04131641079112,9.978566133966524,2.379401510577988,0.392800127672351,-1.4361919589056888,4378671.867425648,4108050.0354063995,27321.678694456252,243300.15332478838,0.05556482894614157,11540.541395644272
2629,test,13,1,2.7611659369591655,2.5813026339081597,2.5813026339081593,3.7718097367163717,6.532780573659693,1.4612040010999228,0.2001075340120331,-1.6439609871961944,3331561.651670729,3326145.695255722,4847.239289124772,568.7171258884347,0.0001707058687037148,2342.200633140205
2630,test,13,1,2.873456647381827,2.7657981511611553,2.7657981511611553,4.906102964892343,7.778783092915546,1.7738470765961827,0.317924044370724,-1.4363758518594247,3824824.1168256635,3813965.475066891,5792.094607479583,5066.547151292561,0.0013246484012178423,4549.235132290853
2631,test,13,1,2.9834397144847897,2.8711471506267263,2.871147150626726,4.446325033134839,7.429553321766434,1.5486231808649293,0.25672120940964643,-1.6077597383336135,4121788.446320097,4108002.187803479,6926.7802224850275,6859.478294129444,0.0016641995054970705,5127.935466573551
2632,test,13,1,2.997795973832894,2.8849246213314825,2.8849246213314843,4.32930382627697,7.326579786778893,1.500664452119674,0.2314520348566204,-1.6375007419490157,4161433.6647325167,4132328.979287544,6075.459204775408,23029.226240198033,0.005533964516932478,7072.7156601897195
2633,test,13,1,3.0143329902239713,2.9342116331799586,2.9342116331799586,4.692044516032132,7.706301096659445,1.5990818327398961,0.28512833013631306,-1.5786564500971048,4304837.137014829,4295985.647892722,4191.8281421597585,4659.6609799381595,0.001082424452221991,4482.7031486559135
2634,test,13,1,2.867438322499569,2.760880094049642,2.760880094049642,4.227595799967472,7.094904503843281,1.5312493320803584,0.2652462049086421,-1.6004496560614119,3811230.788545516,3805279.572678509,3963.4120137509512,1987.803853258985,0.0005215648076818756,3758.419564174069
2635,test,13,1,3.137624999090578,3.006618820345545,3.0066188203455444,4.703210095361326,7.840669188255561,1.5642854569841336,0.26452512603056944,-1.5944417252551852,4519934.625615719,4495192.531725042,6479.370633818969,18262.723256859153,0.004040483938276287,7073.1799635742545
2636,test,13,1,3.3713373009653034,3.2269445431142563,3.2269445431142563,5.026026361754424,8.39735211916286,1.557518666529023,0.2592295656943694,-1.5948756154567465,5206585.878065491,5194387.251672716,6238.115149651609,5960.511243124849,0.0011448022528996447,4517.8563342080215
2637,test,13,1,2.759814625835148,2.804814389588803,2.8048143895888025,5.620206469440731,8.379861828711,2.003771262120727,0.5220424391577398,-1.1723266685905145,3933506.3688744926,3911535.830698048,6636.396848826083,15334.141327617217,0.0038983390109534324,6172.466294168739
2638,test,13,1,2.5465033563022152,2.5395471791181214,2.5395471791181228,4.963123985921905,7.509589286957635,1.9543342319969768,0.39863255768856687,-1.4113838264448315,3224653.066141957,3214334.788342965,7012.237623850228,3306.0401751385484,0.0010252390279906808,4000.348998363283
2639,test,13,1,2.9532581357659655,3.0190926752064042,3.0190926752064047,5.951548001318995,8.904466402134858,1.9713035145276252,0.5152724260913675,-1.1910459329783847,4557474.123306483,4547005.187082318,5352.72784095529,5116.20838319969,0.001122597352124479,4358.430408992757
2640,test,13,1,3.258735972191382,3.2202264928014572,3.220226492801457,5.220669430945826,8.4784638673882,1.6212118751945521,0.31712919413171403,-1.5665774583958894,5184992.179487705,5164116.293670218,6135.516638139437,14740.369179351226,0.002842891304188548,5937.587998530596
2641,test,0,0,3.7466634108633152,4.068045220865073,4.068045220865073,7.277313868799771,11.023481276992243,1.7888969944272757,0.5853783889889467,-1.2519453012854165,8274495.970977408,8254972.0125144655,19268.000833602702,255.9576293326436,3.093331971281498e-05,1093.9757771051582
2642,test,0,0,3.8852953314067418,4.092783707072065,4.092783707072065,7.080941736769528,10.966115854811505,1.730104066954264,0.5235507917997382,-1.3307670438425152,8375439.236473215,8357665.692359509,17543.398875779978,230.14523792058245,2.747858726242679e-05,1044.3446874437877
2643,test,0,0,3.9628200598292462,4.081106939487751,4.081106939487749,6.908477776474465,10.87110018308158,1.6927950869480526,0.47801316013972306,-1.382108099942859,8327717.319746902,8309113.3875168115,18355.023183679838,248.9090464102243,2.9889228566873258e-05,1135.6004976087493
2644,test,0,0,4.076395809491325,4.07458330240316,4.074583302403158,6.706354320208382,10.782586232860922,1.6458994263911662,0.4156448038236488,-1.4446788211497832,8301114.554873498,8283568.443989666,17315.261088836614,230.84979499534833,2.7809493950401974e-05,1077.274705748955
2645,test,0,0,4.088865353039291,4.03026046854912,4.030260468549119,6.525597499438736,10.614125903462991,1.6191503130783829,0.38719564672427437,-1.4704387923491749,8121500.06795679,8103508.200153421,17738.10284851113,253.76495485683452,3.124606941247946e-05,1157.2406024645381
2646,test,0,0,4.0584921938682745,3.9839618535513,3.983961853551301,6.4389233487342645,10.497330863894604,1.616211094740933,0.37617236020382694,-1.48106852457842,7935976.083577804,7918050.98347935,17683.66906990662,241.43102854361126,3.042234830359595e-05,1158.616115833405
2647,test,0,0,4.033011019266327,3.940814934286725,3.940814934286725,6.343721806966583,10.37616826966405,1.6097487227257417,0.36746820954921433,-1.488441566818006,7765011.272277293,7747286.031596072,17498.245900043275,226.99478117033243,2.923302661269161e-05,1185.2833713296116
2648,test,0,0,4.0045736526152975,3.900067274886487,3.9000672748864864,6.184316804538023,10.188886166004522,1.5856949043829047,0.36056593886523497,-1.4947126330591,7605262.500740728,7588418.802506224,16634.567056320655,209.13117817404807,2.749821957541628e-05,1133.5269387509682
2649,test,0,0,3.942640179658425,3.8584579647201664,3.858457964720167,6.151025897001731,10.093661107763182,1.594166880459415,0.3682031607047603,-1.4896238476452797,7443848.980898402,7427271.055844486,16361.459299686721,216.46575421797877,2.907981539838459e-05,1155.1591994006806
2650,test,0,0,3.9243201258336775,3.82775558862401,3.827755588624011,6.095984554036928,10.020202878629789,1.5925741372186963,0.3618594087562563,-1.4942491081778768,7325856.48345836,7308344.4820212005,17289.249355141714,222.7520820026036,3.0406285259010115e-05,1187.393328867578
2651,test,13,1,3.2871488810427256,3.4063026929424907,3.406302692942491,6.702018332397216,9.987607392133214,1.9675345782637312,0.5321946906650478,-1.1885134584051935,5801453.004270095,5785665.4213543795,11669.315028303095,4118.267887419275,0.0007098683527019989,3261.2228732305402
2652,test,13,1,2.7378719256899204,2.6351302306095197,2.63513023060952,4.544783790252462,7.282468864548719,1.724690391943638,0.3527618089751506,-1.477786073209517,3471963.622304024,3461844.5508554396,4966.1788162143075,5152.892632368159,0.0014841436123540534,4896.519080166789
2653,test,13,1,2.782046916846797,2.8503393784851,2.850339378485099,5.56459653102918,8.34654183263774,1.9522575357277827,0.5033822263241353,-1.1835734216813707,4062251.4149943744,3979299.4005707474,14754.945591041967,68197.06883258228,0.0167879980497654,9282.515343611787
2654,test,13,1,2.4654717552884957,2.323718429114184,2.3237184291141846,4.024765957571612,6.490232770027433,1.732036854011558,0.258663230809139,-1.5847764166341907,2699834.0362192024,2676330.9914894192,2884.6765268785,20618.368202905363,0.007636902093351984,7817.197691036439
2655,test,13,1,2.4233431707813433,2.466759838464381,2.4667598384643803,4.856918822626859,7.280056710456847,1.968946772560726,0.4998880145050584,-1.2642620069552013,3042452.8310130173,3019478.830814445,6154.662373155175,16819.33782541259,0.00552821646204862,6995.638564724324
2656,test,13,1,3.047200341882999,2.829133520696592,2.8291335206965913,5.090016226110166,8.13687237421982,1.7991431612803124,0.23979956293561552,-1.5245084043321357,4001998.439841512,3996361.7608763645,4471.6572481380235,1165.0217170127041,0.00029110998780370375,2766.2630373492584
2657,test,13,1,2.9198405158909737,2.7172243245814856,2.7172243245814873,5.041418372353656,7.960692549240775,1.8553559699676785,0.25367514192866336,-1.490841187410224,3691658.5357649163,3684909.4467981905,5079.986687126806,1669.1022796010527,0.0004521280241470688,3186.4638182823487
2658,test,13,1,2.687496128246188,2.5539145946398274,2.5539145946398287,4.281922397449613,6.966573639772832,1.6766114287598093,0.2871181604820674,-1.5557317782803335,3261243.401279127,3249601.359964837,3903.2794688847393,7738.761845403628,0.0023729482572102177,5721.471014530462
2659,test,13,1,3.176405144551856,3.0222628357336565,3.0222628357336556,4.961899565836328,8.138242494227597,1.6417829406395175,0.27386238242574606,-1.5654487503821946,4567039.976560208,4556099.360806427,3962.3426929486104,6978.273060831158,0.001527964085413379,4753.295531983927
2660,test,13,1,2.9136022099067924,2.7896739513702338,2.789673951370233,4.289618157524848,7.200120582710952,1.5376772455497434,0.25860185292332044,-1.612367472566516,3891161.462033128,3876321.743360096,5413.155076199829,9426.563596833888,0.0024225578118026794,6038.883367661394
2661,test,13,1,2.8256764374265915,2.7142167849637984,2.714216784963798,4.7439904250612015,7.568484734045342,1.7478303322497788,0.3608145933872168,-1.4631507055535766,3683488.1140648164,3674587.287481883,3705.0793517228935,5195.747231211208,0.0014105508339695924,4673.539102914187
2662,test,13,1,3.2502935292065085,3.083331810358712,3.0833318103587115,4.7182099459827,7.968448273371905,1.530231008589954,0.2774933000765417,-1.5719349488776506,4753467.762220564,4737339.744547263,8404.804884043626,7723.212789251301,0.0016247533749221077,5424.9051890456685
2663,test,13,1,3.354147968839032,3.1014861223728114,3.101486122372812,4.700262011934894,8.054296523921948,1.5154870363691741,0.22047468997576566,-1.6157865292650795,4809608.127251206,4799435.961564641,3942.798901425111,6229.366785140056,0.0012951921695750028,4960.398462933309
2664,test,13,1,3.409402966039626,3.21569877412291,3.2156987741229095,4.9334305529423075,8.342773556862085,1.5341706109546638,0.25827080468891805,-1.5982786473856214,5170374.178655681,5158962.34238083,5565.066501386278,5846.769773467067,0.0011308214012060636,4878.594560147242
2665,test,13,1,3.426374047997757,3.1957837583479654,3.1957837583479654,5.013204008337692,8.439007442560978,1.5686931242585787,0.24347872061770295,-1.596929289159152,5106541.135927439,5092368.847523191,5796.175287389004,8376.113116861257,0.0016402713488256285,5245.630466250767
2666,test,0,0,4.48834980135283,4.215454828123943,4.215454828123941,6.68545448178926,11.172795189428143,1.5859390633690114,0.30858368407990505,-1.5149679013008908,8885029.71114079,8870822.908350661,13994.985884645874,211.81690550466965,2.3839752076357832e-05,923.6964835227628
2667,test,0,0,3.812457820024458,4.032234520153521,4.032234520153521,7.011547306928668,10.823781553772278,1.7388738854062769,0.5315848444278205,-1.3218556269307167,8129457.616529587,8111148.115587788,18057.133702954787,252.36723884968137,3.104355182768212e-05,1098.9390507459357
