record_id,split,detailed_label,binary_label,crest,skew,kurt,d1_ratio,d2_ratio,peak_asym,energy_asym,frac_small
0,train,0,0,1.9621160104711948,0.36216500987556877,-0.8298174548863293,0.00020035937637258194,6.948342641744534e-05,0.08771101848468582,0.12290438229195544,0.169
1,train,0,0,1.7685513895869962,-0.12928422329306252,-1.380015633783498,0.00021186707039644873,7.735070860502258e-05,-0.0866673707228352,-0.04689510614270926,0.079
2,train,0,0,1.667419921135683,-0.07366208357293688,-1.401891412700584,0.0002009651467071203,8.910112314864937e-05,-0.0639536509630488,-0.027393439799178382,0.078
3,train,0,0,1.7230900079948503,-0.1229869487766921,-1.3461856079655297,0.00023158976390524574,0.00014966811247305148,-0.09122180176435825,-0.04576784716524765,0.088
4,train,0,0,1.7217801793600582,-0.12112872880262762,-1.3486405859673467,0.00022650219955911027,0.00012513567499275775,-0.09285418887226664,-0.04484678749993117,0.088
5,train,0,0,1.717217207217733,-0.12283281894629362,-1.3470891855614886,0.00022768639312361434,0.0001293418800872557,-0.09197130689357497,-0.04554687286102848,0.088
6,train,0,0,1.7204686749987463,-0.12303936605329416,-1.3455215186684402,0.0002234580674834835,0.00011987646052168681,-0.09231796698648036,-0.045795933740189594,0.088
7,train,0,0,1.72302122946377,-0.1256183069191361,-1.3470508331266016,0.00023286533079831172,0.00014818937591553445,-0.09389289427409486,-0.04669008239736598,0.087
8,train,0,0,1.7176776722427167,-0.1235569087170308,-1.3471625372040306,0.00022976114212568493,0.00014160197962360277,-0.09098734452669723,-0.04593362488219126,0.087
9,train,0,0,1.7220738013422223,-0.12603108341669597,-1.348491700035696,0.00022852982187377782,0.00013631126032515194,-0.09365400488318956,-0.04699795517110397,0.089
10,train,0,0,1.7224832007282054,-0.12240236156302854,-1.3505551098170194,0.00022712445135274767,0.00013134019068721884,-0.09479999464235261,-0.04549695897462876,0.087
11,train,0,0,1.7183491089313387,-0.12300196952782129,-1.3474168871500503,0.00023002979745414433,0.00014003899502787798,-0.09222937331607016,-0.04548760945504294,0.087
12,train,0,0,1.7207904833184389,-0.12258308533194896,-1.3454220491880502,0.00022866772529764627,0.00013503823872805035,-0.09045245787007543,-0.045423866394837774,0.088
13,train,0,0,1.718634339807373,-0.1236080326382628,-1.3483981459217362,0.00023062300360706612,0.00014014359306287967,-0.08980952088696681,-0.046036075124805446,0.085
14,train,0,0,1.7247852907088992,-0.12230571267878966,-1.3465696319403855,0.0002331290979853586,0.0001516006486646581,-0.09143723114382489,-0.045271668062372844,0.087
15,train,0,0,1.7220132741588412,-0.12543323181157054,-1.3464584597371376,0.0002292780680031471,0.00013729049416498037,-0.08815578981451676,-0.046770008214675265,0.089
16,train,0,0,1.719197143346055,-0.12411689943491212,-1.3476507778740172,0.00022871909550248467,0.00013725931041665444,-0.08939460124390375,-0.04623496160946343,0.088
17,train,0,0,1.7204294389293129,-0.12230816233428767,-1.3501528512737802,0.00022542356140964353,0.00012262784699927203,-0.09265275841872526,-0.045316498050714804,0.088
18,train,0,0,1.717341356518111,-0.12135946651622455,-1.3437162700303875,0.0002317421769116521,0.00014631734429982167,-0.09009231093193107,-0.04504254831669698,0.086
19,train,0,0,1.7234637364782017,-0.12310215235748792,-1.3462107061098971,0.0002344688712925676,0.00016096328173143137,-0.09441563685680072,-0.04571820265378666,0.087
20,train,0,0,1.7198437790559669,-0.12169474818352088,-1.3469631840984289,0.00022851491438683733,0.00013748432975381098,-0.09007655460858564,-0.04514271358715417,0.087
21,train,0,0,1.7175620949431551,-0.1227849139432243,-1.345611131039872,0.00023043050988191707,0.0001339585339492413,-0.09054692171185554,-0.04558411145630149,0.085
22,train,0,0,1.7215387974507348,-0.12444536648469647,-1.3480796380958984,0.00022865056366940976,0.000138182851986433,-0.08922063823733822,-0.04636966067479748,0.087
23,train,0,0,1.7203350920266915,-0.12142078801828217,-1.3477091554935485,0.00023058273581439543,0.00014226766071743382,-0.09086898411638561,-0.0450779068565408,0.087
24,train,0,0,1.720390986735177,-0.12123813778072604,-1.3481834624440432,0.000225437278377525,0.0001291105229828457,-0.09010969193856243,-0.04484260480848236,0.088
25,train,0,0,1.7206291572444437,-0.1201794343217374,-1.345120777406515,0.00022480730698915433,0.00012157813890422183,-0.09084577033430717,-0.04451268711486907,0.086
26,train,0,0,1.7220210696889975,-0.12182689066668402,-1.3459654099295915,0.00023339445107066272,0.00015107792491216452,-0.09094664010463349,-0.045189818676570244,0.087
27,train,0,0,1.7212505221350058,-0.12301022270011545,-1.34607395480953,0.00022990096372436719,0.000142689351394043,-0.09103241665895632,-0.045686784242352306,0.087
28,train,0,0,1.7233336837271847,-0.12357976164098358,-1.346514459833682,0.00023075835091974445,0.00014300190100126898,-0.09358381999078393,-0.045912806543500426,0.085
29,train,0,0,1.7224588683082764,-0.12542566991828744,-1.3465167527892825,0.00022450546046552067,0.00012213929677302058,-0.09321920107672009,-0.04678461668797734,0.085
30,train,0,0,1.717019670045421,-0.1210223481713768,-1.3500637942459666,0.0002347949151594505,0.00015874484426945987,-0.08972633503745846,-0.04490335288694881,0.085
31,train,0,0,1.719622305790107,-0.12048760099594301,-1.3447613156553195,0.0002312294520723883,0.00014446602740636024,-0.09135609113689529,-0.04456999954831503,0.085
32,train,0,0,1.7233583773435517,-0.12126765596162951,-1.3444579359125965,0.00023193821419182438,0.00013997484461969806,-0.09335435172778152,-0.04495731330248149,0.088
33,train,0,0,1.720002432986767,-0.1213705258740238,-1.3466326043549024,0.00022771823922083074,0.00013190384619944239,-0.09096142956924802,-0.04504153678097692,0.088
34,train,0,0,1.719230590788202,-0.1195898320307683,-1.3468160786130896,0.00023138582953934227,0.0001415828120515097,-0.09197438506804119,-0.044335299951817356,0.085
35,train,0,0,1.719840021116854,-0.1235731124703215,-1.3460427833509583,0.00023375210658141174,0.00014694898096378721,-0.09079829917592559,-0.04602216126937461,0.086
36,train,0,0,1.7193130232378948,-0.12169776799278809,-1.34881100620452,0.00022660327182548004,0.00013245442576173053,-0.08925892114634416,-0.04521411756187894,0.087
37,train,0,0,1.7193906330217599,-0.12155685422823347,-1.348082554830161,0.0002285168207272026,0.00013716887685125812,-0.08947181286433879,-0.04494676979949196,0.088
38,train,1,1,2.6959606104021594,0.7402925755026378,-0.05605091347451374,0.0006066640461302762,0.0012023680811778096,0.3294444136326315,0.21406098266522045,0.15
39,train,1,1,2.3411841407082017,0.5039123721074408,-0.7527038629709417,0.0010728658001839426,0.0024999394462242707,0.2664104062317304,0.16083366968951418,0.118
40,train,1,1,2.182506442886631,0.5206674849561067,-0.7178830480208784,0.0012440707203663036,0.0027611653937152586,0.20159595484823895,0.1785025116646598,0.138
41,train,1,1,2.88116802914539,1.570717865589748,1.3590151027330872,0.0006170797662743151,0.0012867167616496412,0.49951365765153355,0.5236705819373295,0.21
42,train,1,1,1.9061409810382712,0.2716740017003463,-1.4791018678259236,0.0007596311074311999,0.0013949436886768942,0.1738252219682722,0.11030506036034368,0.067
43,train,1,1,3.1416646872260574,1.4402808813918644,1.8620701312978163,0.0006150411260694054,0.0010947111776773112,0.4497557730801216,0.39859718470265815,0.209
44,train,1,1,2.410603695428406,0.5436098898770455,-0.8053918437233749,0.002103400575368983,0.004746078114129717,0.2790328190098212,0.17961237772786134,0.118
45,train,1,1,3.1163072605551814,1.0482528487110931,0.9781331543164455,0.0013877762128320544,0.002934282533196024,0.4228853951390825,0.2799511168860033,0.216
46,train,1,1,3.0653666826350174,1.6796188075099499,2.1796799074570776,0.0004217289028984591,0.0008425560951256473,0.531486611561759,0.49367379073372863,0.309
47,train,1,1,2.3413456655398623,1.1567764290126668,0.05126159935358254,0.0003745660293933695,0.0005831484123087954,0.4074898657974104,0.4113284374814387,0.18
48,train,1,1,2.442092087752621,1.1218594501743369,-0.003356882307464115,0.0003972452615222802,0.0006239613565963752,0.42428322463300744,0.3987733447209621,0.203
49,train,1,1,3.2335474182913644,1.1922289095326115,1.3847347023428256,0.0015183961632206505,0.0034150717223859154,0.48885640069821323,0.30568116615804003,0.188
50,train,1,1,2.7332876905324217,1.274864473127055,0.6736952903130469,0.0003618961407810007,0.0005499448057368661,0.46244154513620617,0.42416179350971345,0.216
51,train,1,1,2.110784921694401,0.44879674695182564,-0.9749472115650137,0.0008841248448403281,0.0015959455739979129,0.2271582392593181,0.1511088799813827,0.108
52,train,1,1,2.436967404495647,0.49123740225143864,-0.7786052778620118,0.0013661391033125217,0.0028026456528629047,0.3158813933563516,0.1481877496668456,0.132
53,train,1,1,2.1804235708716413,0.9150290972545735,-0.5170688667763659,0.00040982179255018373,0.0005908049375266815,0.3460256923752986,0.34134530365955557,0.081
54,train,1,1,2.2812194472353946,1.2205311707981104,-0.04529723455777912,0.0002917316489734581,0.0004185386511754857,0.4492755695922516,0.46375398454092315,0.044
55,train,1,1,2.5233260181425092,1.1908624666522463,0.16831673495339272,0.0003886590756236551,0.0006122947239950235,0.43680126184235263,0.4193993900770798,0.187
56,train,1,1,3.202239388302573,1.6410136005304834,2.3133241460255443,0.0007108986802576514,0.0016567743276061598,0.5269919354828903,0.45340208866651044,0.295
57,train,1,1,3.571464395317933,2.1564194153183296,4.408579378258693,0.0008444964106371766,0.0016461755498833185,0.589807723588057,0.5626453607503076,0.38
58,train,1,1,2.2484382746022513,0.8885461971803328,-0.4768221255622649,0.0004305604088838494,0.00066682031941689,0.36873476795543564,0.32023961126905504,0.085
59,train,1,1,2.4421249471840776,0.971310303017454,-0.18467480297334715,0.0009514670181210936,0.002160397008041186,0.4005344429709794,0.33018031611339166,0.135
60,train,1,1,3.2629688772765193,1.6919793789382782,2.5290683997988124,0.0007592009542042342,0.0014722009560590296,0.5624272220624091,0.4712053721587052,0.213
61,train,1,1,1.5804098457785667,0.05633250611408825,-1.583191762169486,0.002178717321314268,0.005731938443727981,0.08441470038846785,0.01586774194112311,0.079
62,train,0,0,2.787780856160071,1.4777557141274884,1.4685617424964024,0.00010811958829128212,1.6452193740406707e-05,0.4224155340886715,0.4508387296785531,0.299
63,train,0,0,1.7510375368997473,0.0021519516530183703,-1.2320461860056378,0.00020318422028128578,7.618881085399885e-05,0.014457426750692596,-0.00883498403007045,0.08
64,train,0,0,1.6764742693710504,-0.04296956417189134,-1.3122677124059805,0.00021649890301956258,0.00012402449727311418,-0.030603916005472517,-0.017550782291019498,0.087
65,train,0,0,1.716778308449548,-0.12273740804972783,-1.3490110654137168,0.00023335585803637026,0.00015622148358257967,-0.08741613769551647,-0.04576509725757775,0.088
66,train,0,0,1.721101233417402,-0.1242224590689381,-1.3480959565366493,0.00023352138042079205,0.00015466887458910887,-0.08876898007456481,-0.04625666214489765,0.087
67,train,0,0,1.7149508893574799,-0.1199344793796931,-1.349096266394103,0.00023169927719927027,0.00015172803276949156,-0.08714906356028831,-0.04440085035961347,0.085
68,train,0,0,1.7221918792638489,-0.12051253324762895,-1.343946811812787,0.0002289316284020072,0.00013650931330864763,-0.09057621604607881,-0.04451445822891141,0.088
69,train,0,0,1.719363484607057,-0.11783733101510067,-1.3437194610741672,0.00023022546279801928,0.0001428951475465164,-0.0883031434948089,-0.04368633261223717,0.083
70,train,0,0,1.7194593894519934,-0.12240688424544417,-1.3470799968023195,0.00022905564805474556,0.000131818863377113,-0.0891838425598782,-0.045308471430259935,0.086
71,train,0,0,1.7198900176701368,-0.11772187624240862,-1.3447130656713007,0.00023195573262696942,0.0001499419695853072,-0.08994874322587597,-0.04350251902097106,0.086
72,train,0,0,1.7180835487230046,-0.12187318323403452,-1.3459365439693076,0.00023094470749430827,0.00014704524882690087,-0.08930279261631839,-0.045412734633068705,0.087
73,train,0,0,1.717439214920633,-0.12012228319545688,-1.3490818157179731,0.00022518488462177708,0.00012825725025189413,-0.08890328758058086,-0.04462379023049727,0.088
74,train,0,0,1.7224213618513045,-0.11846734544467155,-1.347225717774993,0.00022773532906937186,0.0001307928505344523,-0.08731910369156115,-0.043805442844773744,0.088
75,train,0,0,1.7229622514535279,-0.1191967050234431,-1.3435629981312969,0.00022897012531747262,0.0001369392352977071,-0.08817222957493881,-0.04409713856417107,0.09
76,train,0,0,1.7216828928307755,-0.12085199831753202,-1.344987349917092,0.00022722800655594226,0.00013157999328497895,-0.09082745303703396,-0.04483562820156633,0.088
77,train,0,0,1.7228979037775345,-0.12114296787009328,-1.3466672088814584,0.00022992958790200426,0.00014081509267532076,-0.09109490213226533,-0.044800993447128984,0.088
78,train,0,0,1.7192324333297602,-0.1199821731776258,-1.3452763810327144,0.00023492933481420188,0.000150416444108596,-0.08991869555365388,-0.04452063150968159,0.086
79,train,0,0,1.720364791775809,-0.12322821330858977,-1.3479946293270628,0.0002292381875404111,0.0001370068239986375,-0.09117966244002548,-0.045850235355491493,0.088
80,train,0,0,1.711675835498753,-0.11990829544683759,-1.3484954862379714,0.0002303321676624962,0.0001403648039398693,-0.0879787679145252,-0.04455648736874384,0.085
81,train,0,0,1.7175642402675988,-0.11954443216119717,-1.347003941456878,0.00023056597732965887,0.00014364359043316129,-0.09042186341556127,-0.04413725794911453,0.088
82,train,1,1,1.6160800054070932,0.34519989881806207,-1.3686162948423297,0.00031129822165583095,0.0003725191601261768,0.04823560198967956,0.14709480398676925,0.056
83,train,1,1,2.465085234868944,1.2566062080515326,0.3016768406942547,0.0008733531026904109,0.0018365913690848229,0.4897758289314845,0.43498325779245567,0.096
84,train,1,1,2.192277667992164,0.6911018795425355,-0.7996368458874348,0.001111230010479272,0.002251267563001606,0.3153358968657717,0.24701289094669446,0.07
85,train,1,1,2.0879979529607,0.6361423026151457,-0.8589143331555427,0.0014366319279128625,0.0031596190693641566,0.30099236737525475,0.22927284577423948,0.158
86,train,1,1,2.100369915276464,1.009418455514583,-0.5887420346978005,0.0001413654406306933,0.00012654223648902625,0.4325259770200733,0.3950528098496659,0.06
87,train,1,1,2.2940883863603534,0.8241290742353669,-0.6774803324807959,0.0010153431926176121,0.0020226608881135566,0.33656727721182406,0.31442396787815075,0.139
88,train,0,0,4.428879726131487,2.8800027815063216,7.359590167966779,0.015652189820889922,0.03271759009736516,0.7215963923859361,0.7580587715415156,0.672
89,train,0,0,4.516766862226903,2.843735393189181,7.959279083421951,0.03898021942631955,0.09109476987993129,0.664765076224614,0.6793068251722141,0.614
90,train,0,0,4.824536226204075,2.6489694329731095,7.764097770046373,0.06418854090861977,0.15649909345471982,0.6460692866703784,0.5964688746945525,0.574
91,train,0,0,4.996008306425803,2.6703603084938603,8.011950661618084,0.0731446510842512,0.18236279897918434,0.6442562721949985,0.5881307514695819,0.605
92,train,0,0,4.85775449797011,2.606025110397043,7.72131618976411,0.08401243916636073,0.20824855505388867,0.613276934947367,0.5820396640749986,0.597
93,train,0,0,5.363333557955945,2.6795592407593607,9.010778428996318,0.08948084038799434,0.22165690696086482,0.6384284411865128,0.5571596825234236,0.622
94,train,0,0,4.714417668772627,2.3730915052778427,6.93498603508557,0.10157927547096349,0.25171545425736047,0.5772996851858411,0.5177600266518743,0.553
95,train,0,0,4.719684080783384,2.262544186338798,6.309359032449208,0.1037360398220221,0.25994748649107674,0.5744211356508848,0.5028031998678149,0.561
96,train,0,0,4.5374240297914845,2.23570584255374,6.115294286688531,0.11158568210692872,0.2829266377824295,0.5623617998290522,0.4968472544424959,0.532
97,train,0,0,4.785704286768793,2.3009863338451613,6.87208876054477,0.11244200623411757,0.2799035805816282,0.5686271959895638,0.4869195886764521,0.57
98,train,0,0,4.569048203226512,2.072737311989477,5.728209598041836,0.11366126933937838,0.2976958678568873,0.5382964573099878,0.4513119335173621,0.507
99,train,0,0,5.166828477448712,2.282970203160324,6.857567238586697,0.11176623142127437,0.27919142532987856,0.5939873850906303,0.4852704411197873,0.554
100,train,0,0,5.034058348017128,2.2926336226658317,7.0143753059390015,0.112304549510872,0.2874429037139988,0.591744871452563,0.4795288162382609,0.573
101,train,0,0,4.459538055143939,2.2408011407796433,6.10932412072982,0.11260309083212779,0.28451259834560455,0.5469130217767718,0.5007612132904806,0.537
102,train,0,0,4.769819276063616,2.214794047091188,6.133174641046553,0.11750659768033388,0.29369316698524967,0.5695626469167763,0.4910613747854985,0.55
103,train,0,0,4.933995422063651,2.3398359526702848,7.3594864502042245,0.12009329381109789,0.3098731481239558,0.5798320439481215,0.4805765048479666,0.568
104,train,0,0,4.834584641991158,2.0697213693366083,5.8199518672924615,0.12026685064717728,0.30227640328042565,0.5714611628720451,0.45132370319650705,0.514
105,train,0,0,5.582856914483866,3.800934497661343,15.64280915502215,0.029339953548715766,0.06579809864079238,0.757807121874866,0.7531178254488956,0.774
106,train,0,0,2.9026407899388347,1.8983978083910549,1.9040942176694458,0.0029524150261086893,0.0035305682832144705,0.6640087857301812,0.6610975631130905,0.011
107,train,0,0,2.870706482269358,1.8841153625551614,1.829139828369665,0.002927290699721824,0.0034653711969110743,0.6628799002573507,0.6600935834065267,0.013
108,train,0,0,2.8310432700189363,1.8935806276856515,1.8816117968846804,0.002835553922979349,0.0036745128348589303,0.6560838127807102,0.6595441612226927,0.012
109,train,0,0,2.84307866748587,1.8774478294553423,1.8151600490714381,0.0029105489092875413,0.0033760112250455325,0.6621788965216309,0.6574656960139557,0.013
110,train,0,0,2.8196992458003365,1.878085990956823,1.8084835728004762,0.0028530319279891723,0.0034014433465577643,0.6594862197706882,0.6582532892239121,0.01
111,train,0,0,2.826881632669814,1.8939342631168976,1.8823964339707588,0.002577054775135846,0.0030061213526972165,0.657676316339237,0.6594575224455493,0.011
112,train,0,0,2.725553928882979,1.8237323784498458,1.5672132745332288,0.00251156402950758,0.002396882033834271,0.650558946843608,0.6500403606632625,0.011
113,train,0,0,2.7804092268016833,1.8379367892495881,1.620712612241503,0.0025283270730360407,0.002480407924414432,0.657664314395365,0.6524036710935722,0.01
114,train,0,0,2.6985671082599962,1.8289665890942248,1.611372289394132,0.002490500550664069,0.0026387119632763165,0.6473502361181723,0.6481980802787171,0.01
115,train,0,0,2.7102935755770825,1.815314796729696,1.5310119823083035,0.00269985791534327,0.002783951297795822,0.6480873974570602,0.6487721294256057,0.01
116,train,0,0,2.482379328283206,1.6923177177206292,1.0685228863742298,0.0017875485935816991,0.0011415864017541575,0.6270447134973547,0.6226467301498433,0.012
117,train,0,0,2.487297173104977,1.6343782023972315,0.8772717191307429,0.0015717389479576929,0.0009920488905075225,0.6258391446550399,0.6079913482759776,0.013
118,train,0,0,2.4813238642166344,1.6432859773148367,0.9101054487784368,0.0015586460692840313,0.0008490888864626854,0.6259965384341345,0.6098229016979878,0.016
119,train,0,0,2.499597678807982,1.6503963105305068,0.9476922153481189,0.0014761630382590341,0.0008583654566581383,0.6267244352566923,0.6100216879059405,0.016
120,train,0,0,2.446575328361222,1.6249636152431974,0.8459288572868195,0.0015119269839604416,0.0008962163995798243,0.6239855092674466,0.6057542101183828,0.014
121,train,0,0,2.4688177339526347,1.6653847451550918,0.9750336468714003,0.0016956048351878948,0.0009655287162879002,0.6256245927277269,0.6161578729893691,0.014
122,train,0,0,2.524415572161419,1.6230601906381088,0.8641036171525127,0.0014037098085913822,0.0007920525207772779,0.6313718604333431,0.6024609567875878,0.018
123,train,0,0,2.527446742253903,1.6646110337504618,0.9757035721623155,0.001657197425721954,0.0009360120155384531,0.6335137984449354,0.6156285784450882,0.014
124,train,0,0,2.5058693075552685,1.677097286198971,1.0229223175021183,0.001713017256531117,0.000982260166375139,0.6328921788307655,0.6182446149801921,0.015
125,train,0,0,2.5287250091826388,1.6720877468290423,1.0096582282673596,0.00161987553432174,0.0009756256630897569,0.6353993225996823,0.6165941292829297,0.015
126,train,0,0,2.5075792154260736,1.6636589413755754,0.9685843704922661,0.0016903342407712718,0.0009910635571996629,0.6312967502895389,0.6158747720252641,0.014
127,train,0,0,2.5031597786197355,1.674659145780776,1.011857856568855,0.001671632136701074,0.0008838695426094449,0.6315078982295053,0.6178792129533875,0.013
128,train,0,0,2.540815160475056,1.6683164074882741,0.9999948251878861,0.001661655197491922,0.001079224718432167,0.6349685905849697,0.6154043550155684,0.015
129,train,0,0,2.4940375261638814,1.665676376023816,0.9751230124955912,0.0016964594464112556,0.0009889108389794868,0.6300387623415102,0.6163390080110535,0.014
130,train,0,0,2.5031708597167213,1.6834547410897363,1.048139269217966,0.0016819554073999284,0.0009769359293430582,0.6343597787649269,0.6192992199353125,0.015
131,train,0,0,2.516293635027456,1.663187146163776,0.9842458481878666,0.0015960373694195629,0.001036510356234066,0.6344368980568572,0.6137576673436939,0.014
132,train,0,0,2.4865450586075233,1.667185001825468,0.9827223159674094,0.0017225899620614527,0.0010911333726613887,0.6308587431788502,0.6164428199303972,0.014
133,train,0,0,2.5357004421994023,1.6873016311433897,1.0673969766372853,0.0016373012865721333,0.0009430985645695476,0.6398175802210406,0.6193915309866972,0.015
134,train,0,0,2.537373546759548,1.668023715312261,0.9984981751484967,0.0016349362241440285,0.0009850203911817297,0.6351903428435254,0.6152117728106495,0.016
135,train,0,0,2.4751080178779685,1.678363498116844,1.0251044604195823,0.0017001959713171593,0.0009508612792479295,0.6305228732412584,0.6183341954599503,0.014
136,train,0,0,2.5059159443447574,1.6816191589885177,1.043341829971876,0.001648455827656388,0.000964597467524574,0.6339357167431853,0.6185985304485374,0.016
137,train,0,0,2.5172525795229777,1.6578276419270552,0.9681552208998725,0.001593878967390196,0.0009616243717139101,0.632191078672601,0.612384787076488,0.014
138,train,0,0,2.5004707096753775,1.6730053178529904,1.0055581868497283,0.001715959893369653,0.0009910657038665876,0.633067081234553,0.6172773812904947,0.014
139,train,0,0,2.5152430728897324,1.6766188859816094,1.033643448501131,0.0015983401992925297,0.0008949704062498412,0.6339598092024725,0.6165442395604485,0.015
140,train,2,1,2.5237374249488247,1.6610241580916665,0.9725807403867326,0.001623434904699455,0.0010090981501673915,0.6349401187419433,0.6137605397356158,0.013
141,train,2,1,2.9128712589900716,0.18685490115398376,-0.5027024578341561,0.32809984800595315,0.8490206590604923,0.21130514625984,0.04231024876435934,0.221
142,train,2,1,5.279645195809092,0.9883515068638603,2.563068677680149,0.3020417991643977,0.783465366704424,0.546427974027907,0.19090249386293814,0.379
143,train,2,1,4.235615000018677,3.529156889941197,11.102306708168982,0.005487887593012234,0.002967658449862463,0.8683491459289827,0.85185148670639,0.916
144,train,2,1,1.9877268316018328,0.08180631551907112,-1.5015872547227644,0.09198258577098052,0.2362494245583719,0.15986352389742697,0.02288264176895675,0.044
145,train,2,1,3.133030197664454,0.430846649765846,-0.5539313178709966,0.12998987560453382,0.3184808366773568,0.3384169651932321,0.12112383114739263,0.132
146,train,2,1,3.6512807393101725,0.14378839641342805,0.05877070588536881,0.4827996681062207,1.2255224792437396,0.23654436592793446,0.021493726395115317,0.287
147,train,2,1,5.028054360545751,1.5782367509647466,4.381387230574398,0.26276263605105626,0.6209414382023849,0.510765308864592,0.3388368229935428,0.492
148,train,2,1,5.871275795859861,2.5276092675731445,8.498201507324119,0.12161449921844909,0.27194276857335037,0.6721274982276524,0.5501613884216047,0.601
149,train,2,1,3.1239755102037248,0.013359688452100069,-0.312212270834229,0.5374990164916248,1.4080804085940724,0.17072842427284465,-0.013366560705049584,0.217
150,train,2,1,3.4519216094191125,-0.05676926915057072,-0.2366776126140424,0.31991249027040264,0.7930301827112008,0.21967216667271,-0.03368089040762251,0.282
151,train,0,0,3.0170465046183277,2.000746130700173,2.6277648281771624,0.0004910801343886168,0.0002771600397886755,0.7055302759926837,0.6422337198238407,0.119
152,train,0,0,2.913148560416623,1.9845504059012395,2.2608231701204637,0.0026125885530599025,0.002627998912163896,0.6759723290035672,0.6759936162925481,0.013
153,train,0,0,3.0196860754131825,1.984486438525353,2.252346403600595,0.0029174425910101012,0.003336014094921446,0.6873671159777156,0.677591830461467,0.011
154,train,0,0,3.037649364785402,2.021947658380425,2.4080764134000114,0.002799748814053589,0.0032800172160731642,0.6892765761486668,0.6830430670304961,0.022
155,train,0,0,2.9306949256604296,1.9902805938573123,2.2859100816844737,0.0027574713745249454,0.00308954089692172,0.6773884039937313,0.6768633015034179,0.013
156,train,0,0,3.0078183095273694,1.9804980444115137,2.224493718137193,0.0029816252771763625,0.0032828396063088044,0.684534943426031,0.6776025215432747,0.012
157,train,0,0,2.9656076866885908,1.988468737628985,2.275629193690154,0.0027409876827832595,0.0029275759834694356,0.6781866163567977,0.6767075123955271,0.01
158,train,2,1,4.169560819579898,3.229517439476155,9.008599979476042,0.0035901138891670666,0.00559530550687939,0.8132555760440405,0.8268535375304288,0.854
159,train,2,1,3.738557456463053,0.5960274443708662,0.0975352761121524,0.37529843044159383,0.9517241388276021,0.3908576750146478,0.1643473244878141,0.295
160,train,2,1,4.142873591277198,0.5453506857271673,0.3072844581442675,0.40461582454883616,1.0239542186207014,0.4173226661190013,0.1343869661891242,0.296
161,train,2,1,2.614976349488652,0.24348690065640793,-1.2345581942416093,0.11357103530516811,0.29980439000443404,0.3063256708776167,0.07735031404946989,0.102
162,train,2,1,3.9343857618757623,1.0487040880334828,0.9979615023673323,0.09354018974997554,0.22322431225025008,0.5171718765045397,0.29028229860010346,0.275
163,train,2,1,2.479846130778839,0.12610577280396731,-1.3931948721568796,0.10268683994836009,0.25744102821647524,0.2733823000874921,0.0345131463698956,0.069
164,train,2,1,2.420502572753515,0.1345175615967886,-1.1736790318566843,0.10556267786714968,0.25847427802642775,0.20069117657925142,0.052595155343892606,0.125
165,train,2,1,3.2878189383206573,0.42258410479507896,-0.8017242176413379,0.08942644557491919,0.22601709523911717,0.39410493393951096,0.1221700288742095,0.1
166,train,2,1,2.3711551226538568,0.2615686054885932,-1.1178731603471026,0.12063681966017702,0.30962291773522255,0.21887407825290306,0.08531043143534196,0.095
167,train,2,1,4.418168152308027,0.71051138223294,1.2019100223983896,0.12259512833944355,0.31262380087038877,0.5067262078712791,0.12457299379234885,0.194
168,train,2,1,25.155344594248046,16.321234327732043,399.8745126578876,1.465520349123283,4.345701739602699,0.9378953063489089,0.6882526835732752,0.996
169,train,0,0,2.908267098292396,1.976406202028307,2.2526790347690744,0.0026624962431834815,0.002751862049087763,0.6749101786515583,0.6709652299500487,0.039
170,train,0,0,3.040250574400017,2.0077488317356904,2.41389264664811,0.0029149984186257988,0.00315185839595955,0.6854501389518476,0.6750798916026622,0.1
171,train,0,0,3.118903830497719,2.04231889840485,2.5725213190864125,0.0027508866316236433,0.002993705240370652,0.692136417897644,0.679908734708118,0.136
172,train,0,0,3.0185310120329807,2.049646472149124,2.5828095822562913,0.0026327221966884534,0.0028108914272407075,0.6852691205996172,0.6821863479331787,0.072
173,train,0,0,3.074091177393876,2.030065904742636,2.502152029187469,0.0029983019985267098,0.0033224202425163724,0.6914480277027255,0.6799973810987117,0.079
174,train,0,0,3.0637875715931226,2.0331224262267655,2.5194141768842737,0.0028515347239096186,0.0033086767616627706,0.6874959807768991,0.6792760684130404,0.117
175,train,0,0,2.051468408530007,-0.4972097814727773,-1.089446615448958,0.00023599558551112325,6.231487640511745e-05,-0.25180215456653005,-0.18279953784453115,0.103
176,train,0,0,2.0588186179903007,-0.49532100521237,-1.0900271620183262,0.00024014398573431802,7.24767073018894e-05,-0.2512217308954807,-0.18212795344677066,0.103
177,train,0,0,2.0610093034286328,-0.4952810991013248,-1.0904972263924702,0.0002367966280013901,6.4971001903344e-05,-0.25386476138637926,-0.18202677786535518,0.101
178,train,0,0,2.054144121712608,-0.4957605625647036,-1.0912698836636716,0.00023599758669656462,6.2074916023468e-05,-0.25139287339282795,-0.18221232978724572,0.103
179,train,0,0,2.0599249462486737,-0.4972330866458812,-1.0905938528419876,0.000237097896800871,6.179204453440826e-05,-0.2532984914495626,-0.18286116132003571,0.103
180,train,0,0,2.0618554448412603,-0.4979123592462682,-1.0896711970750337,0.00023601867880978,5.9369480194438595e-05,-0.25359123915136644,-0.18304158914625152,0.102
181,train,0,0,2.055318751921407,-0.4980044890535208,-1.0903077463775661,0.00023646019921096277,6.16422661789246e-05,-0.2519423635118057,-0.18316032865660742,0.104
182,train,0,0,2.0610675640560285,-0.49658564915610753,-1.0912600947926958,0.00023907562988075774,6.856872069722753e-05,-0.25229490219173173,-0.18256068103863152,0.105
183,train,0,0,2.0574258342780967,-0.4984464576484731,-1.0884415004881918,0.00023590457688792908,6.103792315759544e-05,-0.25225389404587806,-0.18317439499642937,0.102
184,train,0,0,2.0576394715738515,-0.49619020480490417,-1.090069570013234,0.00023391044672251986,5.528836277928947e-05,-0.25245171061002464,-0.18237474742397072,0.103
185,train,0,0,2.0495693876148757,-0.497417333430025,-1.0908240831226685,0.0002368309081505222,6.235305355424978e-05,-0.24956515416732736,-0.18296467213659592,0.103
186,train,0,0,2.056790548597485,-0.49694307358961837,-1.088438698607477,0.0002366897293108631,6.300808433670112e-05,-0.2506520782179182,-0.18271306771379306,0.101
187,train,0,0,2.0589083621404587,-0.49821676546407456,-1.0878657903822877,0.0002382479593224246,6.409777366541363e-05,-0.2524081673236879,-0.18317797796876956,0.102
188,train,0,0,2.0606734205576016,-0.4959900191542741,-1.0893711134042285,0.0002386607720031469,6.808346654428438e-05,-0.2500446978068363,-0.18239931925795597,0.102
189,train,0,0,2.0582700357952075,-0.49603260045124764,-1.0895562098618938,0.00023650467986098658,6.327652398181542e-05,-0.25171838271384256,-0.18232176567424208,0.104
190,train,0,0,2.0601689843199726,-0.49610856194258945,-1.0903687307566967,0.00023716926817986424,6.261196628199115e-05,-0.25153082650849884,-0.18247954511671263,0.102
191,train,0,0,2.06009825191715,-0.49610383220212734,-1.0912447321758079,0.00023922969576546232,6.943619596019043e-05,-0.2531249893470701,-0.18240170042363243,0.101
192,train,0,0,2.0603675989628707,-0.49779907849809835,-1.0891119638267681,0.00023906427393644098,6.835116086378404e-05,-0.2525300550523362,-0.18289272695536044,0.101
193,train,0,0,2.0560642999093783,-0.497878474891414,-1.091677249881861,0.00023722424658344097,6.301639620032433e-05,-0.2524899068493625,-0.1831949357600111,0.104
194,train,0,0,2.0568340509803846,-0.4970767962240783,-1.090477942879912,0.00023497122084645088,5.90102133166071e-05,-0.2503667381324298,-0.18286551523941635,0.102
195,train,0,0,2.053841557870835,-0.4979697213956824,-1.0895054119469705,0.00023681461374703875,5.939849074396874e-05,-0.25051957107186407,-0.18316126426845633,0.104
196,train,0,0,2.058691252750371,-0.49643030396136756,-1.0912514412750867,0.00023918177086624433,6.930205948855481e-05,-0.2514334581884998,-0.1826766018943351,0.106
197,train,0,0,2.0587634634258847,-0.49942537359889416,-1.0883395054930027,0.0002360445591896529,5.957434876060464e-05,-0.2539013504419692,-0.18357102661350935,0.102
198,train,0,0,2.0599823106414434,-0.4985200331794406,-1.0891295198456363,0.00023932784300029564,7.005620157913889e-05,-0.25118552848421627,-0.18327272502234038,0.104
199,train,0,0,2.058235586321363,-0.4985903507330869,-1.090204678735418,0.00023833625200300157,6.933460837028703e-05,-0.2534778822541896,-0.1833923339709342,0.103
200,train,0,0,2.060864506408925,-0.49944712495308236,-1.0883529403715262,0.00023633779475079318,6.206280356924254e-05,-0.25402264192700175,-0.18366071269675505,0.105
201,train,0,0,2.0559464209938447,-0.4962304939147551,-1.0910342290862838,0.00023664630036671964,6.218315552345258e-05,-0.2521211973316311,-0.18245218021676474,0.104
202,train,0,0,2.0592392655457092,-0.4973591550617349,-1.0912572653114794,0.00023804579014118627,6.730537337215147e-05,-0.251109661334221,-0.18285467727116927,0.103
203,train,0,0,2.0599102296751166,-0.4990341996794313,-1.088360178591236,0.0002367526934929624,6.357450436692313e-05,-0.25182690639223043,-0.18351789410311625,0.101
204,train,0,0,2.059533232873822,-0.49859328503019557,-1.089847223961389,0.0002381653771782692,6.368345616107302e-05,-0.2539899716742985,-0.1833826557314404,0.103
205,train,0,0,2.0591992019499656,-0.49733071579478594,-1.090444786454931,0.000235544400864728,5.861762041164801e-05,-0.25339577548782494,-0.18284222534400468,0.102
206,train,0,0,2.060698743611516,-0.49982007337096435,-1.0877838381587492,0.00023826061836437065,6.779579650605203e-05,-0.2534098488876108,-0.18364142424716023,0.103
207,train,0,0,2.057180299913958,-0.4977343112637642,-1.0903324755535106,0.00023709480768794827,6.02421293724475e-05,-0.25132971299853385,-0.1831969946899846,0.103
208,train,0,0,2.058882620700639,-0.4977349210527711,-1.0906921843482202,0.0002362943321198565,6.426737009501785e-05,-0.25240790656370726,-0.18310075929807743,0.102
209,train,0,0,2.0573373516852422,-0.49826832433917584,-1.08841824751239,0.00023840886391356708,7.101361893598246e-05,-0.2522180706322604,-0.1832268471556299,0.103
210,train,0,0,2.0592821782482393,-0.4974403478373571,-1.090536684481539,0.00023923566504266227,6.903465174368668e-05,-0.25273578771565425,-0.1829650600691356,0.105
211,train,0,0,2.057057711135522,-0.49721804423293026,-1.0915031957929717,0.000236159656322439,6.2486961369897e-05,-0.2521706931668276,-0.18286090694257193,0.102
212,train,0,0,2.0527254502320975,-0.49818617871488374,-1.089394158907541,0.00023683893133780073,6.581710867461505e-05,-0.25043345760883307,-0.18315309063543872,0.104
213,train,0,0,2.0557207036592495,-0.4977252149065962,-1.0888841365043915,0.00023827583527352703,6.326218097911642e-05,-0.2504304271832763,-0.18304092875111266,0.102
214,train,0,0,2.0596262679445583,-0.49664224366499266,-1.0894160433633486,0.00023749128864759044,6.766484485055052e-05,-0.25165119063724,-0.18255404537421513,0.104
215,train,3,1,1.3479500128267299,-0.17857219697995422,-1.6040284950172787,0.0006741065550653747,0.0005281911893062104,-0.030110199432816075,-0.08336803172461825,0.063
216,train,3,1,1.3741087595561896,-0.25396921169867376,-1.6132843304354099,0.000632008584498216,0.0006092975481501277,-0.06739297545152789,-0.11495599623541046,0.056
217,train,3,1,1.2817299810758591,-0.1449756879392626,-1.7210298891977496,0.001018589654371467,0.0010588738545177626,-0.02857068310503935,-0.06912052725703394,0.034
218,train,3,1,1.3560886778647105,-0.2259880250906232,-1.6221189043062982,0.0008710304690160017,0.0005702745680210014,-0.023826113472923953,-0.10623861324772975,0.071
219,train,3,1,1.3678170137749581,-0.22786066627713625,-1.6130161020820506,0.0006658718433634236,0.0005901512511647335,-0.050847291680912884,-0.10429509355931278,0.064
220,train,3,1,1.3786918837957258,-0.27083122566648005,-1.6045711365759903,0.0011267062452921409,0.0008586342161258649,-0.0664975237769725,-0.12322673715619431,0.056
221,train,3,1,1.338850250718512,-0.135355844736934,-1.6809408421478538,0.0008331274520560621,0.0010236318035305445,0.01776022028448875,-0.06899954587754299,0.043
222,train,3,1,1.3149004729851754,-0.20061911251283168,-1.6910259480787435,0.0007993060631785882,0.0009486428100829204,-0.0455025035543138,-0.09558046131100598,0.046
223,train,3,1,1.346988145028327,-0.2035760081426029,-1.6534429530458927,0.0011253557025275472,0.0012825375146178926,-0.0222936318398793,-0.09841998851870802,0.039
224,train,3,1,1.3580099553558722,-0.2050568897935226,-1.6491940982705056,0.0013691414638134986,0.001837828086011142,-0.034417932227035215,-0.09679580800206597,0.05
225,train,3,1,1.3463860114269892,-0.19866695514668536,-1.636672996866787,0.000798016079853964,0.0007888972824377212,-0.047476789235447944,-0.09322516455793045,0.044
226,train,3,1,1.315164597146462,-0.12801112673361237,-1.6875458600389623,0.0011208619480621,0.0011780595106099963,-0.02309687848224151,-0.05630060573252809,0.037
227,train,3,1,1.3259944598680875,-0.15960460077256047,-1.6646847188279723,0.0008422270647142621,0.0011021140723487142,-0.015827670885480576,-0.0727685951192769,0.034
228,train,3,1,1.3107698490415238,-0.18811171375244307,-1.6802656720963385,0.0012776770108128067,0.0016223416393483826,-0.02117743081956581,-0.09083548809801717,0.038
229,train,3,1,1.261965269429113,-0.12074329875938429,-1.7237818753047043,0.0008904588519860546,0.0008927971139837704,-0.0011827316563331025,-0.06144035257754634,0.046
230,train,3,1,1.3518180065757945,-0.2296547360621812,-1.618180460883622,0.0008660791666430656,0.0008928301321402671,-0.02284846660485562,-0.10910240012283443,0.056
231,train,3,1,1.3638492212820412,-0.27843317070826396,-1.617642139965761,0.000804576199967145,0.0009591536241695066,-0.05721851033660667,-0.1281431781493865,0.053
232,train,3,1,1.3229293807233475,-0.1667931729132408,-1.645897999402036,0.0006056147017505794,0.0005466852985297386,-0.012500127969312682,-0.07928766769234075,0.052
233,train,3,1,1.383796759605328,-0.2361368887580564,-1.5995445763028349,0.000435250325157745,0.00031779656427757515,-0.06532139661227042,-0.10735485555655164,0.061
234,train,3,1,1.291270684096186,-0.13193200772868324,-1.717545575387579,0.0005953023568698187,0.000531830950227293,-0.019410002794390875,-0.06629947592786284,0.034
235,train,3,1,1.4388082033163416,-0.11239005384702888,-1.5858858801246305,0.0006611000171086966,0.0008061393280995313,0.03800797024685059,-0.06219062052552923,0.052
236,train,3,1,1.3270037003411732,-0.13157466440676358,-1.6692715940582137,0.0005011058113621279,0.0005391147668274242,0.008147908246779564,-0.06881197008481729,0.042
237,train,3,1,1.718252839985108,-0.4195429503848696,-1.2209508378479503,0.0008293368486033764,0.001218087730702112,-0.1252816746499704,-0.1705140225901086,0.083
238,train,0,0,2.054743409301504,-0.4962691513287081,-1.0905449958438658,0.0002373204278645961,6.489766512784066e-05,-0.2498565709911228,-0.18254212866361608,0.103
239,train,0,0,2.0541180371506234,-0.49535411869930623,-1.0913351492144954,0.0002370254618424062,6.24786713615045e-05,-0.2500496254754271,-0.1823282988408673,0.104
240,train,0,0,2.0583110695133375,-0.49653606330744765,-1.0899316049770515,0.00023608277843231617,6.249839759175056e-05,-0.25010290955737274,-0.18260280482088587,0.103
241,train,0,0,2.06046915406104,-0.49644775286573295,-1.090855856987738,0.00023798156594208804,6.329579884957114e-05,-0.25276501867603735,-0.18256966779706618,0.103
242,train,0,0,2.056396527928302,-0.4959531378992676,-1.092617205120161,0.00023636812673641578,6.201665534957753e-05,-0.25011118177234165,-0.18245709068475624,0.103
243,train,0,0,2.0564976376527317,-0.4976047051347907,-1.0895192123721835,0.00023635418293177867,6.446958345240086e-05,-0.2514290043136076,-0.18289564217312843,0.103
244,train,0,0,2.0597849657021654,-0.49867961941559713,-1.0892504433542127,0.0002394858572504125,6.943296680468761e-05,-0.25175651610436295,-0.18341496117364423,0.104
245,train,0,0,2.0615561577802746,-0.49918088816338463,-1.0887346111464495,0.00023889688831355617,6.793503372591097e-05,-0.25255758200863215,-0.18358944262387256,0.104
246,train,0,0,2.060114777015872,-0.49877114298031877,-1.088246973779608,0.0002379741176837834,6.419910968137419e-05,-0.25291917806069986,-0.18331211764165847,0.102
247,train,0,0,2.062485484799277,-0.5001144348587452,-1.08666360714331,0.0002401015522776964,6.399304260336278e-05,-0.2514854347499075,-0.18381954121238936,0.102
248,train,0,0,2.0593754303534046,-0.4994417944758344,-1.0875051552467911,0.00023813237919318667,6.767037202232722e-05,-0.2529760120395755,-0.18373420334529006,0.102
249,train,0,0,2.0584130005139123,-0.49771755624451186,-1.0888946951735554,0.0002348410072810688,5.954138858188911e-05,-0.2507606382322997,-0.18297889203754583,0.103
250,train,0,0,2.0572452662846734,-0.49719273574887857,-1.0897402762608168,0.00023741870001358397,6.341084216303442e-05,-0.24911537546845525,-0.18295933923042754,0.104
251,train,0,0,2.0599516898485066,-0.49668945241633117,-1.0901214652516962,0.00023580652787900217,6.163297316836296e-05,-0.2526523057661102,-0.1825986409453702,0.101
252,train,0,0,2.0603750761983246,-0.49861908789351095,-1.0878124777234661,0.00023916192261507643,7.027168337611678e-05,-0.25421478341026726,-0.18337490712748072,0.102
253,train,0,0,2.0591445757930438,-0.5009232851592298,-1.0842048889631712,0.00023854943663642318,6.847546994986041e-05,-0.25166032301454694,-0.1841876741793119,0.103
254,train,0,0,2.0630906543614533,-0.5023540874115098,-1.085890812035322,0.0002384730301890387,6.255530099597654e-05,-0.2546330003077863,-0.18480182885986,0.104
255,train,0,0,2.058178610503065,-0.5015844364539713,-1.0871286230381885,0.00023867888994096219,6.660693784528307e-05,-0.25437539053811,-0.18463139916425453,0.102
256,train,0,0,2.063004895611426,-0.5025715131286366,-1.084150027615342,0.00023676786268535783,6.513482738801032e-05,-0.25476191124619396,-0.18490194316557973,0.102
257,train,0,0,2.0611850145041286,-0.5030797132412612,-1.0843750303263813,0.00023883719146712974,6.377934259414724e-05,-0.2539749589476094,-0.1851667678221502,0.103
258,train,0,0,2.0606533776466134,-0.5025704182925805,-1.0843201506428743,0.00023899065332586125,6.798051034330891e-05,-0.2549657080781132,-0.18484992949443557,0.103
259,train,0,0,2.060217343344784,-0.5030182234132381,-1.0847713159474102,0.00023678698328439686,6.0337072028867986e-05,-0.25566478718365815,-0.18498091031748437,0.104
260,train,0,0,2.056852376268671,-0.5026275394205271,-1.0863331540651981,0.00023642134599088233,6.029408910627442e-05,-0.25216735458374734,-0.18506015029242837,0.105
261,train,0,0,2.063661749327342,-0.5031616259489717,-1.0851057430635553,0.0002367436522741701,6.317553609392667e-05,-0.2575688274299498,-0.185005792305591,0.102
262,train,0,0,2.0588669627093186,-0.5031613274769586,-1.083152009602982,0.0002374629302973505,6.172690526650691e-05,-0.255353290772951,-0.18505189434115132,0.103
263,train,0,0,2.0632417981302686,-0.5008604515493722,-1.087986569534131,0.00024028838490460015,6.65963268995768e-05,-0.25371418954775377,-0.18442729598020946,0.104
264,train,0,0,2.0633671155951667,-0.500189338860042,-1.0881603936322537,0.00023793772724226174,6.658178232519793e-05,-0.2534505640193328,-0.18422432098326685,0.101
265,train,0,0,2.0627501922262987,-0.5021553202281702,-1.0850585813539073,0.00023915123260689374,6.658724512873524e-05,-0.2553167532318876,-0.18472805051593116,0.103
266,train,0,0,2.0583045248293437,-0.5030039103869809,-1.0844356006343188,0.00023791818327441688,6.06463812256937e-05,-0.2547732449649161,-0.18513328577326424,0.103
267,train,0,0,2.0635079939470256,-0.5044046954858864,-1.0813548964291024,0.0002389674749685862,6.798235313783404e-05,-0.25527486696707663,-0.1854832890843822,0.103
268,train,0,0,2.0642954885394835,-0.5039367032738344,-1.0837551795066576,0.000240768762931718,6.948294802025378e-05,-0.25472844420308816,-0.18538382957695224,0.104
269,train,0,0,2.062005159033401,-0.5028761272926613,-1.0832582156537989,0.00023805700715638433,5.928117725851823e-05,-0.2535981469738177,-0.18502706541976016,0.103
270,train,0,0,2.055872663904059,-0.5034138441691857,-1.0839034283307638,0.00023482624046777367,5.702616204865314e-05,-0.2530177431368771,-0.18518708141317927,0.103
271,train,0,0,2.0619390802018893,-0.50404834559852,-1.082518422333864,0.00023931091097050103,6.503835114112128e-05,-0.2526503611320426,-0.18549150759910335,0.104
272,train,0,0,2.0595976469616533,-0.5030451829754737,-1.0849182702814875,0.00023750524127977459,6.044878222079424e-05,-0.2537071363315596,-0.18518523068130022,0.103
273,train,0,0,2.0600974625076938,-0.5025277231263153,-1.0836191159069843,0.00023859195511894264,6.722330555810326e-05,-0.25498044190775804,-0.18469387080507557,0.104
274,train,0,0,2.0637787905520715,-0.5022237180364402,-1.0838871685212161,0.00023885330543820278,6.540414415498634e-05,-0.2540341506544678,-0.1845695180381979,0.104
275,train,0,0,2.06416249900332,-0.502084840917018,-1.0839124982898949,0.00023762875530734768,6.470105959286424e-05,-0.25448477462424773,-0.18472087542697335,0.101
276,train,0,0,2.06400427800326,-0.503912544326263,-1.080913231364036,0.0002387191190801823,6.48874625481891e-05,-0.2543543704340752,-0.18535021958037148,0.103
277,train,0,0,2.062375366188906,-0.501819813022068,-1.0840803193407715,0.00023978783931473922,6.709439498663191e-05,-0.2532229611910799,-0.18460994705113368,0.105
278,train,0,0,2.063205859129442,-0.5010618189124303,-1.084004651109233,0.00023620146361774888,6.146068549193828e-05,-0.2550806745018248,-0.18429944555097771,0.101
279,train,3,1,1.8599853437509026,-0.3417797125574664,-1.189868458198547,0.0005181855884043487,0.00048489368728858024,-0.17982674214880837,-0.11665091529586695,0.104
280,train,3,1,1.3204232098737276,-0.12113516326887401,-1.689001466788431,0.0008381764033235292,0.0010015130819572185,0.014991559453965747,-0.06008593545289052,0.043
281,train,3,1,1.4858035557303901,-0.352327530094191,-1.4460588717114915,0.0005014265097201646,0.0004616677422502372,-0.09463538254305438,-0.1484029963717187,0.068
282,train,3,1,1.3473696026009028,-0.11738128418303746,-1.655592227255581,0.0006303312167902722,0.0005922447390147987,0.023850902165030205,-0.05839877992019069,0.046
283,train,3,1,1.3287326246677187,-0.1863013246430506,-1.6134847071777236,0.0006463118191368846,0.0006315896253783353,-0.02567537687433882,-0.08838544270618146,0.059
284,train,3,1,1.3705836447837976,-0.27259175373860367,-1.5627346716476551,0.0006453643163282742,0.0006588421043617744,-0.032672793229624304,-0.1232781033875114,0.059
285,train,3,1,1.3022206554077729,-0.10003271590156543,-1.685516370028054,0.0006670223638530813,0.0006950891021113746,0.023946384137736372,-0.05150565648079124,0.05
286,train,3,1,1.294487036282381,-0.2008116783285115,-1.6975328931188147,0.0011043806398695173,0.0011414012874099639,-0.02619040214718369,-0.09631069868833633,0.038
287,train,3,1,1.3566717364465386,-0.09828306628603313,-1.6845563373089987,0.0009580442653749366,0.001227252055154103,0.045324271919161815,-0.05246832331638231,0.055
288,train,3,1,1.383532966605836,-0.28038282850751944,-1.5885341325697497,0.000522957389930137,0.0004630207913399052,-0.08256949405984203,-0.12641119867488435,0.056
289,train,3,1,1.297133065227533,-0.17975442813672882,-1.6656020143883619,0.0006350477515756186,0.0006290162976028094,-0.007417831664751119,-0.08465401413146491,0.043
290,train,3,1,1.3172628405433933,-0.06291921790746381,-1.6924372189345542,0.0011492065874411485,0.0012061844422318483,0.020020650000081876,-0.02847905411674578,0.041
291,train,3,1,1.3465434973247874,-0.2503691002056812,-1.6538443634188076,0.0012267375983015432,0.0015423587563799333,-0.06488701660923672,-0.11779781733048804,0.046
292,train,3,1,1.3649786548380354,-0.2218294951176878,-1.6260218266931559,0.0006922504255138873,0.0005831606833893486,-0.051801263631113835,-0.10241036460822478,0.057
293,train,3,1,1.3427513896578955,-0.20311549270758517,-1.677092587027528,0.000981619219175303,0.0008859730498373246,-0.03819785600423154,-0.09744174355157374,0.04
294,train,3,1,1.3114644706640683,-0.19940816338348455,-1.6773260805857635,0.0007529663471009899,0.0007504363946394823,-0.02423261227053659,-0.09573384873072537,0.044
295,train,3,1,1.4085461518751488,-0.14534641895067538,-1.581355878237139,0.0005171906255381449,0.0005311284872288331,0.029233894333210168,-0.07312676657420093,0.056
296,train,3,1,1.4284496534063238,-0.15090728372436873,-1.5383020853736131,0.0005494769069706724,0.0005172772411136823,0.025461376921459267,-0.07542259084459246,0.059
297,train,3,1,1.352365777571319,-0.16308215265709877,-1.588319893175486,0.000597974003514369,0.0007243833778494924,-0.008836052870229724,-0.07571525458946368,0.059
298,train,3,1,1.4235333817696993,-0.3078114939755225,-1.5425271351512437,0.0006188477083702569,0.0005476737048142671,-0.07648731424506372,-0.13583886920243318,0.058
299,train,3,1,1.3376363404860911,-0.16737841418151952,-1.6238823705469296,0.0006499587376447595,0.0007113337248831714,-0.012824168705973048,-0.07796642456127756,0.055
300,train,3,1,1.3297252106333255,-0.1907470102247207,-1.638731316122669,0.0006322624245686363,0.0006423087093980823,-0.025134592280333636,-0.08880743198664276,0.054
301,train,3,1,1.3949781199751683,-0.07876932804041813,-1.6446302237792945,0.0008356365485931094,0.0009986242324520154,0.015559833972127748,-0.03639214414418987,0.056
302,train,0,0,2.0685111622870247,-0.4981096126128764,-1.0858611388604629,0.0002370346745154241,6.533747665560144e-05,-0.25273747977088473,-0.18309270915143921,0.104
303,train,0,0,1.7825509582079626,0.729410808436483,-1.1573308602640577,9.412965095922181e-05,4.0846258143704e-05,0.3116533021350066,0.30157525703639837,0.042
304,train,0,0,1.985390279151548,0.659073403977298,-1.038566791501053,0.0017940310417799983,0.004690859599868892,0.3249989758652321,0.2526494050295952,0.093
305,train,0,0,1.9996330770693502,0.6770433465311099,-1.0096779403943927,0.0017845782231913914,0.004646784118276453,0.33537299237229784,0.25894291937824593,0.094
306,train,0,0,2.0226041326046307,0.7033040479333976,-0.9707412844058574,0.001444716580031548,0.0035583617543245745,0.3467492442013312,0.26833282863344843,0.092
307,train,0,0,2.025357557019916,0.698617921315713,-0.9731412467436549,0.0016086000352884212,0.004123531730832154,0.34661246651293265,0.2664031401590509,0.093
308,train,0,0,2.0061751878395815,0.7083597703991028,-0.9554212973359673,0.001792059118116773,0.0047588638428859645,0.3432327876329023,0.26957213177516615,0.09
309,train,0,0,2.054822006071482,0.5679558410296719,-1.1869738236264626,0.009423891444094409,0.022901247538571447,0.3338172852134198,0.21714287428295853,0.06
310,train,0,0,2.24334014855078,0.5545449797952517,-1.2223743414640689,0.008381669096228849,0.021165996993010878,0.373662088212398,0.21396632666873677,0.088
311,train,0,0,2.155342141434218,0.7002991977865889,-1.0375647356235258,0.013757720428118344,0.028708532933917424,0.37982098636660444,0.2721084901680391,0.098
312,train,0,0,2.7930939315192775,0.5710599205535378,-1.0989314732367665,0.015726768709700197,0.03135068015090736,0.459924357566396,0.21309183699115763,0.137
313,train,0,0,2.474717451614523,0.6970131138001993,-1.0623557453434571,0.015501133185408973,0.03158723380182945,0.43283553374672784,0.2738936997551875,0.119
314,train,0,0,3.7591787732674886,0.9625975575591093,-0.20891985494008036,0.08064038285291517,0.14076701769852165,0.5934249741754403,0.33804356787752615,0.183
315,train,0,0,2.6940351495416683,0.6716335884193216,-1.0388007794252174,0.03336211864068661,0.059357167393397095,0.45677171806896844,0.26194542567725937,0.148
316,train,0,0,3.32637964121259,0.7228946602710168,-0.8815508701493187,0.034769267126303,0.06947553547962831,0.5401306454712226,0.26964810948219253,0.146
317,train,0,0,3.495974440980356,0.8065296534397206,-0.7846899284956863,0.0403713287185815,0.07743769058156362,0.5719856231396171,0.3082357376146154,0.169
318,train,0,0,3.6876957868714637,0.9768989429836218,-0.22826412475214042,0.08299766526105926,0.15723194226373083,0.5921702393657151,0.35070204695516305,0.184
319,train,0,0,2.6755923328110995,0.7359033989170796,-1.048665419229116,0.040872617529165683,0.08008053683668202,0.46511528260251295,0.2988671593320247,0.096
320,train,0,0,2.0397897408448915,0.65990738773325,-1.1295494980723866,0.012376748450464459,0.028111546457776908,0.3457453734545268,0.26073554784514624,0.063
321,train,0,0,2.626522644322444,0.629871489706971,-1.1013574819727614,0.03630463724162922,0.06769837155135201,0.43643717479997624,0.2430100217709448,0.088
322,train,0,0,3.8421306326298645,0.8908003137907985,-0.4999952159247285,0.08221434875705308,0.15514745966414029,0.6062747310396712,0.33396711674047286,0.176
323,train,0,0,3.7731209573266256,0.8944249241145317,-0.5025019715632673,0.07301324986136239,0.1444927561407403,0.6033529649684554,0.3333245010744174,0.141
324,train,0,0,3.887045722513146,0.9448465405985618,-0.23529389346934737,0.09758275384324872,0.17031501194840543,0.6077858021538239,0.3380295638596834,0.173
325,train,0,0,3.358363883481615,0.7756382247889234,-0.8290523903742169,0.04349432937421125,0.06791300129139324,0.5544513534241363,0.29776024885033125,0.158
326,train,0,0,4.6747045287748925,1.0715279288704103,0.37824885259161034,0.08562788782019518,0.1534080322152161,0.6695262374772846,0.3573257992832294,0.226
327,train,0,0,3.510691410953504,0.946934648303618,-0.4684460025693409,0.07521905704946269,0.1360043151763241,0.5821746085973937,0.35506193665930164,0.142
328,train,0,0,3.180978516940163,0.8312816589063932,-0.8008485372202436,0.09249226865282235,0.1618892459518984,0.5453579479365375,0.3265838191910894,0.078
329,train,0,0,2.9981782791702574,0.8462698250164352,-0.8225366843509909,0.06356861247950214,0.11552817409700494,0.5247893765440732,0.33747691539510677,0.091
330,train,0,0,3.0482194923391415,0.7345684186162323,-1.0603753310217543,0.0404281235068038,0.08346623814756159,0.5172908236863948,0.2977340501778394,0.095
331,train,0,0,4.035588130192077,1.3099820674410487,0.9259341421308664,0.16165070777175278,0.26775820791091376,0.6476321379551037,0.4344027746401586,0.155
332,train,0,0,1.9311624283127922,0.633666827565353,-1.102683932789569,0.0017997829546870297,0.004584797833287435,0.31870892101047954,0.2453949478622489,0.08
333,train,0,0,1.9160386630261654,0.6411708140258645,-1.0708689789387784,0.0016422144186074982,0.004245658766601006,0.31461260232099075,0.2470274035685796,0.077
334,train,0,0,1.9714406695096942,0.6741683119028051,-1.0203109386826237,0.0016686389925345468,0.004508876549579525,0.33249033971824715,0.2585583582100059,0.085
335,train,0,0,2.0132765249992346,0.6783704892125579,-1.0071829397091305,0.0016545960402076048,0.004373884537268774,0.342202248824342,0.2592203914224511,0.091
336,train,0,0,2.0020253215174013,0.6852916641124668,-0.9923100612029212,0.0016718260481401028,0.004290955879165741,0.3358359398433995,0.26193101185266426,0.092
337,train,0,0,2.0216845999745856,0.6930443944304379,-0.9709820562711013,0.0015649088310744257,0.0039909378386200605,0.3436247739627259,0.2635787307841762,0.097
338,train,0,0,2.0388309255223516,0.7165561091715331,-0.9487665801255858,0.0016820126590914636,0.004492490218381054,0.35201754921361483,0.2731897474295932,0.094
339,train,0,0,2.026452003193319,0.7180030364702379,-0.9400255105129958,0.0016085944356119856,0.004217497675872372,0.35104942288483515,0.2727592213783057,0.091
340,train,0,0,2.0440750290969696,0.7249892733873395,-0.9268170466672636,0.0016318102991457117,0.004207278862360851,0.356941666154613,0.27543674485586206,0.095
341,train,0,0,2.0517597257127345,0.730391159926069,-0.9258659586020963,0.001386857136465398,0.0035516263132989905,0.3604924121358281,0.2771795860971096,0.095
342,train,0,0,2.0642265359942633,0.7211448247910781,-0.9405998764876453,0.001699173593177754,0.0043055622422667065,0.35954590044434315,0.2741972199157582,0.097
343,train,0,0,2.0779888555104256,0.7220236406836958,-0.9314219589246764,0.0016729592194573589,0.004437299569603968,0.3622378041825915,0.274194920524427,0.099
344,train,0,0,2.0383085980437743,0.7202405527599389,-0.935113095792425,0.0016549750835061017,0.004361754922478976,0.35228466439286205,0.27367819916330494,0.1
345,train,0,0,2.0530986678614,0.7197680142284641,-0.9280499088929042,0.0015890063529989797,0.0039616751356378625,0.352274633949046,0.2726447027343485,0.103
346,train,0,0,2.0850466023218286,0.7320563606240976,-0.9140495928714896,0.0015899796402138694,0.004186902841056096,0.3642980542442492,0.2774980921546576,0.096
347,train,0,0,2.0209285730699547,0.7206283376746365,-0.9311654676025651,0.0017622798340699965,0.00462097815115354,0.35029002828988837,0.27400362526892635,0.098
348,train,0,0,2.9490416815369485,1.5343125683758534,1.246866245690657,0.00040777199112444475,0.0001271980639613277,0.6309021878124067,0.5078236655202025,0.12
349,train,0,0,2.367409958292908,1.0926205738211698,-0.3146382608166456,0.00034032966619607465,4.100523457922564e-05,0.5225163349936472,0.41244015635352,0.073
350,train,0,0,2.0020960933183436,0.7645037597561871,-1.0270703671472912,0.000293654955163946,3.097582263600702e-05,0.40038584858873216,0.30638629532773304,0.062
351,train,0,0,1.5807211728762578,0.16003004887082767,-1.5771213022314932,0.00020681575980216585,3.9908083423670585e-05,0.11699004267933029,0.0626551640287346,0.057
352,train,0,0,1.6161532955005504,0.23898405032873504,-1.5484832098243324,0.00022738551357866967,8.712692891231682e-05,0.13587830511599938,0.09705354362424622,0.061
353,train,0,0,1.6054011013346252,0.29065689354107893,-1.5161409788130047,0.0002523276208806947,0.0001305350419924372,0.13221994317627964,0.11944136088143086,0.059
354,train,0,0,1.6270432807743787,0.3198902423364847,-1.4862001113124355,0.00029758707254971887,0.00019103713334432936,0.1343616810956599,0.13196518268943735,0.055
355,train,0,0,1.650507844742635,0.33365728358240787,-1.4674134840442026,0.00035375217650531127,0.00029953919796874126,0.13730219121844034,0.13847141707799174,0.061
356,train,0,0,1.6610801685890064,0.3419899161157208,-1.4484916309995757,0.0004377478025303001,0.0004485798599352535,0.13219888399116608,0.14226428048024292,0.064
357,train,0,0,1.6676295270487314,0.34608882279271685,-1.4357137454939428,0.0004911526171793865,0.0005368839166420909,0.12827912213795903,0.14468666263320387,0.063
358,train,0,0,1.691686624207893,0.34814366793769874,-1.4224951307851117,0.0005961783801295943,0.0007206789127115697,0.12894450952625144,0.1458718867944788,0.061
359,train,0,0,1.6468069816201445,0.3450101537983883,-1.412582450595282,0.0007383264676403817,0.0010010829149570061,0.11115746221734946,0.14519429158517472,0.059
360,train,0,0,1.6831427435738708,0.35193246974488535,-1.392606409762183,0.000884923344253938,0.0012946248338968653,0.11693646382026847,0.1476461914331223,0.066
361,train,0,0,1.7057993165490544,0.34521209947859,-1.3816078499576536,0.0009537816489827672,0.001350395148526187,0.11889519958614633,0.1447958019894786,0.071
362,train,0,0,1.6645801958710644,0.3388613029516794,-1.3783659659828416,0.001072774366890537,0.0016481526583023236,0.09995414463144069,0.14281396541355065,0.064
363,train,0,0,1.6816219663718182,0.3367054372234978,-1.3671714677380846,0.0011627332716184794,0.0018580910688476096,0.10076910329978464,0.1418655009481874,0.07
364,train,0,0,1.6892934426085529,0.3329709088255771,-1.3628781641770884,0.0012251363871623757,0.001937731573861415,0.0997834479533754,0.14025535422005883,0.073
365,train,0,0,1.7198849494751662,0.32311695113564604,-1.3589040844705802,0.0012759113619794662,0.0019332511305752322,0.10484157443703646,0.1358651041481107,0.076
366,train,0,0,1.7157360798961099,0.3157666678924879,-1.358363778311316,0.0013817148015838766,0.0022090162832560747,0.0996767661792305,0.13324559380407894,0.078
367,train,0,0,1.7115071578060064,0.31162183590820575,-1.3543997667816523,0.001410036981195208,0.0022452428429475665,0.0962942739397774,0.13117721018816836,0.075
368,train,0,0,1.6800524824476484,0.3050424471411549,-1.3481224965918064,0.001494093232565554,0.0024087209383925707,0.08347429372278473,0.12833954871425132,0.076
369,train,0,0,1.7206026233899536,0.3050404961600016,-1.344439996358231,0.0014811213348298383,0.0023620724394758813,0.09351868914399654,0.12823499548461156,0.076
370,train,0,0,1.7192113073020827,0.29909915511499874,-1.3456732091982506,0.0016414129896974424,0.002689891041484561,0.0903986049044713,0.12593224053784594,0.076
371,train,0,0,1.7215468031438692,0.2895279801303249,-1.343053692894968,0.001560527262016215,0.002493143164257736,0.08964777449351372,0.12232201216356059,0.078
372,train,0,0,1.713984456414304,0.2922406226560009,-1.3318415466827085,0.0016925841219128765,0.0028221646806368445,0.08434067632560295,0.12315531678611172,0.082
373,train,0,0,1.7080430776124509,0.28377402784858524,-1.3363439557549603,0.0016877585003419874,0.0026569341160932905,0.08177715958106314,0.119242286458812,0.085
374,train,0,0,1.707880188060626,0.2882109048605612,-1.3349795936701028,0.0017602494120881656,0.0028685928487794856,0.08235507473808629,0.12123277611762777,0.085
375,train,0,0,1.6994037965904256,0.2810363247484612,-1.3324618572135911,0.0017092825391228077,0.002676047061433343,0.07808083750304257,0.11823116400146548,0.085
376,train,0,0,1.7006189346422007,0.2791264416077069,-1.3256764278559479,0.0017326296159713263,0.0028030149059801524,0.07545186067974229,0.11731489211610688,0.09
377,train,0,0,1.6826443847809947,0.274834201618343,-1.330552277640664,0.001795110331266571,0.0028351875381174532,0.07011049765698263,0.11542816751703656,0.08
378,train,0,0,1.7062962468190546,0.27374283964307705,-1.327757344002636,0.001824253533311652,0.003034001369036967,0.0751712392422959,0.11509766705381201,0.084
379,train,0,0,1.7237667550453815,0.2722228117520994,-1.3272361601333698,0.0017528916912568698,0.002822386305729956,0.0797925592997024,0.11429692572015902,0.084
380,train,0,0,1.6922452329337392,0.27309836298681256,-1.3229186650920028,0.0018215587273545122,0.002829216905724389,0.06830705193698514,0.1147254701395625,0.087
381,train,0,0,1.714601078845953,0.24132799049810963,-1.3390777418391773,0.0023397920351616477,0.0040654038800102404,0.09239001992789155,0.10060450569324587,0.089
382,train,4,1,3.1674043034470416,0.1981536862054304,-1.3862402534918257,0.16283317445101095,0.4181549507127362,0.4555208185760614,0.05619229474831479,0.108
383,train,4,1,5.636241245568834,1.1782866063478041,2.885870749145594,0.6112250501106622,1.649884098161141,0.7113959375644866,0.24537356826611945,0.2
384,train,4,1,10.568700375212625,2.433705531673398,14.738494709446144,0.8162580413136149,2.1411233182134377,0.864359818871088,0.43901164864431635,0.823
385,train,4,1,9.367206827594913,2.760528276894663,16.88300645195394,0.7074453765888071,1.961269389134451,0.8520007217976586,0.4747090198990628,0.822
386,train,4,1,12.392512262990897,3.5129757255639724,30.793481134366374,0.8388643031048408,2.389796119479683,0.8782472657063903,0.44630603727885676,0.926
387,train,4,1,15.551179067615791,6.067017978320476,75.38547707646997,0.8800564373685161,2.395834392916787,0.9183463781634595,0.6267087594804005,0.959
388,train,4,1,12.424383625016029,6.263407449089981,52.61275034900693,1.4034711899901338,3.757517733536908,0.9369291477504567,0.8343258751613275,0.952
389,train,4,1,18.918202546075744,9.866885903400618,145.86450671528283,1.4383927227850442,3.8617246319357186,0.9672047970872336,0.9026326752783711,0.967
390,train,4,1,15.814778700885379,9.730886452812548,127.4542501726115,1.6245628090733768,4.74989039730469,0.9442768004921243,0.7965501094113717,0.988
391,train,4,1,14.974383721762868,5.597603446035684,60.421244615433494,1.0367136821795542,2.9389205259873075,0.934562008880925,0.7053567043531807,0.924
392,train,4,1,14.400720122291686,6.358285280392256,71.98970099518858,0.9886595724582192,2.8033591120359866,0.9345625533103463,0.7537955766314742,0.9
393,train,4,1,13.15496889308735,7.3005535798497,73.76611943653715,1.5303777256040807,4.4030830469400275,0.9327885446189158,0.7934796322944512,0.979
394,train,4,1,13.728067309672339,4.220817745390694,41.23530473917174,0.8369519736470481,2.2237349363849312,0.9016724955927498,0.5727974642673864,0.899
395,train,4,1,14.999994622761951,5.34618749164741,61.413897198070984,0.9159182386294477,2.559584842781429,0.9175549286676864,0.6131495799776765,0.935
396,train,4,1,15.160067903791926,5.751952748289906,65.42890594198583,1.1766461778390205,3.276166183000498,0.915272234253573,0.6264125761938801,0.968
397,train,4,1,14.60284285611403,9.26617241905776,105.87168165683482,1.7206872208213775,4.914357841753306,0.9585807659575004,0.9208135854803355,0.972
398,train,4,1,18.14582679876578,10.521939765748739,145.04051215336693,1.696477660677222,4.854240327367607,0.9668544101016215,0.917400358327652,0.983
399,train,4,1,10.852357548087713,3.557941671843228,22.94218712993512,0.9251666396479551,2.581088945887695,0.8924334162622982,0.633040207288182,0.842
400,train,0,0,1.6538123185794487,0.334476835914743,-1.4599403568789298,0.0005551605035789053,0.0006056729085901397,0.13186554110440113,0.1390620068676835,0.065
401,train,0,0,1.6758543302336488,0.3445716551461756,-1.443323246121314,0.0006528591206269292,0.0007907658150205795,0.13367331958430154,0.1438326252996243,0.06
402,train,0,0,1.6596953180323286,0.34563346556756835,-1.4300187694386244,0.0007128193604548209,0.0009193380864003924,0.12293456368718844,0.14478314335358483,0.062
403,train,0,0,1.6715366772966975,0.3458748730970899,-1.4151564219347448,0.0008003626230312015,0.001077135325815361,0.119635752237122,0.14536901936104846,0.065
404,train,0,0,1.650364215071134,0.3518691243863748,-1.3966316153712677,0.0008720234673331366,0.001247665899425315,0.10819195070201275,0.14776255493095275,0.063
405,train,0,0,1.6632771591596194,0.3457550407701285,-1.3855645555432996,0.0010262510356198718,0.0014977440568804464,0.10635448991569127,0.1452852345838113,0.068
406,train,0,0,1.6961590742776698,0.34391861923680234,-1.3761188168597704,0.001064140562952727,0.001587618535602311,0.11321206403304171,0.1443724040601081,0.065
407,train,0,0,1.6916952166531731,0.33542022312964964,-1.3709410412604293,0.001154653104851719,0.0017087128543765635,0.10541125602374454,0.14077247578163385,0.07
408,train,0,0,1.6884367618293945,0.3332666640686161,-1.3609628107226948,0.001285017808978598,0.0019370583031015664,0.10050709784689606,0.1403410686340048,0.073
409,train,0,0,1.72186436609549,0.32614500892072884,-1.3560574790741449,0.0013672374936161192,0.0021518584870079986,0.10567071511131444,0.13686051377999509,0.078
410,train,0,0,1.7010866025843532,0.3211422461461411,-1.3530377981876773,0.00139306244312689,0.0021415145129749674,0.09774046416829531,0.13505095651010995,0.077
411,train,0,0,1.6930584014929135,0.3117987412834046,-1.3485408184439978,0.001476108960720539,0.002301159311293553,0.09021654473357321,0.1311050489138658,0.074
412,train,0,0,1.694740079508361,0.30725305283831944,-1.3450095767690995,0.0014674343148199998,0.0023139100486190443,0.08722812663312343,0.1291847853497477,0.078
413,train,0,0,1.7344496027167031,0.30563177552203824,-1.3413979848507795,0.0016101337415280516,0.0026154901377698696,0.09657266473525751,0.12852421962495705,0.079
414,train,0,0,1.726995792303566,0.2970059316665906,-1.3364741280331918,0.0016693050380066931,0.002703790143582387,0.09178377343716503,0.12485535405449695,0.079
415,train,0,0,1.7008437308523066,0.29197644690286,-1.334996128145,0.0016982667407213063,0.002765495171469638,0.08130285919153295,0.12295899573424386,0.078
416,train,0,0,1.6918934941102675,0.2867443158975383,-1.332677331837594,0.0016767795813175548,0.0026967071821124627,0.07681824630021535,0.12053113953745294,0.073
417,train,4,1,16.114599414697533,10.169944602071618,124.72249926858913,1.773599588664353,5.146052996567876,0.9640897195503814,0.926481516270886,0.98
418,train,4,1,11.572221606850237,6.319970836678018,54.50078768907607,1.397158611431424,4.044844452155809,0.9349746816214156,0.830399564736491,0.887
419,train,4,1,15.73216411826018,9.660799782322966,119.02681864541279,1.565066881898189,4.502063827052793,0.9501452829789736,0.8821856580089558,0.977
420,train,4,1,14.291562875145948,9.188611865342157,102.35725317209865,1.6400980944251269,4.679772983495059,0.9510954685501575,0.9032117230988566,0.973
421,train,4,1,10.464604154491306,4.974042014523188,39.7835410736344,1.208996240710663,3.4803469504665423,0.8970863285666177,0.6866875938570992,0.875
422,train,4,1,14.00824256780296,10.291869531482103,121.07912553480979,1.7818488339970464,5.1701952792090555,0.9624898954863297,0.9440530006798306,0.978
423,train,4,1,15.67937499499899,10.20155964965474,121.02192418953163,1.6642349015953155,4.723170650744035,0.959974590537531,0.9311500838428646,0.982
424,train,4,1,5.211454797255895,1.2224422074999077,0.6359061844024154,0.1392057337952809,0.4105877296607592,0.6922675886032587,0.4087618719989642,0.371
425,train,0,0,1.7031597062977177,0.34979629535537604,-1.3825782226597276,0.001009769929687772,0.0014510417177249532,0.1187171957459159,0.14641522035268922,0.064
426,train,0,0,1.6818839891759438,0.34779009913766745,-1.3747928009570005,0.0011163642725208112,0.0016778629271079148,0.1093268255805942,0.14592071343386617,0.065
427,train,0,0,1.6799709571434838,0.3406988638052063,-1.3695228141720321,0.001170894822119752,0.0017988665858072923,0.10318837660042414,0.14297645911552814,0.074
428,train,0,0,1.7080620615037723,0.33683111073778044,-1.3602213611414995,0.0012660395712213266,0.001902799564267159,0.10732465703270644,0.1413224165926893,0.071
429,train,0,0,1.6924418630614053,0.3279254562664125,-1.354988912478608,0.001372703651345586,0.0021470046893762988,0.09617160110520429,0.13777215139645482,0.076
430,train,0,0,1.7099973297172715,0.3163999570180382,-1.351851742205029,0.0014656462710950602,0.002339062101500882,0.09768259117085662,0.13307733964404764,0.071
431,train,0,0,1.6909184909208785,0.3094581554587382,-1.3502167646231567,0.0015005515937652576,0.002456345774413587,0.08867619146865845,0.13056431773473073,0.072
432,train,0,0,1.6854216183678108,0.3095160959051364,-1.344823972417008,0.0015461395192867347,0.0024862235807455017,0.08473284335112125,0.1303038516031808,0.079
433,train,0,0,1.6874120497744967,0.30321659445218985,-1.3446115976052608,0.001577842000241073,0.00250638192939476,0.0840629842885731,0.12769048262259186,0.081
434,train,0,0,1.6214757436308325,0.1522370387325699,-1.5421872468539135,0.00019282004954614934,2.503639990340275e-05,0.1235672128100278,0.05589937747785976,0.059
435,train,0,0,1.6115966351915958,0.24389215490726648,-1.5417453659665434,0.0002542800621745003,8.322452270159365e-05,0.13270635350871154,0.09923014249425839,0.055
436,train,0,0,1.6932962204214292,0.3197718816240601,-1.4871490229172846,0.00044991547869838183,0.00023754497992927343,0.16160013692464167,0.13131985672380805,0.065
437,train,0,0,1.7193837138844024,0.3907438628277183,-1.404251208797635,0.0005686244300873839,0.00033430347184646326,0.16992600495148605,0.15858350352227485,0.064
438,train,0,0,1.9261776555037344,0.4611847041518525,-1.2641124019271741,0.0006621168822027522,0.0004269668405481119,0.2244415353966087,0.18070994026601803,0.082
439,train,0,0,1.940685776814479,0.428192614258154,-1.3185282954544804,0.0008062246240186241,0.0006793763139378989,0.2197765610573243,0.1726970486792119,0.079
440,train,0,0,2.051859342945811,0.47413398619939157,-1.2097162516746598,0.000864636245187224,0.0007133199518251885,0.24688162064815347,0.1853900748559387,0.079
441,train,0,0,2.046743286088268,0.5639737881641502,-1.0504741116728327,0.0009038305192037836,0.000845398125507984,0.24821604689252363,0.21479549668113704,0.088
442,train,0,0,1.919612208508091,0.41178312748700463,-1.3350168969634852,0.0010914863615117453,0.0011058319828618735,0.19474233766003046,0.1708773318205088,0.084
443,train,0,0,2.300033654303076,0.43670407720526183,-1.1605223680468808,0.0012389689922711875,0.001343554961582798,0.26881385706770644,0.16667929804547132,0.098
444,train,0,0,1.754925976471506,0.3301529736815586,-1.381592498520692,0.0012976515154606834,0.001473113559239266,0.12296174530888172,0.13828392651223295,0.075
445,train,0,0,1.773898016609352,0.35909953386970744,-1.3333240548046155,0.0014550792000142543,0.0014851077738099177,0.1261606879695104,0.14949653985940062,0.079
446,train,0,0,2.379720785192044,0.48017548443325336,-1.0525087329545684,0.0013461225740721684,0.001466888347718896,0.2787594930492372,0.18069493694028774,0.127
447,train,0,0,1.9308375010839782,0.36776464222539407,-1.301226422465507,0.0014939858933774822,0.001706436188830202,0.1711623399447571,0.15132737982433742,0.074
448,train,0,0,1.7939916645261065,0.3257672677716749,-1.3370444688344245,0.0016637237467240333,0.0020038785545784554,0.11851412674301488,0.1373487550525132,0.084
449,train,0,0,2.29741244739516,0.38619347194066345,-1.1924187691891734,0.0015160259554016944,0.0017706976145215041,0.2448577789406422,0.1511664746381972,0.112
450,train,0,0,1.7417056366793322,0.24951341185210033,-1.360284989945782,0.0017493736901825349,0.0022691612403425688,0.08550934478566427,0.10594964937352715,0.085
451,train,0,0,1.766909076443376,0.27062604964477094,-1.3263745033903283,0.0016927358839772587,0.002348683325056854,0.0918856985119947,0.11189593970600956,0.087
452,train,0,0,1.755955159367126,0.25038509180177576,-1.3307311073485033,0.0017646070255811414,0.002521841323328689,0.08900735473718295,0.10466500921711011,0.087
453,train,0,0,1.7805260972451555,0.23800923842228677,-1.3400732999268459,0.0018117140398353348,0.0024698605504128368,0.08882160278738385,0.09997367503721391,0.089
454,train,0,0,1.7716125744734708,0.23764139396487177,-1.3273294475587842,0.0017527009074591255,0.00256356293047439,0.08377355786173332,0.099226533356553,0.087
455,train,0,0,1.7083899115342267,0.22354182027809147,-1.3303098037348084,0.001830637618380849,0.002621026676583962,0.06505510654520706,0.09377543657385941,0.083
456,train,0,0,1.717598437729862,0.22399961329280058,-1.3188295385315172,0.001973725420530328,0.002916035626334166,0.061829374042790604,0.0926506635936637,0.084
457,train,0,0,1.7494106431221614,0.217164847624486,-1.3063743830787196,0.0019594206347159472,0.0028941662700302396,0.07045975545501573,0.09095251398249618,0.085
458,train,0,0,1.7582650806468696,0.19566785272430542,-1.3402555620198549,0.00197469064342127,0.0029461115069689403,0.06960962711719239,0.08325990019089706,0.097
459,train,0,0,1.716213704871263,0.17404625362486092,-1.3477726342840748,0.001895342737407945,0.002864163396355165,0.05624314914549631,0.07531559390455052,0.083
460,train,0,0,2.507112698606805,0.3389651631957371,-1.0174282558098526,0.0020333418142945143,0.0030204675512893082,0.251791789145089,0.11954201553651254,0.141
461,train,5,1,1.6695312175769943,0.14671690243473334,-1.39913192240515,0.007940195714665409,0.020018649471125808,0.10151817423128656,0.06181119325128494,0.081
462,train,5,1,5.4067696686173745,0.7960111421315382,-0.20619785924459633,0.272287898948977,0.7584127782144023,0.7008528939540772,0.27296712978034526,0.161
463,train,5,1,7.620086894049845,3.0059697944237422,13.630599393120004,1.1702893780581274,3.4493908985466315,0.840250790162264,0.6220241678111356,0.79
464,train,5,1,7.145847396383467,1.9283143010419568,6.127051182730545,0.8479989652388948,2.4770850069035335,0.8022416149404221,0.46351917033258616,0.628
465,train,5,1,6.278990023482725,1.1968504555845836,2.954581771126117,0.5155360842918599,1.496492678853919,0.7291822882858197,0.2812697243336229,0.205
466,train,5,1,8.119034127370771,1.3142580663195806,3.9971177344118454,0.42766796020789777,1.2672216600199218,0.7947463677812088,0.3263378691001183,0.534
467,train,5,1,7.6029886733976335,1.9714470623317861,5.744479475067537,0.668931930117927,1.9487757532410854,0.8297279657616293,0.5370374940643009,0.777
468,train,5,1,11.340166302306166,7.5396065867702475,66.47779200041238,1.8554118294387463,5.409376685816204,0.9308021358104869,0.9005239215798885,0.966
469,train,5,1,5.066973842124464,0.9905417038330716,0.02727818509010138,0.20167256017251106,0.578208126334855,0.7036485828495206,0.3375093229374066,0.12
470,train,5,1,7.997012619558258,3.8690529963414937,20.225398483785032,1.2826677578017407,3.782796340024056,0.8778834243948188,0.7418997472674693,0.851
471,train,5,1,11.291452577853496,6.439858652397423,54.15773145455863,1.5978036732584835,4.610394312132501,0.9144290198733827,0.8409544724008263,0.926
472,train,5,1,12.344031917166017,6.923495742959573,58.69788109305616,1.7264654198805423,4.913144104686641,0.9281398147280272,0.8778709176245186,0.952
473,train,5,1,11.272560652753056,7.470391550869038,65.92152059270082,1.867887340995126,5.447926570699476,0.9355853638544008,0.9032679694415426,0.956
474,train,5,1,6.123259398352561,1.8131359264442077,2.8701860284113154,0.4666424218080932,1.349462726371207,0.8049236837142029,0.5750259591486444,0.647
475,train,5,1,7.8743459879720445,1.2331600645671728,3.622684409769705,0.5078268521391954,1.4722420045134295,0.788475524513489,0.2958618385218976,0.4
476,train,5,1,6.28922851212162,1.8428468321551181,3.2211942336802206,0.40120982827628826,1.1507725263066417,0.8070518561950724,0.57474052820631,0.68
477,train,5,1,10.92817258346991,6.321932876155849,50.48661399527678,1.7478087748155235,5.109528296342015,0.9306847665016068,0.8653875723134272,0.933
478,train,5,1,6.664633094019083,1.633177801997033,4.949977519677888,0.6775348126181012,1.9631848214831846,0.7707443062051981,0.4010094989307915,0.29
479,train,5,1,9.583879988797724,3.4763144876996304,21.343413458324125,1.2186037057316774,3.6116194866636353,0.8768687944686707,0.6132909555963033,0.834
480,train,5,1,15.959517206586915,8.77285929135442,100.5174273383587,1.7573973163225531,5.106962886860774,0.9367880212578457,0.8723268711207282,0.975
481,train,5,1,10.468443820474011,5.381574207267321,42.23956979026487,1.3973465603572206,4.047646646065987,0.9082535475557502,0.7906554204943184,0.887
482,train,5,1,7.372570331639163,1.5833006301300265,3.999132016340732,0.576545649709543,1.689921707533806,0.8003985867321313,0.43087764590226474,0.551
483,train,5,1,4.702795737322732,1.857416519658472,2.578841141850954,0.1671969389095656,0.49238543014776187,0.7450211814289153,0.5814841099018603,0.24
484,train,5,1,6.608159053015053,1.9844915684041782,3.8554601608082617,0.3162074407796877,0.8949741840057123,0.8101874876193466,0.6054358146729045,0.74
485,train,5,1,6.564905390654378,2.0586595571419464,5.297491159496733,0.8560220779363091,2.521275999804572,0.8091563402563383,0.5524791513327234,0.704
486,train,5,1,10.347822078881823,5.34977746919646,35.373826428950416,1.7858783700127887,5.231416284154156,0.9165186529352114,0.8359076815453426,0.924
487,train,5,1,14.52313957332124,8.147485457257353,85.82514987049227,1.816323811153182,5.267170335488224,0.9471940244765296,0.8823242029246102,0.97
488,train,5,1,13.057929116484114,5.79359083237608,51.66093032874658,1.4696718076042,4.295241044958289,0.9281803914276254,0.7800017167214148,0.914
489,train,5,1,6.383284342911234,2.3500548683674944,6.895158403319517,0.7561543630298762,2.212661266887906,0.812141552737139,0.6266251268120077,0.757
490,train,5,1,11.431647669869923,7.106744789498389,60.09977381680725,1.848793309556804,5.408000335531225,0.93151574597633,0.8900542770593434,0.965
491,train,5,1,21.34293311117522,11.785706958564457,216.71243790789975,1.6231331038671355,4.654230262302471,0.956043775520734,0.8627375969617119,0.98
492,train,5,1,3.69484984718818,1.6298390227658694,1.2298701516741675,0.22799103790510733,0.7167767217333557,0.7065192533539711,0.5650940733120561,0.153
493,train,5,1,12.771394146611797,8.368291513696054,88.55178909052275,1.702338596962397,4.936737009645219,0.9300097591716204,0.8626687508854531,0.956
494,train,0,0,1.7223047185466258,0.3776466164042033,-1.453173425509137,0.0011326846522611413,0.0023615561780877094,0.201646901783444,0.1545873099872103,0.061
495,train,0,0,1.8071480690140915,0.3615036166724778,-1.4163828659061817,0.0005515586874870105,0.00036005030669722344,0.19186436258651493,0.14535021251152225,0.062
496,train,0,0,1.7243489151490392,0.3678776239389377,-1.4415209214269284,0.0007062910616548457,0.0005448833929499048,0.1641194623834968,0.15322296313981193,0.059
497,train,0,0,1.7751855674685133,0.34952758841524956,-1.4132721046588772,0.0008793514752046948,0.0007141806828491892,0.159777183375921,0.14264361810885676,0.064
498,train,0,0,2.1138073724075648,0.46499715887883825,-1.2381323615129944,0.0009085471768137498,0.0008150253103049203,0.25199302005180746,0.18466904060114422,0.085
499,train,0,0,1.7071303876803894,0.3490983216387563,-1.398573929876586,0.0010583666050675688,0.0010238026093150772,0.12510223844127671,0.14787713046252085,0.071
500,train,0,0,1.7900467957961428,0.33831472172542054,-1.3778849391050874,0.0011724227780641422,0.0013491617326513948,0.13955332117539915,0.14060864036242265,0.073
501,train,0,0,1.7648104795796893,0.3289919489646631,-1.3692703658185352,0.0012647433394692646,0.0014431661886233308,0.12339434214287943,0.1385016101678323,0.066
502,train,0,0,1.7217300298097233,0.33411701141761135,-1.3615628490193652,0.001364980635894251,0.001559422266162402,0.11167393499221734,0.14084866027382903,0.079
503,train,0,0,2.1719687379238786,0.39882505832966814,-1.1922315738566645,0.0014459853485049297,0.0016804630749609527,0.2240284485011502,0.15563872414785232,0.108
504,train,0,0,1.7983882380905012,0.29795280017259995,-1.3391064410211613,0.0015384372852730195,0.0018594417849317492,0.11581835795972792,0.12395281697752926,0.071
505,train,0,0,1.8130829215599868,0.2777633864042618,-1.3364284980185255,0.0016395258668167702,0.0020374137461943807,0.11218188769783857,0.11598230816609086,0.085
506,train,0,0,2.0352064547140913,0.32080941502618404,-1.317073450605135,0.0016055607697748504,0.002205625985327185,0.17752902470822277,0.1335507728500484,0.096
507,train,0,0,1.7765144083957765,0.2497123151722248,-1.335499724150353,0.001825762045777348,0.0025003191005408716,0.09214715296886401,0.10485486482125422,0.089
508,train,0,0,2.1275390627126933,0.31774009724694624,-1.2204996277226223,0.0018344569084656236,0.0026257778402658323,0.1849896669874757,0.12428129036815742,0.103
509,train,0,0,1.7859411941054182,0.24251422421745034,-1.3382609302787307,0.0018790190138348228,0.0026619495025688323,0.08952161713699795,0.10355786849904637,0.094
510,train,0,0,1.6866240112445692,0.21977128232250526,-1.3453626986524243,0.0018321223070000643,0.0027789574540096353,0.0572516781885639,0.09382404411692952,0.086
511,train,0,0,1.7024095434329416,0.22765900558777055,-1.3387834768984916,0.0018069504232075338,0.00263940904130392,0.062232284067794505,0.09676384148068719,0.08
512,train,0,0,1.6865097030171985,0.21757683299536312,-1.3494020313549657,0.0018972198032003828,0.0028299369391667738,0.05304309895169027,0.0938705790304984,0.09
513,train,0,0,1.7073194511481415,0.2035624829709834,-1.3479154666341566,0.0019644857186711323,0.0032148498034014423,0.05756855765318327,0.08754851763985144,0.089
514,train,0,0,1.7677389306814422,0.21605626623161778,-1.3176243253918183,0.0020527224095164306,0.0030816144299898656,0.07104983744538496,0.0917772413144173,0.101
515,train,0,0,1.732256259020346,0.17987396155430385,-1.3301892635286399,0.0020694681524967675,0.003154790135796859,0.05615196025776664,0.07547980843426488,0.092
516,train,0,0,1.733117350602085,0.17185948281517552,-1.3458978649062971,0.002049488031051281,0.003298124474981788,0.05716401973583364,0.07303103090497061,0.083
517,train,0,0,1.7149931911912397,0.1800200594128195,-1.3397766883382174,0.002057546615959574,0.0031659071102613052,0.05553601744004366,0.07600599520924224,0.088
518,train,0,0,1.7384974075017097,0.17313285429010788,-1.326529018069519,0.0021042819695659583,0.003452653433555544,0.056087493656203406,0.07375601618166455,0.093
519,train,0,0,1.761784420531329,0.16505859574088014,-1.3214190487120854,0.002163280599261019,0.0035513907708545275,0.05838205091787685,0.06961905434796291,0.094
520,train,0,0,4.361246963629765,2.6260082987985762,6.149607410954095,0.007105786149950147,0.0023291692532089532,0.8254536815083905,0.7301853508025,0.842
521,train,0,0,3.104693669916132,1.5614421111877623,1.010658475246446,0.006808108233713256,0.0033419371854007704,0.6880578247291366,0.5514794912797626,0.058
522,train,0,0,2.4674404763324214,1.0898086597784538,-0.3565637693774537,0.006111772184434607,0.0038729613574330665,0.5589360024213706,0.4152657268545808,0.059
523,train,0,0,1.903832993975384,0.6791547842933764,-1.1955874999224088,0.0048917828124356265,0.003084673966268883,0.3907082551050364,0.2742620511298882,0.049
524,train,0,0,1.439944835517124,0.23533236172662164,-1.673505185494865,0.003936284379248005,0.00251969972485544,0.16726351470782708,0.09639383643552189,0.037
525,train,0,0,1.2971259882693442,-0.22039757979077196,-1.6800057708612555,0.002350189585734243,0.0010817457465084762,-0.04300129798163435,-0.1001083708681047,0.043
526,train,0,0,1.9664428430276277,-0.5785758574844642,-0.9616077926258644,0.0004383185037600222,0.00037459414168458915,-0.2546422651103233,-0.207833129375665,0.104
527,train,0,0,1.9646301213612636,-0.5781926878170807,-0.9693647948483353,0.0004716157190818907,0.0004743599100788139,-0.263840677174136,-0.20816257799076557,0.102
528,train,0,0,1.96262242309326,-0.5745315634387214,-0.9778547538837667,0.000476275889717483,0.00045563482167698227,-0.26531151104994277,-0.20718531514469052,0.102
529,train,0,0,1.9617928502630801,-0.5748382541258481,-0.9744263763865497,0.0004936896099416658,0.00048682978972230706,-0.2626747307605963,-0.20718635048166387,0.1
530,train,0,0,1.9600522284796205,-0.5734689317776502,-0.9827093409150387,0.00048196571715791676,0.0004888545644224101,-0.2598519143267994,-0.20701577920585623,0.097
531,train,0,0,1.9627456295845052,-0.5747329065388294,-0.9802579847069417,0.0004936150187568787,0.0005184581597856018,-0.2651118568092026,-0.20736807442378127,0.1
532,train,0,0,1.960645664524413,-0.5732801870325512,-0.9818656691212744,0.0004934153895250905,0.00048670553993574963,-0.2678130565395749,-0.20668247094049977,0.097
533,train,0,0,1.9587475586112328,-0.5727327772927661,-0.9843498933211206,0.0004866986852636655,0.0004757564192100008,-0.26823882681058,-0.20668784829286715,0.098
534,train,0,0,1.9611862583610902,-0.5750555945934468,-0.9755482847890908,0.0004947111535758699,0.0005084228914116408,-0.2690892931980042,-0.2072868448497357,0.1
535,train,0,0,1.959812253896975,-0.571127590841136,-0.9839159278071317,0.0005206198407347741,0.0005919923518100219,-0.26363963652968697,-0.20594546033764075,0.098
536,train,0,0,1.964026374372591,-0.5759019087242664,-0.9771126030957951,0.0004882643757456393,0.0004797703261194399,-0.26302547173334334,-0.20777907714515192,0.102
537,train,0,0,1.9615932409517045,-0.5733255676905906,-0.979146424709394,0.0004923402332005732,0.0004916608237077109,-0.26083196317724583,-0.20671437368956583,0.099
538,train,0,0,1.9618114609677315,-0.5727846122736334,-0.9843646384455655,0.0004908843894162148,0.0004769264452646263,-0.26559039411774304,-0.20662525899449957,0.096
539,train,0,0,1.961367092179661,-0.5749105029634948,-0.9809741736789017,0.0004867545831482662,0.0005126718347970939,-0.263477138109059,-0.20755142187806622,0.101
540,train,0,0,1.9588390464304726,-0.5760176406900662,-0.9790439731790097,0.0005074980304417912,0.0005303727501124574,-0.27239462232639705,-0.2077782367247017,0.099
541,train,0,0,1.9628689341870424,-0.5723020943876045,-0.9827631166243642,0.0004888326355951447,0.0005003908425228399,-0.2649297306406825,-0.20654799400325483,0.094
542,train,0,0,1.9603355364124255,-0.5756780262379578,-0.9786987700123362,0.0004912452371995857,0.0004942202793669919,-0.26943835496026985,-0.20773790591207314,0.1
543,train,0,0,1.9648517943730694,-0.5753776623079635,-0.9744640089003176,0.0005042481369469433,0.0005090901949511673,-0.26619706805271653,-0.20738083429279133,0.101
544,train,0,0,1.9624071916548664,-0.5694845466334768,-0.9849290225053684,0.0005059955693340321,0.000546196316256749,-0.25795922210532574,-0.20552231442143898,0.099
545,train,0,0,1.960696934987015,-0.5701430439754401,-0.9821864496977906,0.0005097074235235635,0.0005455359217897162,-0.2547046296707987,-0.20548034032704965,0.099
546,train,0,0,1.9608955156180776,-0.5731036022257637,-0.9816989741293609,0.0004938929868598365,0.0005076569778284855,-0.26798638090853094,-0.20677844793989297,0.099
547,train,0,0,1.9635787358933423,-0.5712469572425467,-0.984141926009892,0.00048514879133690765,0.0005024797447997732,-0.2600743241945217,-0.20622583774495634,0.099
548,train,0,0,1.9576616627508723,-0.5698024370903905,-0.9856610925900324,0.0004910056580762983,0.0004884045995455103,-0.2683197356609683,-0.20566103592482796,0.098
549,train,0,0,1.957822374035897,-0.5726567116899343,-0.9845978793273926,0.0005054700682685723,0.0005194680989444569,-0.26192735919463433,-0.20684277159201897,0.099
550,train,0,0,1.9614607938414792,-0.5701157308976758,-0.9847170094821731,0.0005031742638544426,0.0005386213503933044,-0.2654864242691569,-0.2055884034126913,0.101
551,train,6,1,1.9356988884682478,-0.4468430774507239,-0.9752988469818367,0.001308114538377665,0.0017247273005813828,-0.21331458809377774,-0.15230552003556433,0.127
552,train,6,1,1.2905479321075133,-0.1733145932512018,-1.6430571476490163,0.0009355263297718545,0.0015647723026948768,-0.026021405077810866,-0.08203685523219945,0.046
553,train,6,1,1.3309435995722065,-0.25334703274384396,-1.6112429810154303,0.0011419672765673474,0.0021160717633818197,-0.02287005186428298,-0.11809744604094975,0.05
554,train,6,1,1.3337584759242291,-0.11887586505383842,-1.6462353201738487,0.0008344336413592327,0.001139668104075125,0.02321366542083409,-0.0590226063703504,0.048
555,train,6,1,1.4541618341094287,0.17251873345837138,-1.8001978785010984,0.0015714631289495,0.0025077659067994666,0.1702897965534065,0.07185673528394734,0.023
556,train,6,1,1.2944073662437605,-0.1273974386613276,-1.6857957288337146,0.0008996200303227487,0.0014577998311201615,0.018029955989438847,-0.06481540077884732,0.041
557,train,6,1,1.4397241770722744,0.2281809692846162,-1.7068608559801777,0.0016438472307560756,0.002705160502926102,0.1642153034898221,0.09265800677069007,0.039
558,train,6,1,1.4062624328932445,0.14396948277770508,-1.75876343015908,0.0012181436034139903,0.0017909284353642776,0.13425392788167198,0.056571743072863036,0.031
559,train,6,1,1.4568234179822197,0.054267307274350286,-1.6719331428207789,0.0011490789299445838,0.0018275186545669015,0.11526663870663914,0.010931584883799337,0.046
560,train,6,1,1.636609105703571,0.36446515402072677,-1.5880499496861211,0.0015629077561414662,0.0018042173326818128,0.2551541862498969,0.145520637226698,0.03
561,train,6,1,1.2811733546476596,-0.08717057426108346,-1.7287689583059962,0.0007042139122222135,0.0009820476237173247,0.034927684472519274,-0.049099571668073674,0.031
562,train,6,1,1.5713087929442742,0.36197483214679615,-1.6401856769482774,0.0012289597118740297,0.0014236194559340885,0.23810985372397295,0.1522412688690345,0.033
563,train,6,1,1.7019370273335852,0.4949805605608495,-1.4465737916900645,0.0009698227012432467,0.0011623867201878198,0.28823703280481705,0.20180879330736298,0.033
564,train,6,1,1.740884187658042,0.4095211135710919,-1.4163596201769761,0.001300314613437678,0.0016875245373351461,0.26689483427500504,0.15174319375632617,0.045
565,train,6,1,1.4316966784668599,0.11703731806470932,-1.7479079051404256,0.0012006990380943612,0.0016303755675871443,0.136652500733442,0.04192294412520973,0.034
566,train,6,1,2.285263055774333,1.0893186886433746,-0.24600219593360695,0.0024467553717881685,0.0039438099860365,0.4867183728769674,0.39461711237698477,0.044
567,train,6,1,1.8409089671560288,0.521795178547783,-1.247795733294826,0.0014830197975915216,0.001724815464840475,0.31608793849377625,0.18830961750830283,0.05
568,train,6,1,1.4649165558590798,0.21405957497712355,-1.7347756724994519,0.0019254177825686796,0.002920858665924342,0.16922688060711152,0.08667493113419315,0.032
569,train,6,1,1.339184232595904,0.06346560791861924,-1.8028126251416685,0.0010266741432668727,0.0014401497659116923,0.10135687785551055,0.021132629555865208,0.027
570,train,6,1,1.5920176387948795,0.42918348434262704,-1.5608867354823042,0.0016661384943537205,0.0025799970955665587,0.2528936612571362,0.1763235386465841,0.03
571,train,6,1,1.4006205884819074,0.251395536074698,-1.7549387672404875,0.0011258753601757988,0.0010205871505226658,0.16199640089069994,0.10714583199511975,0.03
572,train,6,1,1.5390996247927442,0.3088291761104048,-1.6497709243280516,0.0011162015070859952,0.0012958118711216202,0.20872924056796102,0.12583173361098962,0.035
573,train,6,1,1.6286483123026378,0.3165401916815262,-1.5860112004482039,0.0011172453817768011,0.0016903695786773373,0.2328911645925688,0.12231251702271523,0.028
574,train,6,1,1.6209624275211154,0.39384752438107173,-1.5197787084555263,0.0015266219305684653,0.001290314081776512,0.24879266774492176,0.15457855241255,0.047
575,train,0,0,1.967665890647404,-0.5816438240819995,-0.9674984509785749,0.00046587201512001433,0.00045208600871850095,-0.2636959375617262,-0.21006063772379843,0.099
576,train,0,0,1.9652947268627747,-0.5795346987490096,-0.96839774094631,0.0004945492764192866,0.000517011293668162,-0.2580392878021305,-0.20893096603657535,0.1
577,train,0,0,1.9632497317484054,-0.5735997780832611,-0.9775827026981516,0.0004861941235752204,0.00046789062156064095,-0.2548930062243835,-0.20699566776970765,0.102
578,train,0,0,1.9612221412124802,-0.5738638634803268,-0.9791272942252243,0.00048220077939694896,0.0004429300760294145,-0.25797327879009607,-0.20695484717207654,0.097
579,train,0,0,1.9615783805218936,-0.574287064017141,-0.9781979477254192,0.0005028161053482391,0.0005547868020265639,-0.2601609902843633,-0.20714506784157402,0.094
580,train,0,0,1.9628486063137014,-0.5770461743270356,-0.9778178390618031,0.0004941039743280015,0.0004632518151205248,-0.264575975258016,-0.2081629117785705,0.1
581,train,0,0,1.9608259260196703,-0.5768022402712165,-0.9799663243235219,0.0005024436993207022,0.0005288405945564113,-0.2680799474461131,-0.20816818787575944,0.097
582,train,0,0,1.9614803384934245,-0.5773684648669847,-0.9756321010355591,0.0004983817358169669,0.0005187847494662843,-0.2704806471293492,-0.2082503332002988,0.098
583,train,0,0,1.9597544948062642,-0.5744101589701731,-0.9810904919410124,0.0005072154074314733,0.000525971695290214,-0.2622901615653997,-0.20738100816006608,0.099
584,train,0,0,1.9632948503920438,-0.5740480922572974,-0.9785839844479209,0.0005092944150274568,0.0005342214337404163,-0.2635815587509994,-0.20680255268041278,0.097
585,train,0,0,1.959100173085347,-0.57520317397049,-0.9803557469027284,0.0004850432708742313,0.0005115387353412319,-0.26494759973232496,-0.20764982246740338,0.099
586,train,0,0,1.9604424646772556,-0.5722126215849602,-0.9838696741576225,0.0004951755000111994,0.00048001818632075,-0.260496073671461,-0.20664018811014093,0.092
587,train,0,0,1.9581027805174143,-0.5710214421908059,-0.9848052464438362,0.00051196164100702,0.0005238737079196301,-0.26584456292825975,-0.20599143444436901,0.094
588,train,0,0,1.957098382029041,-0.5698476073901996,-0.9875655116864213,0.000515285343629402,0.0005843357284241157,-0.26423728250100004,-0.2057462837907526,0.103
589,train,6,1,1.8901469394104864,0.782107650342436,-1.0305276336528073,0.0012746390575636174,0.001710391445327588,0.395125293359706,0.30982316935179344,0.04
590,train,6,1,1.7417123145625313,0.5945312390823554,-1.4158624668470001,0.0014498429876223895,0.001874054733942635,0.3391801188874433,0.25185979997885916,0.027
591,train,6,1,1.4250720416816818,0.28895528882786764,-1.7181974043991366,0.001342493647166323,0.0013629282853423878,0.18322259060941018,0.12355741347297862,0.033
592,train,6,1,1.4942588636756553,0.3919963892045978,-1.6515931667384562,0.0016305651669730134,0.0017712606147453165,0.22722121835344475,0.16947999629553906,0.031
593,train,6,1,1.5730148567245736,0.20669096208977755,-1.6289567804240304,0.001014253873256111,0.0013458916487642232,0.19257813223570042,0.07416702649955628,0.038
594,train,6,1,1.6707579879546766,0.48595836895578554,-1.5155531538096587,0.0019829289539256187,0.0031231146989725046,0.2900575397937705,0.20377439331062716,0.031
595,train,6,1,1.3365335442204458,0.13585401486378315,-1.765280529368492,0.001018322083090066,0.000888725269851166,0.10821115144766506,0.0555875011612949,0.034
596,train,6,1,1.6684973139362451,0.5920606076186463,-1.412340290908574,0.0019314980762008816,0.00282436340229411,0.3061933686291765,0.2512499313860342,0.037
597,train,6,1,1.3876044333892807,0.21726943566429638,-1.7579082111704047,0.0011715436815000258,0.001279979689946245,0.14893043492267008,0.09156958042708599,0.031
598,train,6,1,1.3738369736686566,0.18705935820202074,-1.8092270094559364,0.0016249057132347645,0.0027040731085820886,0.1504446505593466,0.0800404525935486,0.029
599,train,6,1,1.2975510905909557,0.026765557950281085,-1.7739062926998637,0.0008016593359065776,0.0008201185427577614,0.06384386118176298,0.0061509696545688055,0.035
600,train,6,1,1.6384377819270595,0.36829106574332365,-1.5611312743416428,0.001158176265414772,0.0015347054104582563,0.24498741648319008,0.14615140039503774,0.036
601,train,6,1,1.5891102104688346,0.30768283449655154,-1.6421979435793386,0.0010324894686328581,0.001219294592770601,0.22349630315632565,0.12449647297290775,0.031
602,train,6,1,1.4330896100708845,0.13452632711246884,-1.7522061344404063,0.001036009765273782,0.0009559000153316422,0.14150306171435567,0.050529268151997715,0.033
603,train,6,1,1.724470301938824,0.4717911486991348,-1.4558735099187106,0.0014097690439720497,0.0015856250879606717,0.28253437064117837,0.18960658891558854,0.044
604,train,6,1,1.5935170472887903,0.3721413544180789,-1.6426103851962304,0.0013223609773007365,0.0016398145649290953,0.25101284486694153,0.15726508107581993,0.024
605,train,6,1,1.331756352098403,0.06300838443311974,-1.7832556515390947,0.000793506286414341,0.0007778002688118717,0.08483092264514971,0.022310003308721765,0.033
606,train,6,1,1.4214546591676491,0.04544544995540846,-1.6885391182431007,0.0008966528655261353,0.001195264191675231,0.10635689866167931,0.008367307647302433,0.06
607,train,0,0,2.067435864162865,-0.5170261798145487,-1.0832089343757048,0.00023015798270749143,4.785499339673719e-05,-0.2905642603685205,-0.1895442926325944,0.102
608,train,0,0,2.0693717362990047,-0.5175383041858908,-1.0830201700394657,0.00023015910525772516,4.9380978758382384e-05,-0.2876512349992528,-0.18968950546335292,0.101
609,train,0,0,2.0695512133627614,-0.5178193238320288,-1.083250531277719,0.0002335819280377077,5.7413120989590926e-05,-0.2899163997321387,-0.18990337370007684,0.102
610,train,0,0,2.069328832285906,-0.5179907147941022,-1.082418232210384,0.00023172771362023586,5.237867120852283e-05,-0.29062316065374694,-0.18991048735404514,0.102
611,train,0,0,2.06763273151231,-0.5155456194541881,-1.0871685909190878,0.00023185328551932803,5.082412057402039e-05,-0.2889820679203064,-0.18907293337645556,0.102
612,train,0,0,2.0669120728210655,-0.5163180906749489,-1.085988213759372,0.0002340395937596234,5.595875446374231e-05,-0.28930950195982214,-0.18930732622679772,0.103
613,train,0,0,2.061308745067221,-0.5180628400172003,-1.082704994501969,0.00023143661380506037,5.296618819717266e-05,-0.29004613786847094,-0.1898241298318462,0.103
614,train,0,0,2.0640715335265933,-0.5162823633127928,-1.086825469142583,0.0002317268934621166,4.930712324997376e-05,-0.28781253965398806,-0.18940583441170084,0.1
615,train,0,0,2.0699139744144923,-0.5180349400175878,-1.083659124135821,0.00023295584177410308,5.724471868243125e-05,-0.29070323563953243,-0.1900896911040563,0.1
616,train,0,0,2.064462704017138,-0.5172592695372481,-1.0844183309881061,0.00022964469506900567,4.8463085459166246e-05,-0.2874179661525056,-0.18963785546062822,0.104
617,train,0,0,2.0711220546239693,-0.5169908805673238,-1.083992721262516,0.00023364379387678157,5.350401183187905e-05,-0.28758257285622635,-0.18950293061333126,0.1
618,train,0,0,2.0660227725258196,-0.516277522798465,-1.0855236686731466,0.0002318499309361493,5.0681996981232385e-05,-0.28765635898951625,-0.18931830958477558,0.101
619,train,0,0,2.065833649937596,-0.5196712307530454,-1.0782817255308201,0.00023022536855885206,4.818726266345495e-05,-0.28939194681500924,-0.19025654620768623,0.102
620,train,0,0,2.069106985542794,-0.5175663695706342,-1.0817892646097331,0.00023298569389278262,5.60397218113068e-05,-0.28811705731220355,-0.18966755541493938,0.103
621,train,0,0,2.0680295895938117,-0.5162589302527982,-1.0837071983055497,0.00023145667756514456,4.993075393492518e-05,-0.28941108176152586,-0.18914735098305452,0.103
622,train,0,0,2.065252666102136,-0.5170207099575008,-1.082105708461763,0.00023169298476642368,5.363589914968169e-05,-0.28797212097965164,-0.18938600872825131,0.101
623,train,0,0,2.073329362858035,-0.5177539985825631,-1.082036866290717,0.00023212200238087414,4.7928017079173226e-05,-0.29167813004046345,-0.1897124397145398,0.1
624,train,0,0,2.064114085817902,-0.515473673876164,-1.0848279477588205,0.00023255457598546174,5.697544135768422e-05,-0.2897958443702842,-0.18889746136907742,0.1
625,train,0,0,2.067684186225602,-0.5170567732801745,-1.0815385895689595,0.0002318818851058203,5.2138439940080684e-05,-0.2876288568290097,-0.1893140029242545,0.101
626,train,0,0,2.0735873964585636,-0.5160355793592126,-1.0846971846221636,0.00023291912850108529,4.933491622353099e-05,-0.2923495132894984,-0.1892445043913709,0.101
627,train,0,0,2.0697331833553636,-0.5163051283576631,-1.0830197708481744,0.0002331768476728791,5.452332031580503e-05,-0.29090868071766357,-0.1891586811350678,0.103
628,train,0,0,2.0684681703471597,-0.5167295361760407,-1.082939610046295,0.00023310916130118387,5.6480425937781385e-05,-0.2909422291702955,-0.18931821733073212,0.102
629,train,0,0,2.0653786081368573,-0.516534728610375,-1.0856597529227434,0.00023475938804363278,5.415915202169643e-05,-0.28989830489698787,-0.18951388134747033,0.1
630,train,0,0,2.0701639917829593,-0.5170535983800175,-1.0830159476901096,0.0002336593226975566,5.636279709495796e-05,-0.2920494722231693,-0.18949426382114332,0.1
631,train,0,0,2.068210748658978,-0.5166842649513674,-1.082991306258961,0.000233566857442625,5.6399586992039265e-05,-0.29035618858026485,-0.18921304170676778,0.101
632,train,0,0,2.0710118322631472,-0.5169218410870884,-1.0835820643034075,0.00023396791272226012,5.54813210839628e-05,-0.29023066575839296,-0.18952585025275004,0.101
633,train,0,0,2.0678169409593337,-0.517115005126861,-1.082732716713649,0.0002312241992540506,5.029952163095571e-05,-0.28948240080623816,-0.18947301845644596,0.1
634,train,0,0,2.0677653433950614,-0.5189785807821283,-1.079475367976883,0.00023269245455026733,5.2011621738286825e-05,-0.28925662558270626,-0.19009842790503356,0.101
635,train,0,0,2.071430444611434,-0.5178364767833379,-1.0816115844128398,0.00023295444452911123,5.292928545105105e-05,-0.2897525024677733,-0.18977221021803006,0.1
636,train,0,0,2.065863000620416,-0.5165718123332138,-1.082875238711117,0.00023110595321065836,5.009030462155694e-05,-0.29041915401805496,-0.18918688898389777,0.102
637,train,0,0,2.0667201240504465,-0.5160780553367679,-1.0837178219370955,0.0002344115703156533,5.698127126970712e-05,-0.28949877821927855,-0.18910005407230854,0.101
638,train,0,0,2.0650364707189532,-0.5152541259086862,-1.0848624097821293,0.00023243158742082795,5.2680733442050905e-05,-0.28965289278424,-0.18878453771689935,0.099
639,train,0,0,2.072450267989488,-0.5182980831152411,-1.0799123467181884,0.00023189671017847572,5.4799618493549766e-05,-0.2916348922837449,-0.18977662345259197,0.103
640,train,0,0,2.0663733206685615,-0.5170745504681288,-1.082488597408857,0.00023302192714700409,5.2308983007671005e-05,-0.2890079336742802,-0.18944439501878002,0.1
641,train,0,0,2.0679645403325284,-0.5166734666801128,-1.083492476738111,0.0002338726700939104,5.576184138124129e-05,-0.291017426141699,-0.1893398542017535,0.1
642,train,0,0,2.067140442084704,-0.5167455460717932,-1.0831829786176568,0.00023195817789924199,5.1904491876240784e-05,-0.2904932872893313,-0.18931455510106368,0.102
643,train,0,0,2.0661441833242415,-0.5173166937831027,-1.0818159242586838,0.00023302197436533565,5.387745117957018e-05,-0.2897036855516971,-0.18947930059881093,0.102
644,train,0,0,2.0699861533867727,-0.515441850157667,-1.0864117064488688,0.00023211007005500536,5.415367224829177e-05,-0.2914325387048024,-0.18903192610920116,0.1
645,train,0,0,2.0641836380526666,-0.5157863716165092,-1.0839172331999305,0.00023212831920999444,5.421535638589433e-05,-0.2869406407927501,-0.18902866469633997,0.102
646,train,0,0,2.0648690128945946,-0.5150616154958907,-1.0870681681797905,0.0002326126650229867,5.2261250756835835e-05,-0.28807987362962506,-0.18887294678140723,0.101
647,train,0,0,2.0672861207197775,-0.5157508517295518,-1.084946516607391,0.00023049250576331884,4.787369558570081e-05,-0.2882776455759378,-0.18902466385496977,0.1
648,train,0,0,2.0697928116357462,-0.5165816246447238,-1.0821933737791687,0.00023356079252458706,5.688580467184283e-05,-0.29107888648076846,-0.18923010628191372,0.103
649,train,0,0,2.066521274363913,-0.5140036050384584,-1.0875000386816014,0.0002335101403894234,5.441718357612401e-05,-0.28980386283294346,-0.18837769986503933,0.103
650,train,0,0,2.061429487301,-0.5141640875529443,-1.0878088450248253,0.0002319970453487575,5.312546124462231e-05,-0.28999180974182664,-0.1884566515958755,0.102
651,train,0,0,2.0712944659980588,-0.5173508889836979,-1.0810540975930887,0.00023417506663466208,5.624966331105553e-05,-0.2904581040961818,-0.18936736938258297,0.103
652,train,0,0,2.0697386738444727,-0.5151942452487478,-1.0845299294906152,0.00023376548783807276,5.424239086594117e-05,-0.2901870965428469,-0.188743026234763,0.101
653,train,0,0,2.0701491313874807,-0.5157481678453946,-1.084932558071961,0.00023305277751318223,5.355561076767201e-05,-0.28942932490871826,-0.18903376505916392,0.103
654,train,0,0,2.0686729629816303,-0.5147330257126421,-1.0856201496380464,0.00023229800475289673,5.4549779467691336e-05,-0.2892873741033045,-0.18851114287489362,0.101
655,train,7,1,1.8828477678515938,-0.4291115013921332,-1.2148007214485521,0.0005052651093609321,0.0003863732464907072,-0.24082110950109156,-0.15562652625318654,0.072
656,train,7,1,1.530101648039293,-0.44808748503112045,-1.3562521908336684,0.0005268352616076059,0.00028310666469379397,-0.15185265728437974,-0.18526214477670244,0.075
657,train,7,1,1.564915722684207,-0.4535020967704024,-1.3215545160399786,0.0005074218261117831,0.0003165890329877369,-0.16211335867437562,-0.18340455718286522,0.079
658,train,7,1,1.4470079451723996,-0.3778163048887531,-1.4667737176923474,0.0004649349880298312,0.0001572676207920962,-0.1049556322814319,-0.1625313963214975,0.071
659,train,7,1,1.4672081427929742,-0.36368928118506316,-1.4743372146234872,0.0004066328385845572,0.00024896030654304496,-0.1098658946571338,-0.15610560650484756,0.066
660,train,7,1,1.497113074759364,-0.38839014088679835,-1.436852442058369,0.00043086220730350044,0.00026775706548559956,-0.1217629171277018,-0.1639660351245757,0.075
661,train,7,1,1.4483000194580895,-0.3470102591332016,-1.5010295494151311,0.0004100677007942359,0.00023871641455515914,-0.10847916605730898,-0.1499947651456164,0.065
662,train,7,1,1.5136793938218231,-0.3919454339913472,-1.4284004953405713,0.000361854355051387,0.00017320034906651827,-0.13348603100248163,-0.1644699000588819,0.07
663,train,7,1,1.499806024539221,-0.3715657707462691,-1.4578851126971537,0.0004483456235749025,0.0002575205894423482,-0.11825320886613444,-0.15802626030122235,0.071
664,train,7,1,1.3576684531424288,-0.2564273872607073,-1.6207998844238676,0.0007601239951668053,0.00062668371268758,-0.0722261805131814,-0.11743406816515528,0.057
665,train,7,1,1.4735276978270777,-0.3947624268338234,-1.45154143859713,0.0005358859938900379,0.0003099484191665308,-0.11927091488442387,-0.16923362528477387,0.073
666,train,7,1,1.4429230740899557,-0.3333715821950656,-1.5196383322951188,0.00044522097039713756,0.0002175048483575248,-0.09894733313750716,-0.14560538558471206,0.067
667,train,7,1,1.3707685318064624,-0.24729617525334333,-1.6210640756398875,0.00040126484160577663,0.00021477383880433307,-0.0765381082076212,-0.11176601028911039,0.047
668,train,7,1,1.4112251965731604,-0.2978338740429903,-1.55569623873859,0.0005303849691432442,0.0003567605222218704,-0.09441877847676776,-0.13090133544428198,0.053
669,train,7,1,1.3331400321338935,-0.184021064289991,-1.65547637459318,0.00040029956170969347,0.00025986372233599044,-0.03973538189065141,-0.0861290101046316,0.046
670,train,7,1,1.2342938681355766,-0.10646446198271535,-1.7378688258888775,0.0007019441487200983,0.0003793442987040888,0.002064585222973743,-0.055979549097636645,0.037
671,train,7,1,1.3355317442344572,-0.12690259615315938,-1.68598365098654,0.0005703444734988245,0.0002712356048672455,0.02844457950546066,-0.06575760994291839,0.043
672,train,7,1,1.334362579445915,-0.20493495288763217,-1.6390512922645617,0.0004292892625064261,0.00025480413295594,-0.001620508059520932,-0.09631084631467314,0.049
673,train,7,1,1.3525489309443224,-0.2038914153284237,-1.5812410380817161,0.0003556824792774938,0.00017389955968928036,-0.002681759125390553,-0.09544650821454045,0.047
674,train,7,1,1.4002004758705897,-0.31095992302805975,-1.5682604143638084,0.00043450093137969775,0.0003114154382587148,-0.08707494402026084,-0.13869316400902076,0.055
675,train,7,1,1.4416142479035363,-0.05107291269432195,-1.6258534394263533,0.0005555006577410483,0.00041850454085841815,0.07859033953536264,-0.03770383842998777,0.051
676,train,7,1,1.3754916233981083,-0.12982590616732512,-1.635809014513866,0.0006358380987240337,0.0003644463622575139,0.04619329771064507,-0.07049344484995201,0.051
677,train,7,1,1.3077838310500727,-0.1379992067936474,-1.6494915607777032,0.0004613607979721699,0.00024883056356264486,0.015967589476576515,-0.06955587358798292,0.043
678,train,7,1,1.3587043801822012,-0.18409704853385744,-1.5865123596066786,0.00047718399927976484,0.00032619720165294024,0.011550188698482958,-0.08938994324918118,0.046
679,train,7,1,1.4046969479817841,-0.31030449736119864,-1.5761242390825583,0.0006364999456183239,0.0005122990780883463,-0.09942490491219268,-0.13770370458175724,0.046
680,train,7,1,1.2923999092925607,-0.18987144829262906,-1.6482002728397553,0.00034822396628539284,0.00019585981134048614,-0.004772324126642759,-0.09104223270946825,0.05
681,train,7,1,1.4507660251446242,-0.047989190217931535,-1.635457684312342,0.00044128483379596517,0.0002586884856358729,0.08421899433389322,-0.032870990688480664,0.045
682,train,7,1,1.3418691731270067,-0.2660562123829237,-1.6148344811073239,0.00041456130952024356,0.00023539599876536382,-0.06151422025666059,-0.12036814398535037,0.055
683,train,7,1,1.3510811063087156,-0.28477591714031625,-1.6084317145005764,0.0008840192017153041,0.0008509745539202698,-0.08190172165990244,-0.12672366246053585,0.047
684,train,7,1,1.403319414078626,-0.3344459334248529,-1.5280544311278355,0.00042487511738527794,0.000224154385778527,-0.1006926763262217,-0.14660125178804256,0.067
685,train,7,1,1.4242771032173434,-0.34690202784689234,-1.5052279981438605,0.0003905348154219249,0.00020174517151626706,-0.09990972105716697,-0.15062417626401664,0.064
686,train,7,1,1.4230009685664824,-0.30570884848418034,-1.5076201385413306,0.0004501974719210953,0.0002735695564773874,-0.06888445030691177,-0.1330084648811457,0.079
687,train,7,1,1.435739822752522,-0.2879488142712915,-1.4292197200230303,0.0007474719629660533,0.0005863245544144236,-0.03207431564483481,-0.12764796119967137,0.086
688,train,0,0,2.0689322271413846,-0.5169294284032812,-1.0823373441883106,0.00023346344586245682,5.748893742763397e-05,-0.2876264989529024,-0.18939723232184277,0.103
689,train,0,0,2.066034120876992,-0.5153410882403603,-1.0853129296161739,0.00023207688119118155,5.3760895106737524e-05,-0.28776540978342535,-0.18887141593375883,0.101
690,train,0,0,2.065712779932517,-0.5146101475144033,-1.086323440435122,0.00023358427242532224,5.518205479386055e-05,-0.28854266797661593,-0.18866932031634293,0.1
691,train,0,0,2.07137879496811,-0.5166274988703744,-1.0816408383857987,0.00023281934470291562,5.359898308144057e-05,-0.29093318831631715,-0.1891595559309839,0.1
692,train,0,0,2.0606278957041417,-0.5143609593477443,-1.0865609931773654,0.0002312485468918142,4.996884837256917e-05,-0.28945854947499006,-0.18845753549747743,0.1
693,train,0,0,2.0618552127301206,-0.5136265767933386,-1.0874965713170872,0.00023406671780022638,5.784423562153249e-05,-0.28624507471035543,-0.188340848806855,0.099
694,train,0,0,2.065495798627843,-0.509310248953451,-1.1007912340774932,0.0002231553643953269,2.837655318039358e-05,-0.2937610075577677,-0.18732762127493605,0.102
695,train,0,0,2.0620433467633945,-0.5099866727979981,-1.0996465492300684,0.00022339149970964294,2.8251980938701172e-05,-0.2926475003277347,-0.18759904590983004,0.099
696,train,0,0,2.062622540860085,-0.5119990215237492,-1.0963355663428083,0.0002218849266708811,2.9479787132278906e-05,-0.2934805511000121,-0.18816093055891356,0.099
697,train,0,0,2.062961669884315,-0.510223060260971,-1.0985551162879286,0.0002240081623740781,2.9299354075895538e-05,-0.29384329992154634,-0.18750876435630492,0.1
698,train,0,0,2.0583292454968714,-0.5099668391763796,-1.0990245145318254,0.0002220542384939263,2.814521402856161e-05,-0.29263615168190765,-0.1874680926791166,0.1
699,train,0,0,2.064065531597175,-0.5115172173360889,-1.0955281987822545,0.0002221365318638212,3.058621933513744e-05,-0.2939955286601531,-0.18787788409514533,0.101
700,train,0,0,2.062669214514415,-0.5102650214499003,-1.0986894873424489,0.00022284444752271985,2.815169019322597e-05,-0.29366757353664535,-0.18753103939994323,0.099
701,train,0,0,2.063982449737312,-0.5107979379871715,-1.0980531484240614,0.00022366313892976738,3.208548443093531e-05,-0.2936408249838177,-0.18774054916166605,0.101
702,train,0,0,2.0613830731362004,-0.5121633425631075,-1.0951275594465293,0.0002220471760324208,3.135919862201095e-05,-0.29506246889456395,-0.18811167852582666,0.1
703,train,0,0,2.065715497032306,-0.5119276110861196,-1.0973238956231504,0.00022254609635964342,2.717205488046201e-05,-0.2947554623418489,-0.18826975845593658,0.101
704,train,0,0,2.065267368487284,-0.5117219895552655,-1.096742930214741,0.00022352812215691763,3.1549427762602716e-05,-0.2947822377616562,-0.1881067823540485,0.099
705,train,0,0,2.062524975694419,-0.5116780509443026,-1.0971683656192643,0.000222409705785228,3.15232875974065e-05,-0.29420150686856894,-0.18801930103931785,0.102
706,train,0,0,2.0655760119368938,-0.5116609359462836,-1.0974784986526855,0.00022387894374486999,3.0374562308730212e-05,-0.2943034470822169,-0.18809127371199322,0.1
707,train,0,0,2.0595396696439856,-0.5115580089816443,-1.096665432121675,0.0002223946713203377,2.778308319781595e-05,-0.29347968829645577,-0.18799300555496926,0.1
708,train,0,0,2.0661216236449196,-0.5128228912720793,-1.093847824433514,0.0002224858198319222,2.875487694538495e-05,-0.2942780082406682,-0.1882651078464083,0.101
709,train,0,0,2.0575192348814553,-0.5116789183229052,-1.0975474034359487,0.00022359180208757592,2.8709680119834267e-05,-0.2931086036951315,-0.18811732469994463,0.099
710,train,0,0,2.0652840571374003,-0.5114768316875534,-1.0968595754481816,0.00022281320395596123,2.9270487951284812e-05,-0.2943056073843083,-0.18794758795291278,0.1
711,train,0,0,2.064244394917724,-0.5131614833598971,-1.093240646134838,0.00022384123699426716,3.423429054778083e-05,-0.29385853806434853,-0.18837254600596942,0.101
712,train,0,0,2.065128661819712,-0.5115527183040651,-1.096264721687557,0.00022369304228943114,3.008675636759258e-05,-0.29438880969657505,-0.18801870801894188,0.101
713,train,0,0,2.0612149166293934,-0.5122444050499987,-1.095142066385443,0.00022187928300450128,2.901136008705329e-05,-0.29391047785784735,-0.18815600964035953,0.1
714,train,0,0,2.063721558893285,-0.51303595340505,-1.094420024125708,0.00022260770151953508,2.997916794250275e-05,-0.29422064352896576,-0.1883985717176278,0.101
715,train,0,0,2.0657302043895447,-0.5117665243866026,-1.0975336004828613,0.00022441756900163658,3.126681209442428e-05,-0.2950740497611746,-0.1882129351628005,0.1
716,train,0,0,2.064202215525804,-0.5133198263950536,-1.0943960262745729,0.00022202062338555026,2.88562584372097e-05,-0.2941162242218351,-0.18862524936397213,0.101
717,train,0,0,2.0646163706160405,-0.5131632494928831,-1.0946725082407607,0.0002236252132002121,3.188182642708887e-05,-0.2935835781826472,-0.18864553652660934,0.102
718,train,0,0,2.0630176643320386,-0.5114963142110095,-1.098304844821435,0.0002227578852807806,2.917388706696022e-05,-0.2951136983270796,-0.18812172659019666,0.1
719,train,0,0,2.062252340854537,-0.513327807752517,-1.0943154677724352,0.00022197618176378515,2.9348980804564265e-05,-0.29403000606048735,-0.18862798945467144,0.099
720,train,0,0,2.062465417233147,-0.5125628006649011,-1.0956075931851081,0.00022264615179650176,2.7335224780205552e-05,-0.29371486221897836,-0.18834887677062367,0.1
721,train,0,0,2.0640329185850246,-0.5122960433417266,-1.09714243125427,0.00022240986683573605,2.8440877273439438e-05,-0.29394926641774033,-0.18836834140456374,0.1
722,train,0,0,2.064855102006184,-0.5123337212150805,-1.095082348415811,0.00022294566301750266,2.9281856330735593e-05,-0.2937851901859115,-0.18817634121824894,0.1
723,train,0,0,2.0598991255964454,-0.5120809548951084,-1.0959554009505765,0.00022342662671623627,3.1068259507636925e-05,-0.2929267100713951,-0.18813965636334146,0.098
724,train,0,0,2.065245290454179,-0.5118515721372343,-1.0969247407303462,0.00022384705669049342,3.1900737140560204e-05,-0.2953121578531341,-0.18815530470059424,0.101
725,train,0,0,2.064408455534459,-0.5127326651060176,-1.0944726488911998,0.00022130483759387866,2.7314956753164487e-05,-0.293853838415701,-0.1882487672503303,0.099
726,train,0,0,2.064960417916329,-0.5116538833736615,-1.0974980890911537,0.00022424689096770675,3.070210654813443e-05,-0.2942867538709237,-0.1880629926960202,0.1
727,train,0,0,2.061416618368883,-0.5120549244464471,-1.097827684089738,0.00022317002202319955,2.9500532435243852e-05,-0.2944148316936408,-0.18829846814056658,0.097
728,train,0,0,2.061088555616176,-0.5138291041453363,-1.0936702011663115,0.00022174436385267483,2.887846937947144e-05,-0.29403271781264473,-0.18877085851582015,0.1
729,train,0,0,2.0642649941463977,-0.5121702631836281,-1.097238665303913,0.00022414401903379962,3.1884108004057495e-05,-0.2944423770165188,-0.18837520750641806,0.099
730,train,0,0,2.057271353524905,-0.513235929168429,-1.097324371332038,0.00022221102010283342,2.7873360171755826e-05,-0.29296048405913633,-0.18885447308394973,0.099
731,train,0,0,2.061681113957509,-0.5130316873033831,-1.0949064564598099,0.0002218807888143615,2.774720492276639e-05,-0.2935622714447876,-0.18852913881038016,0.101
732,train,0,0,2.0651308837216114,-0.5123714999253153,-1.0974976590553331,0.0002233260029685322,3.084162308936998e-05,-0.29449137038150475,-0.1884766767327794,0.099
733,train,0,0,2.061110039208364,-0.5138369095098662,-1.095275229288749,0.00022289925454309513,2.9139409942578344e-05,-0.29423671715524585,-0.1889404138027435,0.099
734,train,0,0,2.060644935506659,-0.5136672937167869,-1.0944790605389951,0.00022171004050179966,2.9315762877854044e-05,-0.2945768146919333,-0.1887904760066037,0.101
735,train,0,0,2.056517410919636,-0.5117451048130406,-1.0983998727416797,0.0002223630407672048,2.84641713107365e-05,-0.2937681032023201,-0.18823761880435894,0.098
736,train,0,0,2.061199133361479,-0.5130277826051115,-1.0954099028772724,0.00022265481782454192,2.985208901677352e-05,-0.29402991989678706,-0.18865294766912777,0.101
737,train,0,0,2.058859661653589,-0.5139553825582938,-1.0936579865095122,0.00022226355066344293,3.161186997239256e-05,-0.2930717985869591,-0.18891097425418585,0.102
738,train,0,0,2.063437478302318,-0.512354810892984,-1.0970480124172524,0.000224116181357115,2.8798617520541078e-05,-0.2940529259121809,-0.18840863528827093,0.098
739,train,0,0,2.0654639636650196,-0.5140498011115183,-1.0938530824265225,0.0002226256020441484,2.893256979580872e-05,-0.2950601277590914,-0.18898739336109213,0.1
740,train,0,0,2.0639494909486933,-0.5130038885823818,-1.0945210241884387,0.00022204558116714352,2.8767630673852624e-05,-0.2946981263831519,-0.1884579145058496,0.102
741,train,0,0,2.0639004061286372,-0.5115095212106668,-1.0979969532974567,0.0002249884150436045,3.160343801757958e-05,-0.2943621647837714,-0.18819042846339923,0.101
742,train,0,0,2.064512712574592,-0.5132200506558128,-1.095664000254349,0.00022163828697094532,2.874143444537267e-05,-0.2923426743635582,-0.18878284317840102,0.101
743,train,0,0,2.060269563040001,-0.5134068289648058,-1.0948109406754825,0.00022121577576633046,2.9023751610761747e-05,-0.2939548028899957,-0.18869934279427025,0.101
744,train,0,0,2.06511513738248,-0.5133369486731679,-1.0969224140909755,0.00022483517864877958,3.236092727850903e-05,-0.2942947969176851,-0.1888684251511606,0.097
745,train,0,0,2.0575269521200177,-0.5138547319991446,-1.0946433728998526,0.0002212898363310913,2.6176596788353234e-05,-0.29286086771809167,-0.18891034269525017,0.101
746,train,0,0,2.0607664931470064,-0.5132805419921617,-1.094581783058141,0.000221693921339039,2.7916183450344747e-05,-0.2941296600678032,-0.1886260208980071,0.1
747,train,0,0,1.9755474742186365,-0.5163401431459275,-1.1300966260034537,0.000422078306557651,0.0001170676281274604,-0.27756467785418215,-0.19442821298138438,0.096
748,train,8,1,1.3079528641330809,-0.24369378305726014,-1.6430975331180107,0.0011199207963911463,0.0010013088562006544,-0.030744022397341378,-0.11378818502696195,0.045
749,train,8,1,1.2540767051939996,-0.19068721069697606,-1.7040244026694886,0.0011280773862938798,0.0008417087433010434,-0.007946693093380724,-0.09217437391144223,0.037
750,train,8,1,1.4621829919648501,-0.06410891632937267,-1.5311284862852585,0.0008785413449073179,0.000788820968387027,0.07051541065119551,-0.045304932211098416,0.055
751,train,8,1,1.2716350350151633,-0.2063406819043312,-1.6898715637803376,0.0008848474628975642,0.0005834476138821092,-0.042490789891156046,-0.09835754657587036,0.038
752,train,8,1,1.4610900032762455,-0.36664013049632543,-1.4644218743503046,0.0003666355982640297,0.0001676210533499619,-0.11576407095512704,-0.15616930369807347,0.07
753,train,8,1,1.4480295876567817,-0.37052553056315995,-1.478255543439546,0.0005793522348126316,0.0004301775653104574,-0.11881341594679669,-0.15880764289876192,0.067
754,train,8,1,1.4714648247791018,-0.36496349508543635,-1.4735380367660735,0.00043032964671274143,0.0003115737663516732,-0.11798873419193492,-0.15584991535245662,0.068
755,train,8,1,1.4092574090770231,-0.27479057654106975,-1.5738590971196564,0.0010644855154168691,0.0009040477217453505,-0.0730434679947487,-0.12049727891564325,0.053
756,train,8,1,1.2987531238547734,-0.22477228316591832,-1.6349462577634386,0.0005117967763732974,0.0003444309129941626,-0.018173396901870028,-0.10813976392670299,0.047
757,train,8,1,1.4627946248451733,-0.3503534175666355,-1.4840030449970971,0.00043907432337905673,0.00019232737113086235,-0.11032525583373123,-0.1502023927159569,0.07
758,train,8,1,1.4980460601264676,-0.36941286248066213,-1.4558637065279478,0.00045398909868714664,0.0002745866416283722,-0.13338573642433849,-0.15592486384014298,0.065
759,train,8,1,1.3804885451952418,-0.25318610173974676,-1.6059670843320906,0.0006720798875657056,0.0005106294947716893,-0.08132238906000247,-0.11283374861184624,0.055
760,train,8,1,1.3790454870290623,-0.30275147083615506,-1.6076350471667542,0.0010819684439631258,0.0009244826123475749,-0.09735017968966034,-0.13807845733037216,0.042
761,train,8,1,1.5111367696667446,-0.41677570725172886,-1.4051319782504967,0.000459952636903897,0.00021989461240372186,-0.1414808047462096,-0.1745091125220114,0.073
762,train,8,1,1.4315690809800765,-0.3322283673355198,-1.5501169086160693,0.000727156296247381,0.0005632784157128098,-0.10970447539598448,-0.14805064225557377,0.056
763,train,8,1,1.369112702202432,-0.1581313888666573,-1.5765095456173066,0.0007496733538922596,0.0008945155452907567,0.016787039052198405,-0.07586027348399156,0.053
764,train,8,1,1.3427725623417417,-0.21360629246566212,-1.6042778563592794,0.000635512363649771,0.0005491195008792729,-0.036775144027628485,-0.09577815419640077,0.046
765,train,8,1,1.3795089494277752,-0.2015973408456395,-1.4946218483423983,0.0007056794155808163,0.0005350234224487014,-0.0006030891672269697,-0.09033052909371891,0.064
766,train,8,1,1.4193134833430343,-0.2541203003083773,-1.544909612151257,0.00043511680745969615,0.000301611516200827,-0.05727056085676991,-0.10943376991779244,0.05
767,train,8,1,1.4215861190303953,-0.24023448217378612,-1.5321113586973443,0.0006043836243527438,0.0004231950007002546,-0.05614045290606003,-0.10051428927756235,0.056
768,train,8,1,1.4748128215930532,-0.3252173858717693,-1.5245240622773095,0.0006066768073163138,0.0005872473615574502,-0.11776536123088968,-0.14064408128088446,0.053
769,train,8,1,1.3955602119063055,-0.26598862545915825,-1.5344705425690734,0.000747886808649459,0.0006779026013416475,-0.06917415172715904,-0.1167154897705632,0.068
770,train,8,1,1.3229547428417925,-0.1495190497481336,-1.5723492346039833,0.000581377911162998,0.000565086545462488,-0.008547403906031618,-0.06936696079710233,0.052
771,train,8,1,1.2592171849010587,-0.1560021755096699,-1.689136077939977,0.0006172427821513428,0.00043776552196771596,-0.01669802902333266,-0.07588706528442489,0.048
772,train,8,1,1.3516195810867744,-0.09564732364125947,-1.7095842244240582,0.0009377683417588465,0.0007183788167940339,0.057728010380695166,-0.05703830398653826,0.04
773,train,8,1,1.4227816144050558,-0.12517540870900956,-1.618360930757852,0.0006931479286878131,0.0005514389083206412,0.06604383301696601,-0.06815427207691005,0.055
774,train,8,1,1.329535517342683,-0.1139941550758375,-1.6809051883477821,0.0006021582542591381,0.0004504246413153482,0.03848755219973875,-0.05808178688711177,0.044
775,train,8,1,1.3447149566237409,-0.17468508893598372,-1.567475069054468,0.0005279742982378398,0.0003734717700452127,0.016170550889563155,-0.08443581640060926,0.051
776,train,8,1,1.4073058415919533,-0.2696860740994885,-1.5450064067378546,0.00040280967030380564,0.0002796086401652317,-0.07984357181299742,-0.1156367185339521,0.06
777,train,8,1,1.3489791278737708,-0.2844910405906809,-1.6187764881136055,0.0006596134838562608,0.0004816586841436163,-0.08204558944935188,-0.12975834054725535,0.04
778,train,0,0,2.0593253887394933,-0.5112804082346816,-1.0983666789590596,0.00022237008542058884,2.939826360399154e-05,-0.29155247742225,-0.18802546012446555,0.101
779,train,0,0,2.0600376550682125,-0.5104259923148645,-1.1007288032259652,0.00022484543336593783,3.2824636673038545e-05,-0.2935826677801661,-0.18784263880878518,0.098
780,train,0,0,2.0636087432224346,-0.5119414157994039,-1.0970317329390056,0.0002231994508471059,3.136499143424476e-05,-0.2953989069196728,-0.18824655404279964,0.099
781,train,0,0,2.061479457064218,-0.5116802876400316,-1.0979962253239293,0.00022204352751690204,2.7124156983274307e-05,-0.2954258110730544,-0.18814287179010078,0.099
782,train,0,0,1.7698533738235511,0.2348053759155377,-1.3980020600634877,0.00022110777006807973,0.00010767834318448751,0.14906676646285272,0.08651382644826584,0.073
783,train,0,0,1.6356562763587537,0.18710498710747553,-1.465644340116633,0.00031006210820340045,0.00025692734020302954,0.09172866653339054,0.0745841063974022,0.065
784,train,0,0,1.654039514163701,0.1927990632054672,-1.444826694579629,0.0004390951338263443,0.00044634772090782377,0.08605296069142233,0.0783257877019372,0.065
785,train,0,0,1.711018311174329,0.20946958979589236,-1.4760978353746028,0.0005637042495748124,0.0006533165872895515,0.10540181148023221,0.08729808904263246,0.065
786,train,0,0,1.7062549913913758,0.2060871126061214,-1.433278250041987,0.0007305541377593702,0.0009217861376264444,0.09143026037926397,0.08467936538524964,0.064
787,train,0,0,1.6637713543954236,0.1700929502718949,-1.441378516970845,0.0009063204308133302,0.0011589540488874735,0.06743283262557542,0.07095119676038256,0.063
788,train,0,0,1.797961092109593,0.16994175307568357,-1.428223122476515,0.001030323040023545,0.001206122077696227,0.10058436400874561,0.07034134046337778,0.086
789,train,0,0,1.6420482947520225,0.1413772322311384,-1.430808469732049,0.0011651256915662695,0.0014407170139248639,0.045620751569137585,0.061738745884453106,0.078
790,train,0,0,1.8487418736455712,0.1384686718579296,-1.3940398964216323,0.0014098417921197647,0.0017519797229563685,0.09971513467180944,0.05827693386367004,0.08
791,train,0,0,1.6822568033708067,0.13245210560308898,-1.4189234637312207,0.0014796106291242268,0.0018214637523015836,0.049663320472823444,0.05758195826861751,0.073
792,train,0,0,1.7338667223956166,0.11482183917531524,-1.402481627471924,0.0017216216394464192,0.0020992588228195934,0.05986032201675024,0.05037897442686996,0.078
793,train,0,0,1.8014339341807604,0.11132852707454974,-1.3969040929807965,0.001833393877164931,0.0023609464110803478,0.07708369134880626,0.04892057238810218,0.089
794,train,0,0,1.8095288700866317,0.06991538573054794,-1.378334772394607,0.002057041235909304,0.002705803197012472,0.0629005099355701,0.030741570226621544,0.095
795,train,0,0,1.8127726382330502,0.11980453275111985,-1.3583237513137092,0.002139730653508137,0.0027797687937692736,0.07559335014791106,0.04977351403170938,0.1
796,train,0,0,1.7859003844851764,0.10081155167599831,-1.3778649077121052,0.0022742907546204026,0.002887623949761987,0.061890052677250534,0.045230589259244024,0.09
797,train,0,0,1.7232501550823782,0.03577421436373832,-1.3871428160696944,0.002385066708818747,0.003068857502738557,0.036686588730813444,0.018546841464877877,0.097
798,train,0,0,1.7348011832191894,0.03927061792257369,-1.3845890659920217,0.0024100150077978116,0.003205438226086446,0.0388850502679725,0.021717541701774687,0.088
799,train,0,0,1.7043255519480862,0.05450347201273426,-1.3664479459424,0.0024867138560399587,0.0034066469688355454,0.025828779650299637,0.027607575163092188,0.098
800,train,0,0,1.7895725663717956,0.07825559964968519,-1.3687221064783603,0.0023833745012164275,0.002997695554723589,0.05650301666735649,0.035837609714395806,0.085
801,train,0,0,1.7345098168101984,0.05247750219291809,-1.3685391937419018,0.0024077591491596137,0.0033461150487980257,0.03400481407724043,0.025852268569820477,0.087
802,train,0,0,1.846870603202788,0.08995421229450977,-1.3385008123689703,0.0027171285112489946,0.0038693235189125523,0.0701609652793537,0.03946207952719192,0.106
803,train,0,0,1.808784052683322,0.03016357687778661,-1.3489285064521603,0.0025404758947410898,0.003537395745307165,0.05012949444335076,0.015129902852865657,0.091
804,train,0,0,1.86505325066976,0.04304724076903541,-1.3334341381577344,0.0026328674402735382,0.0035581116492874416,0.06480663656280641,0.01937861757244377,0.096
805,train,9,1,7.452193884069169,1.1786161074828119,3.4430725339092936,0.5108073892993051,1.4587486286463398,0.7435936487851494,0.2626229713749479,0.366
806,train,9,1,7.792503963369115,2.4032667223211748,9.650319879816097,0.668555651030783,1.9284558472141209,0.8110045059656589,0.548932033078254,0.769
807,train,9,1,5.646390995509745,1.5253918410343452,1.6897573311278906,0.3495693015550834,1.0097047351447304,0.7373235141564998,0.49426789402835053,0.364
808,train,9,1,5.665357242953301,1.563457261059696,2.1366348239111064,0.3879796038249241,1.113960628479372,0.7163624685552553,0.4783105026080559,0.393
809,train,9,1,9.113171536253995,5.119461788111476,34.250238178679545,1.5841355042241105,4.65900301394481,0.8653215733748796,0.7566923074607415,0.897
810,train,9,1,3.774723195692297,0.5762032211642168,-0.9581380567366735,0.12345593797634241,0.33689344071807564,0.5450905986882822,0.2011162520559613,0.121
811,train,9,1,10.918986341415097,5.363077394236515,42.0543482373934,1.5389964366836952,4.4120897235589,0.871281096561999,0.7209749610221028,0.932
812,train,9,1,9.001203635717877,2.9500237235043913,13.426741219176787,0.6872535274914621,1.919392051309032,0.8359509400510704,0.6189040305778787,0.879
813,train,9,1,10.2279945941187,3.524450467930185,22.560898137842223,0.9973241526975569,2.853264884721948,0.8310862084103888,0.5751491987723725,0.868
814,train,9,1,12.23765185199758,5.1220483515416015,43.42482716901485,1.3461881851856832,3.802564927337828,0.880152610811821,0.6574749829889486,0.941
815,train,9,1,9.226080552764678,4.290711642315798,24.527297417512802,1.4866898414871454,4.193107838917363,0.8454133942206006,0.7146849483556799,0.913
816,train,9,1,7.983690542612619,1.7979698282362642,6.0940030741467535,0.855508567664638,2.400666259132759,0.7866196766681546,0.401606213755585,0.578
817,train,0,0,2.376859216590233,0.9805611169756403,-0.182643355116217,0.010370830124744553,0.027025434372240226,0.316032719039278,0.3544845000803168,0.202
818,train,0,0,1.7802642289497876,0.13911125646104017,-1.4338004444865822,0.0012214047946105201,0.0014805671274838708,0.08750089162583005,0.058746924102881265,0.071
819,train,0,0,1.6380186315916871,0.11266970521676661,-1.4221410010412103,0.0014099235254737086,0.0018866952816860628,0.03649828342111295,0.04862185816178517,0.064
820,train,0,0,1.7493270540319443,0.1198676187252839,-1.4140085346737046,0.001661176552000276,0.0020892661797222967,0.0684043982465564,0.05081035773715888,0.065
821,train,0,0,1.7885269169612492,0.12993528504010543,-1.365802991963302,0.0016509150337361618,0.0019826693621164426,0.0751754933294603,0.05437359584183692,0.076
822,train,0,0,1.7776139041645533,0.08770006201346615,-1.383236823774501,0.0019958627186975365,0.0025548447418540805,0.06175658048597604,0.03827358512733704,0.098
823,train,0,0,1.7643833070557264,0.1223565862450941,-1.3833114269705695,0.0020139802234945153,0.0027538265077858303,0.06371765971827312,0.05327505579136845,0.079
824,train,0,0,1.7802068559735507,0.0805375751737953,-1.3893363445320752,0.002220542581088877,0.002589719105599176,0.06099240984345653,0.03716504455618073,0.08
825,train,0,0,1.8913275193160979,0.028311231805605134,-1.3558241777892313,0.002653854379250313,0.003496042421498108,0.07344429040450684,0.014471990747726414,0.091
826,train,0,0,1.7764178685415917,0.07964797577209921,-1.3595852230087455,0.002316547967564009,0.0030846528304885054,0.056255947881153144,0.03469529873716755,0.084
827,train,0,0,1.7487938482864451,0.0687860924662407,-1.3786100293457797,0.0025818820222353604,0.0036124969121268105,0.05004042035373848,0.031709988421824875,0.093
828,train,0,0,1.9636704269752017,0.12158402146135491,-1.3333647942518139,0.002456359090047639,0.0031737802640814414,0.10614540697603307,0.050623724930911725,0.09
829,train,0,0,1.831897355732875,0.08180385635764104,-1.3366145342967655,0.002486987612862564,0.0031144872209870915,0.06616440197769588,0.03589701465602272,0.083
830,train,0,0,1.7386673761485618,0.045929777515159725,-1.3834291925282238,0.002645925698635505,0.0036196663991946974,0.03592743814876057,0.02409849680152103,0.087
831,train,9,1,10.476562858824932,6.005663955424074,44.959025271984004,1.8694293900797483,5.477613570500735,0.8878159815409327,0.8103608813021554,0.951
832,train,9,1,11.140552199919853,4.421154090097011,30.03011239191428,1.394370457737605,3.9258570075012695,0.8738798931584691,0.6882591363715665,0.918
833,train,9,1,9.443561329318143,4.501680362961429,30.56449669795189,1.3056002759323644,3.5722304437556494,0.8176180868657841,0.6484914134009857,0.915
834,train,9,1,8.591528431943052,4.5656713780839855,25.728751313092634,1.7549167675072854,5.096684958823346,0.8555354903948715,0.7584937950991726,0.913
835,train,9,1,15.164118688667735,7.632665064144067,80.11933240720288,1.7596970619547392,5.114371450496853,0.9173068453400851,0.816231458768808,0.974
836,train,9,1,11.901183713775296,5.993942644701964,48.49108502050394,1.6777695090035551,4.8283699708666346,0.9002335189384093,0.7964972413346906,0.952
837,train,9,1,4.784984973193754,1.0900801966991218,0.7171993286639773,0.4703970553944946,1.364375900161695,0.6567783505652496,0.3450191955106065,0.177
838,train,9,1,13.04189989035608,5.319768379743645,43.20572871752817,1.4719675438834638,4.186044036163976,0.8935864507823674,0.7614861694575322,0.936
839,train,9,1,9.493947076082105,3.2490085026535427,16.919128187428523,1.2511365593384958,3.6317739155545907,0.8494582376540353,0.6317987905782071,0.855
840,train,9,1,10.8424477990853,5.431560669583237,37.64916282733606,1.6643922002868885,4.748581475926684,0.8989765979237584,0.8054987472536532,0.938
841,train,9,1,12.339504009654577,5.952684803182583,49.61295008034918,1.5722861199091889,4.405298275383222,0.8825874955925508,0.7731678208988798,0.952
842,train,0,0,1.71366987544372,0.16226673868303756,-1.4176748582488894,0.001300541350195246,0.0016085839808156433,0.07065882429125789,0.06886865750692649,0.074
843,train,0,0,1.6799910787112025,0.12443776982248526,-1.4264371478258586,0.001475833931131737,0.001776865012608436,0.04907262728479045,0.05399519070149112,0.067
844,train,0,0,1.76904560892,0.14417758625600582,-1.381992372291564,0.0016922897127817592,0.0019896753724872535,0.07403704336665633,0.06145139448847632,0.086
845,train,0,0,1.6965430817584648,0.10490485991281659,-1.4048147476922899,0.001791477105184882,0.002090264722214596,0.04510614669632923,0.04697498719614829,0.074
846,train,0,0,1.747423056471921,0.11194249557857171,-1.395551112039357,0.0018421515643366956,0.002328543078543772,0.06105498480348141,0.04896953067224238,0.076
847,train,0,0,1.7485567950450067,0.08903605016346727,-1.3713454580149878,0.0020417250437371067,0.0026302289411241045,0.053473100590386034,0.03898058367392395,0.082
848,train,0,0,1.8478423722087505,0.10597354168284859,-1.3744215267780058,0.0021600540363952113,0.0028420561954254665,0.08157251831481067,0.047877546060734084,0.104
849,train,0,0,1.7529972229339164,0.06671302432106345,-1.3843603345475,0.002367737317272009,0.003091629453486908,0.04998940197908666,0.029936731135463714,0.09
850,train,0,0,1.6865828116683859,0.050272710989001386,-1.380905829660712,0.0024886745779481158,0.0033071389263328722,0.024702824990284422,0.024439426842211242,0.085
851,train,0,0,1.8215644761854641,0.053361074127709525,-1.3472116085410637,0.0026767037629801074,0.0037001377506354436,0.06312994955582996,0.02561628608631754,0.079
852,train,0,0,1.7472826683226106,0.018469334123290156,-1.3522535323536906,0.0025740105622798415,0.003255081000112644,0.031261728725520535,0.011648664225686537,0.098
853,train,0,0,1.8496832255447166,-0.0603945226424283,-1.3875316292428281,0.0031230729809353123,0.004396179658443781,0.05366376592710817,-0.018147544428468297,0.077
854,train,0,0,1.9156861926822004,0.011781808349794552,-1.3421776567333115,0.0027197070471982427,0.0037417211537538013,0.07353250829035148,0.007487944232393031,0.088
855,train,0,0,1.8569244566851664,0.02913049491524568,-1.3653624009698864,0.0029456590057639707,0.003975038551191097,0.06261100570869522,0.017251692969190102,0.096
856,train,0,0,1.7948021216653653,0.01150982944355401,-1.3627522410471484,0.00294389973424653,0.003883748615269645,0.04315189835270697,0.008865455516120854,0.077
857,train,0,0,1.7800221676336974,0.04646236365046992,-1.3460416926626015,0.002962723405902341,0.004305966239451202,0.04399897175885506,0.022480582682217295,0.106
858,train,0,0,1.9280539315439904,0.01672858136290319,-1.3321682102343817,0.003231585469899079,0.0043859155124910745,0.07848414744931942,0.009574973480641655,0.087
859,train,0,0,1.7457980527172139,-0.0036719660537750686,-1.354438998283266,0.0032934267599422466,0.004867122337421134,0.023103154006887748,0.0040656605989175835,0.08
860,train,0,0,1.860697623384038,0.07227908354928461,-1.3525039180958964,0.0029812572832796287,0.003950183211678919,0.0796892607304381,0.03179652683445167,0.105
861,train,0,0,1.8223487116387822,0.04668404095467418,-1.3377424896648524,0.002969500047411907,0.004075699537236745,0.05288241420443451,0.022113090831642677,0.092
862,train,0,0,1.837268896946885,-0.018552657860984166,-1.3372834320723295,0.003281565626566585,0.004516669788312383,0.05104116298212494,-0.003807837933609734,0.108
863,train,0,0,1.8550387456083035,0.10143135486380045,-1.3376122365135403,0.003362964131131821,0.004679265153409953,0.07233662284105209,0.045717544019732465,0.079
864,train,0,0,1.9650588849325243,-0.02881086935844819,-1.308803206556353,0.0032390122409856866,0.004440400099198799,0.0765941569885096,-0.011359200213946728,0.107
865,train,0,0,1.813124259701014,-0.01645339252110752,-1.3234888745411908,0.0035745667409164987,0.004942646097674541,0.04144049511125823,-0.0005067178368515932,0.097
866,train,0,0,1.7755282225159603,0.012659157367955589,-1.346972348244067,0.0032704034558827004,0.004476574373553589,0.03926071213352642,0.006612511003387508,0.085
867,train,0,0,1.8085563243930975,0.030145509082014185,-1.3494171178266332,0.0032664887314727735,0.004567297350714275,0.04758847102307361,0.016730028279059592,0.09
868,train,0,0,1.7598157223822661,-0.0038255933199325257,-1.324852699070316,0.0030497815679532384,0.0040529043806893945,0.028982684459526384,0.0034233375242994552,0.077
869,train,0,0,1.9205119983874288,0.3605408710374912,-1.10782281930033,0.001297824263093219,0.0032524353775461026,0.1212640123875629,0.14068915562677645,0.136
870,train,0,0,1.9443952159851516,0.37052357054497254,-1.094786697045235,0.0013641814713473616,0.0034211953162688806,0.12677820485539903,0.14467962154967112,0.138
871,train,0,0,1.9392596113367413,0.36206712177814093,-1.0912920092105958,0.0012917424298674676,0.00319104070686649,0.12437461548610138,0.14066026176708943,0.141
872,train,0,0,1.9537359269564254,0.3729825465118058,-1.0701341401306876,0.001332156144934163,0.003344630214490271,0.1273973793766643,0.1446063047780179,0.14
873,train,0,0,1.9449082426332498,0.3734845715969029,-1.0780585178644093,0.0013145217409805858,0.003188936962832908,0.12777337972811656,0.1449785220261947,0.143
874,train,0,0,1.934288609341272,0.37090949001741863,-1.0965767112054259,0.0013105471490801285,0.00327415254479885,0.12739583224724618,0.1451404218194208,0.14
875,train,0,0,1.911560841389757,0.3645077192929708,-1.1046712698534287,0.0013769852133143873,0.0034534414132976047,0.12104614357606251,0.1427801089901383,0.137
876,train,0,0,1.9542252418026131,0.385265695869132,-1.0540939935096172,0.0013446312326359032,0.003489068989899513,0.13127922706277764,0.1474642041874324,0.144
877,train,0,0,2.1426214976017803,0.44259690711092836,-0.863568055248098,0.0011299122893976565,0.0026333909716132436,0.1823782015920956,0.1498761216269148,0.149
878,train,0,0,1.9649277865798336,0.32358509811195874,-1.0504596027559925,0.0013897706107760977,0.003459352214212982,0.1283031821647817,0.1127638379198416,0.127
879,train,0,0,1.999974135239073,0.38790096554454007,-0.988257807829811,0.0013375625698427778,0.003182085879713795,0.14350328318247615,0.1380386453099684,0.155
880,train,0,0,2.0141604918559755,0.39902429168471537,-0.9744320641878788,0.0012751297429906597,0.0031294744932470185,0.14898936764816667,0.14166129812931652,0.158
881,train,0,0,2.003818097642063,0.4051109050358601,-0.9603693136181519,0.001226709438869904,0.002924821734059849,0.14456546559340533,0.14339059691831052,0.156
882,train,0,0,2.0161367501205674,0.4074183461493546,-0.9470100128576808,0.0012093081508624142,0.002819284621415628,0.14751661717698122,0.14276589286238148,0.156
883,train,0,0,2.0327971827036295,0.39399068808543475,-0.9627482569253805,0.0013149974477570901,0.003227109776248424,0.1504916868749825,0.13882268548224946,0.149
884,train,0,0,2.016946588078762,0.39706138937970376,-0.9630352023766471,0.0011766512397074589,0.0027860336424844405,0.1490145657710066,0.14005944682572719,0.157
885,train,0,0,2.024650309773597,0.39302680040851923,-0.962858907746567,0.0012429589245498784,0.002922672479383446,0.1496819338973715,0.138177374071627,0.155
886,train,10,1,3.8613870221731577,0.8484838315285101,-0.3921161340673365,0.03863207171956734,0.10018628644144345,0.4451688521602665,0.3333370597943985,0.331
887,train,10,1,3.401049507901447,1.085763212191325,0.11404568426134709,0.03456267458084591,0.09019835397117051,0.4097399232787548,0.4065215693356464,0.224
888,train,10,1,3.8049821710189486,1.0835525059062532,0.4141056568061563,0.03779717463049296,0.09802939426846141,0.439286252342663,0.38254667059212505,0.329
889,train,10,1,3.0207277495117375,0.7953861729539724,-0.4930149552589409,0.03184252655639202,0.06621022155292788,0.32451047527207305,0.3215891134446862,0.287
890,train,10,1,3.593842363871905,1.248331114278199,0.46195226262345024,0.0362871028347089,0.09933040134729064,0.4791985087067096,0.45001303729304803,0.285
891,train,10,1,3.604144046018896,1.8679420792940384,2.9463054440514966,0.04200030189717074,0.10883753896103016,0.48764608031547896,0.5583179112723875,0.356
892,train,10,1,3.1542032144373238,0.9174277687355291,-0.19111937862640005,0.1368522776621669,0.40970392914031073,0.31182992339746374,0.31463616341924056,0.066
893,train,10,1,7.006549776420656,1.6192141047160988,3.7490450872215657,0.23922128556742783,0.6602873172506083,0.6412455978042737,0.46389945719755327,0.65
894,train,10,1,4.1148152686634605,0.8518357618308122,-0.23581231448199347,0.056228785807559356,0.1393594548815483,0.36077513418453955,0.32710702808661857,0.297
895,train,10,1,2.2614504603449386,0.6234948463935562,-0.9872781545588358,0.007420914913412371,0.016507669969082372,0.15512618554870636,0.2498608279287939,0.031
896,train,10,1,6.952056368109361,1.2642885646967985,1.955558491628854,0.14829943027377857,0.43050827099068445,0.6202856716052229,0.3980817667948985,0.525
897,train,10,1,6.516813999981443,1.3932493308013918,1.9183810602606632,0.12558195865243496,0.33238942153949885,0.6437369184699991,0.44233768944711993,0.575
898,train,10,1,5.773664557553025,1.1244662326986765,0.8838974956688346,0.23714677958573147,0.6636093896750975,0.5569851814578001,0.3774878270207781,0.369
899,train,10,1,2.9395550902393746,1.4390899212789972,0.9828508921519323,0.0349944381513454,0.09503968742228185,0.37104796400582074,0.4873521036875404,0.114
900,train,10,1,2.4242903269910485,1.0655564986433228,-0.07310469000816155,0.006050830334985927,0.01312478915932691,0.2330019920784962,0.40788576160336093,0.096
901,train,10,1,3.171689170091572,1.484679664813769,1.34632996386744,0.03726773491936293,0.10150630412034428,0.4597470849020068,0.4856596875943908,0.224
902,train,10,1,2.6871723377120547,1.3897829950143563,0.7060356901016651,0.010601153473649242,0.025348368912879053,0.36151554722236146,0.4943038173038715,0.119
903,train,10,1,2.9041505802252514,0.9058228080388846,-0.28279947643224146,0.035310873986987235,0.08103276044335443,0.30133788251058785,0.33268184983535265,0.08
904,train,10,1,2.3046574300268885,0.9286394965547868,-0.1937972939860484,0.003874163715871606,0.008884798326384469,0.19691138090900676,0.3441326751399762,0.123
905,train,10,1,4.628533651013479,1.1109690130631587,0.5469912375628008,0.20788836634471314,0.5869491401056837,0.5080018000252231,0.37773665876585016,0.3
906,train,10,1,5.174010666250077,0.8423772839885755,0.03705060274846739,0.24016399901395996,0.7396403473012969,0.5041721335509352,0.30138711898696263,0.282
907,train,10,1,2.979455999491916,0.8014223418359527,-0.734280571570078,0.04723680667645576,0.11075227955107407,0.30879683438114913,0.3164447662803337,0.047
908,train,10,1,2.4359506377504547,0.9297361156185944,0.027354568157776704,0.0028027351626500395,0.005715605050713042,0.24325063099288072,0.33132080331653135,0.147
909,train,10,1,4.302928489721191,0.7378542339211235,-0.5526607567830011,0.09181720758999556,0.2606744979712369,0.4177784548813926,0.2974053389807931,0.254
910,train,10,1,3.0283040904559155,1.4379847220649917,1.2598555393487034,0.025489731578591433,0.06328594518520658,0.39498863321519834,0.4667575134457973,0.166
911,train,10,1,3.0101336103755494,1.541415601522827,1.3781405910467281,0.01231622320224116,0.02912933505684991,0.43306014132567905,0.5124651622108861,0.142
912,train,10,1,4.489630263534015,0.7942942709969439,-0.4234760599263421,0.12353121408264829,0.3508699767692934,0.4619064866977359,0.29991904751801135,0.128
913,train,10,1,5.196467410579673,0.8694748581819374,0.40210144279615934,0.32941204289132087,0.9605834412333782,0.48692687421506936,0.29798230284827804,0.31
914,train,10,1,2.021184001380056,0.8274129106073255,-0.6510354696837308,0.012987237701648965,0.03707966965099709,0.05398427478295786,0.3406834317063982,0.08
915,train,10,1,2.2651356056626337,0.7556492308130447,-0.42749323154014807,0.0043364917011427416,0.009522677902936658,0.1679816561136972,0.2825313176604755,0.106
916,train,10,1,2.5122524916781246,0.977807494598198,0.17821513582922144,0.003498288689677611,0.007790642839389915,0.2471689749704413,0.33912513932859384,0.124
917,train,10,1,4.164947103220295,0.9436964731736197,-0.23182512474507,0.06816840668664773,0.17786530728383523,0.46131540843281277,0.35087496551210384,0.121
918,train,10,1,1.8868355777120382,0.6517253036253823,-0.8967357014594435,0.0044197180649227065,0.010728753934299635,0.11069202971648316,0.2767083921009491,0.11
919,train,10,1,2.789205363394171,1.020776313657625,0.14323697812377523,0.013314393081680777,0.03273928535082313,0.3250482910786826,0.33944211702191074,0.092
920,train,10,1,2.3152327898818124,0.9214091875351416,-0.36012684282849383,0.007401598081547765,0.01641504786542502,0.21764501299993852,0.3474637091763235,0.054
921,train,10,1,2.8083892254192873,1.304744055782955,0.6587831225681202,0.004208034774976835,0.009464691777549137,0.3790390127079998,0.4493031664079859,0.123
922,train,10,1,4.022642883687197,0.5271048171717216,-0.804642899656915,0.15802380918115871,0.4897457935697402,0.37086818696363594,0.21428511806318537,0.104
923,train,10,1,2.3986853041256992,0.7795664354803975,-0.6569482867271179,0.028359274740177687,0.0809327607892897,0.191131319293788,0.2989384532182245,0.038
924,train,10,1,4.731991315649989,0.9236044235841604,-0.27891542581818296,0.0773862098861012,0.2240957872613139,0.5359218274231562,0.3385423498611971,0.1
925,train,10,1,2.7279227053117023,1.2552549376090254,0.6803731786462452,0.004807616268831441,0.010202622982346612,0.29466201160259947,0.42907122477564524,0.14
926,train,0,0,2.009690769530312,0.3438127184644673,-0.9635820006109861,0.0011559590285624049,0.0027514176823318815,0.12797634670795063,0.11879998793320928,0.104
927,train,0,0,2.0264159473761736,0.38448265525992764,-0.9288980519926877,0.0011605002580405467,0.0027403066713678785,0.1372265683906468,0.13447419102227767,0.121
928,train,0,0,2.0467725273815143,0.3954242998476004,-0.9276085506884151,0.0012588565661791886,0.0030573068227683297,0.14787342537381556,0.1377041881271872,0.138
929,train,0,0,2.0341246841385336,0.39680258656732637,-0.9456574267990021,0.0011910950458432507,0.002866671791727285,0.1460398135316009,0.13968798425716838,0.142
930,train,0,0,2.0358388368825553,0.3960981036235017,-0.9416416195114441,0.0012059188961750043,0.0029306188128807834,0.14734968045443073,0.13789568673510896,0.138
931,train,0,0,2.0641105261111234,0.4071945554969427,-0.9317206847089778,0.001231559645149973,0.0029755410335563473,0.15651292490571866,0.14147929585370195,0.128
932,train,0,0,2.0900260749161403,0.4157187549031096,-0.920924062815077,0.0012715712906542207,0.003128805736560078,0.16636520421150908,0.14456841569384365,0.148
933,train,0,0,2.053023343060758,0.41111106025327293,-0.934072357262,0.0013445897251593386,0.003159920225397018,0.15965687178964674,0.14303650389790562,0.144
934,train,0,0,2.0870011651385907,0.3976220463094349,-0.9377455973706921,0.001204925409726363,0.0027456156217566907,0.16326934067266827,0.13779794642154772,0.144
935,train,0,0,2.061527030340179,0.41075707603057116,-0.9329656528572707,0.0013078592647463578,0.003091335238661452,0.15776231464553495,0.14333240914660703,0.133
936,train,0,0,2.0893826336310894,0.41845377006051093,-0.9266591070026773,0.0013829872538065205,0.0033693238161525705,0.16928000764597495,0.14506586207912786,0.156
937,train,0,0,2.0881811606329324,0.41758123486701737,-0.9299060586626515,0.0013361304295356213,0.003322720483882705,0.16739114647990594,0.14511516313229783,0.143
938,train,0,0,2.053778397484979,0.40108577324549677,-0.9397282228837667,0.0012911889511531835,0.0031531557729411355,0.15905640711501157,0.13867891018471962,0.147
939,train,0,0,2.0778850568500102,0.40602080263091517,-0.9269505889348983,0.0013475441409651586,0.0032379906321424907,0.1611888292155775,0.13965733677475195,0.138
940,train,0,0,2.072463378637079,0.41975560636893944,-0.9154772464987659,0.0012435988356217095,0.003018464100595191,0.1643111764130606,0.14479234803685737,0.138
941,train,0,0,2.0649890078366155,0.4173372941639026,-0.928489069861941,0.001299447318221317,0.003189063434310905,0.16284874429098486,0.14524607310509494,0.157
942,train,0,0,2.0779139576043377,0.40956224674329583,-0.9419265501167278,0.0013837363040081294,0.003344857475209181,0.16525446970792795,0.14218669418627916,0.143
943,train,0,0,2.075011109492402,0.40597396197819474,-0.9459458904293596,0.001287964792715616,0.003089208147773082,0.1635996721271414,0.1412222357571865,0.142
944,train,0,0,2.076995924986263,0.4165836269508063,-0.9365790109023595,0.0012667418950886348,0.0029925389616050806,0.16552273369210715,0.1449178097842293,0.155
945,train,0,0,2.1381366424632438,0.42477343374585885,-0.9233331381435952,0.0013076083716622993,0.0031738552892740263,0.1791701308659209,0.14745758487047952,0.158
946,train,0,0,2.0574857668589654,0.412524004072637,-0.944172025882057,0.0012946331238177984,0.0031494785929360096,0.16180424333097274,0.14390655231036564,0.152
947,train,0,0,2.0383661511772493,0.4109267879474749,-0.9318220245260957,0.0013863498480194236,0.0034546095082157117,0.15523756557612434,0.14199365256318897,0.139
948,train,0,0,2.0803475818969646,0.4206084968555545,-0.9212745535077445,0.0014350421181352716,0.0034948538786908783,0.16839003585180184,0.1455121268633373,0.138
949,train,0,0,2.0706815082051975,0.41156377362956714,-0.9440404746063336,0.0012800770721902103,0.00303666388224935,0.16267465170895312,0.1433503208320729,0.145
950,train,0,0,2.0409060935275587,0.4207009191315477,-0.930231694008179,0.001189188048187512,0.0028405442687776572,0.15913416014647963,0.14615777079715114,0.154
951,train,0,0,2.0712600639469048,0.40767447152543285,-0.936438124318856,0.0013560766519813466,0.0032531231073016005,0.16242926696048846,0.1409285924534693,0.131
952,train,0,0,2.043630020643872,0.4126773220924887,-0.9379876087971719,0.0013042496493001145,0.0031881700272414506,0.15885415040718232,0.14387476083979972,0.144
953,train,0,0,2.0939669472943874,0.41782549994271767,-0.9486440598082764,0.0012301289484974711,0.0028760251016428403,0.1746603777440831,0.1457473494886668,0.159
954,train,0,0,2.070906010923458,0.4168649303625858,-0.9292926232561491,0.0012594155461438997,0.003058812756546738,0.1640694412922305,0.14477815194995294,0.153
955,train,0,0,2.021420468846246,0.4077015138068674,-0.9467240532819852,0.0012094518694864386,0.0028127911163297594,0.1496196517226767,0.14210402905956757,0.151
956,train,0,0,2.06397465491266,0.4180875705877207,-0.9258673278707903,0.0013544683886431937,0.0033452996575291977,0.16133669882695625,0.14489547930430807,0.148
957,train,0,0,3.2001544164046463,-0.1540011465482954,3.2771985445747998,0.017442388985807713,0.04504194527463398,-0.02271499250027637,-0.0342952494498853,0.759
958,train,0,0,3.0277952268753268,-0.08166053840344292,3.157863384281619,0.01862994152000449,0.04951401109212324,-0.018016573674581964,-0.019707489587470598,0.74
959,train,0,0,3.1956015361442978,-0.13397830544092426,3.1764113226999413,0.018605995060653854,0.047527132205915645,-0.03536310985352224,-0.033868963500793055,0.708
960,train,10,1,2.701866237638026,0.09730536471583369,-0.6926394975819794,0.23766989849399048,0.6583145593903936,-0.03227914752236321,0.02966217926312566,0.15
961,train,10,1,2.864767023795464,-0.38680648793908173,0.33840561041535056,0.08378897930593461,0.2219191803501118,-0.04208486909690536,-0.11769344323208487,0.224
962,train,10,1,3.2251174109895913,0.45428941597262473,0.36440866587028387,0.05512201122143252,0.1478494578696861,0.12765518851281651,0.1220454897410996,0.285
963,train,10,1,5.338940653597217,1.6303929023902421,4.647908474990265,0.08829647647566494,0.22580993571492708,0.45413031302292634,0.333309608198669,0.439
964,train,10,1,2.3644853000758643,-0.0625855558869885,-1.1394380395601018,0.21356924052589324,0.5920342635533551,0.061206650628018465,-0.03132859779975282,0.097
965,train,10,1,5.584333679132855,4.090098448985657,16.4051011718895,0.00682988503367808,0.0051328714596728855,0.8152175491454047,0.8595371399997642,0.925
966,train,10,1,2.725417310665643,-0.058052469504160105,-1.040150864882088,0.2346890112879752,0.6201354575671224,0.06876748600856908,-0.023749991736411864,0.107
967,train,10,1,5.971849729626591,4.3768435979230755,18.975302437982496,0.00746407583464911,0.0052554154189269784,0.8732445819814898,0.8797126979395518,0.931
968,train,10,1,2.911905215427368,0.14565192382673584,-0.8922400783194822,0.3297661538975599,0.9175149542015472,0.13764402299753337,0.039387617749673504,0.129
969,train,10,1,2.4796683199639262,-0.03732361122156626,-1.126836548434822,0.293309634382169,0.7994282508012756,-0.010678761562393394,-0.01711780156315444,0.089
970,train,10,1,2.9750969846775406,0.05579047820616307,-0.7552845998763624,0.4627830072442444,1.273119276543121,0.09657807684499724,0.017470209677678913,0.166
971,train,10,1,7.413367267810029,5.641612236224064,32.44392985839968,0.018691133304552555,0.01297225976369881,0.7714747829381852,0.9191844131751452,0.955
972,train,0,0,5.170536772639322,3.14030177111282,10.88971619197257,0.014469320590628682,0.01833985242210255,0.5265640059112997,0.6999884118275786,0.797
973,train,0,0,3.289668046361127,-0.2643632426692659,3.492204731099151,0.023078308388571465,0.05856499677122006,-0.042303468065749965,-0.05972421894596992,0.733
974,train,0,0,3.3096454063782494,-0.25895582813781065,3.612080545614699,0.022798531846027217,0.058166192597147975,-0.053929936939468855,-0.060015861580825405,0.76
975,train,0,0,3.185461929695175,-0.15547093594154332,3.3953123375222596,0.023112001340908957,0.06011386134521681,-0.02889145326975922,-0.03495579695450126,0.715
976,train,0,0,3.2273522442219726,-0.23039086852141916,3.4226159541329197,0.021716445470984294,0.05673243121754368,-0.053351573912147975,-0.05417293419449578,0.743
977,train,0,0,3.348399126658765,-0.3413139338757485,3.581217370678085,0.020861095765767827,0.053550892929851296,-0.05258043497966318,-0.08063957423795809,0.757
978,train,0,0,3.179701785936099,-0.33177189839704757,3.417445542316333,0.020598965710652162,0.05098904954716997,-0.043127527672145206,-0.08001449061273953,0.739
979,train,0,0,3.1086424108884114,-0.10655936660899076,3.319139643133976,0.020972769027668415,0.05195551076504737,-0.001119695469218497,-0.024675920555378972,0.709
980,train,0,0,3.1298419541183433,-0.1270054196846748,3.34237599121602,0.022952201061878643,0.06106318459566494,-0.018016248174470714,-0.029059415396315794,0.716
981,train,0,0,3.2543572584015275,-0.34106081143055933,3.379144862988432,0.020667387100270426,0.05248201175429941,-0.050229773481701157,-0.08180331899293301,0.723
982,train,0,0,3.203797572466242,-0.32839038480530564,3.497123221086989,0.02089503593037964,0.052392758393185745,-0.04465173497832053,-0.08025233637557197,0.725
983,train,0,0,3.168618253822881,-0.15565166524329982,3.408263739245343,0.020247200134470015,0.05166512137723168,-0.029893527682884703,-0.03594035319735856,0.712
984,train,0,0,3.064378888241831,-0.09682433689080444,3.342881769248976,0.02279618546984075,0.05886023823060221,-0.006010056286362407,-0.023666765767426396,0.714
985,train,0,0,3.211145536596023,-0.2756263353705763,3.4601851089362947,0.020697152991970433,0.05152668197027895,-0.026315362044988744,-0.06390730840746392,0.721
986,train,0,0,3.220132820791075,-0.3452605539016423,3.4257274767903434,0.020904019294511637,0.05345295606422197,-0.05961690524899099,-0.0834763940505246,0.702
987,train,0,0,3.1193431968423293,-0.26805505123675716,3.2769074479769946,0.023744046517156024,0.06181008649502979,-0.030492006264155876,-0.06723511948468758,0.679
988,train,0,0,3.332979669439829,-0.03483642771664423,3.509170528863371,0.01975942816209639,0.04967634135446045,-0.025561109277648424,-0.006825193525804988,0.749
989,train,0,0,3.2050623590579983,-0.07319631671413528,3.3876897583034147,0.02045175224182133,0.0519056945411288,-0.047726944031356286,-0.013223555665237741,0.744
990,train,0,0,3.1525690610756265,-0.32034820347792453,3.397254459081032,0.0214446574139837,0.05451371750172961,-0.03384189238361929,-0.07801481194087331,0.69
991,train,0,0,3.390831285098494,-0.3055985049840291,3.4862957434439723,0.02226314121643281,0.054679147620631086,-0.06814403224757887,-0.07364368324670985,0.751
992,train,0,0,3.1496218366631235,-0.2095615726444148,3.3847324933046625,0.02070295607167387,0.05229420479199955,-0.027463348840419156,-0.04886397463586267,0.727
993,train,0,0,3.217255304440354,-0.200598861406742,3.478792750816395,0.022239448939447088,0.0556550243801824,-0.03646137501742949,-0.0474208356197309,0.736
994,train,0,0,1.653604143758247,0.16367457282009795,-1.4434753267101659,0.00029282485483095007,0.0003398592518923986,0.09361484597336525,0.06344497650557127,0.074
995,train,0,0,1.5366562887359665,0.21943001738803083,-1.492946478514474,0.0004025031047621667,0.000579688806737309,0.07257007361866948,0.0882213227607839,0.06
996,train,0,0,1.6311348351979178,0.23712305217255802,-1.4760491484339173,0.0005112532104787713,0.0008487553245360111,0.09901393487598426,0.09703397598809645,0.065
997,train,0,0,1.6378360284144156,0.23814578945141154,-1.4645384181853303,0.0006126243454018239,0.0010417249210000505,0.09072569271516175,0.09791909923495258,0.053
998,train,0,0,1.6907319140982708,0.2473524760649767,-1.4424189541647885,0.0007401311178265561,0.0013096941039858858,0.10175900995922114,0.10200194057745537,0.064
999,train,0,0,1.6667260415712923,0.26265296939887667,-1.430975789998611,0.0008231312531546402,0.0014540690268156774,0.09576046285082168,0.1084796009964023,0.083
1000,train,0,0,1.7664428486931256,0.2560260588439957,-1.4215117393735885,0.0008358010138308074,0.0015609353197437229,0.11898154019656937,0.10594251268758374,0.062
1001,train,0,0,1.7518284474661303,0.25824421929345026,-1.414805053914044,0.0008772677280684659,0.0015784646726942101,0.11525279528985527,0.10690307101976933,0.069
1002,train,0,0,1.7192470963523658,0.2581275547510603,-1.414344455225184,0.0009123108889965424,0.001692768742809439,0.10158852433404242,0.10721744911631526,0.072
1003,train,0,0,1.7428659432239635,0.2639840703579496,-1.4020097644295768,0.0008998436913012322,0.0016816439546951656,0.10727608461540435,0.10916819552167835,0.075
1004,train,0,0,1.696183511470624,0.2525356580460806,-1.411861439526978,0.0009132428259338425,0.0016773901879590914,0.09299421643641481,0.10484389812174486,0.077
1005,train,0,0,1.7112189247673713,0.24405353092237966,-1.4162474263698064,0.0009510475695467861,0.0017945213491013694,0.09577731624669537,0.1014574519052889,0.065
1006,train,0,0,1.7375932550247444,0.2516868973938473,-1.408168979104398,0.0009761092714452184,0.0017819963957736045,0.10356325403880648,0.10436101875379132,0.076
1007,train,0,0,1.7386118392672594,0.2586173409005331,-1.4096456376031958,0.0009757739697741725,0.00181449182008023,0.10628041287632872,0.10747197944226998,0.079
1008,train,0,0,1.715553111790636,0.25453075438027367,-1.4107114393562101,0.0009776334220393328,0.0018102727230049117,0.09889693945826462,0.10565797411873806,0.078
1009,train,0,0,1.6717175521236378,0.2405031002920069,-1.4156163038682876,0.0010106114443529256,0.0019422841304977698,0.08225683539075203,0.09993917931786551,0.07
1010,train,0,0,1.71458492427593,0.25080687729258716,-1.4084365744806715,0.0009398278871485332,0.001739060354007727,0.09821852588683798,0.10356948538597399,0.066
1011,train,0,0,1.716614921137722,0.260674395335264,-1.406900294360679,0.0009769116574154704,0.0018538362042462202,0.10052410343343568,0.10776597601931605,0.071
1012,train,0,0,1.7353295683844971,0.25258547270667026,-1.4078186570981104,0.000950462451751475,0.0017368600621229908,0.10373129402593878,0.10516072055839046,0.087
1013,train,0,0,1.7319375450142382,0.2392209161206927,-1.4099247884240345,0.0010195092893345557,0.001940258693474999,0.10193597429371695,0.10012926757034768,0.08
1014,train,0,0,1.7014249532348789,0.25586791134158654,-1.4040418252939986,0.0009836999857445472,0.0019511915238311004,0.09442548028561804,0.10588516824755863,0.068
1015,train,0,0,1.7087146647718927,0.25550114667349555,-1.4032939918390064,0.0009556483103134552,0.0017859532200407552,0.09472207722367815,0.10623088621888228,0.086
1016,train,0,0,1.67409582146009,0.2443633659379876,-1.4113217073495032,0.001053025972806783,0.0020905030390576712,0.08295602153184455,0.10179236721310657,0.072
1017,train,0,0,1.735765794686846,0.251110215031293,-1.404235821890563,0.001014594739320011,0.0018884118120387837,0.10411616029676173,0.10394073594875292,0.067
1018,train,11,1,25.575582245059095,16.81096366363364,425.15855883607696,1.3614141910685633,4.04729982414296,0.9370887714112491,0.6854227653689668,0.998
1019,train,11,1,22.258259183440515,11.438736526382112,243.51961868114853,1.1341375184941325,3.3193518012200545,0.933804182181419,0.6604057709093691,0.993
1020,train,11,1,16.936855415639513,10.154329007107426,133.03663561727217,1.5905552422737141,4.57239107972546,0.9496630570448388,0.8573426244338199,0.985
1021,train,11,1,4.511338297590789,0.6122861565883578,-0.3020788241010992,0.1825864296306378,0.35158146969230836,0.5892536837254095,0.18252060088629588,0.135
1022,train,11,1,20.140338517643073,12.44288900665691,206.07511306751582,1.6657377112720273,4.8333634018077,0.9619378308592469,0.8754657107802944,0.988
1023,train,11,1,14.092481991662677,4.870756205769037,53.68749667355777,0.8427269651002919,2.265265391260127,0.8853221714022634,0.5000994863194903,0.974
1024,train,11,1,12.575084938937751,5.611278756695175,53.27840463518371,0.998458665671898,2.765096542389005,0.9020174944437782,0.6811019275581406,0.922
1025,train,11,1,14.266174072297506,7.608788794752371,86.74892313120988,1.3104132916954798,3.752535603907737,0.9036405588575341,0.681357448439679,0.983
1026,train,11,1,21.930754493439746,13.727066933624586,263.37013576928786,1.502490059921969,4.343474706293865,0.9470255699792994,0.8256739777903696,0.99
1027,train,11,1,14.09465363934893,4.486785295260522,48.31362130371819,0.7141789794202673,1.9677555455385944,0.8906493607670732,0.5383699525178484,0.938
1028,train,11,1,16.706717910363967,10.690241741278854,144.37704258591677,1.6346234598257143,4.792308468187221,0.9436208759455197,0.8363893385183583,0.992
1029,train,11,1,11.851467959538484,4.36402644175005,34.75680464747468,0.811927311787407,2.1113152052990363,0.8800220079719592,0.627785246135127,0.882
1030,train,11,1,23.06265175818435,13.86010409722811,292.15552294151263,1.3879957563167593,3.9608887330493903,0.9535266446320273,0.7901724502813575,0.991
1031,train,11,1,12.562726022277179,6.168948086300614,62.73145215095823,1.2607382564663356,3.6323193765147956,0.8963825661124885,0.6629364012648366,0.95
1032,train,11,1,4.514548874362673,1.2306027986622634,0.17186531733502353,0.12072882599926912,0.3591609954666696,0.6938798302824427,0.45235836731144685,0.247
1033,train,0,0,1.633499328395865,0.23497053828271589,-1.4777583687801596,0.0005178712800345149,0.0008147542118158445,0.09841860173495448,0.09593201092012296,0.058
1034,train,0,0,1.6649220973235694,0.24591582576031532,-1.4474947704834578,0.0006507342269939796,0.0011277605259969734,0.09628705303896942,0.101490525839293,0.08
1035,train,0,0,1.6602701116071905,0.25399163285974824,-1.4417592659055212,0.0007389475123319682,0.001301633147352085,0.09474910524792217,0.10482953777772086,0.071
1036,train,0,0,1.7149567284124565,0.24680345722046845,-1.427797358334268,0.0008323368993731194,0.0015062619804238914,0.10259415446194403,0.10223557925636853,0.074
1037,train,0,0,1.6676719259707595,0.24127480175534083,-1.425550725722391,0.0008436505124746403,0.0015630088704495604,0.08582652162629331,0.09978923776852469,0.085
1038,train,0,0,1.7153416372805637,0.24064206565438767,-1.4157231422180974,0.0009420619337518443,0.0016997574678060154,0.09622255481658773,0.0998399057139336,0.071
1039,train,0,0,1.7501054527592577,0.25149088535612807,-1.4117693580786965,0.0009070752251294889,0.0016468463002945791,0.10837310367351259,0.10430919508718792,0.07
1040,train,0,0,1.7261760014747536,0.26017760962042097,-1.4040711410758866,0.0008829203485001955,0.001638645826819394,0.10345707280539371,0.10755543863436136,0.068
1041,train,0,0,1.7094756947656038,0.2564108019432948,-1.4032316979829484,0.0010292747464691037,0.001999123453934764,0.09672633496339941,0.10644096995396866,0.066
1042,train,0,0,1.7200012889938607,0.24866724987792985,-1.4105433962558351,0.0009531632913973387,0.0017213870713372766,0.0978448513080473,0.10316235172441049,0.07
1043,train,0,0,1.7645928693387156,0.25493182267160197,-1.4023094867207704,0.001048909768331048,0.001978883117304312,0.1127506677928984,0.105705679206603,0.083
1044,train,0,0,1.7079914853057905,0.25502672196989784,-1.407590806940354,0.001063106662640724,0.002056276147713575,0.0936191436123789,0.10630007403459345,0.081
1045,train,0,0,1.7187225484077875,0.24584321206971516,-1.4108575880562084,0.0009682454985917929,0.0018128132245845716,0.09713888607579588,0.1022113127690632,0.087
1046,train,0,0,1.7611407533893626,0.2592913521373931,-1.3977962224562244,0.0010391502031854678,0.0020022350600766973,0.1098806882930008,0.10795039210335758,0.081
1047,train,11,1,13.990582123295267,5.881856114460063,60.13478410991067,1.1217313678444805,3.3032464362217175,0.9271604432505447,0.7292420614358714,0.906
1048,train,11,1,18.618206963157245,11.374043951069536,168.84193431442242,1.5722278834397914,4.526877430511825,0.9541680553818838,0.8841147595969047,0.981
1049,train,11,1,24.9979005426165,17.041043017853042,396.1336702438751,1.597649559179222,4.607513156802101,0.9691220223915413,0.9005609595495667,0.987
1050,train,11,1,16.419295565972188,11.403320224157888,148.76142696597546,1.8407020603112143,5.431990351315265,0.966388681415777,0.9414925285348823,0.989
1051,train,11,1,25.739474489117068,17.798351997372887,439.884917075208,1.5603200080139508,4.565576346891995,0.9610920215313098,0.8356017019146775,0.995
1052,train,11,1,16.509763965168542,12.147749637898004,173.47933446124736,1.7516239093260288,5.157060291146957,0.9604050991519189,0.9153630165400743,0.985
1053,train,11,1,26.977984831388774,20.24431054594566,529.2518849733234,1.5349488469143993,4.47139144084114,0.9666778390184446,0.8996382112244683,0.994
1054,train,11,1,20.734841186245383,13.435815017310514,231.65328515407492,1.645217905239206,4.691842009927041,0.9649269750040708,0.9014326963372103,0.99
1055,train,11,1,14.653367952200007,9.407100011350177,113.56480572414267,1.4550215757957705,4.119299047676881,0.9482420293092572,0.8856730392416504,0.964
1056,train,11,1,14.407929252494519,8.699624665516216,101.03878360581369,1.6518778359530193,4.790804116438355,0.9408128303002294,0.8255742006974874,0.976
1057,train,11,1,18.694534822540678,10.87787404216681,164.59165501802934,1.5503293102186886,4.466807226234429,0.9527139198378443,0.8463157248635351,0.986
1058,train,11,1,21.14444354227498,13.635588047154101,240.4518912352863,1.7231826458905115,5.102034819228925,0.9678160620346619,0.9032182944119599,0.993
1059,train,11,1,16.343415457784413,8.85022684133757,117.71514991046742,1.094041769616975,2.9434871635025037,0.9322269610640255,0.7959053479818824,0.967
1060,train,11,1,17.63682563226539,10.98127465787841,162.07494078824683,1.541990683496164,4.410629400832019,0.9485208080630667,0.8535592533245814,0.985
1061,train,11,1,15.263327165453596,7.872489472653528,103.96632467717114,1.207669236352857,3.51078259326395,0.897869360002671,0.6204368107038222,0.986
1062,train,11,1,18.585824741154923,11.712642578266419,176.23594275997547,1.6048605794879085,4.628155702717456,0.9544473827150061,0.876060803181961,0.986
1063,train,11,1,12.025829565900864,5.1130534101554534,42.436651749445254,1.200039144073454,3.4274689015314,0.901798561960734,0.6936468584669985,0.901
1064,train,11,1,14.182189293730872,8.251555871259093,94.19470774575555,1.5802046143199246,4.500769035519046,0.9233374140570192,0.78992483086859,0.974
1065,train,0,0,1.648482557288294,0.1567214299978293,-1.4834010564339553,0.00036408488793362943,0.0005199589873374999,0.0980504690098849,0.05811825201331248,0.068
1066,train,0,0,1.6631348908259904,0.23660116929354524,-1.4776341491331038,0.0005455982571484561,0.0009270172601468063,0.10691429000136614,0.09699043194007774,0.054
1067,train,0,0,1.6276546493440547,0.23701858103560583,-1.4617236437803465,0.0006147988367345568,0.0010397417967383884,0.08599424476951532,0.09759536546051273,0.058
1068,train,0,0,1.7021291289846607,0.25806181271228545,-1.4336382214655876,0.0007158523896101614,0.001255724075725426,0.1070052623123382,0.10674964984727565,0.066
1069,train,0,0,1.718814120661612,0.2478279635945807,-1.4275255400772011,0.0008584629339228024,0.0015204986831651723,0.1036302592745782,0.10301892740510164,0.069
1070,train,0,0,1.7100599059744046,0.24423922870324055,-1.426316815580528,0.000879211336345989,0.0016075301012443376,0.0996775844942631,0.10164281684540666,0.073
1071,train,0,0,1.7048283937611244,0.2471336189372796,-1.415472343850917,0.0009528005678033987,0.001728270534744788,0.09728027977443249,0.10292815130470949,0.068
1072,train,0,0,1.7232946287370126,0.26102828204105477,-1.4118851522211076,0.0009700995391835357,0.001833541131948034,0.10307034657976638,0.10840168317182639,0.079
1073,train,0,0,1.7063000976360325,0.2578036351585532,-1.3999212215117365,0.000935393931047682,0.001679960132349483,0.09445342585637713,0.10700328366239148,0.07
1074,train,0,0,1.7403151700420636,0.2491646852884853,-1.404504667544663,0.0009294744045352726,0.0016591202025271776,0.10083148474366575,0.1039228296766532,0.085
1075,train,0,0,1.7240546908981196,0.2497026560285928,-1.4026221714862912,0.001035988161574297,0.0020444606563607944,0.09724583399545712,0.10305032116648206,0.065
1076,train,0,0,1.692821598764978,0.2546650651757504,-1.407089712689333,0.0010265608333855719,0.001987733159701258,0.08996893827339479,0.10523288933421222,0.052
1077,train,0,0,1.6866908115909613,0.2550691418147302,-1.3978707084981992,0.0010470415953697887,0.0020799103631371813,0.08663561765713822,0.105181888496054,0.058
1078,train,0,0,1.7121427930317394,0.2508030688605788,-1.4015497673424056,0.0010435435036406707,0.002037945928805426,0.09437945395441275,0.10368528950655473,0.06
1079,train,0,0,1.7564637243880579,0.25395660402521525,-1.401935691494492,0.0010108045959077061,0.001943720005622089,0.1082780581000661,0.10621201617677889,0.086
1080,train,0,0,1.7091509730925591,0.24391856753744984,-1.4050526618345176,0.0010388058954393753,0.0019963526211326777,0.0918149116627748,0.10140287822309516,0.078
1081,train,0,0,1.4899960884129246,-0.08496313675637636,-1.4763883615739197,0.00015369270624963585,5.927171072917931e-06,-0.03431151664206764,-0.037529530180494854,0.067
1082,train,0,0,1.455391449187659,-0.0021722980338194082,-1.516289965150024,0.00016433134181089974,2.2375335752394747e-05,0.003031176961054072,-0.0041160519759750784,0.063
1083,train,0,0,1.4696057716407818,0.018312653892542226,-1.5427528149035983,0.0001792871063560043,4.745201593344485e-05,0.004820686137358192,0.007730549822846792,0.06
1084,train,0,0,1.4657451112062416,0.03289554745989898,-1.5414079706073598,0.00018833615619270224,6.162121876730845e-05,-0.012789087687007485,0.015346646223157602,0.063
1085,train,0,0,1.4787593154053236,0.03914378439115641,-1.5362187238628275,0.00020121532563878433,8.487345744158613e-05,-0.010573674027064514,0.01870643353106342,0.061
1086,train,0,0,1.4891314321473244,0.03860731630886113,-1.530621528275215,0.0002175158453309834,0.00012510295281647978,-0.014876825277935131,0.019403183929081948,0.057
1087,train,0,0,1.5049805746362521,0.036855426027874304,-1.5249207270851666,0.00023298737352498504,0.00016642267430193487,-0.018968282389349465,0.01928119266219366,0.063
1088,train,0,0,1.512809673946327,0.03592179177725394,-1.5201759360816656,0.00024121943327304714,0.00017280449887666687,-0.02312443047423832,0.019122345132328127,0.062
1089,train,0,0,1.520325251461386,0.03374733360110057,-1.5151573197823316,0.00024868573972449776,0.00019189085277637532,-0.03184370235811438,0.018454576329015013,0.061
1090,train,0,0,1.5283422062492926,0.0330434825817863,-1.511989993196861,0.0002579993872566165,0.000207965692361108,-0.02681215803188851,0.018803462315346037,0.061
1091,train,0,0,1.532738692276163,0.027872498104295304,-1.509203826737325,0.0002718160242687163,0.0002492225743879704,-0.03272426855027491,0.016608023676699935,0.066
1092,train,0,0,1.537540452376496,0.024536935000140005,-1.5065398706254263,0.0002678399316781284,0.0002306709607124442,-0.032555908302938356,0.015500410255824347,0.064
1093,train,0,0,1.5410631720776278,0.0218582977172783,-1.506077938861926,0.00027836007597884004,0.00025540147160226905,-0.039280007142507685,0.01453006780321798,0.064
1094,train,0,0,1.5446550093814952,0.022106160016375644,-1.5060273422469193,0.00028093888385729015,0.0002625792318548211,-0.03565836425616742,0.014963947807045984,0.068
1095,train,0,0,1.5450640468781225,0.019668613355685205,-1.5035182339544206,0.0002846758037392718,0.0002698329955410866,-0.03793524939178952,0.013900830319166741,0.065
1096,train,0,0,1.5490789453290494,0.02080078008770909,-1.5048650888245954,0.00028552748211338214,0.0002780177287958869,-0.0406003679922428,0.014744026761263494,0.064
1097,train,0,0,1.5471451221183645,0.018922469972198024,-1.5056430033777335,0.00028985724847309553,0.00029073130320791393,-0.04529108514077222,0.01381155905719332,0.059
1098,train,0,0,1.552477382844322,0.015218222422540555,-1.5029859991432162,0.00028874126112527924,0.00028369015449806876,-0.04709639809169871,0.012292782446053134,0.063
1099,train,0,0,1.548328844561407,0.016291802867140527,-1.5034389016958207,0.00029155352839008755,0.00029143543367816374,-0.04521695615619518,0.01285536864826375,0.064
1100,train,0,0,1.5513089102960218,0.017033568065279454,-1.5032292758311459,0.0002965501519931374,0.0003040438791672972,-0.044817836746012196,0.013263285579913459,0.064
1101,train,0,0,1.552007951765243,0.017234193227952176,-1.5021785769334768,0.00028836695369445085,0.00028143441385027187,-0.045654236140617754,0.013445570165826756,0.063
1102,train,0,0,1.5541100719551209,0.016416760263274488,-1.501352249715752,0.0002901279024588006,0.00028563668027731205,-0.043389305275113844,0.013074166586440015,0.064
1103,train,0,0,1.551023820556386,0.015746536148121534,-1.503007692777338,0.0002965841559607651,0.00030340097665019583,-0.04403682563300211,0.012935895856725058,0.063
1104,train,0,0,1.5519973619536207,0.017175094207865577,-1.5033333893861633,0.00029342065056154254,0.00029515888207363696,-0.04649151044920175,0.013512051972818085,0.063
1105,train,0,0,1.553350460489586,0.015546335502164886,-1.5026640477584514,0.00029240448979751864,0.00029675398702936067,-0.04488541680754011,0.012724905140387264,0.064
1106,train,0,0,1.5532059409133803,0.017141160419021896,-1.5015215038274763,0.00028969259792240297,0.0002854916588121805,-0.044116333596832244,0.013326041102858184,0.063
1107,train,0,0,1.5532681840989087,0.015993062698342483,-1.502549143902704,0.00030102819557326755,0.0003166364927229988,-0.046750307505232666,0.012898933125686329,0.063
1108,train,0,0,1.5493603753102878,0.014834346729666343,-1.5026847376768209,0.0003017893677472938,0.0003171354580353358,-0.04480614276138927,0.012454801956558367,0.066
1109,train,0,0,1.5540472896494124,0.01674819301912228,-1.5020820753069875,0.0003024956972373086,0.000315885985022563,-0.04751227782572827,0.01338807995465418,0.064
1110,train,0,0,1.5527126355351386,0.01779588960506962,-1.5012756086980008,0.00030152871972500373,0.00031491901147939354,-0.045644921779571614,0.013797781808772974,0.063
1111,train,0,0,1.5558225957782617,0.015474376714543277,-1.500075796034017,0.00029702514387528123,0.00030272570882318336,-0.045923464697612215,0.012746317205333823,0.062
1112,train,0,0,1.5551395889155093,0.014107022921996675,-1.5000562233445773,0.0002972935132493475,0.00030387819197797545,-0.04758222325226385,0.012067036079494303,0.065
1113,train,0,0,1.5546155848248584,0.013913011614500252,-1.5026531612320944,0.0003021796419333492,0.00031584994666448236,-0.04713879081782172,0.012167734570566564,0.064
1114,train,0,0,1.5521267069535312,0.015470971938943725,-1.501106696813769,0.0003005520338436254,0.0003143421796302781,-0.047025662137475256,0.012780720700643549,0.064
1115,train,0,0,1.5540150766654466,0.014042335014639412,-1.500606456231143,0.0003031152588348052,0.0003192104933628703,-0.043863610439234445,0.01218967308865395,0.061
1116,train,12,1,1.547721745810353,0.13816459443194945,-1.5341211482994577,0.0006283837991715312,0.001420168863323856,0.10248135993413152,0.05695218476290761,0.071
1117,train,12,1,1.6193606202099895,0.13099085128824872,-1.514671035477882,0.004919071599125785,0.014558749942713589,0.14406949674058567,0.04735341272923251,0.071
1118,train,12,1,1.528737968404852,0.14332611652403493,-1.5342106287165393,0.002334104538863963,0.007537103196208514,0.11715704432383052,0.055950563314557514,0.068
1119,train,12,1,1.621006629883585,0.20308557634556873,-1.4890827406911589,0.0044204269071827515,0.014024510628407377,0.16252374053122406,0.07857582125848189,0.081
1120,train,12,1,1.8086440123938246,0.3026391181377442,-1.3674390213556293,0.008275207225153078,0.025190901484430487,0.2226630749628114,0.11451509655502566,0.088
1121,train,12,1,1.5301883297396983,0.2016491627157704,-1.5151271156869517,0.001341657622287926,0.0037254265677847303,0.1296578841228671,0.08169095732343912,0.069
1122,train,12,1,1.5606460249232503,0.20827965865870104,-1.4968056595971981,0.005014129021190594,0.016419694238707764,0.13730174633358624,0.08431172219931198,0.072
1123,train,12,1,2.0931381264056017,0.6553763331532256,-0.8538265291332525,0.0032914325326288164,0.009777701401180137,0.35227496116872337,0.22819174967759154,0.108
1124,train,12,1,2.019145172455143,0.5356789274515237,-1.0368640102698663,0.0029816610856635358,0.008628244613148811,0.320372079237684,0.1848361884632166,0.106
1125,train,12,1,1.9956678897444018,0.5112833045141212,-1.087597010807557,0.010027161988361418,0.03517466632461212,0.3138988642589744,0.1806161826220421,0.099
1126,train,12,1,1.7011219995829443,0.5092047181690414,-1.355846313309763,0.007218528659610951,0.02268080270633929,0.26860747413738134,0.21035334841383033,0.086
1127,train,12,1,1.7724379446952037,0.4146795952816868,-1.3658137901606147,0.007996335071424944,0.026443706720208186,0.255931535849165,0.1648131362663575,0.093
1128,train,12,1,1.6564502322310606,0.352707292546511,-1.4616246330986613,0.00639510833273874,0.020385045727544775,0.2251673444060247,0.14030269493450243,0.075
1129,train,12,1,1.5004979847135471,0.19324933308206924,-1.5589327101173136,0.001505816259150836,0.004151583284670314,0.1177149270437296,0.07998241887069778,0.059
1130,train,12,1,1.4927377218427869,0.18782507837242254,-1.5535924723158105,0.0013676846741022637,0.0030795217347504918,0.10756924599679374,0.07804124888160013,0.068
1131,train,12,1,1.553529068619171,0.24437551389255496,-1.540973228890416,0.0007110188582519394,0.0014141613622206562,0.13893014497040077,0.10335912617413458,0.061
1132,train,12,1,1.7875808171846534,0.275919424818025,-1.4004011715888889,0.0014980265416796705,0.004065611630040949,0.21701883833804222,0.09906880199268692,0.076
1133,train,12,1,1.6292061232969433,0.284292606837176,-1.4948170430380059,0.0012995912069916397,0.0035968606125142064,0.1763129060389026,0.11358320723577826,0.078
1134,train,12,1,1.5304459254390002,0.19225428284668514,-1.527039674994275,0.0053384007946964416,0.016561551308673785,0.12334209765656064,0.07921810135338037,0.071
1135,train,12,1,1.5988197952381427,0.2145548374657247,-1.4848009011653607,0.00048510529177770025,0.0007601854844136016,0.1302700154333532,0.08692330022442195,0.074
1136,train,12,1,1.6970941974072278,0.42331640689715067,-1.425152223685127,0.0012251658423654446,0.003302637719444825,0.22011501590008542,0.1761218050163691,0.079
1137,train,12,1,1.6097963334886456,0.2833083113214425,-1.5261997438815191,0.0018537218823358138,0.0039642271562248445,0.17979513262377758,0.11539331697651574,0.064
1138,train,12,1,1.750816432531153,0.2716009408094405,-1.4501438007155512,0.010880708221030946,0.035824515336863795,0.21798261062647414,0.10463895428016613,0.081
1139,train,12,1,2.018933758026964,0.5356986186645434,-0.9524148668360906,0.0024194337598984457,0.00784973230112342,0.28967674753695294,0.18407351868561247,0.102
1140,train,12,1,1.7275536882457816,0.35837249634885343,-1.4706610037017949,0.009180075941562388,0.031230903318655318,0.23312925164958065,0.1458269736240398,0.07
1141,train,12,1,1.5856270133034869,0.3593448931556363,-1.4825104146075718,0.005148895673499999,0.018082101588229205,0.18888102751524843,0.1497003190401615,0.075
1142,train,12,1,1.7016064946855047,0.28302197661840217,-1.4922146638238822,0.0006628502235142331,0.0013284879243700102,0.1895338114470509,0.11305067315272503,0.071
1143,train,12,1,1.9788724293303506,0.26482046641883045,-1.5242171422588433,0.0011190552635995561,0.0027407273791138814,0.2736435854274562,0.10771901281972479,0.077
1144,train,12,1,1.9329782815544332,0.48343875978532236,-1.1501330271487815,0.0015192072891230394,0.003957617328464871,0.29146774567915296,0.17254833960319524,0.081
1145,train,12,1,2.2237621387406055,0.7964920179772959,-0.4169304375948961,0.003923988449214101,0.011723593368747055,0.36662918723643234,0.2571760883904061,0.118
1146,train,12,1,2.1515766144297634,0.7168753398566523,-0.7408079161650893,0.005440400483847653,0.017287449961333443,0.36735439616868726,0.24910745488546757,0.104
1147,train,12,1,1.9077968571972472,0.4421756760514417,-1.2317086482877133,0.011092295194324297,0.03889768216542608,0.2762206718036434,0.16353895214952352,0.093
1148,train,12,1,1.79232889034226,0.3820353072943111,-1.3914675422869716,0.0029923659112767527,0.009017552142492892,0.2484814446138315,0.1483701797822865,0.073
1149,train,12,1,1.6342050989046741,0.3876231959883263,-1.4803473766754052,0.0019218591567727154,0.0054610573483544434,0.21926495483800984,0.1585962511065107,0.061
1150,train,12,1,1.66882689542877,0.36665555796245336,-1.487944395042381,0.001322736976420191,0.0035598209387000686,0.21881119588301168,0.14997882303558965,0.062
1151,train,12,1,2.0008772061032634,0.5217616865276639,-1.1933214488807142,0.009195739223467616,0.030533988616304533,0.33398183752277644,0.1962076912453709,0.086
1152,train,12,1,2.13755653434083,0.5798894220504539,-0.9202816251264601,0.0014252190901860432,0.002958002068766693,0.35638304491344447,0.19821433432339872,0.103
1153,train,0,0,1.494826004350511,0.037012042408751326,-1.5291210349357007,0.00022664815385707278,0.0001384567908236561,-0.015453371235030605,0.018536139755008858,0.06
1154,train,0,0,1.5061656438315534,0.03563920268099847,-1.5259772584072189,0.00023506061705633627,0.00015748324345209383,-0.025035650005271713,0.018748547499619822,0.068
1155,train,0,0,1.5149373946047282,0.031650801200493656,-1.5204050165529628,0.00025666173178351084,0.0002101157024858883,-0.03261058718893181,0.01735225675957333,0.057
1156,train,0,0,1.5211740160366227,0.02919650418632263,-1.5172673922980375,0.00026260998893657783,0.00022275357800500184,-0.030647387113040048,0.01686960731069509,0.061
1157,train,0,0,1.5278296524656305,0.028558224771759243,-1.5136357682526027,0.0002744641232390536,0.0002533987539355086,-0.03086168363978531,0.016751140423475083,0.061
1158,train,0,0,1.534811844475017,0.025066685930550173,-1.5109573502945706,0.0002777765555670394,0.00025180354824183777,-0.04096462042836738,0.01562735341043466,0.069
1159,train,0,0,1.537338917011795,0.023891247717402527,-1.5087185038493431,0.00028565536382857485,0.00026955762938331095,-0.037419547604173174,0.015247695393221447,0.069
1160,train,0,0,1.542270749494558,0.021527962885890022,-1.5081168329922459,0.0002868721085069581,0.00027051068926304444,-0.04170108882371845,0.014789146196131633,0.057
1161,train,0,0,1.5454691088257375,0.01900068687937517,-1.5059696882930498,0.0002966363830035032,0.00029452466272112136,-0.04055370518564861,0.013619716659161821,0.062
1162,train,0,0,1.5475046502026986,0.01808764620489113,-1.505293710992098,0.00029944434393973184,0.00030608118919449686,-0.04234835845384996,0.013720473052279449,0.059
1163,train,0,0,1.5497561028942388,0.017838080094471062,-1.5065038122391063,0.0002961318269962837,0.0002968558256638554,-0.040999386174505256,0.01321778096490598,0.058
1164,train,0,0,1.5465841717950235,0.01885034756248012,-1.501913906598606,0.0003027206436446978,0.0003216669067463838,-0.03737050913298685,0.013647342702114781,0.066
1165,train,0,0,1.5514702364315278,0.01404304420923298,-1.504726561348577,0.0003056112953028181,0.0003218494850965967,-0.042282395154625174,0.012072916961317284,0.061
1166,train,0,0,1.553853244072348,0.013850535870911968,-1.503535279076676,0.00030448836417889885,0.00031723855970838637,-0.044675855172865965,0.01208047943693681,0.064
1167,train,0,0,1.553098215556191,0.013554572880054934,-1.5052795051940548,0.00030240966501905074,0.0003068737727690019,-0.04710846719552474,0.011912402296711673,0.065
1168,train,0,0,1.5255541551225467,0.027044003291249345,-1.5393606535667208,0.00022208805261780056,8.873460460419856e-05,0.06942898361456207,0.005630538065578802,0.061
1169,train,0,0,1.494397829125292,0.06725169751129792,-1.5532532030427793,0.00024809622448271546,0.00016370610732720234,0.06619781859932976,0.026284352322838447,0.07
1170,train,0,0,1.5222720384137518,0.09669858733385281,-1.5472330772609644,0.0002917187388465127,0.0002626786554466878,0.07879142979867927,0.040107488751876724,0.066
1171,train,0,0,1.51122742600425,0.10551580025585415,-1.5449202635112473,0.0003313011621040381,0.00035950670915568746,0.07345906055197916,0.04594118315245471,0.056
1172,train,0,0,1.516551394615955,0.10741916639640905,-1.5284172450409605,0.00037976930357870456,0.0004991742616678389,0.0722272663915278,0.046969873307297606,0.058
1173,train,0,0,1.499771492813761,0.10369745597382875,-1.522520688902338,0.0004099841499413534,0.0005391935286902446,0.062490324171714615,0.04641188391567023,0.06
1174,train,0,0,1.527638982539413,0.09827453352677121,-1.5052916425006222,0.00046313656852830755,0.000755573717185029,0.06849785179332461,0.043879643016494094,0.066
1175,train,0,0,1.4880279838462662,0.092227086451814,-1.4983533568230964,0.0005268839275606259,0.0008658876317653195,0.05176703577103348,0.041966060197199395,0.062
1176,train,0,0,1.4961636526456437,0.08147477248859768,-1.4911094880116214,0.0005698688335390599,0.0010252346048814282,0.05094212580614702,0.03785320852328868,0.068
1177,train,0,0,1.5145488536107894,0.06671070470091373,-1.4862533198568841,0.0005805552438501703,0.0010785958319480117,0.0533779213700754,0.031095351223961197,0.069
1178,train,0,0,1.5053323786980726,0.060147515749640265,-1.483040326680827,0.000586942086268406,0.0010661882119210086,0.0470733087239648,0.02845010748760522,0.073
1179,train,0,0,1.4973618730456326,0.053973744262406614,-1.4783152657444196,0.0006458861200761453,0.0012303823950999021,0.04305362886875462,0.026538555116747187,0.076
1180,train,0,0,1.4868694474054398,0.045743263386141805,-1.4762304320484623,0.000672809112727346,0.001352273963073914,0.03685168790397829,0.02268667105776443,0.069
1181,train,0,0,1.4624328679638157,0.03842266660089033,-1.475340248675687,0.0006871746765042938,0.0013909903391946153,0.026281168926367317,0.01992119536093986,0.068
1182,train,0,0,1.4608383738489228,0.03574017571811609,-1.4682797235774507,0.0007780580207149562,0.001655898680263993,0.023984387835508093,0.01889700008480157,0.066
1183,train,0,0,1.4878861263933028,0.03786070570576286,-1.467383717288881,0.0007385065319663358,0.0015059472586862286,0.03362373164788558,0.01947357306639878,0.069
1184,train,0,0,1.525028946630986,0.033411728645023335,-1.4675013086263833,0.0007496062147296146,0.0015505855648019757,0.04384361262003189,0.017813035719211622,0.074
1185,train,0,0,1.4850782400219888,0.034759681044754735,-1.4651927197199173,0.0008252909438118316,0.0017014429060142188,0.029790713682302055,0.017878113683193125,0.072
1186,train,0,0,1.502876724275792,0.029261634566523656,-1.458530221893144,0.0007588930130772628,0.0015193169300613937,0.034053932363032995,0.01604186583514463,0.068
1187,train,0,0,1.4883109897659828,0.03636078652211939,-1.4618360894027915,0.0007849948652934509,0.0016515651099230704,0.030704575318812277,0.018920110067690264,0.07
1188,train,0,0,1.544204791960528,0.03223507953317665,-1.452009023880205,0.0008229826169920957,0.0017274302102974724,0.04708240311819789,0.016740854027400682,0.071
1189,train,0,0,1.4711269700326284,0.03174638568407682,-1.460970509018584,0.0007831221626891438,0.001656598449535373,0.024024802251992505,0.017123842105682505,0.076
1190,train,0,0,1.4770360937926674,0.030377504306755804,-1.4520355308674495,0.0008386765037668,0.0017705275111729703,0.025127366793850355,0.01649207666571881,0.067
1191,train,0,0,1.5064283740898927,0.030743049672467247,-1.4471522308740687,0.0008801370900317454,0.001869508832526813,0.03288954186294155,0.016254545451814102,0.075
1192,train,0,0,1.5127944049053814,0.02876437768375701,-1.449691357918513,0.000889823527273091,0.001939596232369731,0.036108425163796434,0.015235228473338405,0.072
1193,train,0,0,1.4884046578245014,0.028347698986843358,-1.451991602503325,0.0009080916925604317,0.0019538958762446534,0.026971589651151793,0.015506916212026652,0.072
1194,train,0,0,1.4861139101690934,0.02384492126624468,-1.451130219271444,0.000898131909057048,0.001869981673100567,0.025344964821047616,0.013391131598446224,0.072
1195,train,0,0,1.5034290912826975,0.02606189730028769,-1.45150014979844,0.0009328612725554477,0.002002696395802009,0.03142355592461093,0.014176637126416673,0.072
1196,train,0,0,1.841582095694353,0.17700460144609959,-1.1291109740702827,0.0011685680837181314,0.0025094244012142286,0.12994348710455048,0.057004566106290594,0.092
1197,train,12,1,1.7190816777878652,0.15627068443794076,-1.4556705178494944,0.006884053484966625,0.021738482169503012,0.15915176600428046,0.05818313053648054,0.082
1198,train,12,1,1.6398078235738696,0.12165654116628916,-1.47805187367917,0.0015388879994176657,0.0035843893875208794,0.12964680826262806,0.04632878780989443,0.073
1199,train,12,1,1.8078200112418563,0.25406194771891694,-1.4117761482296052,0.02503314740525851,0.0796895728431101,0.2169345977817032,0.09059601001896068,0.099
1200,train,12,1,1.6640695044393818,0.15682929955740407,-1.5035233820628884,0.030592487810338725,0.097993300761447,0.16013030493511732,0.05455077142871579,0.079
1201,train,12,1,2.0119591652520423,0.3178141021200279,-1.131954873499145,0.016266351743487915,0.054360145251019475,0.24840063545043292,0.10087410295720528,0.115
1202,train,12,1,1.8311204371861944,0.2923688066118367,-1.3850603311466594,0.012258597329874787,0.04132959875650527,0.22638492147934763,0.10846694939916027,0.078
1203,train,12,1,2.034506980837548,0.4474538717794966,-1.158473148930681,0.024027812337474648,0.08576246233065052,0.293892657871897,0.15846193215551924,0.103
1204,train,12,1,2.060345807068958,0.4346577106967968,-1.1326870921739676,0.016957074382840318,0.054899567263684376,0.2927427070078324,0.15071797374769427,0.113
1205,train,12,1,1.8207671517289792,0.3187336574087667,-1.369138660780909,0.017298147088043957,0.05378494847987797,0.22658588229365068,0.11833146571410157,0.088
1206,train,12,1,1.8182447665231376,0.2371829536756515,-1.3672320429724363,0.014935724413560406,0.05032743399256221,0.20959200675683404,0.08098415036355777,0.089
1207,train,12,1,1.7417364636240318,0.28544849959359747,-1.4614387167366198,0.01915418431730626,0.06787945916213828,0.21288221213732478,0.10856669994999486,0.082
1208,train,12,1,1.9992483667098497,0.35303972988812526,-1.1810271193805566,0.013194277415449977,0.04718357860002029,0.2616309459604801,0.11787833030967453,0.096
1209,train,12,1,1.7151932927776257,0.25253808935244443,-1.427682499726784,0.009284851631152021,0.030388258751972264,0.1746580279378469,0.09741771464460944,0.087
1210,train,12,1,2.1335960658977817,0.4245436980434194,-1.0949264078084824,0.012265825129684124,0.038930852045548636,0.29722300340952146,0.14748277913474478,0.124
1211,train,0,0,1.4967823746092077,0.08162439320021746,-1.4771410795040203,0.0006672445563612873,0.001287542932859404,0.044470165896879445,0.03780214298869337,0.067
1212,train,0,0,1.489727888661607,0.07805903254064,-1.4733809400972206,0.0006797432058920433,0.00128173154432419,0.04176389844476271,0.0362306563384095,0.069
1213,train,0,0,1.4923111333763344,0.07002293821820814,-1.4675090349268547,0.000690189660319578,0.001333182352023011,0.03808805779122769,0.032986593246823195,0.073
1214,train,0,0,1.4989052429508378,0.06235357011009786,-1.4661518575398051,0.0007619897726301502,0.0015318566267877346,0.03949226821623634,0.029629058687303027,0.067
1215,train,0,0,1.4896191256939124,0.06376168954715444,-1.4653183901398725,0.000803834550359513,0.0016521266611433903,0.03541574554093784,0.03038274292360481,0.068
1216,train,0,0,1.4793055034262368,0.05979925317657628,-1.4656345338944328,0.0008183340740161831,0.0016466737139279894,0.03175229046928844,0.028705318295618742,0.067
1217,train,0,0,1.4788836975695117,0.05165219670625684,-1.4602688343543047,0.0008159066980904529,0.0016845968218877172,0.029329165275980222,0.025319483540450147,0.07
1218,train,0,0,1.4900592549941252,0.04892460480038236,-1.4549415512023922,0.000850264112041739,0.0018051432750565124,0.031587605619963044,0.024368075720272945,0.067
1219,train,0,0,1.4711878066914814,0.044391621423368145,-1.457001338478253,0.0008286662709979864,0.001761293473225538,0.02427954086634379,0.02208389281414523,0.07
1220,train,0,0,1.4836599007831806,0.04566102016804985,-1.458256486233801,0.000878730097148162,0.0018151468812469492,0.02811370023095517,0.02257047938700035,0.069
1221,train,0,0,1.4708557556750295,0.037653686315613576,-1.4511383632325732,0.0010396260702158439,0.002217152207176609,0.022429935775438264,0.01947483911957758,0.064
1222,train,0,0,1.4785844229842076,0.036704549517877376,-1.4465161723556699,0.0009171629045102253,0.001971118453150843,0.023898131782707416,0.01891210507217939,0.07
1223,train,0,0,1.4880236031968808,0.034343830600440495,-1.4507817491165227,0.000926667253168052,0.001988831265791143,0.028275307194190434,0.017985232819574717,0.07
1224,train,0,0,1.4763300554346777,0.02967462486145986,-1.4520790247016269,0.0008533828361151849,0.0017474297556437626,0.023278616062026778,0.016218081330744726,0.072
1225,train,12,1,1.7474733536697697,0.28793689769704056,-1.4414948294039283,0.013260624763087425,0.04305472362590244,0.2066065546618203,0.11080127304069988,0.068
1226,train,12,1,1.912404955449474,0.2905574157322289,-1.2592183468044635,0.007106580970958322,0.02012042100330722,0.23578919153783195,0.0954589704407976,0.092
1227,train,12,1,1.8957637521463262,0.26175682627555064,-1.21761102665302,0.00626662779075505,0.018818332763223287,0.2172614235835413,0.08074489234922283,0.096
1228,train,12,1,1.6890908983640938,0.15388424004799403,-1.464114735572696,0.05490112101649316,0.19824469639891687,0.1613549048948441,0.05307096839778605,0.095
1229,train,12,1,1.9786150063418464,0.305870880622491,-1.2635412426327515,0.014402096622454078,0.046538162214751225,0.2612312743833305,0.09982965411806494,0.099
1230,train,12,1,1.622989065331795,0.11824045020626031,-1.4863905575471466,0.0033937972380168806,0.009808038524461604,0.12576099435889146,0.04356346783989861,0.078
1231,train,12,1,1.6136543231722855,0.18865371542629347,-1.4947835067043393,0.002510873538907671,0.006549035759025882,0.14320177628752198,0.07324969928604229,0.073
1232,train,12,1,2.0717686161153326,0.46716685495301224,-1.0082667665138163,0.029575156193063775,0.10526011584242913,0.29120330491093877,0.15293709120288357,0.105
1233,train,12,1,1.6481456833862629,0.09300839555981455,-1.5205109876307417,0.006314844485492419,0.01693789077266764,0.13427607612867487,0.029724930911912056,0.085
1234,train,12,1,1.9567210730283244,0.2868980136941859,-1.2167056224407793,0.022115734144216803,0.07687262610763572,0.24280442620185066,0.08765968841411129,0.094
1235,train,12,1,1.9946153367977568,0.3382495343086102,-1.1679796024008453,0.017583686743614203,0.0607419627704358,0.2501184524393718,0.11242491770640674,0.111
1236,train,12,1,1.7193635572708432,0.36660521576232,-1.412395420878773,0.01581885476082551,0.05401245351149897,0.21784554273360884,0.1436025314307271,0.071
1237,train,0,0,1.5213759554695847,0.07969385066721398,-1.4756399686912478,0.0006853085700107845,0.0013419861833355365,0.05067818005812651,0.03697951073248443,0.068
1238,train,0,0,1.484044931879753,0.06330839508372556,-1.4676608280599328,0.0007201883900844586,0.0014187948555059045,0.03550663613445271,0.029643752656661606,0.077
1239,train,0,0,1.487264202305487,0.05321624656526596,-1.467153664637332,0.0007451398321507458,0.0014929591773168661,0.03507267431690964,0.025681883564262587,0.072
1240,train,0,0,1.4626040757848362,0.04862865390158746,-1.4658531799488401,0.0007712203705228815,0.0015839274308835987,0.024497902196883116,0.024008715337409017,0.068
1241,train,0,0,1.4715434237704843,0.04334262967771708,-1.4631433754719785,0.0008075654579207964,0.0016757320260407545,0.026592599046595597,0.021878338883857314,0.068
1242,train,0,0,1.50243301125486,0.040745967082507654,-1.461902570479876,0.0008743059945198478,0.0017876106334364227,0.03473817789679602,0.020091470164922222,0.072
1243,train,0,0,1.4732065060857145,0.030639163147006862,-1.4549795692255791,0.0008757717169887133,0.0018304440119990115,0.022941051707663532,0.0165377209289452,0.072
1244,train,0,0,1.515213907759995,0.034031220813366056,-1.4564388326362896,0.0008444856600650704,0.001809461074127291,0.038665645476722646,0.017881704285601204,0.071
1245,train,0,0,1.4974976417917158,0.03189672209673483,-1.4538375419831076,0.0008289902672333434,0.0017051606323836663,0.03179112532136636,0.01675733152057322,0.077
1246,train,0,0,1.4849038317181216,0.029237998942683176,-1.4546659249429466,0.0008818151088855609,0.0018903963254765482,0.027720239894313433,0.015795002031728463,0.069
1247,train,0,0,1.5138769786550588,0.02740270482128834,-1.4523128365324764,0.0008879118878485066,0.0018883622158930155,0.03576016012142135,0.015206221436862477,0.071
1248,train,0,0,1.495860722879045,0.03059136511405436,-1.450340290266029,0.0008714477984214431,0.0018451937046765905,0.029443930698426758,0.01645775422264192,0.07
1249,train,12,1,2.0525577218138378,0.47627032539457653,-1.0934606228995924,0.005648360013268624,0.017532024538989156,0.30503193008267016,0.160043443664681,0.091
1250,train,12,1,1.671158187735112,0.19564765382988047,-1.521413717637178,0.051209223648055475,0.17685385728460168,0.17550182206775192,0.06994521909123844,0.08
1251,train,12,1,2.063740171449937,0.4581516216072607,-1.1000640455123978,0.005785922897466687,0.01645124689897813,0.3033786190212933,0.15485147316606174,0.097
1252,train,12,1,1.8796340322970575,0.27238275439792164,-1.3621792736472564,0.011935631536151414,0.0379301183709868,0.23114924780750246,0.09302549705372636,0.087
1253,train,12,1,2.0211255871662526,0.4018456213680231,-1.1202605050898444,0.03201639090614144,0.11545344561968181,0.2800542068299646,0.1303853191351048,0.102
1254,train,12,1,1.8177752043182283,0.22781225737712066,-1.4129767621702831,0.023138910190264525,0.08028987561078044,0.21266539275987237,0.07824007150533299,0.094
1255,train,0,0,2.335637617510348,1.2001414983925534,-0.14525817170031186,0.0004093335583936442,1.6799375543350072e-05,0.5552433982577742,0.4553059682349427,0.06
1256,train,0,0,2.3082253779773705,1.2286716318820277,-0.07602214952205699,0.00042961096255699014,2.3900520719285248e-05,0.554880835316752,0.4645573374623645,0.066
1257,train,0,0,2.349818532214244,1.2229302711312575,-0.08075434466610343,0.0004365414606063462,2.3513626727547294e-05,0.558885107721149,0.4613527346317388,0.062
1258,train,0,0,2.2984126395668647,1.2050514478960694,-0.12854488387990237,0.0004465767905257566,3.153375618174368e-05,0.5480984038045553,0.45593525380222166,0.067
1259,train,0,0,2.2579640326724477,1.1805754090779705,-0.18232815541284264,0.0004473695628452536,3.5585194239854174e-05,0.5360958288923685,0.44733592503726366,0.068
1260,train,0,0,2.335258469774625,1.1917316023326103,-0.1415971606207589,0.0004650382135395744,3.8846509948762336e-05,0.5481435497176935,0.4494726373691497,0.071
1261,train,0,0,2.248904941759425,1.1543762146403935,-0.23846842031732685,0.0004666589023458488,5.4018437867481914e-05,0.5285809331403699,0.43817133721622237,0.068
1262,train,0,0,2.260462934290133,1.142516537933722,-0.25214334717909015,0.0004798308216272135,6.436114751549418e-05,0.5264523573558575,0.43272012813569466,0.071
1263,train,0,0,2.2066342668470407,1.0889798652642462,-0.37615118417649906,0.0004624537238078543,6.282281344122448e-05,0.5079528731124299,0.4153540517516053,0.072
1264,train,0,0,2.183340388498385,1.0632496890904266,-0.4270468763740558,0.0004653371304626477,6.956759403089119e-05,0.49856037431672756,0.4059654152953892,0.074
1265,train,0,0,2.1771577098515196,1.0207341562161234,-0.5159808964500483,0.00046642388930861816,9.633510014650524e-05,0.48863275509986365,0.39131240073353474,0.075
1266,train,0,0,2.1443091433894326,1.0061404520015076,-0.5362538354504456,0.0004697399734129484,9.064440885495172e-05,0.47927639271153805,0.3850566949020255,0.077
1267,train,0,0,2.095488157497249,0.9691517002024501,-0.6175944670398978,0.0004622893699117891,9.227508927556854e-05,0.46317062339000176,0.372970644159427,0.074
1268,train,0,0,2.0318790822385795,0.9020421372998283,-0.747768522030285,0.0004567755989578443,0.00012271427063251716,0.4373420610301463,0.34954132992999254,0.072
1269,train,0,0,2.016723344057641,0.8588822957020564,-0.8263269997022737,0.0004495405373386909,0.00011914772579106626,0.4259792251129262,0.33407852136958804,0.073
1270,train,0,0,2.01991988249906,0.8358355585913126,-0.865820219184013,0.0004544853882915727,0.0001261655264975149,0.4217596088155598,0.32561744396319453,0.075
1271,train,0,0,1.9243657744687586,0.7734336188109175,-0.9729989708227471,0.0004484825241350397,0.00013446751153274052,0.3890683772434562,0.303059556060772,0.071
1272,train,0,0,1.893594600877755,0.7292410074098239,-1.044266162660157,0.00044750929300772595,0.00014363718024433642,0.3728548256518424,0.28698568859883844,0.074
1273,train,0,0,1.8316747844404027,0.646228078125215,-1.1711388570773662,0.00043030162151741936,0.00015353475171898254,0.34157211956704403,0.2567284257765134,0.071
1274,train,0,0,1.7797884546839817,0.5988972014364967,-1.234314746929248,0.0004359128906865485,0.00017178636446534492,0.3184307755878399,0.2385965115762882,0.07
1275,train,0,0,1.7187151278425532,0.5304750348936852,-1.3206153942013703,0.0004340889836161134,0.00018490433373587547,0.2877074086261615,0.212581865789977,0.065
1276,train,0,0,1.7214871396385505,0.4979812585592922,-1.357862556905214,0.00043117710510907854,0.00017604038708095299,0.28163334805433426,0.20001720595706104,0.069
1277,train,0,0,1.6236308202657856,0.41428970923280084,-1.4445273781353112,0.0004217105197654397,0.0001846872321796368,0.23493098377314425,0.16752307196201158,0.066
1278,train,0,0,1.6388070060073443,0.3996616572615074,-1.4569491611763479,0.00043625272194325,0.00020375118963541212,0.23639185213615077,0.1614590085766289,0.068
1279,train,0,0,1.6050442113397987,0.3859412448562338,-1.4705517058673265,0.0004284115941797479,0.00019093588722907158,0.22369606131538156,0.15610149914751031,0.066
1280,train,0,0,1.6355138671602347,0.3910172901371417,-1.4660945963395615,0.00045251151551739115,0.00021578297549204546,0.23418435125256487,0.1579302643864187,0.067
1281,train,0,0,1.6362288092982435,0.39573525776166646,-1.4617572570622461,0.00046330747366034975,0.00022932788090785004,0.23617382135204643,0.15946780523631843,0.065
1282,train,0,0,1.6119742776323298,0.38709986949357394,-1.469637502512961,0.0004650513937543347,0.00023222346850055095,0.22670708305127638,0.15599803552279515,0.064
1283,train,0,0,1.6170001718063052,0.37414164330307836,-1.4814152544854808,0.00047745215625046727,0.00024941874776368084,0.22596183744872186,0.15064725730030432,0.064
1284,train,0,0,1.6030375841415745,0.3639471447497064,-1.4915200644672375,0.00048156521863189345,0.0002659394806716452,0.2196635562616488,0.14680066725355861,0.064
1285,train,0,0,1.6190675893288982,0.3729444826190493,-1.4830256219897493,0.0004863439939859198,0.00025262328080623997,0.22626149020514774,0.15005330576231418,0.062
1286,train,0,0,1.6054654275259257,0.38243988480384056,-1.475664997054057,0.0004829651196085604,0.00023893829100663283,0.22475854610663246,0.153888187514294,0.063
1287,train,0,0,1.605432873942684,0.37055950398206555,-1.487509685981626,0.000489058157443412,0.0002626086714375359,0.2226128217910165,0.14933043467324952,0.064
1288,train,0,0,1.5984919750715345,0.3633155780057538,-1.492572210281644,0.0004965863949584403,0.00026708679853046434,0.21922279506112094,0.14628532533330404,0.065
1289,train,0,0,1.5902439044600931,0.3534231687077689,-1.5008035537408557,0.000498904919552287,0.0002765405744135063,0.21431042670858141,0.14234713667714355,0.062
1290,train,0,0,1.6067185202268115,0.3623528878998838,-1.4946097955676607,0.0004962227967848824,0.0002480706164002159,0.22144137983214882,0.14585323227819744,0.064
1291,train,13,1,1.7327751909183273,0.3116795531458641,-1.4599062086198586,0.007565683260001224,0.02369855054245422,0.23206212484862318,0.12087243961541862,0.07
1292,train,13,1,2.031365824239453,0.5384173949558352,-1.0943632441887576,0.0009576635785848693,0.0018878918048089567,0.34492276579505743,0.19019298206558552,0.082
1293,train,13,1,1.4993649411384236,0.22809856467582398,-1.5965593109933651,0.003398068894576324,0.00918824771829369,0.16843506416604134,0.09012311483081097,0.063
1294,train,13,1,1.826825725589242,0.3378748857860556,-1.390827486632215,0.0009288887824834846,0.0019304509269433567,0.2744171443945249,0.11756465513746224,0.073
1295,train,13,1,1.516671552581507,0.19599986684289336,-1.6546253716557762,0.0016531634744755455,0.003952124690167852,0.17329644406925157,0.07520223067858443,0.053
1296,train,13,1,1.4851290116194187,0.20589168830789842,-1.6532002859125055,0.0020273350673619627,0.005588086346888585,0.17046892906429384,0.07936559861994051,0.057
1297,train,13,1,1.8239346512611945,0.36825942479854656,-1.389670738945581,0.00603499513014294,0.018607770939340348,0.2817446809033062,0.1329698902925667,0.075
1298,train,13,1,1.4846147284447098,0.17544077110566406,-1.6504527890228737,0.009202703299398807,0.02955788495169231,0.1585636129674418,0.06590052785501903,0.063
1299,train,13,1,1.674165701630622,0.23981561121182965,-1.5705573347773683,0.008755677613491877,0.031193998393721164,0.22547174668615336,0.08899913281812707,0.066
1300,train,13,1,1.5393186157858463,0.30037545938576155,-1.5927789854770142,0.003423609986904352,0.009296254443775683,0.20413614669168575,0.1199143737559606,0.053
1301,train,13,1,1.5019854274951812,0.21227425075251347,-1.62416332404467,0.009384407313450034,0.02935200839777098,0.16941856704576533,0.08103409376680673,0.064
1302,train,13,1,1.6906983317262365,0.3277920371114083,-1.5105921810962126,0.006398044322694301,0.020281866397339678,0.24207965582212246,0.12668325855147006,0.07
1303,train,13,1,1.5919319448473745,0.28958720857320747,-1.581952101425462,0.00624325732982881,0.019404307385955787,0.2118370972807378,0.1150300341126484,0.064
1304,train,13,1,1.5418978144559845,0.24969458920020565,-1.606416818142508,0.06518723071977642,0.23392068441555272,0.18679730035290487,0.09683034206186678,0.056
1305,train,13,1,1.8812629159185972,0.41162665532491416,-1.3594889235708671,0.005609418982265875,0.015674951488847514,0.3019796022584463,0.15031230021112338,0.065
1306,train,13,1,1.7080468177012753,0.36528946195966794,-1.5160413481088693,0.005201690108506222,0.016388959712568783,0.2627682358009908,0.14409656165345705,0.07
1307,train,13,1,2.0608834261695246,0.7539001185580305,-0.6601860071474936,0.0013517618856070965,0.003917688007553157,0.3553989950018242,0.2568204817922838,0.108
1308,train,0,0,1.7750811920722112,0.5646184062622597,-1.28020858696573,0.0005004529488313123,0.00022836459054262137,0.3122629949397681,0.2247944506365451,0.065
1309,train,0,0,1.7100992983233827,0.5017405107064057,-1.3552614929749904,0.000498649913456785,0.00025081051004869693,0.2809047843200292,0.20077257800875092,0.065
1310,train,0,0,1.6633838603662172,0.455456622111942,-1.4057005590364173,0.0004869884705160448,0.0002317806766705589,0.25780037402894607,0.18286132326561483,0.067
1311,train,0,0,1.5924029902034988,0.37492898570629357,-1.4804576188889733,0.00046606096619379166,0.00023295829199747678,0.21863285506402375,0.15115915790028067,0.065
1312,train,0,0,1.6273284443493092,0.3816943882799776,-1.4755047827620433,0.00047999886891533653,0.00024687173549803163,0.23079805329855932,0.15372617549258205,0.061
1313,train,0,0,1.616914340639259,0.3737278898798043,-1.4830299575422277,0.0004889239778781841,0.00026051310779583045,0.22580070842356534,0.15055303935411918,0.065
1314,train,0,0,1.6050437427578315,0.3819418284282186,-1.4750894587401422,0.0004882994408435683,0.00023648347895306642,0.22474514305377685,0.15367584613359977,0.065
1315,train,0,0,1.6105612211749871,0.3730219739209235,-1.4838800873464215,0.0004949525233011741,0.00026382217237771115,0.224381125260373,0.15016035171534747,0.065
1316,train,0,0,1.6083011291397753,0.3628870908911588,-1.4930798174797189,0.0005050070719877443,0.00028066776635303546,0.2219662020373055,0.14610467203260066,0.063
1317,train,0,0,1.5850593341993102,0.35579251120357247,-1.4999820325914537,0.0004976308428233471,0.00026927836569673046,0.21345840797612442,0.14345226260949903,0.065
1318,train,13,1,1.837296319412213,0.35513452503182263,-1.3061457478049814,0.007251630086036481,0.021152947599544263,0.263800278543794,0.12124406601487864,0.079
1319,train,13,1,1.547711718530736,0.27266558685303316,-1.5813552586856188,0.0017812761179071283,0.003761082022260352,0.1913495493511112,0.1082835618013883,0.054
1320,train,13,1,1.509936929849651,0.22804870171889713,-1.6080565921884604,0.0055727333274282346,0.016476412470365083,0.17920621765767272,0.0867666629514308,0.066
1321,train,13,1,1.7581588278552094,0.26470154253314415,-1.525222937029267,0.016273718020337953,0.05608519570038509,0.25133446950157645,0.09337883079731965,0.069
1322,train,13,1,1.4546380940727441,0.14959636516827382,-1.6549552953925935,0.0012790782756061444,0.0031553902355967527,0.13734548819847642,0.054901566635929815,0.057
1323,train,13,1,1.8540586911005197,0.3802601205536747,-1.297987652480505,0.0009531569513647216,0.0019213191659349094,0.281817398986076,0.1285410182049741,0.079
1324,train,13,1,1.5864697792765023,0.30482385410309576,-1.5616557651931462,0.009086516361106646,0.027707559649670414,0.2138131967535739,0.12037236910247709,0.062
1325,train,13,1,1.5072820811065724,0.22072149951292297,-1.6391791184502427,0.008206151695741138,0.02658488469910119,0.1760730985015827,0.0845031346393769,0.057
1326,train,13,1,1.520215011055924,0.23139971016224412,-1.6232257427338606,0.00608793446810318,0.018329681483573675,0.18293280835724768,0.08950518763426886,0.069
1327,train,13,1,1.8983080496887919,0.4255947160517735,-1.308122882061474,0.008463670517729727,0.028447480334172204,0.30671250330090055,0.15034284422425287,0.066
1328,train,13,1,1.9234046675567664,0.4122430638523201,-1.2532504925352745,0.004095083114376868,0.01328363842408088,0.29458789897977633,0.14150110659801574,0.083
1329,train,13,1,1.8292516377967722,0.3904281894676355,-1.439382522657663,0.012053584119346159,0.04300195659209515,0.28448812993480443,0.1498341876761436,0.067
1330,train,13,1,1.513678586583047,0.25420238598859574,-1.6126806193595067,0.004284824435179788,0.01230264673851835,0.17666088650641026,0.10034901889924791,0.06
1331,train,13,1,1.5803865223919513,0.2752566524904705,-1.586652557864962,0.0037130358495405073,0.011308576323497948,0.20151287032199894,0.10833905433716197,0.072
1332,train,13,1,1.6960188098049733,0.46862795191352064,-1.4562022119691609,0.006565645678208418,0.021230465100710895,0.2837702655837425,0.18822783260781362,0.057
1333,train,0,0,1.7825138144559602,0.570653324315171,-1.2731328224002811,0.0005160621801350934,0.00023529765681038674,0.31568827286636586,0.22700575922271368,0.069
1334,test,0,0,1.7719013296674087,-0.09928703530345509,-1.3363709523318614,0.0002130186880086024,7.287794202718037e-05,-0.06012729060876121,-0.037960991123427434,0.078
1335,test,0,0,1.7478339265651832,-0.13676648884599257,-1.4096727910434081,0.00021323016943284757,8.263015473614919e-05,-0.1084054045120986,-0.04982466495788788,0.076
1336,test,0,0,1.6771570473406319,-0.05606401109602183,-1.3552868407493135,0.00021138853323473698,0.00011944667406603123,-0.054009691761136236,-0.01996289478462317,0.087
1337,test,0,0,1.716183331284325,-0.1244550061691652,-1.3523625098378675,0.00022508766001670842,0.00013033038623255427,-0.09066885219409272,-0.04629386089494561,0.088
1338,test,0,0,1.7195235111927094,-0.12340205710384733,-1.3485831744016998,0.00023368681336469478,0.00015316404001116426,-0.09184657108012431,-0.04579593288617557,0.089
1339,test,0,0,1.7164368940695178,-0.121132921439861,-1.3466998693182415,0.0002314949585639217,0.00014105891616086324,-0.0933589239258945,-0.044892156536546005,0.086
1340,test,0,0,1.7228254827863831,-0.12484594379471937,-1.3481609913697838,0.00022319906381156418,0.00011995938465101717,-0.09257509825806395,-0.04636893424491223,0.09
1341,test,0,0,1.7235288538708435,-0.12348912978365972,-1.3462960567585105,0.00023234091368404074,0.00014672854707331132,-0.0938371876322789,-0.045686115786874155,0.088
1342,test,0,0,1.7235947406205445,-0.12669790935072625,-1.345438530825553,0.00023053883001096856,0.0001402846694757631,-0.09472937482739187,-0.047166106495889044,0.088
1343,test,0,0,1.7129973318962308,-0.12618818943784688,-1.3490195387143982,0.0002294643702931301,0.00014178981394687406,-0.09096639322037227,-0.04699420177954079,0.086
1344,test,0,0,1.7151034683169872,-0.12245246303357395,-1.3500485433449385,0.0002305998602553688,0.00014877110534579382,-0.0910795060576699,-0.0454474574111548,0.089
1345,test,0,0,1.7213798034048375,-0.12251185376134087,-1.3482163412425823,0.00022966878760006385,0.00013688316068030155,-0.09224893234954154,-0.04542831698142679,0.088
1346,test,0,0,1.720204368889255,-0.12506044868837357,-1.3462459970570086,0.00022916386828600102,0.00013470174113608153,-0.091332052114317,-0.04642873881379696,0.089
1347,test,0,0,1.7224967874523338,-0.1245699985656517,-1.3478148938266417,0.00023189042255343956,0.00014915257627296828,-0.09276016605797728,-0.046206833795550344,0.088
1348,test,0,0,1.7206807124618404,-0.12259160049038627,-1.3479449373645558,0.00022978399392347763,0.0001413426503068888,-0.08955372399458238,-0.04552276853956197,0.088
1349,test,0,0,1.7215631902287305,-0.12561490754462784,-1.3471058325050456,0.00022792714897710566,0.00013266272992074987,-0.0906537152545245,-0.046826418113010485,0.085
1350,test,0,0,1.7194389655193398,-0.12253257862559676,-1.3497957834127292,0.0002269536455100535,0.00013390227777700648,-0.09166142495225824,-0.04538490126393882,0.087
1351,test,0,0,1.7196911821698762,-0.1203934686387434,-1.3469272151883245,0.00023026160709992645,0.000141322147216301,-0.08879123572401623,-0.0446202845365582,0.088
1352,test,0,0,1.716623874794425,-0.12164536868720105,-1.3443675152625885,0.0002314027361812238,0.00014602630229260897,-0.09045712994015857,-0.04510656259244375,0.085
1353,test,0,0,1.721197161216783,-0.12336078099187724,-1.3455629732255054,0.00022676746537689623,0.0001321979067271348,-0.0915133176953361,-0.04585498268573879,0.084
1354,test,0,0,1.7216260313689455,-0.12261095614718029,-1.3468080075301494,0.00022954691588131674,0.00014196420509044336,-0.08929210517104219,-0.04538596987694767,0.087
1355,test,0,0,1.7208467213774732,-0.12235594724767566,-1.3468228884475888,0.0002300246691189382,0.0001429117262213184,-0.08895538983266547,-0.04545188292080769,0.089
1356,test,0,0,1.7124928845554208,-0.12317207130663951,-1.3500406508468747,0.00023269832675982077,0.00015114665362247118,-0.08786035144117815,-0.0458582765656179,0.088
1357,test,0,0,1.7212626829244704,-0.12136705551661946,-1.3493106116691176,0.0002272440728353746,0.00013388669417610313,-0.08917233275536195,-0.045007591003175446,0.088
1358,test,0,0,1.7205669186441928,-0.11995023559541448,-1.3461735580342127,0.0002297030654349061,0.00014050461309980878,-0.08956068857420701,-0.044246350364394636,0.085
1359,test,0,0,1.7188069536069177,-0.12216075707671979,-1.3456291313795201,0.0002307365029961661,0.00013874818908444505,-0.08920695832761513,-0.04530705141465474,0.09
1360,test,0,0,1.7231435697230082,-0.1242694649227562,-1.3456977281897704,0.000229041534223053,0.00014052807184044847,-0.0910962389303466,-0.046021459453086,0.087
1361,test,0,0,1.721779086769541,-0.1202208031685568,-1.345581047647873,0.00022677944587268085,0.00012763869243316838,-0.09149223814119249,-0.044546948128387866,0.088
1362,test,0,0,1.7205108575386676,-0.12395877379127752,-1.3469087125860353,0.00023453030330448414,0.00015779053757127378,-0.09132024190153001,-0.04613783923951856,0.087
1363,test,0,0,1.7196895448676162,-0.1235756139714286,-1.3495929408968896,0.00023183538258720641,0.00014895199171289814,-0.08993476564833797,-0.045960725894987585,0.088
1364,test,0,0,1.7158455079024757,-0.12004086051553946,-1.3483277210221736,0.0002327128018721774,0.00014475425069944588,-0.09047387505832119,-0.04451316805641702,0.09
1365,test,0,0,1.7206529830059871,-0.12078084461528543,-1.3438173284097503,0.00023225253710885483,0.00014631381011998872,-0.09174788676704229,-0.04474938657014165,0.087
1366,test,0,0,1.7224401190870695,-0.12373724324672838,-1.3455508976936112,0.00023013206784065312,0.00013558862604272291,-0.0926937459101462,-0.046028600597348694,0.087
1367,test,0,0,1.7199085774700997,-0.12365071076432557,-1.3466725039705452,0.00023143334834457835,0.0001419121082278462,-0.08963216606689767,-0.04572799208011874,0.085
1368,test,0,0,1.7230362017062821,-0.12218479073986088,-1.3458416340555752,0.00023105564755586147,0.00014324967232478636,-0.08994984677070147,-0.045386620173075896,0.089
1369,test,0,0,1.72059083278827,-0.12445131196713892,-1.3473687360233844,0.00022940213530390526,0.00013792805535544668,-0.09164164968116796,-0.04623236969554186,0.086
1370,test,0,0,1.7173475150047546,-0.11876310031917826,-1.34754903542967,0.00023257939671509208,0.00015254487168911112,-0.09073810255898801,-0.04400565492617067,0.086
1371,test,0,0,1.6752567225425632,0.06556878432666333,-1.2743565321255237,0.0004147435707429072,0.0007246565237562047,-0.044125719939396804,0.04028606120978231,0.118
1372,test,1,1,1.7300412261921458,0.054542595791982396,-1.262384398069858,0.0010543618833529238,0.002258217576270586,0.047088292866543535,0.011597606119868969,0.085
1373,test,1,1,1.8668218765252131,0.23091689756133457,-1.2624335210047777,0.0009666550963092397,0.002040896764133676,0.13252297514952943,0.08339192633439987,0.099
1374,test,1,1,1.9569708605189868,0.4932510124526388,-1.0601594295590517,0.001127812269252443,0.0026835978041209107,0.2000253030027304,0.18192046761875366,0.092
1375,test,1,1,2.3935610512163965,0.7157676386110909,-0.6156645350152425,0.0006588611616602546,0.0011776846190321387,0.31331819623907115,0.24510818362591857,0.11
1376,test,1,1,3.0897761770953722,1.5178421249386336,1.7600338530829918,0.0005283977022977723,0.0010142610423186078,0.49064649876603533,0.449251608414235,0.212
1377,test,1,1,1.7426503236480737,0.3664583181838488,-1.3553400158147932,0.0010544482206986039,0.0021364103170685455,0.1364027166174679,0.1501061380872213,0.103
1378,test,1,1,3.135399694872803,1.1999742446215027,1.3717014878042368,0.0011178939364772994,0.002494875350807452,0.45087448401186486,0.3068688414879467,0.266
1379,test,1,1,2.3799039067546772,1.0601179034971724,0.1100969373135392,0.0005019165995809094,0.0008284278542872285,0.33709069280722903,0.3613608538407432,0.207
1380,test,1,1,3.2708960432552625,1.7645144485305162,2.7544711627380503,0.0006481078042667969,0.0011549490733567488,0.5232080578597091,0.50028770102817,0.342
1381,test,1,1,3.1539309607449,1.8028300256140808,2.580828484558838,0.00038671942448650773,0.0007155515037378863,0.5648374232899753,0.5195046752263678,0.32
1382,test,1,1,2.121381635228265,1.004102313794121,-0.4420676967779391,0.00032857216738546054,0.0005143193032654233,0.3768417806930433,0.38611767894323773,0.053
1383,test,1,1,3.232454485849257,2.057680764620828,3.1341478796091984,0.00033801106892491004,0.0006839141879122076,0.6294177934321417,0.6265509576973025,0.271
1384,test,1,1,2.7680280767767034,0.6378061719092752,-0.27201411130325637,0.0008624833387625322,0.0014524292906048439,0.3630603624122905,0.18059726994002862,0.165
1385,test,1,1,1.7419556265019094,0.08273319812785175,-1.4454286439462698,0.0012036116579092534,0.0024607278645799296,0.10839899041594903,0.024965984930980963,0.058
1386,test,1,1,1.8362275088428128,0.49143605074666635,-1.2297366532916982,0.00045396357413493175,0.0007706860966586658,0.24873012981925696,0.1909812581142184,0.07
1387,test,1,1,2.402689121302157,1.2765619185696604,0.2903034235381461,0.0004077974889411913,0.0006224915177449086,0.4674818218828227,0.45157319181023164,0.178
1388,test,1,1,2.1537163476074612,0.49532262378677033,-1.1125723071066875,0.0003736190567176447,0.0006609973352696536,0.310039630633229,0.17447224901491473,0.079
1389,test,1,1,2.585715906797615,0.9459622583879507,-0.15074644945534033,0.0004305026611679915,0.0005559235379025045,0.3900415399956689,0.33214126882914613,0.112
1390,test,1,1,2.4285309516340527,1.0928264871848747,-0.12709695897280238,0.0004004705287817394,0.0006001046152082434,0.42548959590072416,0.3959284290498135,0.197
1391,test,1,1,2.272073808564478,1.0696245215305005,-0.17569866209321638,0.0003043863108938174,0.0004419213688601892,0.3849545902764575,0.3913464584872457,0.206
1392,test,1,1,2.557418659401932,0.7895571139084178,-0.3706895530709744,0.0011219489314378184,0.0021506395478935016,0.362859753645521,0.2680321407439029,0.163
1393,test,1,1,2.67594735323274,0.8677370751711685,-0.02238985465819754,0.0018457624027382157,0.005089194865385173,0.40977968766886896,0.25893535824280417,0.16
1394,test,1,1,1.5411356432582821,0.0033373684732028934,-1.6313856024056956,0.002744646176263717,0.0070573797540223575,0.07198563914449921,-0.002927786786932504,0.046
1395,test,1,1,3.7665190161810567,2.2947496693152902,4.4102176727789795,0.00010514147392444651,7.156632184213123e-05,0.7240581999693174,0.66431650001862,0.323
1396,test,0,0,2.1089134033928216,0.4086903420594416,-0.6670238459378721,0.00017336839016172825,5.348202406578223e-05,0.14561983729899122,0.11647297716682846,0.117
1397,test,0,0,1.663519909642343,-0.025705396744030086,-1.3092720692409907,0.000202191399612405,8.562744569729543e-05,-0.0016812656934751709,-0.015679064047625473,0.078
1398,test,0,0,1.7248779364098967,-0.11884013349515364,-1.3411375362618099,0.00023477355991438723,0.00015382612454882007,-0.08606750571583897,-0.044179702257669866,0.089
1399,test,0,0,1.7222918274687373,-0.12180721813318889,-1.344031475055574,0.00023575974307991752,0.00015872101165376385,-0.09139794429023196,-0.04528168686150198,0.087
1400,test,0,0,1.719774614081816,-0.11992493580147913,-1.346912086641899,0.00022978895241002837,0.0001416348099383419,-0.09148234344859482,-0.044378140381801344,0.088
1401,test,0,0,1.7200405234500908,-0.11689326731040733,-1.3466509637573116,0.00023164440545084925,0.00014714526838155534,-0.08855954281101515,-0.043176031957614075,0.086
1402,test,0,0,1.7189566004625731,-0.1177357372489376,-1.342504961553398,0.00022928908407829078,0.00013867031488985624,-0.09002215936811896,-0.04364072072777999,0.089
1403,test,0,0,1.7178644669216743,-0.1213082983778822,-1.3437656054816898,0.0002336478719844086,0.00015218967584689947,-0.0890173985389371,-0.044961938994695756,0.085
1404,test,0,0,1.7240942893241273,-0.11948253771237373,-1.344799883130654,0.00023043641001527338,0.00014347892799091908,-0.09445142966637173,-0.04431836518244529,0.089
1405,test,0,0,1.7170229246602462,-0.12292963546887821,-1.346535163857885,0.00023108386144645202,0.00014799097333074746,-0.08837065260715429,-0.04569741208952938,0.088
1406,test,0,0,1.719546778537842,-0.12403875817599636,-1.3474479608557695,0.0002310196238382016,0.0001351787103202481,-0.09016323900905251,-0.046229010206614254,0.086
1407,test,0,0,1.7175767882073925,-0.11853352256638856,-1.3477503468900212,0.00023244580691883718,0.00014810808859199513,-0.08975309758445615,-0.04371963604248521,0.087
1408,test,0,0,1.7205054906859172,-0.11845374324835828,-1.3454943701914428,0.00023304937961951295,0.00014848513924914722,-0.0886005626864305,-0.04374424298083222,0.087
1409,test,0,0,1.7226708665695214,-0.12051274403424726,-1.345357300335971,0.00022745553870220255,0.0001281194584498341,-0.09003078069330585,-0.04462750741400525,0.087
1410,test,0,0,1.7181667711934214,-0.11841337302952804,-1.3473398419876128,0.00023501184842859954,0.00015394799784415332,-0.08777486398918093,-0.043942166086304524,0.088
1411,test,0,0,1.7211902439169837,-0.12033763008010254,-1.3459054217603819,0.00022649745965414134,0.00012993985030549724,-0.08755119978174593,-0.044533733682181914,0.089
1412,test,0,0,1.7151662621370654,-0.12066650933601455,-1.3434051212126965,0.00022805465325621854,0.00013145737043354595,-0.08759986973616808,-0.04478223728796946,0.086
1413,test,0,0,1.7199285507004334,-0.12136058875815352,-1.3466065822116646,0.00022585573072352228,0.00012875691702269993,-0.08845787631806884,-0.045027504118841336,0.088
1414,test,0,0,1.720428077956025,-0.11764712909559423,-1.3492495858039175,0.0002294729143822374,0.00013802114665978035,-0.09060845430938999,-0.043460495285263884,0.085
1415,test,0,0,1.720243600553342,-0.11671200472980223,-1.343994373571,0.00023093038437045833,0.00014719693466486673,-0.09003246288640797,-0.04312170545655483,0.088
1416,test,1,1,2.237039591252837,1.0159947835962007,-0.40759395595250814,0.0015011380432528325,0.003503451689543625,0.3808899235047368,0.3898706559065489,0.058
1417,test,1,1,2.0495656088106533,0.6408752240617066,-1.058473417772419,0.0009019896585411004,0.0018813695266961458,0.30777660568737164,0.24424309291257643,0.071
1418,test,1,1,2.3024020398372134,0.7810802069722282,-0.6203243729900785,0.0014816438767075821,0.0034471764763593046,0.35284205990899,0.2778966676632797,0.11
1419,test,1,1,2.200765023011919,1.12662649235964,-0.27679938416469074,0.00027829374107901807,0.00044275939645009783,0.44852925339685396,0.43147335041011997,0.048
1420,test,1,1,2.194594067440624,0.7686322302651095,-0.7339007398889956,0.0006302550240566632,0.0013712490058258382,0.3259443765641966,0.282523503219794,0.089
1421,test,0,0,3.84896780768035,2.5119868875903375,5.15346253322271,0.004237230054895319,0.006480470828108703,0.7418455152861723,0.7339564858534431,0.411
1422,test,0,0,4.738865811978607,2.875484621785382,7.8501184603202,0.030804220648540413,0.06995143763367206,0.6965547758340912,0.7088095512450785,0.66
1423,test,0,0,4.812994620294363,2.6248401589895125,7.262890457688512,0.057758295721277275,0.13826647573818707,0.6463303543965395,0.6127229615965429,0.597
1424,test,0,0,4.809532281621784,2.51039340052941,7.501294823018977,0.06407146681972199,0.15806825448609743,0.6249601754223034,0.5505050895278057,0.533
1425,test,0,0,5.137445156450274,2.733010335193132,8.7980821941498,0.07881572160270417,0.19025971287923804,0.6406312402773706,0.5814286216000419,0.639
1426,test,0,0,4.985895723045974,2.367900128989325,6.909081155844014,0.08737369960307202,0.21920647453578285,0.607625881467844,0.5167372786658151,0.581
1427,test,0,0,4.9230131293366295,2.425578805248943,7.310896281141337,0.08906775829338755,0.22327677695233195,0.6125372933235619,0.5221782659228316,0.555
1428,test,0,0,4.7677893073504425,2.3934180735925747,6.991642367010831,0.09926844760863628,0.24849232804800636,0.5910240725113199,0.5209652996242004,0.561
1429,test,0,0,4.643417178574068,2.245992552388124,6.133995074430743,0.11239272024946684,0.2872740550455678,0.566788590570044,0.5046174540166878,0.564
1430,test,0,0,4.665009462112349,2.23203308350608,6.474046382492125,0.10871586377482004,0.27439095272760766,0.564182410737056,0.48165835041941146,0.531
1431,test,0,0,4.48667785837072,2.1416573674880026,5.967380996634509,0.1294669116607352,0.337413565547212,0.5321043036193986,0.46628934841354375,0.52
1432,test,0,0,4.895571667146729,2.216965909862195,6.442518210363662,0.10416966044458068,0.2513914115614581,0.5766002524023631,0.4785015538224544,0.571
1433,test,0,0,5.064416690554345,2.259336633117412,6.75875281875153,0.1113293106644505,0.28075683095190335,0.586520524126359,0.4807045688549189,0.556
1434,test,0,0,4.659355432782278,2.2311445801083236,6.460433975641802,0.11967985429977897,0.30315569954858235,0.5617395870941154,0.4831974199498769,0.521
1435,test,0,0,4.7906894652298,1.9720093378971257,5.414820359759929,0.13908840963361166,0.35295965727082235,0.5531379464726837,0.4242878231568471,0.514
1436,test,0,0,4.956135555467143,2.20724879219143,6.505764448895372,0.11829460095210109,0.30580058448700476,0.5811223178019146,0.4703238433515554,0.516
1437,test,0,0,4.6858717606499996,2.1879458558636653,6.265047384640015,0.12370506297825719,0.32877653760423536,0.5540803614251261,0.47351078156888754,0.537
1438,test,0,0,4.843089835334265,2.0641642782751983,5.673941083985607,0.11673932662766577,0.30197425993944654,0.5671553641426336,0.4482158431581377,0.534
1439,test,0,0,3.1259765491979663,2.0106427825780333,2.5660839372636115,0.002254545583087236,0.0021347116219741303,0.6996534575908827,0.6668433440654403,0.014
1440,test,0,0,2.8349174411282236,1.8794780162963682,1.8166590845491486,0.002844950881670014,0.003127871115657163,0.6585433779429535,0.6585614486746054,0.01
1441,test,0,0,2.867122902713109,1.8906018527880002,1.853626088844453,0.0028912359356932575,0.0033970295124901,0.6604848311525382,0.6605523012018685,0.011
1442,test,0,0,2.771886033608169,1.8983067696172131,1.8950264002023856,0.002877763416714349,0.0036983871237778283,0.6502807540285298,0.6611723240020982,0.012
1443,test,0,0,2.794829551878584,1.881808665875156,1.818487646467129,0.002842765728465886,0.003217393137929045,0.6564830926533896,0.6595584921509446,0.011
1444,test,0,0,2.8440810225623374,1.9020978745569124,1.9060918948291885,0.0028866356824002923,0.0036380126629353467,0.6589678217142493,0.6619618385849834,0.011
1445,test,0,0,2.6872376573554018,1.8244636931671132,1.5714914244976503,0.002604653501403828,0.002781506513927318,0.648702922898341,0.6497730234902519,0.011
1446,test,0,0,2.6998155369832655,1.8198864944955135,1.53633170240807,0.0026786229389668646,0.0026956480800617248,0.6487710264473469,0.6504512747409256,0.01
1447,test,0,0,2.775881542372419,1.8314013071543012,1.6167826504150788,0.0024500685890372536,0.002519886177527399,0.6566171138182447,0.6492862909911411,0.013
1448,test,0,0,2.710022815345582,1.8166137143700725,1.54429906586045,0.002560837505651971,0.0026007627979685306,0.6491133025732355,0.6478804922682596,0.01
1449,test,0,0,2.681144640674475,1.7475872134603632,1.295146273938304,0.0019571427698976294,0.0013502328652019568,0.6521539177558239,0.6331393199165325,0.011
1450,test,0,0,2.472351120691319,1.655281855379052,0.9432356510225932,0.0016079822890399885,0.0009910134759908889,0.6247992055105885,0.6135417520843488,0.013
1451,test,0,0,2.4749561759376277,1.6439245672038427,0.9056322904192315,0.0016250835365387644,0.0009267030013005541,0.6267341135782345,0.6106848626701851,0.014
1452,test,0,0,2.4908341871086197,1.6493488222561985,0.9419325819817459,0.0015495865950432132,0.0009707512303763055,0.6287202282660284,0.6100640215083818,0.016
1453,test,0,0,2.5096837755574666,1.643040150171598,0.9135753682353811,0.0015341695314860363,0.0009045547922162491,0.6299166003964538,0.60930895459239,0.016
1454,test,0,0,2.577596628567746,1.6832383612510635,1.055145913032633,0.0017397395569870029,0.0010165486035162968,0.6392331126670899,0.6189950945796187,0.015
1455,test,0,0,2.5205114323470674,1.6400721635983968,0.9268235809414822,0.0014106412799149157,0.0007360773247484984,0.6313329299348207,0.6058502030186375,0.018
1456,test,0,0,2.6378235182026155,1.6538235672437578,0.9811814123182936,0.0015320363224841688,0.000917676215887044,0.6474182377732586,0.6092730849122322,0.018
1457,test,0,0,2.5041942646026474,1.667666724632063,0.9773712232150529,0.001783036777508824,0.0010340143845516336,0.6320188882242884,0.6173997012838445,0.016
1458,test,0,0,2.4914696541014574,1.6735493643214991,1.0112378264074149,0.0016266506887843745,0.0009559921509892142,0.6295357597155876,0.617356386316277,0.016
1459,test,0,0,2.465751297511084,1.6547167560791773,0.9420990868148853,0.0016466951605310816,0.0010614117886996858,0.6252684323776028,0.6131144111953685,0.015
1460,test,0,0,2.50959969956469,1.6740952701216327,1.0010021922993353,0.0017329680268129166,0.0009890115586150333,0.6340258980360463,0.6187059471052815,0.014
1461,test,0,0,2.515709190148203,1.6705966500879983,1.0114147790441264,0.0016202705156698968,0.000975833474275489,0.6320063212650556,0.6155753533426174,0.015
1462,test,0,0,2.544134318488638,1.6578608006375888,0.9553640087424946,0.0016734884506434391,0.0010541681722332765,0.6342896035637913,0.6136806599343413,0.015
1463,test,0,0,2.4761444408388207,1.6829759441886154,1.034377316953191,0.0017525499492110847,0.0010288765165041782,0.6321240120732816,0.6202826334955016,0.014
1464,test,0,0,2.540468414922055,1.6839424158430911,1.0610093699581267,0.0016108720999853385,0.001063014777389449,0.6372019234924783,0.6182908237117033,0.016
1465,test,0,0,2.468548191786949,1.6562351018887445,0.9510519676817801,0.0016618577738560282,0.0009666574417848238,0.6260687503415199,0.6130578772799673,0.013
1466,test,0,0,2.4917669944330303,1.682946688871323,1.0377007959633309,0.0017186863849079064,0.0009992574441929753,0.6311923182797182,0.6199339272039434,0.016
1467,test,0,0,2.491153971413981,1.6760742004016174,1.0264033690039485,0.0015769373509154695,0.000903593814327475,0.6358556868424188,0.617062389791841,0.014
1468,test,0,0,2.5280473106986125,1.6661884833964833,0.9831613559647687,0.001654167311377432,0.0008807307746250665,0.6346101353144789,0.615656319930359,0.013
1469,test,0,0,2.483936828901276,1.686754200079667,1.0513088221317188,0.0017491944746767332,0.0009778691330157479,0.6323008729303562,0.6207635670770413,0.013
1470,test,0,0,2.495890395887675,1.6679378653272106,0.9953899013643142,0.001668301636948197,0.0010997654163006577,0.6294463228326893,0.6156420410643402,0.014
1471,test,0,0,2.522434874629073,1.6681978653756093,0.9903859956738956,0.0016701392476270178,0.0009768561453436235,0.6351549925332581,0.6161061270232548,0.015
1472,test,0,0,2.4949914310669468,1.6823568783488123,1.0389243911846666,0.0017155798724061962,0.0009447215042484588,0.633977781777233,0.6194361251126407,0.015
1473,test,0,0,2.5029193130482335,1.6721327094809888,1.0162747829713643,0.001564567798432535,0.0009366587137722254,0.6309107751605708,0.6157096438094526,0.016
1474,test,2,1,2.2112595206663213,0.005963554065061171,-1.010952872805312,0.24655343367185745,0.673650789030523,0.10506679127361263,-0.0005481537195199641,0.145
1475,test,2,1,3.8270499305997863,0.16700300303607032,-0.4835303170133298,0.41300113088828205,1.0698342084833574,0.33896998173056875,0.034747698934384716,0.248
1476,test,2,1,4.223677590634178,1.1975912247797809,2.071484085621014,0.315074621753281,0.7976621946071139,0.44628315750138464,0.29477017017699636,0.384
1477,test,2,1,2.148609431330711,0.07234543241957238,-1.4565440082066512,0.09703851822364488,0.26046118436660726,0.18314755963729593,0.01604766575651152,0.056
1478,test,2,1,3.4967819412961796,0.28966667078261965,-0.8466313589262864,0.1306444663231598,0.3382925860438723,0.3913245244007016,0.07514876310630476,0.097
1479,test,2,1,4.59703344408593,3.4753857362194074,10.993762618096572,0.003962904625732651,0.000753559752200011,0.8747187318743743,0.8414349845471321,0.907
1480,test,2,1,3.6930759218043767,0.233125045639013,0.032675926827284485,0.41189675656516217,1.0217225957302307,0.23675769400023464,0.056157803213815354,0.277
1481,test,2,1,4.213424018483216,1.6135396484381568,2.81498185781402,0.19908998361994915,0.4931824899267013,0.5029600606495847,0.4350813815115923,0.407
1482,test,2,1,3.876174840543781,3.146902537116655,8.503069517534506,0.0023312211884188266,0.0012321587430094744,0.8453444567660775,0.8219100707993342,0.899
1483,test,2,1,4.877666038155967,0.4358726000545685,0.2523557646147139,0.36561641564392794,0.8969684293119339,0.4712187350277493,0.09343517972582102,0.308
1484,test,2,1,31.18492547161703,30.326434685362017,942.7572513059914,1.957475956567656,5.85390791853701,0.979451399864688,0.966817637179867,0.999
1485,test,0,0,2.958973286168519,1.9564680859701777,2.1372364028941515,0.002455040526814767,0.0023738566219491065,0.6828548577219413,0.6716144806688856,0.015
1486,test,0,0,2.97431301482611,1.995321125575387,2.3091450452814177,0.002815474032403591,0.003078127475803155,0.6824533465773208,0.6781675073342665,0.013
1487,test,0,0,3.0097527140064644,2.0060624377055665,2.3408798347633804,0.0029353399871315726,0.003281342479109476,0.6837477362742177,0.6807775868961636,0.011
1488,test,0,0,2.965088328399645,2.0049252788445466,2.343325614174252,0.0028515212695587955,0.0035987678853929153,0.6817456286149295,0.6795736760087453,0.013
1489,test,0,0,2.963930626312656,2.009547236857514,2.3694185992709746,0.0030066533265287886,0.003329983991560483,0.6791140074650227,0.6808644460275969,0.011
1490,test,0,0,2.9787710464103507,1.9946397896895833,2.2851514256198566,0.0029280555592763905,0.0032170642047001214,0.6809857008856306,0.6794917017768985,0.014
1491,test,0,0,2.941613659568823,2.0009138682676593,2.340032340502713,0.0028232566677966237,0.003152926429353601,0.6771585122661915,0.677766959809882,0.012
1492,test,2,1,2.9574762104768713,0.4405364435883581,-0.7986541272590846,0.24260012176707382,0.6334684517148108,0.3546483427724887,0.14043039218601064,0.185
1493,test,2,1,5.653494666344855,1.0832409081692664,2.3124290791278455,0.4095009222152556,1.0194691875861523,0.5857853390919893,0.24183177122320706,0.425
1494,test,2,1,3.8802681851453027,2.9114771843329583,7.224887472799399,0.0020974891095233554,0.0006039943456843082,0.8311972839356826,0.7905644979766085,0.877
1495,test,2,1,3.8231831681808255,0.6133768587712991,-0.14044913040594675,0.12520416428943387,0.3033310790479514,0.48483476395445957,0.1617263687371143,0.18
1496,test,2,1,3.922284938565004,3.147220491468859,8.53225452750457,0.004341813336999044,0.001365548731691676,0.8449748279580729,0.8198206411307997,0.897
1497,test,2,1,2.140004170089958,0.12908889704898627,-1.4367638858405918,0.09739026798058197,0.25485524309481367,0.19251624815339038,0.04005346625647422,0.064
1498,test,2,1,2.412478187015627,0.027658012750622837,-1.3326446163058479,0.09787613631380328,0.25247905741902404,0.21229306510580412,0.007126645133427462,0.086
1499,test,2,1,5.039180235026485,3.7295670321954852,13.010974094641302,0.006765156175267368,0.003177116944633003,0.8878399606523457,0.85668378165793,0.918
1500,test,2,1,2.358025002067742,0.08668108676906212,-1.2393126535137413,0.12694706651445692,0.33385841571321107,0.19390207652192787,0.025258010496978095,0.122
1501,test,2,1,4.331019832818977,3.646451616534488,11.98739642877399,0.0044822434411647535,0.0016066948185519292,0.8730283127952659,0.8574083017670174,0.917
1502,test,0,0,3.4020948889776195,2.2622066517025887,3.8885276967719555,0.0005964761546686123,9.370760903135931e-05,0.7483899961081792,0.6789285517119354,0.116
1503,test,0,0,3.0220033161184223,2.0276551187919436,2.511358713720261,0.0028752377500412046,0.0032535422741562505,0.6850570999531435,0.6766116127164503,0.103
1504,test,0,0,3.127301756247018,2.037008503931948,2.548860609948683,0.0029826093889472496,0.0031813643160842563,0.6924613565924882,0.6794774667913693,0.158
1505,test,0,0,2.9951027958045002,2.035058435787004,2.5090162087218557,0.0027006104176815543,0.002740680278250076,0.6832977213300306,0.6805956904395221,0.078
1506,test,0,0,3.0248380095503618,2.0323250302269082,2.5241504964439168,0.00283131449283975,0.003079531528023364,0.6834280684376944,0.6784474367994956,0.086
1507,test,0,0,3.11749944870967,2.0376129671213397,2.549892695984023,0.002829474901405239,0.002964308429714849,0.6941511418469541,0.6796997012478939,0.137
1508,test,0,0,2.057937466260344,-0.4979062645525711,-1.0886649474576209,0.0002380658789876585,6.700859786500062e-05,-0.25222884221476166,-0.1830292827925142,0.101
1509,test,0,0,2.059520729872586,-0.49711318861217185,-1.0880660316622877,0.00023718462182921107,6.152094786365662e-05,-0.25046593585816324,-0.1827274467095593,0.103
1510,test,0,0,2.0486463197865317,-0.49561290673985225,-1.090049380481467,0.0002361820253324502,6.400963580175353e-05,-0.24817325887260003,-0.18226559833699277,0.103
1511,test,0,0,2.0598804222702833,-0.49892406611118884,-1.0874959919249132,0.00023737129520937783,6.529370921375126e-05,-0.2529021352446054,-0.18339216326969643,0.102
1512,test,0,0,2.054755829653481,-0.49583263541849587,-1.0911140445094119,0.00023802288524390819,6.277077206710232e-05,-0.2509293413112625,-0.18224094569610064,0.104
1513,test,0,0,2.057777625239254,-0.4955003274963471,-1.09294257059644,0.0002374826480153475,6.442607663570616e-05,-0.25142208825805823,-0.18223439725523663,0.103
1514,test,0,0,2.0602884075851513,-0.4984151138907666,-1.0893927542708615,0.00023685123113901564,6.244526837914492e-05,-0.253525726594493,-0.18322879451640425,0.103
1515,test,0,0,2.057926149743322,-0.4965543897700943,-1.0907683314394845,0.00023559268507176485,5.66070105646918e-05,-0.25306441468461716,-0.18258062559675112,0.102
1516,test,0,0,2.0585701751603818,-0.49867697409379563,-1.0887255861747194,0.0002384846948367864,6.722594891137361e-05,-0.251692776365169,-0.1833318563660056,0.101
1517,test,0,0,2.057701024364535,-0.49804190199287995,-1.0884071577212766,0.0002372798148444638,6.564934291008278e-05,-0.25096385193863335,-0.18310131108599922,0.102
1518,test,0,0,2.059157944375515,-0.4965516032047466,-1.0897100761496885,0.00023685978875188592,6.073808433422192e-05,-0.2519825035142664,-0.18253216389046575,0.102
1519,test,0,0,2.0589539483702586,-0.49696633571609405,-1.0893577431916193,0.00023748516442474493,6.550136724411056e-05,-0.2516447274749248,-0.1827137985080351,0.102
1520,test,0,0,2.0541691071202024,-0.49782413222509503,-1.0882641526065,0.00023497452333795223,5.691193511397791e-05,-0.2505514549761066,-0.18287792919558798,0.104
1521,test,0,0,2.0528901238653936,-0.4965263344884784,-1.0893695457376418,0.0002381840553093323,6.560846465084036e-05,-0.2503031119586597,-0.18247417959262366,0.105
1522,test,0,0,2.060756482518736,-0.4966078957653057,-1.089637971301257,0.0002374982861685672,6.699507972802447e-05,-0.25184822197732126,-0.18261535210281404,0.102
1523,test,0,0,2.059390747821106,-0.4969995599223794,-1.0896991672014353,0.0002391915563358371,6.763464884922901e-05,-0.25343523834050224,-0.1827004463230727,0.103
1524,test,0,0,2.0581258550867436,-0.49605763670614955,-1.090813879709822,0.00023553324870363612,5.9799207898720904e-05,-0.2514277432377221,-0.1824776190765212,0.103
1525,test,0,0,2.05864221065483,-0.49598433556112037,-1.0925986502189662,0.00023646414909603538,6.162877435585423e-05,-0.25265541706679834,-0.18237259614569076,0.102
1526,test,0,0,2.0537092289901753,-0.495273238133459,-1.0916014670033103,0.00023791769421053038,6.820809798694021e-05,-0.2503697586044714,-0.18212589836133458,0.103
1527,test,0,0,2.0581328236276115,-0.4973741714106801,-1.0890691493469447,0.00023982017214865519,7.134626842851994e-05,-0.2509018340855069,-0.1828987218288651,0.102
1528,test,0,0,2.058369600852122,-0.496749328712637,-1.090758935434361,0.0002361082549933863,6.196363475713416e-05,-0.25075772960898723,-0.1826871170546694,0.102
1529,test,0,0,2.0584009509495567,-0.49523037282124927,-1.0920002635282462,0.00023788951741344767,6.524370267702622e-05,-0.2509149834768071,-0.18215526856699568,0.106
1530,test,0,0,2.05767178901901,-0.49513400172570127,-1.092183506318726,0.00023979123873721768,7.087760784370192e-05,-0.2511056983421613,-0.18206430395185697,0.104
1531,test,0,0,2.0584425893835174,-0.4954743608028096,-1.0942319831246414,0.0002357092243996408,6.159536286034798e-05,-0.25169289975771053,-0.18218133167867223,0.104
1532,test,0,0,2.058669788045049,-0.49666247525649443,-1.0899803446165155,0.00023675855073802346,6.349825585691883e-05,-0.2508574233451914,-0.18264646669259246,0.104
1533,test,0,0,2.0599684769065734,-0.499638364983636,-1.088863727229436,0.00023602250962716052,6.256130690582126e-05,-0.2539802330135731,-0.18370612112771728,0.102
1534,test,0,0,2.058994017412641,-0.4988304086851049,-1.0890037414079483,0.0002368679893888386,6.305374102502453e-05,-0.25363858649759496,-0.1833797037234586,0.102
1535,test,0,0,2.0587744538698156,-0.4957094451837368,-1.094309314251014,0.00025197482947589153,9.015674930972596e-05,-0.25122981165856184,-0.1824331917095258,0.104
1536,test,0,0,2.059704140247885,-0.4989775224302264,-1.0896549429323807,0.00023643087684290426,6.180281094662055e-05,-0.253419867262778,-0.18332403083330207,0.105
1537,test,0,0,2.055259126748796,-0.4971510310126789,-1.0906264486446942,0.00023747149245768805,6.613558640809831e-05,-0.2525112158524834,-0.1827343193882457,0.101
1538,test,0,0,2.058732176550399,-0.4975282205882804,-1.0891290516046306,0.00023868464935516894,6.70402284959763e-05,-0.25158864599496716,-0.18289052317381402,0.102
1539,test,0,0,2.058347017893764,-0.4988320512076277,-1.0891721678871022,0.00023764196125820975,6.620361145650619e-05,-0.25367610638880356,-0.18345016411661197,0.103
1540,test,0,0,2.060127042253916,-0.4989464819801192,-1.0898177702458316,0.00023948855106175243,6.842348237023031e-05,-0.2534462904386563,-0.18348327501937495,0.104
1541,test,0,0,2.0559664736972314,-0.4981692222537004,-1.0903826097579248,0.0002359294726135669,6.049301832440778e-05,-0.25191558412106446,-0.18324260954101185,0.103
1542,test,0,0,2.058872908141677,-0.4977815397962022,-1.0895649288344778,0.00023691178234906956,6.39941994122987e-05,-0.25226226680420827,-0.18309829192308172,0.103
1543,test,0,0,2.0551917668570923,-0.4984430267891991,-1.0890888546906277,0.00023551334225258244,5.989709535979693e-05,-0.25090436028697,-0.18332340894330004,0.105
1544,test,0,0,2.0597985549606137,-0.4973771193206146,-1.0914233170863599,0.00023880123987630325,6.876940425630251e-05,-0.2528889855341655,-0.1829802082768455,0.105
1545,test,0,0,2.057954886086667,-0.49878650657365503,-1.0902185162198657,0.00023566613286186085,5.834821235334811e-05,-0.2527413939680895,-0.18334586787746476,0.102
1546,test,0,0,2.0579580212607937,-0.49727301971268006,-1.0901498322512735,0.0002386318901943174,6.771393793646953e-05,-0.25173188511459377,-0.1828756024281019,0.101
1547,test,0,0,2.0568151418623675,-0.49780410580779916,-1.089757556769893,0.00023795482374462082,6.280188040058384e-05,-0.2518719886546895,-0.18303076401897542,0.103
1548,test,3,1,1.493370513200634,-0.21247624449287608,-1.5678406551033068,0.0006439756455697,0.0006086478908017206,0.024763690460591476,-0.09295647133130854,0.057
1549,test,3,1,1.3899519235811406,-0.10744107780070246,-1.6339806489291548,0.0007572093303233745,0.0006063754373392119,0.030858588112327664,-0.05603807437797054,0.049
1550,test,3,1,1.3119687548967585,-0.1791639749082539,-1.7092422387489534,0.0006929448898691946,0.0008228448721162868,-0.04829656371193878,-0.08542775804447604,0.034
1551,test,3,1,1.4569976334409254,0.022639620032027068,-1.6497855875070755,0.0005284438211673435,0.0005757496706284809,0.0822327366625632,-6.557570557936385e-05,0.051
1552,test,3,1,1.322042621545801,-0.21256152033723247,-1.6811675400578934,0.0008059223969680756,0.0007339570090709588,-0.04791061610957941,-0.10073069579700697,0.039
1553,test,3,1,1.334330635858142,-0.20434293817331795,-1.6497170108025239,0.0005745397633161001,0.0005051963058193178,-0.014667989479717725,-0.09735018779332884,0.047
1554,test,3,1,1.348738124458644,-0.22326264400456255,-1.6538589481870438,0.0009492566493985257,0.0010854373994295373,-0.04324503180051943,-0.10452342328790794,0.049
1555,test,3,1,1.3631903363903477,-0.2487500043166705,-1.6187177797591161,0.0010904481152600141,0.0008998575746959817,-0.049013103048641926,-0.11633092689894338,0.065
1556,test,3,1,1.4402676674345691,-0.07290565797910215,-1.5825575744109819,0.0017450203247549336,0.002870258594899207,0.0420198094168823,-0.043381930186009464,0.057
1557,test,3,1,1.417746530911088,-0.32524870911488135,-1.554890018330709,0.0008294809212205995,0.0008161486596049904,-0.07956915850597737,-0.14714990833344496,0.06
1558,test,3,1,1.3771159032219813,-0.24433310477768005,-1.5790816972369852,0.0006571317157935061,0.0006807297513546165,-0.027105456192937753,-0.11240270290327643,0.062
1559,test,3,1,1.3194891608227972,-0.23478115098323385,-1.6711420827589745,0.0008067607470431284,0.0011763987439072372,-0.03900455272100304,-0.11171338864861008,0.043
1560,test,3,1,1.3695773216191869,-0.20425695934727875,-1.6176772443800453,0.0015832363331096725,0.001996773284063664,-0.03885449598908383,-0.09187789498870713,0.053
1561,test,3,1,1.3422988591007592,-0.22481662210542966,-1.659243174185523,0.0008733811224244439,0.0007209486168571271,-0.03677722072333475,-0.10541407499433193,0.045
1562,test,3,1,1.3138888474761354,-0.2264181730616456,-1.6774020627767912,0.0007083431872023636,0.0005135768640146298,-0.036972124767849605,-0.10716219708999747,0.035
1563,test,3,1,1.3913342507591517,-0.12280462114413321,-1.6403808337679124,0.0007879767004236937,0.0008660806058654362,0.03941343516230652,-0.06760806537131557,0.051
1564,test,3,1,1.4033040524397076,-0.31514604008840724,-1.563669100738212,0.00068094833505164,0.0005107855344605736,-0.08602253304600066,-0.14393166113080874,0.053
1565,test,3,1,1.4187980438807128,-0.15146259673977458,-1.5452018268951426,0.0006213297112409435,0.000597261378654823,0.026261266418808382,-0.07536227459818975,0.053
1566,test,3,1,1.4289534865922382,-0.12519143332695148,-1.5681195152125307,0.0005908908998365351,0.0005472806112552224,0.029578986507026676,-0.06709522029141113,0.062
1567,test,3,1,1.3719861214291735,-0.20366543204467163,-1.6342919017759847,0.0005262994262044547,0.0004886863779568103,-0.03887552911706806,-0.094607555548329,0.05
1568,test,3,1,1.3327495445955682,-0.17167791769480156,-1.6721089344420303,0.0009624714919656499,0.0009766160755252035,-0.01937206080646968,-0.08382647448553525,0.057
1569,test,3,1,1.3725115819795812,-0.18839453111219498,-1.588839899414381,0.0006247302830540026,0.0005683233108833014,0.0034157453159800234,-0.09159083865026055,0.056
1570,test,3,1,1.453719882058551,-0.13354208146173177,-1.5157887373694587,0.0010866406021666439,0.0010902108398902883,0.03378401332065225,-0.07132172605023133,0.073
1571,test,0,0,2.053957334338121,-0.49420447033364967,-1.0936102175839544,0.00023391843783734535,5.682640703393959e-05,-0.2501734772788804,-0.18181544169922728,0.102
1572,test,0,0,2.054851058655116,-0.4960394274724036,-1.091347494961862,0.00023912183678841695,6.744206611528032e-05,-0.24992530209711786,-0.18246157645848635,0.103
1573,test,0,0,2.058074105588535,-0.4931715672695145,-1.0950448607186605,0.00023617124324031607,6.328807071994621e-05,-0.25023378154795367,-0.18148034293035933,0.101
1574,test,0,0,2.057716492763873,-0.4949107403699556,-1.0935778424224734,0.00023364510332047958,5.770646941332427e-05,-0.2527289115876033,-0.1820779694788552,0.103
1575,test,0,0,2.0584613548920725,-0.4968190578538145,-1.0899611942640375,0.0002372786697648329,6.470108897571814e-05,-0.2511742199552111,-0.18268629223315214,0.104
1576,test,0,0,2.056082060191433,-0.4960322641271326,-1.0919540558183296,0.00023539659888683966,6.076199295441813e-05,-0.25110400609601075,-0.18250123105817823,0.102
1577,test,0,0,2.059067603099944,-0.4977280066286521,-1.0905744345096762,0.00023532931095746407,5.951307524491009e-05,-0.2514979414847808,-0.18311935720494033,0.103
1578,test,0,0,2.0590260081003247,-0.49766397279861857,-1.0910184377970022,0.00023882129579237994,6.267813706257433e-05,-0.25227415412067516,-0.18307303118748186,0.103
1579,test,0,0,2.060131897301362,-0.4985433211730347,-1.0891551739015837,0.00023807498549008744,6.789950557396806e-05,-0.2532880692201818,-0.1833266793412647,0.101
1580,test,0,0,2.0587387828481436,-0.49965517966669887,-1.0872916461103517,0.00023960019208910143,7.212666081539246e-05,-0.25210894778398013,-0.1837142101566053,0.103
1581,test,0,0,2.062312887148471,-0.49950485130382427,-1.0879287505349926,0.00023872033971215914,6.579679667927617e-05,-0.25458324658516396,-0.18367634089698498,0.102
1582,test,0,0,2.055690035522535,-0.4977974041553376,-1.0896872458559033,0.00023655497628601024,6.518903707732862e-05,-0.24957978065197073,-0.1830134731866769,0.102
1583,test,0,0,2.058706550919576,-0.4983502266684615,-1.0867928702108136,0.0002372700530332859,5.954993316142452e-05,-0.25074633030027876,-0.1832733430438823,0.103
1584,test,0,0,2.057892018797728,-0.4977015767676381,-1.0892269162988248,0.00023803394249875416,6.697018342781689e-05,-0.2527748095531863,-0.18302476459550063,0.103
1585,test,0,0,2.052234036669025,-0.497460104854514,-1.0915552809009814,0.00023623178566782024,6.401575946729151e-05,-0.2504437991791831,-0.18311423187034023,0.102
1586,test,0,0,2.059992255814058,-0.49785376058130637,-1.0884902561857788,0.00023795331954106812,6.30012119306826e-05,-0.2520963168930042,-0.18307490216974362,0.105
1587,test,0,0,2.0600314710131,-0.5023952479908336,-1.0835926816745753,0.00023759973338180894,6.292147187907798e-05,-0.2544759872691609,-0.18469854887595655,0.104
1588,test,0,0,2.059194870705034,-0.5026538789488015,-1.0860872721972323,0.00024024312544887946,7.178909262255578e-05,-0.25514500708402654,-0.18497963900802172,0.104
1589,test,0,0,2.0576983985593835,-0.5020971685945018,-1.0851633505685885,0.0002368632443727199,6.745679704841268e-05,-0.25349445544883575,-0.18478574285990787,0.103
1590,test,0,0,2.061056170847738,-0.5036805513612924,-1.0829781513907903,0.0002389404578856707,6.470807978820331e-05,-0.254317859864608,-0.18533889481941157,0.104
1591,test,0,0,2.062747780147736,-0.5024790074852469,-1.0852082660989746,0.0002387649250098837,6.685863102636997e-05,-0.25509534291606584,-0.18493621805275215,0.103
1592,test,0,0,2.0603832646696962,-0.5042508328100016,-1.0841916900669466,0.00023596485328135122,6.099720694626547e-05,-0.2563814766604858,-0.1855005448872695,0.103
1593,test,0,0,2.0634238402335643,-0.5028624363410853,-1.085038541994307,0.00023841853163093224,6.449317327983401e-05,-0.25431125069543603,-0.18503084298347186,0.103
1594,test,0,0,2.0639426536023397,-0.5022278840950988,-1.0853069311467978,0.00023711510404287887,6.132827465628874e-05,-0.25398706182547354,-0.1847859422166804,0.105
1595,test,0,0,2.063825860906168,-0.5034274674395274,-1.0853714531980825,0.00023427625645525878,5.539231076528278e-05,-0.25588740612238037,-0.18519040059280745,0.102
1596,test,0,0,2.056870257222272,-0.5019080176149762,-1.0861599905205295,0.00023993574562737922,6.847333116047852e-05,-0.25398381908410184,-0.18473398430188084,0.104
1597,test,0,0,2.062285505486223,-0.5018584675492325,-1.0851645824960447,0.00023933127216128812,6.79091010509783e-05,-0.2545803056627252,-0.18474383137370695,0.103
1598,test,0,0,2.0536519231208494,-0.5005566418065461,-1.085959080712234,0.00023741425335699313,6.593950917669783e-05,-0.251444971805142,-0.18420604735999857,0.1
1599,test,0,0,2.0601698131361807,-0.5021129054208898,-1.0854857206226411,0.00023793062808744422,6.254878225012707e-05,-0.2550327073763355,-0.1847026667187828,0.103
1600,test,0,0,2.0563041342602117,-0.5025008319212521,-1.083287449326424,0.0002370706265281525,6.427673260083523e-05,-0.25307900627721613,-0.1848716381080265,0.103
1601,test,0,0,2.0602739127215717,-0.5029769823847509,-1.083552935944083,0.00023886967165058257,6.940562624176198e-05,-0.2534543070136662,-0.18490580714553734,0.103
1602,test,0,0,2.062324642869182,-0.5037339119241023,-1.0812732086880605,0.0002418755370843587,6.910610946794134e-05,-0.2542739627213944,-0.18526857073422592,0.105
1603,test,0,0,2.0643526987066845,-0.5038370736345388,-1.0815212449138312,0.00023810764866620573,6.375183577996856e-05,-0.25422942153470535,-0.18541768687884908,0.102
1604,test,0,0,2.0559694817866205,-0.5036137418252787,-1.0828430779267197,0.00023945660149233655,6.69044035114488e-05,-0.2514278654544286,-0.18515920625364787,0.103
1605,test,0,0,2.062173774411881,-0.5032590819883195,-1.0833626145528807,0.0002388390037533792,6.364739769035695e-05,-0.2549680060931546,-0.1851370479246034,0.103
1606,test,0,0,2.0629855017787317,-0.5031254601213593,-1.0827731130290705,0.00023633120282374814,5.9892118629018245e-05,-0.2555818800842101,-0.1850386602292485,0.103
1607,test,0,0,2.0569943094909315,-0.5048127009124099,-1.0811690988981313,0.0002354873704051709,5.575037439838951e-05,-0.25226518082326377,-0.18555510976766515,0.104
1608,test,0,0,2.064945346886145,-0.5022691568964444,-1.0850196960628085,0.00023781882075650813,6.403031158397961e-05,-0.25580669253369687,-0.18489252012478508,0.104
1609,test,0,0,2.057371953125018,-0.5032697304775997,-1.082288131836162,0.00023598023309616314,6.192474694047728e-05,-0.25256559485014307,-0.1850011229576015,0.102
1610,test,0,0,2.0622690197329234,-0.5038954430224039,-1.0806110825640836,0.0002385705795741014,6.317672227317961e-05,-0.253827260106011,-0.18515638641983811,0.103
1611,test,0,0,2.0565181591319135,-0.5025579028899453,-1.0840180959938603,0.00023651497005155187,5.99696669190752e-05,-0.2538858450184977,-0.1848901316875091,0.102
1612,test,0,0,2.0602374047123324,-0.5023154490038547,-1.0839284615497344,0.00023791963035886643,6.881928578217289e-05,-0.25526242528567383,-0.1847522264670618,0.1
1613,test,3,1,1.3808884965326786,-0.2312579927346786,-1.5942397771193189,0.0006053706024631623,0.0006463002702504339,-0.002173955312308553,-0.10650490835984172,0.055
1614,test,3,1,1.3296689188887088,-0.15541918132031074,-1.648965001866639,0.0009058946064418818,0.0010799902018311057,0.0008979324041505672,-0.07509798971962293,0.035
1615,test,3,1,1.3795551201495193,-0.2822642167871826,-1.5719920137006602,0.0005416137784411919,0.0005261256884968921,-0.08028796235151892,-0.12542668605801158,0.061
1616,test,3,1,1.430203936070231,-0.3226280203078094,-1.5024025509316732,0.0004168217912771874,0.000320993765971949,-0.0702908247630886,-0.14059089127541424,0.07
1617,test,3,1,1.329986915281838,-0.14134508465952128,-1.666189639273464,0.0005792018573717512,0.00042311165225792746,0.01849560972246144,-0.07091076039254653,0.046
1618,test,3,1,1.3159784565373056,-0.1864099189082001,-1.6227674304035826,0.0006481427840082593,0.0007504490112979648,-0.02579063740725382,-0.08491496328925,0.052
1619,test,3,1,1.528097962405463,0.07005245936773585,-1.5906468480554525,0.0016182949532177813,0.002579367425118768,0.12272755756467416,0.013708899849719533,0.058
1620,test,3,1,1.3308875157551674,-0.22847447909278495,-1.6472295938681918,0.0008167785108629719,0.0008992222809476689,-0.04965112494523331,-0.10436001003434602,0.038
1621,test,3,1,1.3911684672509637,-0.16304862607933268,-1.607026540606911,0.0006702584428214677,0.0006177329135049232,0.031600811239344946,-0.08341352083476417,0.047
1622,test,3,1,1.3420603811795269,-0.22535897087135642,-1.6258608345085757,0.0006605035138261723,0.00040409635737370555,-0.026030703252841174,-0.10519684337672684,0.056
1623,test,3,1,1.3688856947022945,-0.12006628900142838,-1.5865735842981166,0.0009731848205075663,0.0012550461181881905,0.015310241702432597,-0.057546824781490265,0.052
1624,test,3,1,1.3055494677115167,-0.09110860872203284,-1.6825218345839756,0.0011633007273055295,0.001605916124131683,0.012421675972011194,-0.041275388021182954,0.044
1625,test,3,1,1.4321209697740487,-0.0350189333930147,-1.6212782332701516,0.0006834273043004759,0.0006912928838121296,0.059200133024314226,-0.02581925208962517,0.059
1626,test,3,1,1.4948121045020382,0.024718545797917615,-1.5969037282667882,0.0005144908993681086,0.00042905420812895515,0.08150183357333338,-0.0035812029201132776,0.057
1627,test,3,1,1.3633704635952935,-0.08174505128760996,-1.641982088643904,0.0005998040782033241,0.0005516761230586971,0.03193265066591633,-0.045244645358786896,0.053
1628,test,3,1,1.424631058736496,-0.1066318819924245,-1.5963361702381214,0.0005517364996987575,0.00047476035925107487,0.04352796087378705,-0.05972474711219305,0.057
1629,test,3,1,1.3478754315753545,-0.1570313191251992,-1.6259069406152542,0.0005016593457705127,0.00046551074519692693,0.008376418285290793,-0.07273837735513064,0.048
1630,test,3,1,1.3848348819825682,-0.12099114422648939,-1.597059035229476,0.0007294184793680441,0.0007637707035110656,0.02107135063479461,-0.06226431242144478,0.053
1631,test,3,1,1.3578807875321022,-0.1755482644039612,-1.582443317314591,0.000568808054343921,0.0007348093157715965,-0.0052398321641752765,-0.07849668260947501,0.055
1632,test,3,1,1.40974232331885,-0.07614222556195227,-1.620684825607794,0.0006422654961018673,0.0008413677824836555,0.04167815440587176,-0.04377288314005605,0.058
1633,test,3,1,1.3236292424940428,-0.1442043339632945,-1.6341159487729489,0.0005153406162270156,0.0005494467184203655,0.002033779965903443,-0.06730928221427436,0.05
1634,test,3,1,1.3641780157844139,-0.19486033453056384,-1.6105667470451572,0.0005023227333358613,0.00048817817111116715,-0.028004422872419492,-0.08992049977822944,0.055
1635,test,3,1,1.6543883556717869,0.06359477143705668,-1.4169935875337798,0.000675021057945061,0.000994912912881898,0.10322853881303864,0.008727186593445475,0.081
1636,test,0,0,2.0584165838578414,-0.49719776893812695,-1.0884713006920188,0.0002396763555100019,6.656919666689155e-05,-0.25087756303543934,-0.18301488619568007,0.103
1637,test,0,0,1.9626916081656365,0.6397034116628765,-1.0545030750812647,0.0016167634025151501,0.004234544746654847,0.31261707085996054,0.24527643676712058,0.089
1638,test,0,0,2.0226334196710734,0.6694353119686717,-1.0117783698303202,0.0018087061422161163,0.004651159996203286,0.33516909478908524,0.25545729841588494,0.096
1639,test,0,0,2.0050194781006394,0.6881952215559851,-0.9874552215067816,0.0017122203809983511,0.004538030071819801,0.3405660673625262,0.26251300812495765,0.086
1640,test,0,0,2.0187070476893716,0.6770902763606207,-0.9919269665390966,0.001692740378547172,0.004529364285098893,0.34191512420676323,0.2575327446415029,0.096
1641,test,0,0,2.0221974231297506,0.6999355570678161,-0.9701240516225744,0.001643360932509064,0.004176421118821632,0.34686182483216077,0.2665456182575045,0.09
1642,test,0,0,2.2004172980426517,0.6339870742799292,-0.980544184490765,0.004636875872714775,0.010431305998062591,0.3667548284899636,0.23196416639352843,0.093
1643,test,0,0,2.2202920682323857,0.6491484447040227,-1.078733376969939,0.008442527464364826,0.018959229494550516,0.3807910452843564,0.24927998029413415,0.091
1644,test,0,0,3.829010636776572,0.7442423999037283,-0.5583157409052193,0.0500755813416467,0.09451238094264376,0.5802923652049969,0.2532140783320358,0.183
1645,test,0,0,1.954723106205099,0.6631576005196691,-1.103246982140492,0.013048326383757941,0.02922060065485904,0.3240552127447324,0.2620615235715055,0.097
1646,test,0,0,2.560089496540874,0.6179521766143667,-1.1489619052413946,0.017774793564206453,0.036189978286408485,0.4301574420612585,0.24301703664882796,0.132
1647,test,0,0,2.960454194918101,0.7365450313945943,-0.8495419760710088,0.06176472661246087,0.12269849824630927,0.4970390051088385,0.2734481946908485,0.141
1648,test,0,0,2.8049525607303094,0.7324154126250656,-0.9893073229072553,0.027037263051418136,0.05125665078677532,0.48320706527353113,0.2889226881592595,0.146
1649,test,0,0,2.9420825922430773,0.7875839710894309,-0.8460860993566022,0.03297548967261243,0.05956399375652073,0.5099501154635775,0.3008877503003826,0.145
1650,test,0,0,3.6272267858764136,0.8453820339393134,-0.43080214931402505,0.056936902365389994,0.09817886256617642,0.5687888363372949,0.29749952040326694,0.161
1651,test,0,0,4.065897486796554,0.8185188036122895,-0.5946787918821577,0.054061539332205935,0.11209830925910079,0.6112654764041116,0.29518812652374643,0.201
1652,test,0,0,3.0237399012907114,0.8044673869805294,-0.9073574739062527,0.0549546746317867,0.10609985382069542,0.5244028445017841,0.3222838542846577,0.146
1653,test,0,0,1.9533047894197344,0.6538713656551661,-1.1654607048396468,0.014631381526642622,0.02778197269112401,0.33244267588515775,0.2630541979708442,0.059
1654,test,0,0,2.331956852729511,0.6955825158991887,-1.1065833208765476,0.0350786479230182,0.07082706754553988,0.4098647219384182,0.2817622783723467,0.125
1655,test,0,0,3.2516716331482143,0.8265245528599019,-0.661701625294004,0.08995078960370403,0.15925007004009437,0.5454566046669012,0.31095742839710094,0.148
1656,test,0,0,4.005972365892836,0.9948965971046022,-0.15703192177250225,0.0819787963750969,0.1549876654793971,0.6229692376685616,0.3524269527383667,0.204
1657,test,0,0,2.011921099267569,0.7013867445032856,-1.096831896774487,0.011701687818064575,0.024015231111158164,0.34915328770514487,0.2822771266959103,0.062
1658,test,0,0,3.288863762093706,0.7760621057710078,-0.9893804598949343,0.04631457409339159,0.08521292455852852,0.5501437249277238,0.31766817678217263,0.138
1659,test,0,0,3.593356238540034,0.777521549074793,-0.796323567036239,0.06397560054440508,0.13016497118528927,0.5761318581245024,0.2986102856213108,0.138
1660,test,0,0,3.577966579591052,0.7677163655761284,-0.7735169141572427,0.04390321808507539,0.0799532153872657,0.5670343515024753,0.28842348104819643,0.143
1661,test,0,0,4.529614281374315,0.8999881358394668,-0.2681144978178738,0.04937635030690431,0.08760216561096909,0.6535718800227653,0.32128367155512966,0.141
1662,test,0,0,2.9175902524008346,0.8565552947849946,-0.7605251347107052,0.08214961794347803,0.14161799653120094,0.5181266030009866,0.33192003632012335,0.067
1663,test,0,0,2.8514739911494056,0.7696169201454531,-1.0081872664360663,0.046398064375553834,0.0849382199116292,0.5043988554199496,0.3115327010766734,0.049
1664,test,0,0,5.3292232011122,1.2699224641883253,0.9425160047542205,0.157438330079136,0.2922825788450594,0.7166986429616172,0.42060835440890815,0.29
1665,test,0,0,1.9352394318093862,0.7914753014387994,-1.0588237216478025,0.008091496414338843,0.01921191340144031,0.38224909848417415,0.32482857651785113,0.057
1666,test,0,0,1.9344471873812399,0.6165906189369443,-1.1132533745824877,0.001750287885937106,0.004573066012604029,0.31652481394709403,0.23792660431768947,0.078
1667,test,0,0,2.009573394658307,0.6508032180774519,-1.052552848393168,0.001755599663003012,0.0045358375242264565,0.3372223300342007,0.24936400528930325,0.095
1668,test,0,0,1.9744772470539813,0.6705745670399109,-1.0108695654473427,0.0016221587829352035,0.0040383842786686445,0.32634177581284063,0.25606545491676425,0.089
1669,test,0,0,2.009641239224504,0.7085819589901909,-0.9685971153395747,0.0014438498609136217,0.0037463499168437467,0.34714391569050296,0.2708781662799332,0.084
1670,test,0,0,2.0145922371422276,0.6808462149464864,-0.988636032246915,0.0015780760956661923,0.0040291122917912175,0.333637798950779,0.25973470702074464,0.098
1671,test,0,0,2.0229637746191895,0.7129121558787922,-0.950515520673358,0.0015624708634019743,0.0039741127038260115,0.3518983372433763,0.2714137523808607,0.091
1672,test,0,0,2.0184908490571725,0.709444711315459,-0.957262087494569,0.0015416057120312434,0.0038674984894896177,0.34629148415949873,0.270780699499393,0.086
1673,test,0,0,2.0352777281541625,0.7242435951411731,-0.9360005788722972,0.0016378963697959003,0.004149822814050357,0.3516530754071573,0.27562093005221616,0.095
1674,test,0,0,2.0414374401242825,0.7194221158128028,-0.9366466639863611,0.001404782527742197,0.003365971178504354,0.3550842406154808,0.2730691320327654,0.088
1675,test,0,0,2.0309655598949714,0.7220653690760586,-0.9408333965526663,0.0016511509948105383,0.004278710172992667,0.35393152124097327,0.2749754966820344,0.087
1676,test,0,0,2.080319510552315,0.7404400017554286,-0.9110280757831974,0.0016100705272194874,0.004118512465223802,0.36763247972864593,0.2815331451527753,0.091
1677,test,0,0,2.023058859257051,0.7324128048485588,-0.9207764553011599,0.0016913395351730264,0.004539749945972995,0.3542140059360108,0.27810106611128216,0.092
1678,test,0,0,2.0496944902360172,0.717787752705411,-0.9437750060914327,0.0017009524374791563,0.004403927577188658,0.3540353170278263,0.27346231934970716,0.094
1679,test,0,0,2.0374038542353836,0.7145906632381669,-0.939957169325695,0.0017591326405080202,0.004632721949248782,0.35022005494800995,0.2716647250394256,0.094
1680,test,0,0,2.0851597364732863,0.7218454426711572,-0.9338608055056374,0.001603490505575749,0.003900249500421795,0.3597356879642392,0.2747332875219792,0.101
1681,test,0,0,2.0296130575797497,0.7321988965796045,-0.9199044366236553,0.0014732724535078995,0.0036707574607392616,0.3555491889156651,0.2778889853386981,0.091
1682,test,0,0,2.575744321183929,1.234995203750586,0.11862782795021065,0.00036902853123112574,6.374749070784682e-05,0.5669914881754271,0.44868053454986145,0.093
1683,test,0,0,2.1632439247723236,0.9277452686810178,-0.7162951032418055,0.0003233365396040875,3.45126834468422e-05,0.46260173789858666,0.36282621112228036,0.063
1684,test,0,0,1.617367680299823,0.35946507029663854,-1.5097584918903517,0.00022806115858131615,3.0508956639581756e-05,0.20204286177922012,0.14787338618364343,0.055
1685,test,0,0,1.60635958057636,0.20377853512425373,-1.5633758130620796,0.0002159847309477038,5.9098119985229864e-05,0.12970099276951758,0.08157900632819055,0.058
1686,test,0,0,1.6148934793168521,0.2691620387121559,-1.5305634846886773,0.00023632947147509854,0.00010016266680981938,0.13675830915184012,0.10983515807404258,0.062
1687,test,0,0,1.6377334021469945,0.3080040725551251,-1.498464826584059,0.00026481447778530615,0.0001443076457333071,0.1396684925250289,0.1266887244300816,0.059
1688,test,0,0,1.6582116361391221,0.3316218627876434,-1.471821665802133,0.0003262034901580232,0.00024956444837420823,0.14127964596700715,0.1368618121038734,0.062
1689,test,0,0,1.6582516566494345,0.338357269959261,-1.45853243547073,0.00039555998974664697,0.00038031602511813794,0.1349992747156576,0.14068528565889216,0.061
1690,test,0,0,1.6667294492389895,0.3425889775762607,-1.4454555214645923,0.00046539329480077546,0.0005064357103979302,0.13074923849645376,0.14318962746608857,0.06
1691,test,0,0,1.6767175713048532,0.3484058792963347,-1.4283807424435795,0.0005524041761879412,0.0006556607498378495,0.12820935272166664,0.1459941441767396,0.061
1692,test,0,0,1.6554440012229803,0.34757465870090104,-1.4176747219934056,0.0006573319165515486,0.0008643355160517917,0.11601529118003114,0.14641400339732227,0.057
1693,test,0,0,1.64806624383672,0.3481941882143709,-1.4033514417514845,0.0008090431259023778,0.0011045626745773234,0.10857335696655578,0.146455383256954,0.061
1694,test,0,0,1.6802640537577587,0.3474832030788286,-1.3891548523094204,0.0009430784409647775,0.0014349246570571062,0.11260985046955524,0.14596318030348052,0.067
1695,test,0,0,1.674787079974828,0.34361662171676244,-1.3787089226665825,0.0009344544912036286,0.0013506828794530605,0.10610441778608809,0.14433029497369632,0.067
1696,test,0,0,1.6845944019190653,0.3373218610930895,-1.371801337423109,0.001139328228989517,0.0017178134164612497,0.10402672931517346,0.1417587467424879,0.073
1697,test,0,0,1.6756703973318012,0.33029136600913245,-1.3682896799912303,0.0011520972518283927,0.0017477406864705798,0.09639159939112323,0.13887785369213002,0.064
1698,test,0,0,1.6721271002259737,0.32697050045370785,-1.3634436717227014,0.0011978619895008796,0.0017681894903867348,0.0941131748036711,0.1375812867025083,0.077
1699,test,0,0,1.7035402567642763,0.32310104482278906,-1.3545599257002146,0.0013164733598392527,0.0020313172907059987,0.09853299384340444,0.1359835114881271,0.075
1700,test,0,0,1.7089748937506606,0.31701830703870454,-1.3529310275965847,0.0013529296688605849,0.0021249189141542423,0.09637344481140431,0.13364176547939788,0.082
1701,test,0,0,1.7255079927230703,0.31042327191738145,-1.3523977234505618,0.0014101300495739093,0.0021337447687852606,0.09960330209353681,0.130802269131017,0.075
1702,test,0,0,1.6946521989840604,0.30457178874933577,-1.3446744449589867,0.001448519444235162,0.0022923151272002326,0.08708770176425122,0.12837447246490477,0.077
1703,test,0,0,1.6743219153794915,0.30074822236171106,-1.3460696714578166,0.0014646325945837097,0.0023514595177805313,0.07916584109332618,0.12683676547299821,0.082
1704,test,0,0,1.6701339954507226,0.2932917565411121,-1.3440828235278894,0.0015343618463258455,0.002422631604091829,0.0785556518294802,0.12358594113954678,0.084
1705,test,0,0,1.6967021471501182,0.29291596312614215,-1.3384897206648891,0.0016312287374840337,0.0026431748697487096,0.08193534345305198,0.12350807933605223,0.08
1706,test,0,0,1.6949677537078327,0.28953862326220264,-1.3388692915451017,0.00166453010181233,0.0026277815534043645,0.07931677280413205,0.12229565009791814,0.079
1707,test,0,0,1.6833033308890109,0.28533552233271237,-1.3366676529293458,0.0016220409885165559,0.0025173664538694477,0.07486148397319417,0.12036266495692985,0.078
1708,test,0,0,1.6913095455365592,0.28388748421649346,-1.3335667458451923,0.0017638298565977924,0.002906099701951249,0.07425469884353185,0.11957673243162235,0.081
1709,test,0,0,1.7012746065837432,0.282976298951168,-1.3275533877258991,0.0018061720319726407,0.002889521337922064,0.07813950817176608,0.1189710256437625,0.082
1710,test,0,0,1.7122025166230235,0.27946240803591743,-1.3264675550948009,0.0017428178437356753,0.0027837125156402087,0.07864177765154068,0.11722321952421608,0.081
1711,test,0,0,1.7181244149767558,0.27716382672610634,-1.3249186018406711,0.0018445707154198536,0.003075341053941943,0.07910622878763073,0.11624719097902571,0.085
1712,test,0,0,1.7107807548129166,0.2694891650366439,-1.3277030741324212,0.0017584559714928928,0.0028038691362010666,0.07632475748621494,0.11332037255235528,0.084
1713,test,0,0,1.7053725759328964,0.27187132432709943,-1.322556723516261,0.0018698561649639635,0.002991326790171282,0.0749447938492377,0.11383823595468975,0.083
1714,test,0,0,1.6862547570909838,0.26799167559132536,-1.3219642050850486,0.001870832458653243,0.0030513916616728407,0.06693140982787521,0.11239213786082401,0.09
1715,test,4,1,2.8162095405255956,-0.09059818664291643,-1.390841420016017,0.04693061255522841,0.11851170195492611,0.31697240970825963,-0.04631957371397883,0.114
1716,test,4,1,6.068613429828886,0.705388683845635,0.6486767387504222,0.3732922258702164,0.8918929763015017,0.7032119460155942,0.17114928618463499,0.234
1717,test,4,1,3.206985424656254,0.381423436723795,-1.1420297722575088,0.1563016267653999,0.3479989058544759,0.4985945363536705,0.11708154928147542,0.112
1718,test,4,1,6.9081176718606025,0.9096093526623907,1.5312375857574567,0.2412139575466228,0.5557399381922082,0.7493720499311405,0.2244885455113515,0.272
1719,test,4,1,11.921006633580722,5.629000660417433,51.0430650210381,1.3292040628825557,3.7132665044234763,0.8991821402367871,0.658292262182296,0.975
1720,test,4,1,5.649235315693526,0.8887424669088793,0.08907629400860184,0.20495809062815168,0.5051530943474194,0.7356259825274017,0.28847756493211835,0.115
1721,test,4,1,15.049525599889705,7.717198707361064,96.36860926802586,1.2980624723847776,3.7054344872127296,0.932497983519887,0.7270626290837471,0.985
1722,test,4,1,10.999695659688793,5.869457134156933,50.4932512981596,1.320630365017524,3.7449056657283952,0.9164905230619683,0.7457688063652969,0.9
1723,test,4,1,14.382365451346734,7.393928846319654,71.36026667627577,1.5853094438176678,4.425020658318682,0.9570759873859652,0.8849875819027021,0.967
1724,test,4,1,10.324733251563105,5.452483787256391,41.67657269552078,1.421168838948199,4.021356529523533,0.9166141405965404,0.7681976314043294,0.9
1725,test,4,1,17.532371112596273,11.802704609062054,163.0768618993616,1.8073116159025076,5.28740912480506,0.971003671684762,0.9408051276213096,0.986
1726,test,4,1,15.481743514812129,11.168261958703066,144.66652266784516,1.781412664917225,5.2124785161734435,0.965622635058818,0.9375510051080884,0.983
1727,test,4,1,14.97502084473171,9.265031541464984,104.7033069887977,1.6450916053665094,4.704100194470757,0.9557318591321114,0.8976312285198378,0.98
1728,test,4,1,11.35409745972741,4.977218342757235,41.90507145161651,1.156996489703723,3.255282297587599,0.9009179772747276,0.6521752805210635,0.916
1729,test,4,1,12.337242507153883,2.7727660276881427,23.35107635196529,0.61053657216052,1.6304732397236692,0.8739795589614312,0.43571917575093155,0.846
1730,test,4,1,12.437877897922887,7.035727703690282,63.015696527281776,1.492271514980071,4.080751112983348,0.9400081918592709,0.8752744850965944,0.959
1731,test,4,1,15.165855236037613,6.234680485542158,73.26252708133448,1.0803169750490347,3.0341545527431615,0.9293068674781949,0.697478406708776,0.965
1732,test,4,1,13.58860745340452,7.081151909275234,64.32984754667775,1.1161682752844275,2.78546222644378,0.9426258921992914,0.8731388355468507,0.959
1733,test,4,1,8.476325968482081,3.1421265630021638,17.894447651367614,0.9795615588060544,2.8345771850384445,0.842063522984978,0.5407284602142557,0.831
1734,test,0,0,1.6643447727118261,0.3417366966326447,-1.4502013631722424,0.0006083916238744688,0.0007078221423189699,0.13353201029113,0.14214089978349348,0.064
1735,test,0,0,1.6510250521358016,0.3443316455829433,-1.4379665064041713,0.0007021210940178886,0.0008914361438395727,0.12334900839469613,0.1439067053892984,0.058
1736,test,0,0,1.6783206921870675,0.3471245123657595,-1.419630431073483,0.0007446198099775488,0.000951797497705887,0.12554256817243636,0.1453428790415409,0.063
1737,test,0,0,1.6439856463154914,0.351007884191141,-1.4022306542953162,0.0008385432087394472,0.0011857439551722219,0.10869438035567167,0.14741956077340984,0.066
1738,test,0,0,1.6967523729600775,0.349341320816204,-1.3889743710827707,0.0009757098255976296,0.0014177558283671224,0.11840560842655548,0.14637499024249112,0.062
1739,test,0,0,1.7051250343269333,0.34568180170246743,-1.3802399536695202,0.001009125749978327,0.0014535910595668117,0.11629951908893374,0.14497504300352262,0.071
1740,test,0,0,1.6859772502509462,0.33842231992812627,-1.3710255811896113,0.0011346919782694405,0.0017724358335928442,0.10528038938951906,0.14225046506925834,0.07
1741,test,0,0,1.7198003266034054,0.33453739804024774,-1.363777194313054,0.0012303159204929413,0.001935531082992785,0.11042057955022479,0.14048461642156293,0.07
1742,test,0,0,1.69930395531321,0.3291829342417577,-1.3572029445709817,0.001308732328675717,0.002012853918286323,0.10092883002337283,0.1383511032217156,0.074
1743,test,0,0,1.7374910119032791,0.32461582869201183,-1.3526785110128134,0.0013968029515041929,0.0022731822132514294,0.10842968955647722,0.13631452001090924,0.078
1744,test,0,0,1.6997036538393904,0.3183205253226621,-1.350610125555727,0.0014063809093487066,0.0021897282735255856,0.09412851826822145,0.13395089163721072,0.081
1745,test,0,0,1.7143380682496414,0.3099417862061877,-1.3462584335022278,0.0015308563889042054,0.0024702696340861076,0.09403392538504945,0.1304961475005237,0.075
1746,test,0,0,1.6893313298208443,0.3048695136267511,-1.346875486738214,0.0015552370623414583,0.002458607932018516,0.08487252196662085,0.12866181445498942,0.081
1747,test,0,0,1.6977765992490526,0.3020846836587125,-1.340602947740606,0.0016324939507292708,0.002573433354381601,0.08463292854275353,0.12706429283555898,0.086
1748,test,0,0,1.7110191625926967,0.2926459485351205,-1.3366063211443089,0.0016909129312723768,0.0027338106567541807,0.08552242741221673,0.12304783895530677,0.086
1749,test,0,0,1.6997027186723124,0.29306980159001655,-1.3299838524162597,0.001688555076699946,0.002753234476255943,0.08022791901167257,0.12325006725154217,0.078
1750,test,4,1,11.085369483331856,6.151890629917117,48.29392783703031,1.5544134103802887,4.4658560700755,0.9321016396084062,0.8357144688091123,0.934
1751,test,4,1,16.364086522496304,8.984486077835891,111.7164680728819,1.5478020531529721,4.406580999069947,0.9537357328749674,0.8559080833945357,0.976
1752,test,4,1,12.346230448334314,7.598066634663397,69.07308751337578,1.8103404748306964,5.278790040102488,0.9486275334532084,0.8967816154801054,0.969
1753,test,4,1,17.03836005808,9.578733307907424,121.46163359361744,1.751633578131282,5.085741143882038,0.9639520917935256,0.9068258329337444,0.979
1754,test,4,1,13.794205156360404,8.144661578008842,90.362356565887,1.0656841108904906,2.68581356642721,0.9230976373973865,0.8311642239836345,0.959
1755,test,4,1,13.077748177501233,7.804204131372281,76.39192284624487,1.3714053313616053,3.729279615050884,0.9388186806864554,0.8826940737813049,0.959
1756,test,4,1,12.427732622751352,3.702479938516521,30.18351258499471,0.6724872965334286,1.894415443373828,0.9011703593221927,0.6038627979549311,0.858
1757,test,4,1,13.185519818449203,8.506442037279196,84.5331884481183,1.8079186493418768,5.239172404370723,0.959801486260641,0.9301115596186575,0.971
1758,test,0,0,1.6662927611466116,0.3510927516486186,-1.3908077419997786,0.001004068328330619,0.0014478399536256895,0.11081128377907387,0.14732626646521285,0.064
1759,test,0,0,1.6799777675160048,0.34466482559138756,-1.3819749630042488,0.0010166614267954367,0.0015267414167359698,0.10911010888132508,0.14467629084433195,0.074
1760,test,0,0,1.6938254368868126,0.3434673825855571,-1.3697575656535323,0.0011526675459599468,0.0017785874765971442,0.10820134774823836,0.14399590947794288,0.067
1761,test,0,0,1.69527480712354,0.3371135189612828,-1.3650212766617542,0.0012765765421319962,0.0020523177697870923,0.10527326638901266,0.14161161906345482,0.068
1762,test,0,0,1.7133258839894312,0.3313330962293736,-1.3580082617756333,0.0013640019283014664,0.002149596977147406,0.10509373384513845,0.13925280353301125,0.081
1763,test,0,0,1.6943139865855295,0.3220229450265163,-1.3516353963769112,0.0014028555587483032,0.002182540952245268,0.09555895640561402,0.13504539523529457,0.07
1764,test,0,0,1.7116923686124232,0.317328272470058,-1.3490435563097933,0.0014304076208646727,0.0022652017024046675,0.09723105482288986,0.13326148731369425,0.074
1765,test,0,0,1.687843177570859,0.31279174115198416,-1.3466427826886525,0.001469711914839326,0.002352591988725993,0.08779133157668617,0.131588252608123,0.081
1766,test,0,0,1.7150390232608235,0.3021081077200235,-1.3452880134956224,0.0015700793680128687,0.0025658443855419415,0.09173183283461299,0.12720291840376868,0.073
1767,test,0,0,1.7424652328924906,0.29889164935308676,-1.3386705830291037,0.0016665900029624733,0.002726684143575065,0.09781433046174443,0.12566012809944874,0.075
1768,test,0,0,1.6469119786555266,0.21369513575121174,-1.520261111002209,0.0002124540726142368,5.551579655774676e-05,0.1385336761672325,0.08208958123018792,0.065
1769,test,0,0,1.6351391154372341,0.2889902335447492,-1.5123372377565143,0.0003411099935535876,0.00015012453929526308,0.14436402521489378,0.11757073471876148,0.061
1770,test,0,0,1.7300995276864006,0.33987092639941613,-1.4714432068698078,0.0005326159078591282,0.00030687719246510776,0.1712944545295448,0.13964839776467045,0.063
1771,test,0,0,1.8551982609960653,0.3933436440205224,-1.3854898716135098,0.0006461789585771468,0.00045325535200028814,0.20386168396665164,0.15850806815443763,0.067
1772,test,0,0,1.851968083852046,0.37670053178408025,-1.3892322973815983,0.000799713818416606,0.0006017942539811442,0.19425199027224171,0.15154167643562186,0.053
1773,test,0,0,1.9533997902484554,0.45133360768263325,-1.3182246150353194,0.0008656654776539893,0.0007140376128755686,0.22476143540153817,0.18512291336344683,0.089
1774,test,0,0,2.0794395034734383,0.4718462937622356,-1.2205398556630718,0.0010040404054989975,0.0008080585467857055,0.24825457985015462,0.18499162812335404,0.075
1775,test,0,0,2.280917557629691,0.5240315986306261,-1.0934326794011358,0.000913175259050393,0.0008582555681115107,0.2930544316889132,0.19955204205317448,0.087
1776,test,0,0,2.3082879695447485,0.44202794869573153,-1.1639299300038306,0.0010837677474349605,0.0010514763639972932,0.27597677179922564,0.1687566683040969,0.096
1777,test,0,0,2.2131534336323573,0.5131369142489163,-1.0354046763931346,0.001291356910886941,0.0012796974946697735,0.2600620352947463,0.19092914041604667,0.095
1778,test,0,0,1.7723910516882166,0.33323243709340183,-1.3493284947384652,0.0014097318818831505,0.0015225887829290884,0.12653731388840195,0.1380342184014046,0.076
1779,test,0,0,1.9871371426691764,0.3592071720145246,-1.3127721124162184,0.001423293282356647,0.0016575911591581787,0.1872974298864931,0.14814793050229325,0.087
1780,test,0,0,1.768551932886496,0.3067681170262596,-1.3561030737442668,0.0015759770564618737,0.0018293116267461354,0.11287959464540903,0.12765841041364664,0.077
1781,test,0,0,2.3328175762986394,0.39945835302974086,-1.113061566070851,0.0014938052470347362,0.0017456465152786314,0.2510837436039908,0.1495907143331374,0.11
1782,test,0,0,2.228328291229939,0.40819127359525714,-1.1529127461998143,0.0015451920992291589,0.0018221196189638531,0.231987162519038,0.1595755349502808,0.119
1783,test,0,0,1.7668325411588506,0.2838060287760075,-1.322528796272862,0.0018127372375618366,0.0024537372691579512,0.0976746625505812,0.11678761954457291,0.086
1784,test,0,0,2.273201313841737,0.3613595024478967,-1.1852617358353612,0.0017441289829978862,0.0021356692320106145,0.22751490385005155,0.14065344319542958,0.118
1785,test,0,0,2.5395580080388616,0.4109301164663513,-0.9937751504066523,0.0016768496660183306,0.0020464669598093286,0.28126348991589367,0.14573683438975962,0.135
1786,test,0,0,1.7159293233784727,0.23231686497564283,-1.3467273406898512,0.0018364809216231011,0.0026150909844011873,0.0690312963558705,0.09756071605197725,0.092
1787,test,0,0,1.9530132565766927,0.2824988558772252,-1.2925098179133079,0.0018347971454285873,0.0025353159088168406,0.14039936917118603,0.11527759151352875,0.095
1788,test,0,0,1.727516765406912,0.23053060551344703,-1.3246683913589403,0.0019187478618698053,0.0028498323438059118,0.06898498885389574,0.09626875529526284,0.09
1789,test,0,0,1.7091563141797266,0.2142748385753163,-1.3771666073530868,0.001936391656359563,0.0028024424738625105,0.06425881319980074,0.09236826878347658,0.081
1790,test,0,0,1.69836886959136,0.22083586002016642,-1.3288315140408935,0.0018372046508953659,0.0028557795632079322,0.05659194966414864,0.09202878330488484,0.08
1791,test,0,0,1.7425718001927353,0.23866381093703218,-1.3361135103223072,0.0019701031337657797,0.0028976596535295585,0.07145011897552044,0.10150194847572579,0.101
1792,test,0,0,1.7602379218707873,0.1958962013002141,-1.3411405944493973,0.00213977938751352,0.0034673154541792423,0.0648687500508069,0.08247108231472816,0.082
1793,test,0,0,1.7405423243516636,0.19286518994962693,-1.3242871511606846,0.0022152626360664295,0.0035642231004343904,0.0647384028359428,0.08345862322434852,0.097
1794,test,0,0,1.7303449701408193,0.1746012330500278,-1.3332522791582158,0.001995832821598368,0.0031130041331762157,0.05423168878440563,0.07436993548409289,0.089
1795,test,5,1,3.333807626294331,0.4752532626984792,-1.199147700063256,0.09452561067088307,0.2648109403663744,0.5021205295947644,0.16843459806922997,0.126
1796,test,5,1,8.84319832349943,3.8538431950632748,23.637522184727672,1.347669839263418,3.9012372835763474,0.8619857274726758,0.6341193533311742,0.825
1797,test,5,1,10.945221020017131,2.745628300636336,16.385824392438003,0.6515179157004716,1.8491891164630092,0.8760798198479428,0.5677660427495906,0.838
1798,test,5,1,12.439498150962251,7.537188546332849,68.62357865379292,1.831897187274465,5.296104676667221,0.9260577541276535,0.8863080707716856,0.957
1799,test,5,1,11.223174069742816,6.425341562541573,51.693005606979035,1.7741806285050814,5.110302521139631,0.921385687928527,0.8659084730459853,0.945
1800,test,5,1,5.639155214284487,1.8170437411254992,3.8130000278102925,0.6676008886484336,1.932820001071676,0.7715200920286901,0.5230088108150185,0.292
1801,test,5,1,12.462268308090374,7.9336912236462505,74.15983819274805,1.8883343019723446,5.521959853950398,0.9351636220022265,0.9105397711989909,0.966
1802,test,5,1,5.190238241732658,1.4584601463074744,1.5558941323639708,0.44832545221828224,1.2961198070078568,0.7578780861863543,0.48579539771545593,0.144
1803,test,5,1,7.764167169255342,2.925574201750645,11.894288538778111,1.012134305463446,2.8982148130856418,0.8522629963240547,0.6748157894815007,0.834
1804,test,5,1,7.233777487237441,2.955147559925898,13.19854379002794,1.0720130561588461,3.1617138620536633,0.8420296546995555,0.6189809630938939,0.791
1805,test,5,1,12.589807651438038,5.958825137596816,49.98913337388176,1.478964743499597,4.284185471388004,0.9217133463674948,0.8293211999442016,0.923
1806,test,5,1,10.721190044376948,6.93422914137321,54.26576318056646,1.8923928579482248,5.527241053146201,0.9412282556020664,0.9120303135100566,0.959
1807,test,5,1,6.92961954382613,2.2521857003202777,6.321324758331215,0.7282357295439676,2.097699741380721,0.8197035941757774,0.6123507004583476,0.801
1808,test,5,1,10.351130851116475,5.966015097895313,44.30866757196861,1.8202182367182498,5.338775884253312,0.9224248528967025,0.8598577005911539,0.95
1809,test,5,1,12.258827918913857,6.127849273879137,49.14560009083058,1.5946950882427806,4.569729028173168,0.9156754152075618,0.8374733435436232,0.939
1810,test,5,1,10.311426238441921,7.055866357803441,58.46521491561366,1.7283845684915735,4.960958757791363,0.9159493648879306,0.8767305831886707,0.955
1811,test,5,1,6.732514187386407,2.2842308562807996,5.144860514504234,0.3742164644184344,1.1288048547556426,0.8497036654110187,0.6690023797612157,0.832
1812,test,5,1,10.584329517300556,3.6635264288119997,22.003489358700918,1.2609579534179802,3.847211650197744,0.8906524857024244,0.6557807378925395,0.864
1813,test,5,1,9.709367385417494,6.318551834057342,43.9449559595271,1.8395973533980368,5.432247459170584,0.9178726950311742,0.8949764906836778,0.944
1814,test,5,1,11.279512341188973,4.224288160935966,30.252045036815773,1.0074005788158633,2.8977594444997345,0.8707966524339967,0.6494241355641281,0.894
1815,test,5,1,7.862409244449037,2.028857862641111,4.9258253063035395,0.43002359166675397,1.216448197655325,0.8484223344788835,0.6022719117792904,0.802
1816,test,5,1,14.282259657829188,9.34714264586704,106.31885450618314,1.8581637822666528,5.4543277140996125,0.9369670009559173,0.9040782099778664,0.976
1817,test,5,1,3.4827314507452045,1.3194496441035062,0.5496890035180124,0.19437194881491784,0.6204585089793035,0.6400498902022295,0.44692780477801475,0.121
1818,test,5,1,13.195500973478339,7.7235053025382525,76.51887292192897,1.6410875496619388,4.709891854480967,0.9179539344131113,0.8319430989743024,0.964
1819,test,5,1,8.047566457189227,2.683606365039193,8.613240023585018,0.6505574911635017,2.0170076999067246,0.8635271030214834,0.7021313277187673,0.858
1820,test,5,1,12.217989902222433,5.68014552916226,45.50274721657267,1.615375920516311,4.709821399294867,0.9224722296576991,0.7977967005212238,0.946
1821,test,5,1,12.537125651525841,6.852733868175432,58.297644006396524,1.797278421830821,5.151575036855672,0.9409104952463898,0.8886611990679757,0.959
1822,test,5,1,6.559569612796098,2.2368168313668697,6.65869804043605,0.9023813796393063,2.6694747670264154,0.8223835215598687,0.5785690208216646,0.804
1823,test,5,1,3.5452903900814414,0.7501202821332845,-0.8775256711484714,0.1448765836316326,0.414790703544124,0.5789407264084298,0.2821621658199275,0.126
1824,test,5,1,13.312308663094148,5.887197396188049,51.184020465637914,1.2208326513581742,3.281766433383888,0.9039098972736013,0.7778756744657799,0.944
1825,test,5,1,13.563193195214573,6.957705418023593,67.9911625995797,1.6405880747940966,4.739244959044569,0.9326412036616175,0.836764374175456,0.957
1826,test,5,1,7.293307273852571,2.553419234981859,8.446691011441805,0.9633054393335014,2.8299538723761817,0.8508466614352358,0.6450204519761632,0.816
1827,test,5,1,10.392729704706715,2.670266923987333,12.826510191596844,0.47605603226706356,1.3924852090312434,0.8875027002857966,0.6422703751670399,0.847
1828,test,0,0,1.7186037559490948,0.31398819536085665,-1.4901878070135925,0.00044585654439570685,0.0003059583921493311,0.1675534386761319,0.12891123566975551,0.059
1829,test,0,0,1.923242875500789,0.39664395847627926,-1.3772185220581619,0.0006397727986063719,0.0004414592938706519,0.21859476395853328,0.16036980118505825,0.069
1830,test,0,0,2.052690204706869,0.4312582275601171,-1.2843900388630352,0.0007105883890884376,0.0005730142470917068,0.24521548759509126,0.16975818519677063,0.079
1831,test,0,0,1.7337181829702948,0.36588620820188833,-1.4590317202987804,0.0009184542902660062,0.0007506284157434528,0.14883498373800186,0.15851503034100559,0.073
1832,test,0,0,1.7725853672769503,0.35074752980128676,-1.4279572183262639,0.0009658757903052948,0.0008887905067343013,0.15036322077175052,0.1505230171735587,0.071
1833,test,0,0,1.888534264025615,0.37907527891537135,-1.3621211748671131,0.0010248736915203286,0.0011084165078949011,0.17598717962596774,0.1590262916321434,0.075
1834,test,0,0,1.7629093557615811,0.336612588185451,-1.369274186676986,0.00122654697970998,0.001341876031456666,0.1295278126279792,0.1396350894279384,0.072
1835,test,0,0,1.7866395738759506,0.31505706758828106,-1.360198034172478,0.0013494081885144368,0.0015601081412961184,0.12444623098139881,0.13183290846591178,0.076
1836,test,0,0,2.2590181984923388,0.40687237127508147,-1.1636366723294125,0.0013879002616309641,0.001575933420728581,0.24500544525525622,0.15685570355852171,0.109
1837,test,0,0,2.2520360389517022,0.4105422788998275,-1.1579359241685359,0.00132295532505164,0.0014963689462227164,0.2386815133050311,0.1592152427633771,0.118
1838,test,0,0,1.8184323436327907,0.3107813758041942,-1.3353224346745183,0.0015514711318166629,0.0019035664581608046,0.12189185715018634,0.13045711076144006,0.09
1839,test,0,0,1.8349453409070777,0.2665289064095939,-1.3547049023406592,0.0017531023079301,0.002344976154802114,0.11580880395109061,0.11203744393026746,0.096
1840,test,0,0,2.1875512641143433,0.3613276135772334,-1.1782198261128698,0.0016669889615417235,0.0021526444643745362,0.21209801985902263,0.14085430364810825,0.111
1841,test,0,0,2.024080658111432,0.297649811721017,-1.2778182805598053,0.0018103763362686584,0.00232800234054033,0.1630347832079761,0.12125157363129835,0.106
1842,test,0,0,1.8052696279182978,0.253120458282487,-1.3226403064965309,0.0017170380718883693,0.0023671942217803254,0.09655724982738613,0.10573893479820931,0.091
1843,test,0,0,1.7442235067825984,0.23444286021350283,-1.3352538641817937,0.0018626163353600976,0.0029009784601245923,0.07654846434384703,0.09985757625218128,0.088
1844,test,0,0,2.0695946782451244,0.27505740745698437,-1.269733626482254,0.0018864581978316611,0.002738319625721202,0.16549902993740492,0.11195206180344396,0.101
1845,test,0,0,2.397711555037051,0.3332255158521579,-1.0961255938681036,0.0019711449616747756,0.002862219360708395,0.23618796781115817,0.12355196617335204,0.121
1846,test,0,0,1.7497729900230743,0.21311327844702796,-1.3328682095408853,0.001955062955530463,0.0030021851411130927,0.06983356706771518,0.09082287272770563,0.095
1847,test,0,0,1.729060984317354,0.2012068829474301,-1.3392166589541272,0.0018520689314066399,0.0028734720373145297,0.06447708101873725,0.08544054705732296,0.087
1848,test,0,0,1.730190792421971,0.19261164851831358,-1.3201372447099744,0.0020138638618125188,0.0030613532146719293,0.05831363203626406,0.0808872651854322,0.083
1849,test,0,0,1.736599426102059,0.19244967984365927,-1.3559454258854213,0.0020660982049196634,0.0032330576795700384,0.06168898129573281,0.08192535800677353,0.093
1850,test,0,0,1.7677096285205038,0.18291923689302955,-1.3276518761902516,0.002201981067395458,0.0035342420680821007,0.06734101854304644,0.07939448499068211,0.083
1851,test,0,0,1.7576398578015349,0.18518749762238515,-1.3260893315449294,0.0019988207190766434,0.003049703281470053,0.06481393007822538,0.07694641265468034,0.089
1852,test,0,0,1.7459025973030902,0.1759199717312579,-1.323469411302929,0.0020435726137938864,0.0031103325356959966,0.05917246708488556,0.0754265197371515,0.084
1853,test,0,0,1.716620611067533,0.1636111879237674,-1.3357555808584742,0.0021324456615651596,0.003410881419699667,0.047901860706199464,0.06958289468951578,0.081
1854,test,0,0,3.949757653589675,2.362937921666349,4.557969248415269,0.008719545545946873,0.00319846759682686,0.7959716562599446,0.6972164406053748,0.062
1855,test,0,0,2.761743172941878,1.2974965579159508,0.20407144970889535,0.006506754385400555,0.0037731257043308528,0.6232788444576243,0.47796142616616527,0.059
1856,test,0,0,2.1998860720069184,0.8902618185387369,-0.8090768624222751,0.00556996784430135,0.003524714317911406,0.48650080871622076,0.3495109381187999,0.055
1857,test,0,0,1.6671565189724504,0.45014768846014386,-1.4979113304640805,0.004404744661459712,0.0028612325606190195,0.2850957562921432,0.18526578209294478,0.038
1858,test,0,0,1.2853409550668884,0.01228648436299865,-1.742005597774309,0.003226893538583853,0.0018586397923457782,0.056498819328675856,0.0007501037583506327,0.041
1859,test,0,0,1.5187970964331428,-0.4735746591355571,-1.3992756964523463,0.0012925582265294981,0.0004887017820011037,-0.1474326623402605,-0.2030641075106988,0.062
1860,test,0,0,1.9681685661554331,-0.5782278264061982,-0.9643233940069478,0.00044600763350183546,0.0003856903272342906,-0.26287305573708414,-0.20784729086709183,0.105
1861,test,0,0,1.9646480772094959,-0.5760712206943651,-0.9725322951513542,0.00047665532531112275,0.0004698468799663519,-0.2627350424828335,-0.20726868537896398,0.101
1862,test,0,0,1.9643050589320763,-0.5749764996257027,-0.9748112683672399,0.0005084931706357781,0.0005202142844277265,-0.26645674816618786,-0.2072231738560703,0.103
1863,test,0,0,1.9639132582127286,-0.5764398775851282,-0.9722442251972367,0.0005006763012173462,0.0005274269809295027,-0.26206561898878317,-0.20777379955159433,0.104
1864,test,0,0,1.9615221180302558,-0.5751496305443218,-0.9793007593263781,0.0005082390834882261,0.0005617700879313514,-0.26062640843189044,-0.20748910246137955,0.098
1865,test,0,0,1.9623717074956315,-0.5759282486376939,-0.9770977263184233,0.0005124621122643392,0.0005543101415963354,-0.26456399400448677,-0.20766391654780877,0.096
1866,test,0,0,1.96352362881626,-0.5780057433595789,-0.9793039164769342,0.0004989782348469638,0.0005271213659661057,-0.2659720418716463,-0.20894159731815137,0.098
1867,test,0,0,1.9633191090694362,-0.578282177640068,-0.9744852591238891,0.0005163789512840838,0.0005578434633293435,-0.26209334867371903,-0.2085894500699241,0.098
1868,test,0,0,1.9617477660337068,-0.5743940907008449,-0.9801060287256358,0.0005079310309061174,0.0005332241325635097,-0.2656716026168514,-0.20709741236958726,0.099
1869,test,0,0,1.9619487457971763,-0.5750498399911443,-0.9791766074498947,0.000496648495715501,0.0005049925987261101,-0.2605254899930464,-0.20752558506672955,0.097
1870,test,0,0,1.9627289956632137,-0.5712689057822632,-0.9842651641314775,0.0004761329181873355,0.0004652503682610139,-0.2615169075769862,-0.2062108334021447,0.095
1871,test,0,0,1.9599148871042775,-0.5750511499567249,-0.9809030329137705,0.0004951020239615717,0.0005035501167774324,-0.26132277435736756,-0.20774696412067203,0.1
1872,test,0,0,1.9610611071722717,-0.573133338998221,-0.978419824860874,0.00048697829288942636,0.0005020006274431542,-0.26568992925266655,-0.2065114297651385,0.101
1873,test,0,0,1.9611384961328289,-0.5765456621385084,-0.9805684414234777,0.0005000080849290842,0.0005056707522435907,-0.2670778178614416,-0.2082297013652175,0.1
1874,test,0,0,1.957940210051581,-0.57635685445319,-0.974186689959962,0.0005126990539759408,0.0005612217593935754,-0.25826667154968186,-0.20769762130526168,0.096
1875,test,0,0,1.9592651767679334,-0.5736393246381355,-0.9823393988106113,0.00048586217428307836,0.0004963146683270768,-0.2701611996756804,-0.2070169096623115,0.1
1876,test,0,0,1.9595784060359758,-0.576077275980821,-0.97622491190819,0.0005105304539857132,0.0005605065311116826,-0.26962350367807586,-0.2075586675697143,0.099
1877,test,0,0,1.9638349569472109,-0.5720781314460153,-0.9794725094651513,0.00048184537609205675,0.00047009897149926055,-0.2590636077107732,-0.20644764032539417,0.095
1878,test,0,0,1.96218928191249,-0.568801694542581,-0.9869279892165528,0.0004927806521107052,0.0005003805987351548,-0.25863891799424227,-0.20539178465652003,0.102
1879,test,0,0,1.9601640581409117,-0.5726116329991388,-0.984311252281536,0.0004850381434834492,0.0004812563868928156,-0.2627706642223162,-0.20676690005817083,0.1
1880,test,0,0,1.9617906786608517,-0.5737817102832377,-0.9770669053199366,0.0005079709982993906,0.000540526778316428,-0.26512415665854605,-0.20677285969775772,0.1
1881,test,0,0,1.9617402008496958,-0.5703756205579658,-0.985252107287915,0.0005047087903579529,0.0005200955053580776,-0.2625520600034097,-0.2055907017750628,0.102
1882,test,0,0,1.9603525767871885,-0.573862451516669,-0.978498709894065,0.0004983328231005187,0.0005077705104698666,-0.2649855115590478,-0.2069574252238936,0.097
1883,test,0,0,1.9597964688983267,-0.5715133400279582,-0.9816768147398705,0.000487488820568431,0.0004907333369395804,-0.26889974437710773,-0.2059973098797902,0.098
1884,test,0,0,1.9620835494842535,-0.572092434016913,-0.9819624359444656,0.00047918634642504077,0.00046780866136316254,-0.26886206455332073,-0.20629704112976938,0.1
1885,test,6,1,1.306034268973164,-0.1717066398091458,-1.6326365542938528,0.0006409665456946955,0.0007905603673854505,0.007548429623753095,-0.08156657048198032,0.054
1886,test,6,1,1.3195430915113169,-0.03558303411558242,-1.7288652482759448,0.0008962140905889576,0.001374324825177164,0.04170396729852976,-0.018494595142258936,0.04
1887,test,6,1,1.3442331046004243,-0.1467841319095817,-1.64358370149396,0.0009107499548415832,0.0014784058408498677,0.02554815641495574,-0.07284260995713229,0.04
1888,test,6,1,1.5740587672809803,0.1918977535563145,-1.6391489670610426,0.0011359280059714332,0.001587472144748923,0.18430369238651853,0.07105926153739366,0.06
1889,test,6,1,1.2450058479339232,-0.13647170169594489,-1.7031293167058015,0.0010778733233546423,0.0019412853453580911,-0.002060672283734253,-0.06631211686208166,0.051
1890,test,6,1,1.2498315470044992,-0.10915930341341509,-1.7132690492693474,0.0007743242786079751,0.0010757051995639035,0.00794524640680332,-0.05435217471074705,0.047
1891,test,6,1,1.3206120113778441,0.062311043447255056,-1.7812737590489691,0.0010115606499442398,0.0012521899388237001,0.08887321110186534,0.01943792931680479,0.03
1892,test,6,1,1.4476693792507696,0.19485182584748462,-1.7279078065840048,0.0011473059543937146,0.0017748707158131945,0.15919638698141317,0.07820269470514027,0.034
1893,test,6,1,1.406457447090056,0.12051623573282773,-1.7666522785195526,0.0010162798013968579,0.001186435905683976,0.13097197295299345,0.04751310216889765,0.039
1894,test,6,1,1.9881053231570485,0.7401170843022092,-1.1069071676769497,0.0019360720827854754,0.0027747136044845677,0.4083243296545295,0.29702773390903053,0.025
1895,test,6,1,1.5731790297576893,0.3888112109841404,-1.6433933329621189,0.0016482708829009768,0.0019293041827908501,0.2493357096182853,0.16597795313619765,0.029
1896,test,6,1,1.5819749467317024,0.37057158891574027,-1.5988612236519346,0.0010390415956438121,0.0012827484247820928,0.23670666415478148,0.15406555770216376,0.038
1897,test,6,1,1.6912112027647093,0.4355350898882929,-1.5433988862250598,0.0012628276837949317,0.0017981277386595388,0.27773908737155006,0.18019983127353112,0.039
1898,test,6,1,1.4697532842321466,0.31565408482314744,-1.7251668169094685,0.001129654700318613,0.00129083754718029,0.20057979798996842,0.13821259884537496,0.024
1899,test,6,1,1.5099384705892738,0.36866428996543116,-1.6539882343052608,0.0012140773492318054,0.0014980015277340415,0.22145258740655122,0.1573571757824888,0.03
1900,test,6,1,1.6238125903472365,0.557622711697177,-1.4917628425276,0.001156537841127984,0.0014562877522998673,0.30142582081579017,0.24223175345447656,0.038
1901,test,6,1,1.4190176879894654,0.3079397931816037,-1.7395341975918126,0.0009811193028750446,0.0011149703142966049,0.1867187035870914,0.1354627349996039,0.019
1902,test,6,1,1.538050204802608,0.26868477140047753,-1.7045630726770837,0.0014381960154866138,0.0016336936788188567,0.20955844863321718,0.10967788026631829,0.029
1903,test,6,1,1.442146815747602,0.2332252176544074,-1.7224998644288028,0.0010750354282467749,0.000968502739009638,0.16360575987158632,0.09637623402347956,0.04
1904,test,6,1,1.440515081626464,0.07474169402658118,-1.6972984406974214,0.0007996649638804601,0.0010530684483350979,0.11680528261258101,0.02371870190667566,0.057
1905,test,6,1,1.3209751272578902,0.0246236736437777,-1.7795009469457939,0.0008331927949354222,0.0008787831958272554,0.07280430890296025,0.004926877443072671,0.032
1906,test,6,1,1.8494852233455914,0.5478581918665726,-1.2632242094595365,0.0015046522698891928,0.0015591144578564159,0.3213348816166705,0.21005759005069322,0.061
1907,test,6,1,1.617399783108633,0.3405911576522587,-1.596463826904003,0.0010089632091082928,0.0009583410712302319,0.24144031277894487,0.1357620676996729,0.049
1908,test,0,0,1.9707894160804358,-0.5810128900273662,-0.9598740314282259,0.00044273613457254413,0.0003715414818785098,-0.2545417392956496,-0.20958620987549514,0.101
1909,test,0,0,1.9622436635575833,-0.5793811269202044,-0.9741345802374908,0.00045590994974389643,0.0004136966650894675,-0.258371321710832,-0.20943088511567004,0.097
1910,test,0,0,1.963805510001907,-0.5770395713097434,-0.9716927943734861,0.00048222248183837853,0.0004671550780479403,-0.25950034853437903,-0.20807215368628024,0.101
1911,test,0,0,1.961682170563658,-0.5734119166903086,-0.9822703069408059,0.0004924678213229174,0.0005009149886414574,-0.26028245098561464,-0.20705428301454157,0.099
1912,test,0,0,1.962621956091535,-0.5742871677902185,-0.9793213306991762,0.0004978090358538911,0.0005005493787285084,-0.25662539334229467,-0.2071861194566508,0.097
1913,test,0,0,1.9614605347079637,-0.5702598292805992,-0.9859921696418774,0.000492741242648563,0.0005264664624315084,-0.2624290893511593,-0.2057355805188936,0.1
1914,test,0,0,1.9610179714771112,-0.5732999792976411,-0.9827615562330116,0.000492925777500952,0.0004860328440132311,-0.26088298475381355,-0.2067945195005323,0.096
1915,test,0,0,1.958952802953275,-0.5718638042921751,-0.9835648141897488,0.0004970757271342494,0.0005238588085136581,-0.26697690032611476,-0.20601169114436357,0.103
1916,test,0,0,1.9593928115190438,-0.5724569422237646,-0.9832022315747384,0.0004745028111710554,0.00046117010078182283,-0.2608311867081402,-0.2064768123441563,0.098
1917,test,0,0,1.9587423521339626,-0.573892929049364,-0.9770806899476985,0.0004922570686536796,0.0004780432600217917,-0.25548785223754733,-0.20686201200705956,0.096
1918,test,0,0,1.9600761469500587,-0.5715708312160718,-0.9859738091162029,0.0005036416678367177,0.0005091624153415037,-0.26252676672845815,-0.2064364720933876,0.102
1919,test,0,0,1.964038548272104,-0.5756820260605033,-0.976359992847081,0.0005045833417164336,0.000526548746283756,-0.2643481587869085,-0.20759874668056416,0.102
1920,test,0,0,1.958055369310962,-0.5729531929212014,-0.9847254742275737,0.0005159160236854611,0.0005697628664713633,-0.26143645094556917,-0.20677979434850205,0.097
1921,test,0,0,1.9602098767210325,-0.5744656045620739,-0.9786723317609805,0.0004952327297500956,0.0005271937157889468,-0.26322282332912317,-0.20717450977848714,0.098
1922,test,6,1,1.6786999698737124,0.36618691454210867,-1.3268430400195197,0.0007397640297175681,0.0007780318150044475,0.19553590060580747,0.13566739280293416,0.069
1923,test,6,1,1.52913356583223,0.34483997161766955,-1.6676112440567905,0.0015153485846413767,0.0019235630881143876,0.21591358281293827,0.1474356142020689,0.037
1924,test,6,1,1.3395783917442678,0.16018512973481158,-1.7736716237714893,0.0012516773366876694,0.0013988486276972864,0.1241181657149382,0.06570613553631657,0.031
1925,test,6,1,1.3735388345894182,0.16397813307475076,-1.7651710502056126,0.0014535729767962157,0.0019013087747773837,0.13127921585231142,0.06808992358959268,0.035
1926,test,6,1,1.4663301781138307,0.2627032826051913,-1.6887736707246743,0.001198505340858134,0.0014465197186306672,0.18013722520930459,0.10927019250221269,0.042
1927,test,6,1,1.4958828881493722,0.44731742873425606,-1.6237297965553485,0.0012453511650049437,0.001353987549773306,0.24193223859497384,0.1965654584283725,0.029
1928,test,6,1,1.53789930287329,0.18955297718439137,-1.6817822537527594,0.0011110761124101642,0.0017064782555054213,0.18686838298019232,0.0697484055255926,0.04
1929,test,6,1,1.7166544186171473,0.5237135529564733,-1.4486965999864152,0.0015100874752890167,0.0017888354590523733,0.3117342581792991,0.2157027013713877,0.032
1930,test,6,1,1.3563178404500185,0.21493578539722194,-1.765783879526806,0.0011900651146137685,0.0014701569582355291,0.1363530323774487,0.09132660781792677,0.029
1931,test,6,1,1.6837860257515482,0.43795526374084204,-1.535188330359196,0.0016108333099608457,0.00211303921398368,0.2728653409543304,0.18253580521263546,0.061
1932,test,6,1,1.8432855663384689,0.533334558980409,-1.3120792304493205,0.001188613183552449,0.0016933823571159451,0.3152856854978518,0.20661340604475703,0.052
1933,test,6,1,1.665064533015284,0.30392779139236625,-1.5476396325676904,0.0008962470388686149,0.0010410375771820952,0.23572184758839454,0.11210126233111507,0.041
1934,test,6,1,1.7448759067698791,0.44520384454751283,-1.4167254011783827,0.0011772383263613916,0.0013053352779847725,0.28902146018024094,0.16796053783159998,0.034
1935,test,6,1,1.4696843751110948,0.4378291121701345,-1.6443605553443763,0.001511028355690605,0.0016405669856004378,0.2312093275210001,0.19478065922417748,0.03
1936,test,6,1,1.3817529084035074,0.19756666562146502,-1.750392275083945,0.0009612749656867898,0.0010651878771659469,0.1345850514735782,0.08157451799483346,0.036
1937,test,6,1,1.5201926170178006,0.25587270390090994,-1.7122524220220727,0.0011301408002231561,0.001592945556984264,0.1952389085137684,0.10795364284731786,0.04
1938,test,6,1,1.4057865443752202,0.21309289333090048,-1.7520478446938343,0.0008288550837684639,0.0008963102277309485,0.15296643375457233,0.0898261403587385,0.039
1939,test,6,1,1.3273650120629124,0.144573333493866,-1.783832349179956,0.0008813893198536258,0.0008994787725249728,0.11398788866872821,0.05836574830435318,0.028
1940,test,0,0,1.9689318596769827,-0.5831655646220624,-0.9650154477440696,0.0004532513289599602,0.0004258659449753081,-0.2590022568980949,-0.2108922668103855,0.097
1941,test,0,0,2.0656842826531925,-0.5174323624206021,-1.0840250699283653,0.0002305652734027495,4.8202066435138996e-05,-0.2915125686967521,-0.1897206047746172,0.101
1942,test,0,0,2.070131137357725,-0.5172496097823739,-1.0853092965971218,0.00022996879132043392,4.706235398258251e-05,-0.28958499482117106,-0.18981062807597288,0.101
1943,test,0,0,2.0695345551565056,-0.5180926079510739,-1.0818873129982596,0.00023414440077519917,5.871517551859292e-05,-0.28834361798681457,-0.18991092982855104,0.102
1944,test,0,0,2.0691297318429194,-0.5167061598462663,-1.0846393441325692,0.00023148213886404359,5.355566732447734e-05,-0.2880169024430959,-0.18942714145860887,0.103
1945,test,0,0,2.0730739093615442,-0.5175033083814721,-1.0821280179340862,0.00023345690097894688,5.5236424702732114e-05,-0.2908440145446974,-0.1896847970853679,0.102
1946,test,0,0,2.0661343392828098,-0.5177244175920781,-1.082873506107394,0.0002299095881645784,4.8666477601799815e-05,-0.28884544619010544,-0.18977124604575704,0.101
1947,test,0,0,2.070502624584009,-0.519385377033276,-1.0797184157702353,0.00023360079219560223,5.549094274734529e-05,-0.28917368165707047,-0.19026346554739212,0.103
1948,test,0,0,2.0656761806939734,-0.5161763983086877,-1.0850980092242926,0.00023297479574088458,5.32209627606529e-05,-0.28940874416002815,-0.1892241496350529,0.102
1949,test,0,0,2.069309819574798,-0.5180642421870909,-1.0822401550839693,0.00023111018886834794,5.2107374804551105e-05,-0.2892636202779653,-0.18977687247244482,0.102
1950,test,0,0,2.065869642921026,-0.5172447291374364,-1.0842659347822499,0.00023196147882620732,5.335122116702763e-05,-0.28830201181456455,-0.18957275097222726,0.102
1951,test,0,0,2.067458189442052,-0.5157806061451494,-1.0859307914309124,0.00023354612092517645,5.620724514648331e-05,-0.28871102865530673,-0.18923208786354828,0.101
1952,test,0,0,2.07088544308592,-0.5187227418417483,-1.0797694009563636,0.00023312870336300332,5.462205227321923e-05,-0.2911237070119979,-0.18999095326433038,0.101
1953,test,0,0,2.066534024345727,-0.5178611134432703,-1.0836729132147593,0.00023250981812741786,5.3228456783976515e-05,-0.2895931271371424,-0.1898454954491346,0.102
1954,test,0,0,2.071451718296057,-0.5169680356632694,-1.0837227325162884,0.00023484688445345227,5.70857595143263e-05,-0.29101283211740103,-0.18952390101824235,0.103
1955,test,0,0,2.0697187410326268,-0.5179601308823255,-1.080131017885843,0.000230013223611726,4.80674675264918e-05,-0.28878024982545697,-0.1896312562238591,0.104
1956,test,0,0,2.067003967214196,-0.516417516342702,-1.0836211121097257,0.00023411282431423907,5.627121228288656e-05,-0.28941747482265534,-0.18922041412529428,0.102
1957,test,0,0,2.06809916286091,-0.5155100279830369,-1.085864436229207,0.0002322940714032074,5.177361617826836e-05,-0.29011975149067504,-0.18898940784332535,0.1
1958,test,0,0,2.06827597557871,-0.5159702802361139,-1.0837473843561003,0.00023227892318708384,5.478640864570435e-05,-0.2910045773831988,-0.1890001367192416,0.101
1959,test,0,0,2.0719513698937053,-0.5165614702103278,-1.0835905204194514,0.0002324251872048263,5.379805081724156e-05,-0.29138617410643963,-0.18930556961421635,0.1
1960,test,0,0,2.0709461283543122,-0.5161543334696355,-1.0835796834017286,0.00023126457104980273,4.856479557108987e-05,-0.291461754184623,-0.18916312154301707,0.102
1961,test,0,0,2.0643409162642525,-0.5175632718910403,-1.0815172469728433,0.0002298007889771073,4.95176010225988e-05,-0.2886087666429248,-0.1896188043909116,0.103
1962,test,0,0,2.065368445722185,-0.5168032867765772,-1.0838121916450123,0.00023154801030244053,5.143098368694676e-05,-0.2890854125167365,-0.18939055357358972,0.101
1963,test,0,0,2.070739954113291,-0.5171003004959772,-1.083552436846149,0.0002334339197889873,5.50921540304164e-05,-0.29170835740314477,-0.18963373845899192,0.101
1964,test,0,0,2.0705325549984033,-0.5182137760135402,-1.0805164175392088,0.00023256299246362603,5.3727170422593534e-05,-0.2910759843870621,-0.18975161608736552,0.101
1965,test,0,0,2.0698804810904052,-0.5169474311468674,-1.082435580250382,0.0002354252577424383,5.7101671253144006e-05,-0.289617407072467,-0.18941136405270795,0.102
1966,test,0,0,2.062502794554116,-0.5157596006482802,-1.0847415706044095,0.00023240177600822602,5.356234415569008e-05,-0.2887313490226137,-0.18908703626044335,0.1
1967,test,0,0,2.067038719112803,-0.5165109970303958,-1.083836159478067,0.00023254714367592033,5.6157066869776e-05,-0.28989468735331037,-0.18931838269707257,0.1
1968,test,0,0,2.06811101829814,-0.5169239684119458,-1.0833668155344225,0.0002335317073311182,5.30174279986048e-05,-0.29076508104701065,-0.1894525775778806,0.103
1969,test,0,0,2.0695380155597065,-0.5171913587667246,-1.082483843489265,0.00023269802333948517,5.333769685205027e-05,-0.28902469928738356,-0.18948830068305847,0.1
1970,test,0,0,2.0703175853457076,-0.5164561445515854,-1.0829280355421116,0.00023180445079009048,5.204510419642816e-05,-0.29000819136994643,-0.1891611467157628,0.102
1971,test,0,0,2.068470637600594,-0.517135125362977,-1.0821271277909439,0.00023341724570211084,5.3120057917976384e-05,-0.290287355257592,-0.18942133818822238,0.101
1972,test,0,0,2.066375437476665,-0.5170705865197935,-1.0825517576291481,0.00023042478336156083,4.644905822655142e-05,-0.2899108745054195,-0.1894261373870831,0.101
1973,test,0,0,2.068742285052343,-0.5155908240122492,-1.0845639721579692,0.00023324691321108306,5.649306988543713e-05,-0.2908606819439713,-0.18896210876426703,0.101
1974,test,0,0,2.068039500069395,-0.516003586251117,-1.0862435673769535,0.00023247525338596507,5.3318963944083015e-05,-0.2905968441271386,-0.18927416780405293,0.1
1975,test,0,0,2.064188425051037,-0.5170313472285053,-1.0832010527036584,0.00023037821002859884,4.7142511488685164e-05,-0.28782393573650195,-0.1894601654948855,0.102
1976,test,0,0,2.066765731945253,-0.517056862719803,-1.082462319356657,0.00023153745816762372,5.270941058287369e-05,-0.29036240004199154,-0.18948439201515882,0.102
1977,test,0,0,2.069004957234276,-0.5165501854269775,-1.0853134526120025,0.00023353741032069016,5.476608033742461e-05,-0.29014745551329724,-0.18948622934693213,0.102
1978,test,0,0,2.066811644153449,-0.5153801771863354,-1.085481015365605,0.00023191111176460705,5.533509222143751e-05,-0.28965903071413035,-0.18889374230883038,0.101
1979,test,0,0,2.0621238364376655,-0.5152931854621163,-1.0856531537291247,0.0002315155244968466,5.330028502620664e-05,-0.28798698088727165,-0.18881449846385837,0.1
1980,test,0,0,2.071440482614794,-0.514822463995963,-1.085521718971407,0.00023262562916359086,5.33368386063763e-05,-0.28996055012487226,-0.18869822310894005,0.101
1981,test,0,0,2.068285581222077,-0.5164514961518488,-1.081660444935397,0.00023186758778967492,5.084241664830193e-05,-0.2902740634454186,-0.18905421786524573,0.102
1982,test,0,0,2.064705155972775,-0.5159628758407905,-1.0840084253956848,0.00023211807615417822,5.1277954191909605e-05,-0.2891503548989931,-0.189009658168705,0.103
1983,test,0,0,2.0676496413415975,-0.5142399067926899,-1.0870952664950453,0.00023147469751246352,4.8809952647041235e-05,-0.28933833424808036,-0.18842414009286992,0.101
1984,test,0,0,2.066182532429786,-0.5153487279157706,-1.0844149436380517,0.00023129877721513034,5.072572318245095e-05,-0.2896697032134519,-0.18875170429888524,0.103
1985,test,0,0,2.0652593022379,-0.5158580371396647,-1.0859191520588232,0.00023185103064008412,5.016619383672733e-05,-0.2885236191991613,-0.18915799843216066,0.101
1986,test,0,0,2.070285467224334,-0.5154993575952396,-1.0851340049092018,0.00023424192722010706,5.704108474199443e-05,-0.2892708858528223,-0.18898540029583757,0.102
1987,test,0,0,2.0590480302643774,-0.5143443732480347,-1.0862479388587851,0.000229881615441354,5.130209786960494e-05,-0.2864217848289563,-0.1884036405990081,0.101
1988,test,0,0,2.064334429537508,-0.5140038418605974,-1.0868789001081847,0.0002333486236747047,5.4078504586872475e-05,-0.2888111917025203,-0.1883977416695185,0.102
1989,test,7,1,1.4112886817082013,-0.35054471702212775,-1.5124185481045163,0.0004870540874486959,0.00024257130333723968,-0.10108183182135817,-0.15348662847027233,0.064
1990,test,7,1,1.5818853995263973,-0.46284709284316516,-1.3031196071576334,0.00047955450986076833,0.00023032713069649164,-0.1674278180091537,-0.1859020990590926,0.077
1991,test,7,1,1.557224030342202,-0.44726958212160367,-1.3237579924658895,0.0004515076781949068,0.000220437035051121,-0.14673069082780224,-0.18047259414841815,0.074
1992,test,7,1,1.47732883701069,-0.39161558254918216,-1.440050843737123,0.0004014738303241383,0.00020330681325570892,-0.12617206816558185,-0.1657576432966833,0.068
1993,test,7,1,1.481460086525499,-0.3764763806962792,-1.4454201697977433,0.0003480492067112921,0.00018032708355484933,-0.10833508058180094,-0.15954429454150015,0.069
1994,test,7,1,1.4471769802473236,-0.31537340805538044,-1.5048267469064567,0.00037319758039752277,0.00022568556740063116,-0.09760511038008217,-0.1332894472276814,0.065
1995,test,7,1,1.5511550627429629,-0.41915261193457287,-1.3675707839891196,0.0002996924209336792,0.00011538792325552761,-0.1329194654416151,-0.1713335749182492,0.069
1996,test,7,1,1.5331578831068178,-0.38851585647797954,-1.414868072344986,0.0003192041825416222,0.00017040775338326552,-0.14230853341815922,-0.16103964535118973,0.069
1997,test,7,1,1.4221909352830477,-0.33819002851591284,-1.507403272439581,0.00046217234618914745,0.00023348388916080595,-0.06821901393436652,-0.14977441973967498,0.065
1998,test,7,1,1.4718557728905621,-0.36295124978523297,-1.4697936604513837,0.0004159817208337655,0.00016513694657849067,-0.10584071352886697,-0.15627067064150388,0.071
1999,test,7,1,1.3020855812081722,-0.1883418588529304,-1.6827568712494743,0.000678881463532029,0.00033144247022757133,-0.043885438613486885,-0.08894701913300716,0.051
2000,test,7,1,1.387088819578871,-0.2765826769541685,-1.5887871139582335,0.0004890945098296859,0.00021677384386133538,-0.07530186458524085,-0.12452823500787868,0.057
2001,test,7,1,1.3826037398013316,-0.2800980257734275,-1.5744315573744216,0.0005387628797227618,0.0003409518063875526,-0.06339311192667411,-0.12583090215309461,0.054
2002,test,7,1,1.437492952282402,-0.07261559760123612,-1.5979145117810718,0.0008954727981147334,0.0009965530366791316,0.06646301666777793,-0.04888515952024308,0.046
2003,test,7,1,1.3412150922437167,-0.24656708730736132,-1.6381913459079533,0.0004757709047494428,0.00018750712215114063,-0.0617145681512409,-0.11470251804100139,0.053
2004,test,7,1,1.3012815485214824,-0.06524744373627155,-1.7363327087364995,0.0005470411431763007,0.00031521125368140756,0.037608080831238705,-0.03747228320510683,0.037
2005,test,7,1,1.2634453370785317,-0.10291686376554218,-1.698395202556095,0.0006541754719723763,0.0005652640786954516,6.964604671923127e-05,-0.04781040165687532,0.046
2006,test,7,1,1.3099946645198937,-0.15612857076825307,-1.6593744034828857,0.0003756454389639345,0.0002272989869031716,-0.026822161584677113,-0.07358088020345047,0.044
2007,test,7,1,1.4184698671273241,-0.11785311082668677,-1.5571553774074218,0.000393506271843825,0.00024100006215522376,0.031133442568361966,-0.05957416182389793,0.053
2008,test,7,1,1.3563794545024856,-0.24868012648768145,-1.5854364800142686,0.00039787150012449184,0.00020009184230078018,-0.02255967566238499,-0.1153976668653628,0.052
2009,test,7,1,1.3689788048979425,-0.11129980246410003,-1.6357789131264018,0.000436901235228012,0.0002740441582748698,0.0365310557313642,-0.056906696419254964,0.045
2010,test,7,1,1.2828531295656413,-0.20031786412379687,-1.6801302308174366,0.0009768880094842911,0.0007504607393214636,-0.032926616541176054,-0.09264214581671847,0.04
2011,test,7,1,1.3933311681284652,-0.2861956474436443,-1.541257434099906,0.0003965359975751921,0.00025736789800519504,-0.07375349162230681,-0.12624471664817058,0.062
2012,test,7,1,1.3499510354317052,-0.24125661196513573,-1.6192827240646366,0.0005748739861356261,0.000355979633041823,-0.07148841509401888,-0.10619051688520345,0.043
2013,test,7,1,1.4185093381119018,-0.11436713423964243,-1.537939119216971,0.0004943861448129056,0.0004248723386860382,0.03498354925424232,-0.05768500493929425,0.062
2014,test,7,1,1.342113344624208,-0.21313543695767753,-1.5944260741515792,0.0003624189687302356,0.00018675745945796705,-0.012383091708217149,-0.09576975060443808,0.054
2015,test,7,1,1.233506508425631,-0.13047776793853164,-1.6929141210831367,0.0005982375508922472,0.0002882703120934753,-0.00017359597205020147,-0.06418888157364572,0.045
2016,test,7,1,1.3967564717010923,-0.32923928260385843,-1.52084753279436,0.00044452281013164356,0.00024385283355708644,-0.07655367265973151,-0.1432510882958681,0.067
2017,test,7,1,1.3539666425388652,-0.2775691545451056,-1.5863798930440214,0.000510178033119634,0.00034003788766499377,-0.07129297590820416,-0.12384887229266814,0.05
2018,test,7,1,1.3817541338738335,-0.3038722413806322,-1.5458031195824407,0.00042664221404108924,0.00022779617639028736,-0.07536103861215879,-0.13409506138711114,0.059
2019,test,7,1,1.4061470992994476,-0.33937605444448865,-1.5363954427746462,0.0005365586536347267,0.00031248185396753723,-0.07216084343165874,-0.15129674704596688,0.059
2020,test,7,1,1.3690983972317332,-0.30792425023961345,-1.5882704286658729,0.000821132999834293,0.0007729517283910891,-0.06978204520444363,-0.14066202033395983,0.057
2021,test,0,0,2.0618328731101982,-0.5144370674331721,-1.0880744813916938,0.00023339369320965413,5.482366348898791e-05,-0.28914344184191837,-0.18868359777214141,0.099
2022,test,0,0,2.063167855589638,-0.5150540522776228,-1.083802064011569,0.00023230661387430625,5.4371339330677637e-05,-0.28795377360685936,-0.18855634941795493,0.101
2023,test,0,0,2.06289043317805,-0.5148404931058551,-1.084583939588589,0.00023161828868541477,5.103661592342693e-05,-0.28864321779104174,-0.1886609468846766,0.101
2024,test,0,0,2.063046366662019,-0.5143415215243955,-1.0863858747668238,0.00023107359556667257,5.002569790261548e-05,-0.288649632276821,-0.18849699320249677,0.1
2025,test,0,0,2.067780524146869,-0.5171672886412991,-1.0805608592101326,0.00023110783130539175,5.237442905703716e-05,-0.29139601968170636,-0.18929208815537513,0.101
2026,test,0,0,2.0684541968323154,-0.5134601915807173,-1.0875865719154807,0.00023285611969448326,5.673122421284951e-05,-0.28912367117478227,-0.18814550297344723,0.1
2027,test,0,0,2.066490206181856,-0.5129776798481874,-1.0890608146274012,0.0002309510325880529,5.08143123925877e-05,-0.288261816069993,-0.18814110079829757,0.102
2028,test,0,0,2.064942488399802,-0.5095350662939719,-1.1011042968813807,0.0002236698544469931,2.8813168231039288e-05,-0.2945098080547447,-0.18752815410918983,0.099
2029,test,0,0,2.0644127925147897,-0.5109488583998899,-1.096302375979383,0.00022241354113808568,3.0684732176077796e-05,-0.29279343180226186,-0.18765292726763205,0.1
2030,test,0,0,2.0660181845225023,-0.5113436229536606,-1.0970992663277501,0.00022340204551923176,3.3368480987869166e-05,-0.2953495655694321,-0.1878363459213739,0.101
2031,test,0,0,2.0651511586722044,-0.5110089411383588,-1.0987054526432638,0.00022398005715739382,3.196699941813717e-05,-0.2948053281776568,-0.18792677853701484,0.098
2032,test,0,0,2.0647303247871225,-0.5107949630316757,-1.0976792933550612,0.00022236124331943447,2.9218115742487555e-05,-0.2944407475201766,-0.1876749630463441,0.1
2033,test,0,0,2.0655718815509583,-0.5113096087016875,-1.0970512924659457,0.00022242257536970818,2.9080428442735567e-05,-0.29454756308419144,-0.1878681807994287,0.102
2034,test,0,0,2.063343608630731,-0.5108769605853798,-1.0982282487362485,0.00022254699756808226,2.7429988752982956e-05,-0.2939634601396105,-0.18783622154436827,0.099
2035,test,0,0,2.063936560160628,-0.5126535126213503,-1.0958149617654949,0.0002226108555837839,3.2013619485133445e-05,-0.2945070073773813,-0.18837678450436307,0.097
2036,test,0,0,2.0645641232650216,-0.5123658043795705,-1.0958242631257091,0.00022264315975458225,2.819242447644776e-05,-0.29533398310532283,-0.18822388967524106,0.1
2037,test,0,0,2.0659596177198596,-0.5117570763849985,-1.0970855689276107,0.00022391430363039394,3.138501099665441e-05,-0.2949779008061938,-0.18814352302336884,0.101
2038,test,0,0,2.0602900193425544,-0.5124437267521902,-1.0956964798271174,0.00022116088394083175,2.6788696592433734e-05,-0.2945797063056856,-0.18822201777199718,0.1
2039,test,0,0,2.066434801469908,-0.5127807427300055,-1.095493270200014,0.00022232323739107914,2.928611069417531e-05,-0.29386282420740006,-0.1884390048651368,0.101
2040,test,0,0,2.059952302546086,-0.5113823099608293,-1.0979462721594873,0.0002232911819683201,2.7885964218837394e-05,-0.29244354682106766,-0.18804118515225582,0.1
2041,test,0,0,2.06529902485882,-0.5134173911727952,-1.0934700250239353,0.00022238603289340226,2.9443022072432595e-05,-0.29505954604885104,-0.18854102804545742,0.101
2042,test,0,0,2.065863461881479,-0.5123232585695736,-1.0950680392175058,0.00022247341181531717,2.8953153150172112e-05,-0.29465222811316555,-0.1881699375028883,0.1
2043,test,0,0,2.065178831003603,-0.5113296592353939,-1.0970149449686135,0.00022332508961899616,2.924131404055339e-05,-0.2932614447246932,-0.1879311275451755,0.1
2044,test,0,0,2.0610568287722413,-0.5137818567473824,-1.092484541891785,0.00022060080265414667,2.690706401681788e-05,-0.29320216168276153,-0.18857331301966362,0.1
2045,test,0,0,2.0658449423806533,-0.512573865483195,-1.0955067575400987,0.00022450848264472947,3.199677086140565e-05,-0.2952358428829245,-0.18833271975134874,0.101
2046,test,0,0,2.0598476250290574,-0.5107715008912918,-1.098560770135392,0.00022254720831975353,2.8535841118830704e-05,-0.29359767324287195,-0.18776275903212833,0.1
2047,test,0,0,2.0606655250924213,-0.5128567399337784,-1.0944135566326212,0.00022184473585978067,2.8122152009117912e-05,-0.2936686205339098,-0.18831516358152028,0.101
2048,test,0,0,2.0652207150295965,-0.5118617271792275,-1.0969614692691587,0.0002233411796587177,2.9853131414003892e-05,-0.29535131460442665,-0.18814615829089387,0.102
2049,test,0,0,2.0642786298656692,-0.5128380846823453,-1.0960127697248143,0.0002234611297920837,3.086097674538118e-05,-0.29429324450332145,-0.18853849918552873,0.1
2050,test,0,0,2.060710920352828,-0.513418195935563,-1.0947325182089949,0.0002227230919428213,3.337057030355807e-05,-0.2941160034011928,-0.18868222746669266,0.101
2051,test,0,0,2.063853621087525,-0.511815453002078,-1.0981635936454217,0.00022342694585046147,3.0244829276537865e-05,-0.29507956618604786,-0.18825913342954792,0.099
2052,test,0,0,2.062772616604318,-0.5123993195017006,-1.0967496946903872,0.00022226791242415395,2.808591772267364e-05,-0.294183667429131,-0.18842868789436454,0.101
2053,test,0,0,2.061100342228952,-0.5122459947860131,-1.0955698685825264,0.00022230206777558933,2.970971915146358e-05,-0.2935999260975312,-0.18810644679928853,0.102
2054,test,0,0,2.0634482434359684,-0.5119309276272116,-1.096836618343688,0.00022353468022795283,2.930711374918509e-05,-0.2950181316052026,-0.18816045940597548,0.1
2055,test,0,0,2.0633879997421594,-0.5117042474754205,-1.0966536606686657,0.00022204772278127625,2.8999902511089525e-05,-0.2942516751224171,-0.18808202575768018,0.099
2056,test,0,0,2.06178953717019,-0.5128144183387431,-1.0945716325567683,0.0002222873430271585,3.03233644569184e-05,-0.29273195953738007,-0.1883704658795996,0.101
2057,test,0,0,2.062701892983064,-0.5115922838526799,-1.0983090642547308,0.0002228592295794615,2.741064583210548e-05,-0.293539502704295,-0.18815408953803228,0.1
2058,test,0,0,2.06023108517168,-0.5126588950826916,-1.096254022971613,0.0002233710831533897,3.139652572959958e-05,-0.2938275258660115,-0.18849590480367506,0.101
2059,test,0,0,2.0644588253749396,-0.5137244394090051,-1.092357608446254,0.0002234158389816731,3.254787915988524e-05,-0.29447186407017606,-0.18863523318210682,0.101
2060,test,0,0,2.058753082514571,-0.5122110490165875,-1.0970286006131322,0.00022241958850091525,2.9637892616053498e-05,-0.29337229415508814,-0.18835784421028276,0.099
2061,test,0,0,2.0597752154509568,-0.5129109340037011,-1.0952681638628459,0.00022154306072535673,2.8185002634577688e-05,-0.293465611172905,-0.18846342156786328,0.1
2062,test,0,0,2.057731875127597,-0.5133557824777535,-1.0947064916308928,0.00022305052997998115,2.9892554487681442e-05,-0.29291917271069023,-0.18868555089982264,0.099
2063,test,0,0,2.057290410163245,-0.5115327791716786,-1.0999392038381595,0.00022315739814320783,2.97350068362218e-05,-0.293288226893874,-0.18828880584326887,0.099
2064,test,0,0,2.06298545430541,-0.5141561226196205,-1.0935573161153251,0.00022314007709918783,2.9777092048412993e-05,-0.29486038786832236,-0.18894387108147925,0.099
2065,test,0,0,2.059498049108457,-0.5131596769109442,-1.09571137452514,0.00022216549737299012,2.8510968152037055e-05,-0.29390868133289616,-0.1886834035562469,0.101
2066,test,0,0,2.0622161638689698,-0.5124201586080862,-1.0979711559786711,0.0002240348243747297,3.0235365600338812e-05,-0.29471789861431286,-0.1885509102789431,0.098
2067,test,0,0,2.063165334738383,-0.5135760796553596,-1.094926898387857,0.00022250036367105593,3.03941755831431e-05,-0.29464443857468237,-0.18878537288703,0.101
2068,test,0,0,2.061255065470488,-0.5119944836314873,-1.0969063133012835,0.0002231542586494539,3.203240327904278e-05,-0.29516321372237175,-0.18821945261792916,0.101
2069,test,0,0,2.0616588729134206,-0.5120555998585862,-1.0976374747259374,0.00022272982410084918,2.8253993685731137e-05,-0.2948366202163954,-0.1884429891579806,0.101
2070,test,0,0,2.060787142649597,-0.5144790816211655,-1.0927663722253371,0.00022271238139249454,3.1406983664975744e-05,-0.29348081570569656,-0.1890191390545154,0.1
2071,test,0,0,2.0626523372205803,-0.5132143433604844,-1.0959136895506174,0.00022254846616038496,2.9452546156228385e-05,-0.2937061461754941,-0.1887907026526176,0.1
2072,test,0,0,2.0660778711263688,-0.5124078588360911,-1.0965759557195773,0.00022327809952448125,2.9120594652781012e-05,-0.29373854655328563,-0.18847428535244012,0.101
2073,test,0,0,2.0576844279717057,-0.513290863557793,-1.0943213720628793,0.00022124366120462342,2.8369260449060304e-05,-0.29376167397420716,-0.188552558301681,0.099
2074,test,0,0,2.0569381843258165,-0.5121530898225425,-1.0965694865775482,0.00022122934121411,2.4694786564148982e-05,-0.2927270153351611,-0.18824490802653138,0.1
2075,test,0,0,2.0651876251731855,-0.5116549991701617,-1.0980182499107516,0.00022366314995406086,3.123707648132834e-05,-0.2950821241095388,-0.18825629077406925,0.1
2076,test,0,0,2.0639806447006603,-0.5130821943360735,-1.0945166618229516,0.00022135834228925033,2.764033719757358e-05,-0.29478459249985606,-0.1885541972919583,0.102
2077,test,0,0,2.0591878736684075,-0.5130989535403524,-1.0956210292589412,0.0002220663747027167,2.657793436403321e-05,-0.2938435736953937,-0.18870856764885793,0.1
2078,test,0,0,2.0651976104857965,-0.5120007436910656,-1.0984962533948,0.00022265578817011827,2.808318214664546e-05,-0.2956055373471263,-0.18842851264200414,0.1
2079,test,0,0,2.0640240255179876,-0.5139144897217537,-1.0941169471567425,0.00022117846179215743,2.866159802312653e-05,-0.2941351697403622,-0.18886761002242652,0.102
2080,test,0,0,2.06319594649284,-0.5123657911698949,-1.097578124688048,0.00022427057169112038,3.230990266359573e-05,-0.293594547249704,-0.18851472729473906,0.102
2081,test,8,1,1.3084480945216896,-0.016991972432387682,-1.7274719892888257,0.0014678631391646295,0.0015913844465308075,0.06885345017344997,-0.01735365994964894,0.047
2082,test,8,1,1.3601888564708242,-0.14751512571142222,-1.5916575546566245,0.00048331856099441845,0.00028736814869671567,0.02099909479715171,-0.07030618238040241,0.047
2083,test,8,1,1.4435625151719473,-0.3764800189310026,-1.4676979106438115,0.0006743701874931645,0.00047757506524873355,-0.10222589134205835,-0.16159878512200543,0.061
2084,test,8,1,1.3685396760959578,-0.06695211125775935,-1.7051019038606345,0.0009395808448904535,0.0006957744815519262,0.0742570943773738,-0.04359977632997913,0.044
2085,test,8,1,1.3460634571435677,-0.02156944206293567,-1.7537531124581363,0.0009961141013739194,0.0005751966429416498,0.07186688827781039,-0.017743669779834065,0.034
2086,test,8,1,1.4623898629991452,-0.37357715925192364,-1.4570900362688313,0.0009367798401464359,0.0008906822745811762,-0.09686817762647326,-0.1600489980473449,0.064
2087,test,8,1,1.498718023064276,-0.40516874505594136,-1.4146126277446978,0.00045370662239788395,0.00024281309751470378,-0.11452791379715967,-0.16987651383177269,0.069
2088,test,8,1,1.5096057735955946,-0.4098597311493226,-1.4151222899170068,0.0005631486443519141,0.00047731187188109565,-0.1379182128119853,-0.17237293799788356,0.074
2089,test,8,1,1.4181117633462832,-0.018557065362880418,-1.6697260022831049,0.0011702519118524607,0.0012568562749387868,0.07964007708920517,-0.020195500361872714,0.04
2090,test,8,1,1.3977507673867369,-0.33144178686738807,-1.5498192020981572,0.0007931706840071909,0.000726450954213333,-0.09648559221908355,-0.14786199804939953,0.064
2091,test,8,1,1.4189123949668088,-0.31715463335694033,-1.55068837331674,0.0007820388625719949,0.0007403414022229926,-0.09617854655052528,-0.14066793105825515,0.06
2092,test,8,1,1.5891724919674406,-0.41405162541942775,-1.3580026230435098,0.0002694139534386751,8.83152653931932e-05,-0.15381736634266704,-0.1674178639326626,0.074
2093,test,8,1,1.386608482809269,-0.3128886299148851,-1.5951852461116094,0.0007345012614725496,0.0006390156830533484,-0.09335368787006747,-0.14280009343656466,0.051
2094,test,8,1,1.2785390454191783,-0.10457701330891672,-1.6492153174955824,0.0005295238315662662,0.00043043536332001845,-0.010306421769636963,-0.04947817802877163,0.058
2095,test,8,1,1.3648263054538248,-0.2209917037366817,-1.6443872891641795,0.0005043931334982781,0.0003382540407226964,-0.07403644980047379,-0.10028358871622459,0.041
2096,test,8,1,1.363817750565733,-0.15734624794536795,-1.5273837551922618,0.0004703809224088987,0.0003696245375711469,-0.005046333273588428,-0.07402777173742188,0.059
2097,test,8,1,1.3364963699725005,-0.21396575010731594,-1.6041116397484914,0.0006250954854815696,0.0005316323638060318,-0.010761296752331683,-0.10007943696017417,0.04
2098,test,8,1,1.478993134834226,-0.34371123730393205,-1.4695125193942074,0.00047644437002096766,0.00045555706129923987,-0.10234645146682415,-0.14266843818864502,0.061
2099,test,8,1,1.3289157422947866,-0.1477932155275512,-1.6001990344558943,0.0003926165052994843,0.00025715328092277575,-0.0031210392253667348,-0.06536537012927124,0.047
2100,test,8,1,1.3973876619173502,-0.19069833797690827,-1.5020676712739143,0.0006124552028440133,0.0004436725850300312,-0.055112531074610026,-0.07891566722941346,0.069
2101,test,8,1,1.4060321032492449,-0.2948440099198038,-1.5635169193856557,0.00042416641823572504,0.00030876838166775345,-0.08293164146624192,-0.12893741536914477,0.059
2102,test,8,1,1.4050299618362088,-0.23794516943839916,-1.5771828611062988,0.00046092390303131966,0.00038702338425865664,-0.07989798433135231,-0.10288744692535536,0.058
2103,test,8,1,1.4162348062391206,-0.23990761658783963,-1.508347275588983,0.0003987795781778483,0.0003104223702558966,-0.05783966429144232,-0.0996762280852253,0.067
2104,test,8,1,1.3374557716472153,-0.20127202474134728,-1.5806990824569889,0.0006611871437700687,0.00045117910776981674,0.004477351862542222,-0.09514716633422372,0.046
2105,test,8,1,1.2688793209714673,-0.061006470875574155,-1.7282397711677306,0.0006271749774986831,0.0005150860378644487,0.029926576066406,-0.03395925031060435,0.033
2106,test,8,1,1.366943715154443,-0.10370385710634583,-1.6430692936909506,0.0010784084414199012,0.0008642717778662405,0.04209476579842938,-0.05409995798956652,0.048
2107,test,8,1,1.3588661591696989,-0.14681880101534703,-1.6456347494816728,0.0009419635961540732,0.0006427123175205992,0.03956466315359091,-0.07765939157460788,0.044
2108,test,8,1,1.2910829194118614,-0.19428180738951803,-1.6645804802083384,0.0006909716900383364,0.0007058742397920082,-0.04345229891373786,-0.0860405718774597,0.054
2109,test,8,1,1.3730863295833322,-0.2903026749133988,-1.5684199085543693,0.0005523574982107965,0.00042979275979305065,-0.07088249035284468,-0.12750775693812955,0.061
2110,test,8,1,1.3865860629985411,-0.31042994972093907,-1.575217547687981,0.00059883073206619,0.0005440413683188485,-0.09190440811578413,-0.13819756223162694,0.051
2111,test,8,1,1.3639090887680185,-0.2838128544257431,-1.5623911094368792,0.0006494859595900406,0.0006450481098025092,-0.03421009009444884,-0.13267648552210612,0.057
2112,test,0,0,2.061087789359257,-0.5109289854297501,-1.1006655349053098,0.00022211951379906564,2.6776595776218598e-05,-0.29344847618727293,-0.18809149412221357,0.099
2113,test,0,0,2.0597319037235464,-0.5103814034439554,-1.1002982870662035,0.00022142456525672626,2.8415821150581042e-05,-0.29394028096274066,-0.18777930441309443,0.099
2114,test,0,0,2.0619176340432266,-0.5114563625379496,-1.0967349008994107,0.00022283833322957482,3.0908945601842816e-05,-0.2934444974903589,-0.1879493695526853,0.1
2115,test,0,0,1.5937706804197975,0.1681143859066944,-1.498282683466014,0.0001971980781740142,5.8433878467393576e-05,0.0946362074039956,0.06684608139714784,0.071
2116,test,0,0,1.6671198236632316,0.1608295337138911,-1.5109626301083845,0.00025872996569862417,0.00017973660517516888,0.10788923815253644,0.06292736232257871,0.064
2117,test,0,0,1.6947651076373065,0.2196496641534255,-1.4584681004263917,0.0003664996416446706,0.00037325399973108203,0.11112746031483942,0.08871159843862966,0.091
2118,test,0,0,1.7586769278896017,0.19072711983734594,-1.4756502285649817,0.0005068354165743648,0.0005946129792401347,0.11821935601114417,0.07794783020186619,0.075
2119,test,0,0,1.683160339848622,0.19083188402444334,-1.4642934944340735,0.0006221307038072169,0.000755897675199313,0.08929497891352874,0.07822221212817898,0.064
2120,test,0,0,1.7056723607783777,0.1873557515968414,-1.4448832447018494,0.0008179006590865899,0.0009760925646718635,0.08491501361524306,0.07871338291716534,0.065
2121,test,0,0,1.7471471523500237,0.17352968434341848,-1.426181921353153,0.000997274015219629,0.0012791276743211897,0.08926255792238617,0.07268901792361523,0.068
2122,test,0,0,1.8154853490507155,0.15768779658289603,-1.4282904454911056,0.0011425287631192218,0.0014191609747092931,0.09952963404539861,0.06824906242498378,0.085
2123,test,0,0,1.72264310761525,0.14499038713259962,-1.4148969725251295,0.001271639149661518,0.00156349608321689,0.06743773314199221,0.06115632307584642,0.081
2124,test,0,0,1.6724698187138902,0.12157591068636942,-1.4259782199321827,0.001560311603416956,0.0019648835725010463,0.046586132032685204,0.05372988275442559,0.073
2125,test,0,0,1.6913941669221895,0.1226652054617086,-1.4101499040253391,0.0015070513711697177,0.0018243842867988651,0.049342669686923635,0.05340794365454015,0.075
2126,test,0,0,1.7335113375972295,0.09027382437346683,-1.4031296619598992,0.0017821606536505788,0.002287332947707877,0.054693484606338515,0.04056288031560032,0.079
2127,test,0,0,1.7693871508646344,0.12181990602011851,-1.3531660722073309,0.0018742110961193423,0.002529627155296172,0.058636696355539836,0.05194366084584104,0.105
2128,test,0,0,1.7494677260726752,0.11049012405241986,-1.3638870879407263,0.0020676710138140255,0.00262077857032556,0.053601075013552886,0.04639526977512329,0.084
2129,test,0,0,1.7907437478331316,0.07245551530533234,-1.3914709778381034,0.0022179525896377297,0.002873570448351545,0.06621596620500932,0.03406200466963924,0.076
2130,test,0,0,1.6981404197711687,0.06795437161441338,-1.3917478254477085,0.002165075934584938,0.0028028301605950894,0.0287659316918674,0.03174412140352855,0.071
2131,test,0,0,1.7646604505979886,0.10038269303902256,-1.3647934002797157,0.0023206664461706663,0.0030412617745348607,0.05349092457400775,0.043334409857992216,0.087
2132,test,0,0,1.7880796107241557,0.1250877625798424,-1.3692019484095364,0.0022257258721368823,0.0030219671774302827,0.06539071823690684,0.054177447873329135,0.085
2133,test,0,0,1.8044481994596129,0.0875642238805187,-1.3707379512330151,0.0026134867485401417,0.00357888927980922,0.06364760219568558,0.03923108176743365,0.079
2134,test,0,0,1.7604221600972452,0.06308265986940234,-1.3961048574641368,0.0024272343614519395,0.003391398170170278,0.047828478777872704,0.029438986404210762,0.076
2135,test,0,0,1.8118936191850574,0.05576812463091494,-1.3576217747766792,0.002653704588846419,0.0035620085169040384,0.056911717786941644,0.02642542205701003,0.078
2136,test,0,0,1.6921523894884494,0.014805884652877912,-1.3801275215727882,0.002720093494376084,0.0037094515745262472,0.01679460368908993,0.011304664449649126,0.085
2137,test,0,0,1.710199054362249,0.023935527137692023,-1.3698355553069972,0.002495690625440233,0.00316399546670048,0.029778479365488084,0.015862699509397112,0.077
2138,test,9,1,2.5920691968790837,1.5247538075179425,0.7123622015873483,0.05203638728757,0.13628913222126637,0.5574799293013145,0.555542249432031,0.157
2139,test,9,1,8.758848690671842,3.001943085191303,19.217188083721588,0.9026520618392768,2.509635197242692,0.7831640375462924,0.44742549209672755,0.696
2140,test,9,1,12.520010017249842,4.45432942147324,37.26787100313377,1.121573914217148,3.1565552767481435,0.8669870276093573,0.5768252233161248,0.93
2141,test,9,1,10.272207698154702,4.260536682756594,28.43111893766711,1.392045396252189,4.11387863934303,0.8591086688748883,0.6440583591699585,0.906
2142,test,9,1,13.388642454459344,7.108500630741223,73.75138468900465,1.6627109320175144,4.841271437313277,0.8961809153838003,0.7492214272286979,0.971
2143,test,9,1,5.4956893495972645,1.035487981288269,0.6831274787575126,0.346506673899611,1.0352451745173417,0.6910170221743358,0.31678780444016863,0.242
2144,test,9,1,6.749055977929321,1.5024302329209498,2.41466120173391,0.31281320403247115,0.8931367271890177,0.7687881684473102,0.4554479601530201,0.464
2145,test,9,1,9.355037290731987,2.2496672123150563,10.774769731955177,0.6201720778022387,1.7824629278296744,0.8389727305047726,0.5039272788500773,0.789
2146,test,9,1,11.730985196384028,3.8004540386288266,27.048972302030343,0.9479758116872089,2.625944429339335,0.8607608067673082,0.6100018031676437,0.895
2147,test,9,1,6.504381289563648,1.7762162363647067,3.3285754685824616,0.5617133209672032,1.684054851253706,0.7848656432956561,0.5357146024590131,0.55
2148,test,9,1,7.63176699440027,1.9615040383078277,5.471567697884044,0.5512044144453743,1.5589862337462872,0.7789163827837388,0.5214714003981828,0.643
2149,test,9,1,8.229624069927779,1.4256029969363464,4.569415303122123,0.4804069703881622,1.347844315184436,0.7760019296073328,0.34677504318756175,0.521
2150,test,9,1,11.456229697119687,2.27380991297784,17.12464896207971,0.5764873343713057,1.5857350942158497,0.832401469514832,0.38167366209918957,0.831
2151,test,0,0,1.6505385588277446,0.13695161290189614,-1.453448850356067,0.0011981250844009758,0.0014915003213098563,0.051156180848034076,0.059454237271246234,0.081
2152,test,0,0,1.7129042770029839,0.14205589442902197,-1.4145152754480959,0.0013533608569496513,0.0017689886031324168,0.06549408387936524,0.06049478919465166,0.077
2153,test,0,0,1.7223258309249565,0.13929024264315173,-1.3990136512939086,0.0015331057622818406,0.0017398930056589485,0.06334373160754199,0.05842453615914567,0.075
2154,test,0,0,1.81280370482712,0.12387701235973757,-1.3851402336352583,0.0017225772124204598,0.001920996350351069,0.07843741059976181,0.05220748248324045,0.075
2155,test,0,0,1.7387277851963174,0.12261520475102938,-1.3985049201720106,0.0018705658905804033,0.0024082359887908906,0.05959670738719769,0.05326645424011918,0.082
2156,test,0,0,1.6825667674987523,0.11337007815368112,-1.4063276496201085,0.0018774539756643569,0.002420215011659681,0.043129136318356666,0.050849517283483026,0.071
2157,test,0,0,1.7362874820805965,0.09596015399357963,-1.3738631478520127,0.002086332944931884,0.0026699526142058253,0.04976489384504252,0.041031026788618356,0.085
2158,test,0,0,1.8269118583912118,0.09783913125761025,-1.3742870716467785,0.002230622034549546,0.0028291661787279883,0.0809997971261596,0.04328033464449032,0.084
2159,test,0,0,1.7845220593247006,0.08335819140791383,-1.372518910754547,0.0023271106310263487,0.002765518784430983,0.06006950362941765,0.03805703251921584,0.088
2160,test,0,0,1.6943051601638148,0.07748300658903148,-1.3791152775870694,0.002266501171174793,0.003054535317017657,0.031392169145567604,0.03630993528389997,0.093
2161,test,0,0,1.8474372713692024,0.07786556298156508,-1.3559519966800604,0.0024341066978663477,0.003045785311825827,0.07234084542281938,0.03506802441642421,0.094
2162,test,0,0,1.769416656192202,0.08984138155109075,-1.3328559607886512,0.002477760449294121,0.00338269772399745,0.04810961231687749,0.03957761939642585,0.102
2163,test,0,0,1.8572134210978968,0.015009486750273523,-1.3466573241680133,0.002799785544339064,0.0038438447785052853,0.05729755064290562,0.00966429557498502,0.085
2164,test,9,1,2.95407250076591,0.39219922948930147,-1.0678246535128637,0.023795878766149775,0.05699036831366413,0.41029993894014105,0.12634583878957248,0.159
2165,test,9,1,12.65114339999172,6.017415618033886,51.27412387593099,1.5460855862152778,4.420782665415957,0.8889579209455226,0.7515522792088856,0.959
2166,test,9,1,9.84149101931388,4.311440397196991,29.26230052194022,1.2494052723266507,3.5663047296080554,0.8676668903466865,0.6879521347978622,0.887
2167,test,9,1,5.319663886788163,1.3437137899195102,1.3014197418424054,0.42185331308149415,1.2108034968980683,0.6877061983627042,0.430231948203731,0.308
2168,test,9,1,9.683076723550615,2.608171182721153,13.688986127973688,0.6008885610107251,1.732735935714851,0.8498423690541181,0.5798598623153065,0.811
2169,test,9,1,11.387588914414502,5.267030676688712,38.363135371636034,1.545355922695813,4.360371083264449,0.8937631024028644,0.7715915835857932,0.937
2170,test,9,1,11.727350219179106,5.667782098928216,48.84260732221907,1.359660777573032,3.769793264537856,0.8471021513892938,0.6792564238424641,0.944
2171,test,9,1,11.666456686080029,4.78857243912791,35.26357779630441,1.3188787380044047,3.812524787304458,0.882931838497988,0.7330474235219205,0.906
2172,test,9,1,9.581057748196383,4.20884212991537,25.972654190216147,1.2795174462394714,3.531831311903361,0.8495523386661095,0.7037247042871788,0.897
2173,test,9,1,11.252460454257255,5.724438938351287,43.89620899773462,1.6892438107779812,4.840380026218006,0.887369183731217,0.7813468598074605,0.942
2174,test,9,1,11.13843672277492,6.295421999077702,48.65622463194514,1.7957833784306694,5.21322752511852,0.8885791456250781,0.8235481544449613,0.957
2175,test,0,0,1.8736485783850847,0.2850985729243247,-1.333826979848481,0.009670469261329272,0.02599633769159371,0.13114039336129424,0.11723506102374957,0.08
2176,test,0,0,1.735865241065588,0.14795493098424728,-1.4244537888854554,0.0013710270336385786,0.001609962867759147,0.07276876077557264,0.06326349036103639,0.079
2177,test,0,0,1.7265643265202444,0.12499566897192162,-1.4263947604674303,0.0015979402592658897,0.001855371059628445,0.06667242584833152,0.05434712259786498,0.067
2178,test,0,0,1.7795583407255646,0.11709090520835633,-1.4102102213900825,0.0016323626415571367,0.0021419564684551336,0.075154815932963,0.050703609699397766,0.085
2179,test,0,0,1.7694992756143009,0.10312437249426402,-1.3977513280004537,0.0018044553382978795,0.002374536315781074,0.06833900665810788,0.044997665610176894,0.079
2180,test,0,0,1.7290972620598863,0.1141999947145544,-1.380495536095149,0.002155571250990666,0.0026495514755880056,0.05382316869946788,0.04957440701000918,0.085
2181,test,0,0,1.801423893785158,0.0664263281634914,-1.3692886543290075,0.0022286822566571474,0.0028164369034085527,0.06041949908957227,0.027823360186431712,0.081
2182,test,0,0,1.7527457845854981,0.07140177699536207,-1.3798955429202484,0.002293808543586936,0.0028816967972016203,0.05133412029440434,0.033390971945936425,0.087
2183,test,0,0,1.7632903050886464,0.10205587675015633,-1.3915575972816228,0.0022108961350857347,0.0030167962315457574,0.05767637444116483,0.04581744467159867,0.078
2184,test,0,0,1.7330716092364815,0.07180709453361385,-1.363602762661073,0.0023950457194732,0.0029283794950431207,0.04000792085701412,0.032839507645505306,0.086
2185,test,0,0,1.804551776295508,0.07586966782911334,-1.3480770781103626,0.0024745239327628988,0.0031169424655017584,0.05806984879933231,0.033536683515385204,0.108
2186,test,0,0,1.7243152364499836,0.02414997631923063,-1.378166101329849,0.0026717549882815115,0.0037607935648643833,0.02548933080439351,0.014107940957383045,0.082
2187,test,0,0,1.802792257496066,0.0418086622746551,-1.3723009138689115,0.0025951402488935413,0.003501885038086793,0.05824586410203242,0.020724221115912784,0.079
2188,test,0,0,1.723038993004009,0.029307353481233558,-1.326290896823518,0.002891178751439692,0.003927872892034613,0.020844256732200354,0.015561704361084854,0.092
2189,test,0,0,1.758120319548569,0.05394506000339267,-1.3583578093029651,0.002541275843896642,0.003328645608909982,0.041904723650962955,0.024087240830305785,0.081
2190,test,0,0,1.8213254729195516,0.019473092701627833,-1.3248846150551863,0.003174631762826336,0.004447075708797912,0.05484140931946116,0.009390823657805521,0.084
2191,test,0,0,1.9194439296731343,0.050108542998686216,-1.3342621508357846,0.0032138568821582798,0.004523023883166899,0.08925867184673024,0.019445917448801194,0.094
2192,test,0,0,1.8301029311835082,0.008137142492159709,-1.3209863591547566,0.0031622818892332537,0.004267455930090873,0.05303871833148659,0.006461567600195299,0.104
2193,test,0,0,1.8632343316249753,0.002421295280945762,-1.327903629014001,0.003451925866006522,0.004710312035215448,0.05535740219583533,0.004822620979622553,0.083
2194,test,0,0,1.7297173400337584,-0.032238378999266536,-1.3622874601503019,0.0033401915724745592,0.00446510476154263,0.015167143954329835,-0.008484669696112853,0.081
2195,test,0,0,1.7199227948737343,-0.01661226476906536,-1.3939470215436698,0.003247747841226768,0.004225621137124671,0.022647704641844818,-0.0023604504870283097,0.075
2196,test,0,0,1.851140070385425,0.01030225889506861,-1.3520722183411646,0.0033241591005663835,0.004472628194878411,0.06727180360764225,0.008854071358935294,0.081
2197,test,0,0,1.8555822532897792,0.016324812529273636,-1.335463816947272,0.003221944738082256,0.0042708584439839015,0.05368549862672586,0.009411237278368833,0.087
2198,test,0,0,1.7195117467260252,0.004969302635595728,-1.3429125312755341,0.003142823345757662,0.0046032192707327075,0.028830298108113196,0.004878432952945776,0.087
2199,test,0,0,1.8017815689118395,0.024066098703664895,-1.3328910029374144,0.003251465902653441,0.004443888907941085,0.04349265770356621,0.013673110503195895,0.091
2200,test,0,0,1.883267628870349,0.027829057281725227,-1.3169058014569897,0.0032450557796924423,0.004614935594624313,0.0666462560100963,0.015335697797811805,0.102
2201,test,0,0,1.881279610609932,0.06806893465922488,-1.305054615960767,0.003211375686390768,0.004316321906343435,0.07070650374872743,0.030676576108395283,0.095
2202,test,0,0,1.9076808302226853,0.020404096259230214,-1.3091580065429513,0.0032863836201561807,0.0044280624732526514,0.07316830270101028,0.01100897194819506,0.093
2203,test,0,0,1.9063545909390485,0.3625468434789426,-1.0902254003594094,0.0013558345598529585,0.0034061118473287665,0.1164189984723859,0.14091122304225892,0.14
2204,test,0,0,1.9429394965749924,0.3675435999114361,-1.0875850317914828,0.0013459844573023125,0.0034371757862385896,0.12468223093235696,0.14240251766873332,0.141
2205,test,0,0,1.9180765387739966,0.36196955829334565,-1.0830036055305388,0.0015226504831839776,0.0039282671343472235,0.1190823042398292,0.14022360988382251,0.14
2206,test,0,0,1.9226920449226306,0.3640876965975721,-1.081922520752253,0.0013817004645150248,0.0034680734619783275,0.11913795626949962,0.14101903668855098,0.139
2207,test,0,0,1.9387284909160358,0.3718515536247334,-1.091557352202687,0.0013897404791651281,0.003548047385571723,0.12733171402220606,0.14486186046893762,0.139
2208,test,0,0,1.9390135912165707,0.3712442149688524,-1.095552690440803,0.0011717008352051042,0.0028158887567338794,0.12984310062947257,0.14467057733320118,0.139
2209,test,0,0,1.9179092022114201,0.3615466980357715,-1.0935943310676033,0.0014156433909050486,0.003663708041446914,0.12141657509558809,0.14075585655647663,0.139
2210,test,0,0,2.0729618479180267,0.4386594731945765,-0.9039772816210423,0.0012687232773031434,0.0030890733955190467,0.16510232840221045,0.15303028271079255,0.159
2211,test,0,0,2.2072717520028515,0.46580527239555697,-0.805280163539877,0.001214849103161147,0.002926449002061354,0.20087753558333615,0.1541644941005222,0.139
2212,test,0,0,1.9998126783374885,0.41208542173363605,-0.9634200058888722,0.0012980674645877842,0.0031801344431335,0.14540995836516693,0.14781566631031778,0.152
2213,test,0,0,2.0169029792736524,0.39556960832662097,-0.9786158627297188,0.0013291987880660525,0.003385447521392411,0.14771251142376518,0.14038380383926008,0.155
2214,test,0,0,2.0278670960210543,0.4034859260949815,-0.9564503032898726,0.00131375203388964,0.0032255877941428047,0.15008063771582839,0.142424265587156,0.159
2215,test,0,0,2.014507335097085,0.40814157212248064,-0.9490986695038082,0.0013800826888142172,0.003394406467031974,0.1486872509308328,0.1442218262991449,0.153
2216,test,0,0,2.0188403955039074,0.39995581205295144,-0.9574528588983644,0.0014047052488149032,0.0035732061104757646,0.1466708718206076,0.1407085081166832,0.155
2217,test,0,0,2.0033985961751317,0.40337531149305117,-0.9605282115524254,0.0012473562378550159,0.0029847916464413467,0.1460361704937702,0.14211186955517083,0.153
2218,test,0,0,2.0347340916491174,0.40486032814154665,-0.9482087167175806,0.0012652095164334212,0.0030504231340727902,0.15241402293860268,0.14187538890989213,0.159
2219,test,10,1,3.1549310846494896,0.05244215552909704,-1.1745365253157254,0.011939333524859666,0.029978656866956867,0.29995314089317654,0.014954988395738628,0.178
2220,test,10,1,3.9023423775562005,1.567485061280235,1.7388438831265205,0.016278762968675246,0.04196918737096646,0.5624961145411277,0.49308811078649073,0.432
2221,test,10,1,2.5719908727881666,0.48482447207980994,-1.0017555704494305,0.014698017268940933,0.035765202461401066,0.24863703534693776,0.2138408440312876,0.194
2222,test,10,1,5.8003197948710365,1.1179503929744272,0.9141521386125309,0.1680120896560843,0.46846392742732834,0.5814941673512555,0.37104433723407454,0.348
2223,test,10,1,2.7226050798668386,0.9471866881011812,-0.3160158561386184,0.019324094663713567,0.04553027824154971,0.3188620306096207,0.34428099790011174,0.044
2224,test,10,1,3.136422278693128,0.6811470173964891,-0.9591873093719134,0.032118837338475856,0.08719642651526331,0.26787557222155706,0.2916066944052394,0.069
2225,test,10,1,3.5665169275301576,1.1402561646680964,0.035086305967516385,0.10171374014375388,0.2872153003436677,0.4387215542160045,0.43413076447799676,0.227
2226,test,10,1,4.118862988270004,1.3780604703243058,0.8233465766360548,0.059265676699161544,0.16843213669370163,0.5152090651455687,0.47911148809921716,0.265
2227,test,10,1,4.196923716349454,0.7408684025436431,-0.7996400135386366,0.08343555177843642,0.2451267272294564,0.43299897604222837,0.29964908026535997,0.078
2228,test,10,1,2.3703335845658295,1.0922500442769516,0.08248909377887115,0.0075186016568051985,0.019548438352683856,0.2537159456805569,0.40946845349168,0.17
2229,test,10,1,2.820118214306291,1.079665071686876,-0.015041658043454476,0.04024824735445792,0.11377583453610406,0.30233184095292165,0.39433510468177085,0.091
2230,test,10,1,4.319297702270524,1.235010752722139,0.44992382077701,0.09581151209815483,0.2768442775371937,0.4898979559104571,0.4354532901550695,0.272
2231,test,10,1,4.069896862083381,0.9312484989276589,-0.03032504086415644,0.2819620103794559,0.805070428404499,0.4294974903662489,0.33324651154781354,0.102
2232,test,10,1,4.471584257737202,1.076815686927209,0.6561044959461113,0.2625855550446459,0.6879253466713048,0.463422263064339,0.36076368166701883,0.175
2233,test,10,1,6.755234245660057,1.315343822769459,3.4985474275020696,0.41640561977281365,1.2465265057598434,0.5909398008092097,0.3505392800237735,0.436
2234,test,10,1,2.3262216276158005,0.6686987079167723,-0.979004003658293,0.01836446439997585,0.05028661291389414,0.15264868314036262,0.2717613873058789,0.022
2235,test,10,1,2.760238757251595,1.2514975305941465,0.468501411676443,0.05741399350583518,0.15470796589324615,0.334117983359079,0.435960519109084,0.117
2236,test,10,1,2.1374266691942516,0.7997311262725324,-0.6966910413299789,0.005866568630281645,0.014493097333259193,0.13084592709505363,0.33629951671603714,0.058
2237,test,10,1,2.2685064101392496,0.9439952656096803,-0.36653208758852607,0.00887776800671368,0.025012032360987434,0.2226006364723819,0.3677868861432374,0.061
2238,test,10,1,3.1526647507116836,0.6520476343509741,-0.790754016569589,0.05919700936225934,0.1538992057759844,0.3251140780834905,0.25295242510460786,0.096
2239,test,10,1,4.327806112085501,1.4323362101301826,1.383916310450319,0.22150025167252668,0.6136200528598209,0.5103245498131849,0.46063511898355,0.374
2240,test,10,1,2.699995510781932,1.4431437821151214,0.9674404452838647,0.015066896777038886,0.035110866458389574,0.36621844543583704,0.49866309400609493,0.178
2241,test,10,1,4.509074106547828,0.9055954214232842,-0.2628901561671997,0.15773616108887187,0.47186080690685983,0.47322628171647657,0.36239258895700066,0.261
2242,test,10,1,3.093701194224119,1.544551298652825,1.6039233583430832,0.011196000577055162,0.024430551503783572,0.44543795104493505,0.49785413604131734,0.177
2243,test,10,1,2.2938702036494374,0.8573926725965983,-0.3352235788156581,0.0037747041222809126,0.008400093775261599,0.197401383035536,0.33563520969284516,0.116
2244,test,10,1,3.342384286379366,0.5878956257064009,-0.9888495044315517,0.12711618588036855,0.3645461046223511,0.29097913073405046,0.24712535311065487,0.062
2245,test,10,1,2.400982912308962,0.9888385418685778,-0.2370796625531133,0.003837664143589446,0.008428334311409921,0.24985858552051723,0.379903840669805,0.055
2246,test,10,1,4.198944752360166,1.0287173902777127,0.08945800553528649,0.10103769547122388,0.2854126982218936,0.4552685195261703,0.36536430020790894,0.23
2247,test,10,1,5.574600369002906,1.386685776561731,1.8818035796683867,0.18929670794862036,0.5178965128028029,0.5534413404772548,0.41395080051654937,0.368
2248,test,10,1,2.2841907271008863,0.9278723353573577,-0.17579306595796718,0.0034896214802264806,0.0077326547792789906,0.20746118353928666,0.3393561180231138,0.103
2249,test,10,1,2.3369810141457927,0.8120367806341976,-0.2856397183443251,0.004483483681015131,0.009622669889306257,0.20552030637228885,0.2951041715623838,0.099
2250,test,10,1,2.9897178974411602,0.9685498411714829,-0.22747444339325718,0.03995574164810654,0.09858877048720015,0.29448487907316745,0.3540075847291257,0.113
2251,test,10,1,2.6997701180263145,1.2315957120839356,0.3305273163828746,0.007169522310690838,0.023121892252761747,0.37124307908149873,0.4454029903555576,0.066
2252,test,10,1,2.256452957462594,0.8473281674582629,-0.2876181429397744,0.0035405778584731754,0.008600684776638083,0.21868841140408718,0.30732294583008307,0.151
2253,test,10,1,5.009522916794668,0.9108652655255159,-0.045936608572089366,0.05768218221544394,0.16645822848035005,0.497788168887184,0.35162411136382377,0.371
2254,test,10,1,3.1041555890246877,1.575552341012642,1.6444497299713072,0.011848857754041582,0.028230524251869664,0.4404751025711667,0.5108807170907311,0.229
2255,test,10,1,2.8187354038357597,1.3633311222917477,0.777979072454376,0.005650901234663878,0.013802057320018855,0.38712148748273884,0.4735746775091871,0.144
2256,test,10,1,3.4160734897846057,1.3474196225328186,0.758321741124321,0.05130232681692263,0.12758025901012388,0.4380824715644107,0.4750872161222784,0.244
2257,test,10,1,3.623227280599588,0.6930422065742442,-0.6217872661613773,0.11529106150408573,0.32662397760118844,0.31581761046867973,0.2722338289560901,0.16
2258,test,10,1,3.161917041739975,0.8851461122124318,-0.46175744350333936,0.02252314546939921,0.04645053270065458,0.33500107604556795,0.3587890017649397,0.229
2259,test,10,1,3.849000953110733,1.3315716600602199,0.7994323541543951,0.07594034628655205,0.21133817680589848,0.5156729592852787,0.4468169095421075,0.08
2260,test,0,0,2.0301286685055073,0.3737375763423853,-0.9393921568216657,0.001206874843704204,0.0028944538978605424,0.1369848089979351,0.13050155338157998,0.122
2261,test,0,0,2.0572662319802597,0.3898500592524024,-0.9213383244653697,0.0011902329234760262,0.002794972833571926,0.14735590041368332,0.13549922558859748,0.133
2262,test,0,0,2.064195958333212,0.39745450583712744,-0.9342891055311773,0.0012376588132491085,0.0030239553632613937,0.15332485351559483,0.13859189356666807,0.136
2263,test,0,0,2.0210424122897765,0.38876767137769613,-0.9548372800593685,0.001263069764746084,0.003047424007938033,0.14199328124785582,0.13618552278996987,0.135
2264,test,0,0,2.036223269987659,0.39539566884811245,-0.9355043682462618,0.0013098529382388545,0.003132338948336874,0.1474556047083055,0.13726198266376147,0.126
2265,test,0,0,2.082867229109795,0.4164620425342683,-0.9236976634509775,0.0012997767484404835,0.0032039639763403764,0.16368778595347247,0.14529928981063892,0.147
2266,test,0,0,2.0503576554146115,0.4111430375173236,-0.9271304272355283,0.0013308009370797784,0.0031876361698389556,0.1557377979440403,0.14278057396167645,0.152
2267,test,0,0,2.0496083588127347,0.39933895531535424,-0.9573233056627646,0.0012193368679500472,0.002888575929605414,0.1567879422089271,0.13919062309290167,0.14
2268,test,0,0,2.063547769816682,0.40462416111743155,-0.9267395068868325,0.0013241717824116206,0.00319690777391129,0.15873555968613132,0.13952311003956933,0.135
2269,test,0,0,2.0824050411611905,0.41863425173760727,-0.9249617668044392,0.0013899710043859558,0.003433104328233649,0.16578015757162737,0.145148324544633,0.144
2270,test,0,0,2.114915136531057,0.41959874174905704,-0.9193505005313316,0.0012832565187207684,0.003075259889711025,0.17521220012692892,0.14509435419356081,0.149
2271,test,0,0,2.041797142927887,0.41085545113686134,-0.9458138893271282,0.0012032942521813781,0.002766839245353096,0.15736089228845435,0.14342506964306406,0.146
2272,test,0,0,2.0332002042586663,0.39784676808972413,-0.9399334504717358,0.0013045579697984423,0.003072646024362421,0.15042692081941952,0.13707196820298426,0.131
2273,test,0,0,2.089332640636475,0.41725368758722603,-0.9140536332610956,0.0013155175479133052,0.0031310005300247204,0.16509086596933237,0.14393251846889904,0.138
2274,test,0,0,2.073188246793909,0.4145900814102089,-0.9268159838741741,0.001219975241917964,0.002904240382939881,0.16334354374856017,0.1439327357635304,0.152
2275,test,0,0,2.0742728673980775,0.4206442876028934,-0.9259436533520864,0.0013584109180438577,0.0032387485192563008,0.16402836996753906,0.1459043168693664,0.154
2276,test,0,0,2.057683928719647,0.40690902224848147,-0.934336162030478,0.0012886669556714473,0.0030531831359323063,0.15829279819637887,0.14102459007021015,0.137
2277,test,0,0,2.034362823080063,0.4060890590149131,-0.9455815352882584,0.0013052181210866213,0.003192809898173034,0.15482241438083508,0.1415504204412255,0.146
2278,test,0,0,2.0901345243112863,0.41867561160805017,-0.9287017910577315,0.0012417708556407819,0.0029221716469628417,0.16841904758628315,0.14566593680267909,0.156
2279,test,0,0,2.0466616776202664,0.4144178866637668,-0.9302102531591854,0.0012781446484170383,0.0030720858850978422,0.160258665172494,0.14395123387153422,0.141
2280,test,0,0,2.03954265440298,0.41211507482174314,-0.9337097069564475,0.0014251383295447514,0.003501526721506902,0.15434895539674529,0.14296597899069774,0.14
2281,test,0,0,2.0969644792902264,0.4036143512535622,-0.9456579898855568,0.001262700680806405,0.0029699854401141505,0.1688050248725399,0.13997739634583128,0.138
2282,test,0,0,2.073604491371273,0.4110578436934307,-0.9260229187179707,0.0012917834980211533,0.0030967026854033246,0.1644937542111576,0.14195623752015402,0.142
2283,test,0,0,2.077798645034705,0.4180741904737607,-0.9365676171874635,0.0012832511018349188,0.003112364210159032,0.1669673645112985,0.1462789628613306,0.152
2284,test,0,0,2.078506950026507,0.4095758082474628,-0.9300524267184085,0.001281607179098717,0.0029440355493514517,0.16479181841468316,0.14119918632575085,0.143
2285,test,0,0,2.0742554641395037,0.40870736188767987,-0.9293223375895736,0.0012695626803046348,0.0029887523195069746,0.16128887358938418,0.14149034115950537,0.132
2286,test,0,0,2.0420161049444077,0.4178274310873282,-0.9584609642163366,0.0012426706905893082,0.0030143885255800853,0.16192476307349288,0.14741468601300353,0.153
2287,test,0,0,2.0939111974669524,0.42386608709143864,-0.9312869328827089,0.0012281125004746233,0.0029038586352701772,0.17140689236762424,0.1470268404443188,0.15
2288,test,0,0,2.0295285922220945,0.4090379292602528,-0.9506419366203129,0.0012580152382777406,0.0030287898837924277,0.1570288089674427,0.14306336570973616,0.153
2289,test,0,0,2.079878585079302,0.4043361806997521,-0.936935599234558,0.0013012749894201177,0.0030642478966061526,0.16220331805612623,0.1395564324281692,0.149
2290,test,0,0,2.086232873005075,0.0520114471918077,-0.4705964587136058,0.005698988892422063,0.01354487666057198,0.00828809780672505,0.023373865941150894,0.394
2291,test,0,0,2.996695353460339,-0.05735057758413431,3.158691327085047,0.019732243562471406,0.052554650199533544,0.004442873250900251,-0.01277649845116715,0.7
2292,test,0,0,3.222327089629288,-0.14298857542363483,3.2635783835448082,0.018416361097951063,0.04564052485181966,-0.0321108752408315,-0.029537458472620837,0.75
2293,test,0,0,4.282038017026362,-2.8067078382519073,7.110102799461931,0.03603350425472459,0.09433394299998334,-0.6182475859852925,-0.7186267275202245,0.584
2294,test,10,1,2.644219758727626,-0.2531116830789519,-0.7606311718519514,0.16838423842546604,0.46805441329624553,-0.03891141049476011,-0.08180910060689263,0.134
2295,test,10,1,3.0956633402489,1.0443969696111275,1.2283963965852225,0.047316126305680176,0.12645525625482112,0.1952644982790649,0.2953788256847656,0.302
2296,test,10,1,6.525495719132687,4.810074027872791,24.691119784269162,0.021034196086886395,0.02602983602716873,0.5338288979032277,0.8124899083944689,0.915
2297,test,10,1,6.731866339049602,4.964503914391874,25.137694318748718,0.01657667119381677,0.01272824370718709,0.7426910397237729,0.8930427025244434,0.929
2298,test,10,1,2.6732883903234916,0.0013013057541834858,-0.8758941158393578,0.203698388413739,0.5465090143470016,-0.017536753751115023,-0.006777809598461261,0.127
2299,test,10,1,2.5428647539336455,-0.012285859608960706,-1.0649826229363402,0.2929738988593101,0.7989080314695418,-0.04872344808753105,-0.005122288731863505,0.102
2300,test,10,1,6.020428231477471,3.550777391258131,17.07506485061087,0.021358189400410066,0.03861710696936974,0.4001522909899693,0.6136988193985662,0.893
2301,test,10,1,2.5750992948807676,0.04972414533047546,-1.0257317043669854,0.2832346845039512,0.7785476900660121,0.07760352861952885,0.013797287002779143,0.104
2302,test,10,1,6.94974971738858,5.169234379217984,27.266925938319506,0.020045784461387363,0.01664953975879477,0.7514645908518346,0.9003985859938138,0.938
2303,test,10,1,7.512256201297721,5.660022589308078,32.506878347700564,0.021137669299122894,0.021390043307898895,0.9147726939044158,0.9244109584879981,0.958
2304,test,10,1,3.174713714999723,0.0636724743869359,-0.6991259738617774,0.24569358376456438,0.6531304219332441,-0.038081211950561106,0.007510385032779989,0.157
2305,test,10,1,2.5595467704842356,-0.07265832776990674,-1.0585850259036402,0.36324354768406614,0.9875320494469692,0.036572410771480865,-0.027779840147377242,0.1
2306,test,0,0,3.3684010819354055,-0.34021364040353363,3.46469580231118,0.023313594529266513,0.06254638353576562,-0.05846145789767069,-0.07816806344922037,0.742
2307,test,0,0,3.312817579503701,-0.27510162406932853,3.617260867581016,0.020969014890305396,0.053706540424588535,-0.015337159952222847,-0.0663118135874756,0.763
2308,test,0,0,3.163765220892569,-0.2041531145620218,3.4384805663744658,0.02141064770797139,0.056067655776753614,-0.02236424694245554,-0.05004476743157195,0.696
2309,test,0,0,3.1214156932729535,-0.11939362161274016,3.349670369928604,0.021717283858821334,0.05544310457813958,-0.024818946071603766,-0.02782177270274156,0.714
2310,test,0,0,3.2753748675829297,-0.3036040894357611,3.502774543250527,0.021993748323517137,0.057485493485205055,-0.044577448893462816,-0.07486067123686566,0.752
2311,test,0,0,3.159628293310885,-0.3671708838579545,3.4175173933059977,0.0212034802435517,0.053200206968721665,-0.04505681077578681,-0.08875119858589495,0.713
2312,test,0,0,3.2761726214930587,-0.20723285063106234,3.4181365763618405,0.021800418309096924,0.05448023607979082,-0.04947992228065378,-0.05014249165084189,0.744
2313,test,0,0,3.1537061736479783,-0.19550860654298674,3.480491581024438,0.021229265182142656,0.05407321234973639,0.00718853209059442,-0.04579619121745174,0.691
2314,test,0,0,3.1356186697414326,-0.2610860114131379,3.4269793737672236,0.023054087839352012,0.05961969972956108,-0.03152046020380304,-0.059258321475951614,0.727
2315,test,0,0,3.2526204683193547,-0.3451305951397448,3.458957586354476,0.020005647816793058,0.05079872717559335,-0.049014437270151257,-0.08239794756082566,0.736
2316,test,0,0,3.177436917202368,-0.30971503433963715,3.4838297675583796,0.020328362329724747,0.05369558538866684,-0.047501283257054994,-0.07413277968407568,0.72
2317,test,0,0,3.0447491983431996,-0.10417116192928227,3.3570514865916783,0.021083471290229795,0.05498813784659351,-0.0057043609328159325,-0.023060322849994222,0.72
2318,test,0,0,3.2292940557826646,-0.21977797257827295,3.41713139081752,0.022118669986069213,0.058910695727079535,-0.032700769593714284,-0.04786469444466725,0.748
2319,test,0,0,3.312269446047014,-0.42035476246799675,3.5790722912482007,0.021597409466148552,0.05518700685742084,-0.06637767567514231,-0.10046762221212452,0.744
2320,test,0,0,3.1804631338713456,-0.30188893832321206,3.3772317868412642,0.022667644267927993,0.0597106011271429,-0.027865799815130033,-0.07052629668466957,0.698
2321,test,0,0,3.171462014112632,-0.13709745742556426,3.4955562243528613,0.021559220125900478,0.054409515481554885,-0.022106525676186126,-0.036052966637222524,0.758
2322,test,0,0,3.209899528228366,-0.16140348683917416,3.4464235411694997,0.022183689178762348,0.05705320939315525,-0.030628040906997733,-0.037121133217639775,0.722
2323,test,0,0,3.2139606231791102,-0.38230646955944025,3.3795315567734567,0.02384529426100147,0.062307917266026545,-0.05696358401676878,-0.08948683071586723,0.716
2324,test,0,0,3.329949579829764,-0.3336377738771129,3.510693758250203,0.022726506011093633,0.05968442206932005,-0.0753802543337749,-0.07871312893437353,0.741
2325,test,0,0,3.188883720389375,-0.1939731276260103,3.5299011827223996,0.02056278205931284,0.0542261555694714,-0.014269802587516629,-0.04706906556300883,0.734
2326,test,0,0,3.02204701272251,-0.13264675156504283,3.3335720993101443,0.02107584356789865,0.055040990112553555,-0.0030662249693421888,-0.03193529985139845,0.699
2327,test,0,0,3.153654193063565,-0.2455411177040236,3.484393312944916,0.021131661861368917,0.054034374806362535,-0.004910924838331472,-0.06023089007644022,0.733
2328,test,0,0,1.609424435383829,0.2142298882479001,-1.5052109574586416,0.0003483392248230055,0.0004558906774185425,0.09570646977501421,0.08804814243011273,0.069
2329,test,0,0,1.6160629858170317,0.22346479851084847,-1.4874468847619622,0.0004580244947464293,0.000702581386370812,0.0939043965581866,0.09029185312868512,0.068
2330,test,0,0,1.6775119035693147,0.23470431137378023,-1.4744512444074935,0.0005335660116199802,0.0008135401287785274,0.10597432895321401,0.09571318778220761,0.071
2331,test,0,0,1.6715848938215807,0.2470726177597518,-1.4507137328667812,0.0006622706894979125,0.0010918418773339866,0.09845775136090484,0.10210759671502787,0.07
2332,test,0,0,1.6719941727354133,0.24227187590255547,-1.4426473294937572,0.0007790333047313463,0.0014042161860366256,0.09406630425968152,0.10123392178957884,0.082
2333,test,0,0,1.6968318650308407,0.24401149651360857,-1.4277809669089703,0.0008162191521662443,0.0015230093365347036,0.09818971210442196,0.10091851499125781,0.069
2334,test,0,0,1.7004549628699044,0.24842140297779872,-1.424938389914671,0.0008570886102793954,0.0015462842731907814,0.0960707662089693,0.10359888123477878,0.063
2335,test,0,0,1.6865876981371306,0.24588788495163177,-1.4204743013466878,0.000899611120072772,0.0016561604860439402,0.0932947567670658,0.10221246521257087,0.074
2336,test,0,0,1.7019842897425508,0.2384538823996572,-1.4155947259379678,0.0009000508046289765,0.0015998435412403712,0.09380913218820232,0.09930832627888485,0.072
2337,test,0,0,1.711302165752735,0.2504505479126521,-1.4102128692790883,0.0009749243746898841,0.0018469532159244948,0.09841555819231552,0.10354059548231109,0.064
2338,test,0,0,1.7447111800333424,0.25526412023808903,-1.407429460574976,0.0010134675716491335,0.0020344595058064082,0.10711026013306973,0.10625855919224018,0.077
2339,test,0,0,1.694404921120272,0.2552757380075944,-1.4064692417779683,0.0008668687498847995,0.0015460168537507737,0.09193105749185346,0.10611389900396366,0.074
2340,test,0,0,1.6758726893833584,0.24497787982273433,-1.4097717783156407,0.00100174014986499,0.001869211569857777,0.0840057801386737,0.10162256525601981,0.066
2341,test,0,0,1.7320483168238043,0.24437254812400527,-1.412214859287635,0.000949184432046693,0.0018303639726022934,0.10190575105118814,0.1015275669932044,0.065
2342,test,0,0,1.7033265033844132,0.25749320830701455,-1.4058892591199434,0.000978507654294797,0.0017705553000347683,0.09739813126770713,0.10657255377761314,0.077
2343,test,0,0,1.7257563179462285,0.2568063072102996,-1.4085096636084378,0.0009841527205042826,0.0018910062281795278,0.10236988485641155,0.10734380119718881,0.078
2344,test,0,0,1.7134168567215793,0.2459724923741747,-1.4076067593628376,0.000977543849353246,0.0018956741392130163,0.0927519217866666,0.10226936800450778,0.079
2345,test,0,0,1.711463081942532,0.24889671031763264,-1.4035378679658757,0.0009896596481629408,0.001920423662903492,0.09567106120416707,0.10277939083098753,0.067
2346,test,0,0,1.73300808480072,0.26037605410237497,-1.400741288741294,0.0010163760385558356,0.0019437256041069132,0.10434335140816213,0.1078051198205974,0.068
2347,test,0,0,1.7178733645011561,0.2567826465284869,-1.4058447746505542,0.001002313500142465,0.001856609668852851,0.09805010186081298,0.10703025432765897,0.076
2348,test,0,0,1.730259564499868,0.24505829115016275,-1.4122875485794735,0.0009783280370403399,0.0017853065847851775,0.09971602760823534,0.10190257381342736,0.074
2349,test,0,0,1.7333500772000836,0.25176509449973405,-1.4004556679461844,0.0009893853589969753,0.0018919751325062574,0.1024938141175517,0.10366726187923393,0.065
2350,test,0,0,1.7378099162641498,0.2575566017779228,-1.4105751991305286,0.0009775127317586622,0.0019067152564160453,0.10515383243680268,0.10747306286144792,0.087
2351,test,11,1,11.856399245406452,4.217405451080235,36.83888356720858,1.0490708773492452,3.1072717545985897,0.8677136166441648,0.5009939833965957,0.918
2352,test,11,1,9.733964092491243,2.9542986000252953,18.74597359433136,0.460840814143142,1.0838390735296861,0.8221971620423028,0.49922007982687494,0.822
2353,test,11,1,9.182306406083145,2.7880942977923846,16.70403453402925,0.3055312448122357,0.5738474841012468,0.7952719058812525,0.4416291882816669,0.792
2354,test,11,1,4.276832485798028,0.29674821803727147,-1.1119770282446004,0.1118486810288647,0.23085011651207002,0.5594770759215222,0.08837563556738715,0.14
2355,test,11,1,12.27235179299973,4.459679644638247,45.27002970634744,0.8785458120068778,2.488136488958603,0.8682261075221271,0.48726384327972366,0.917
2356,test,11,1,21.356103820580476,10.543538180696027,210.5657246397228,1.156572497938311,3.3553598118430346,0.929795152787543,0.5810976685566452,0.993
2357,test,11,1,16.278956317312876,5.534647081260219,74.01792935480955,0.8155735238712085,2.20353476958192,0.9016272302558609,0.5112240493719151,0.981
2358,test,11,1,21.07775146372547,12.215876584947795,229.75029529926914,1.363441476047639,3.9679471420785877,0.9392049822669138,0.7375893875635995,0.991
2359,test,11,1,18.621995244206275,10.340080682407772,152.0388230733571,1.56827953741946,4.513651438662488,0.9536516015466711,0.8504930918623129,0.984
2360,test,11,1,21.32994801467609,12.41606668102938,228.30720802744716,1.4435992414364758,4.1377437460443955,0.9509741141195283,0.8288034670675434,0.984
2361,test,11,1,21.5876957434905,13.127573005234972,249.89168414680609,1.444900794159625,4.176675053988729,0.9520319208092275,0.8067066335330515,0.99
2362,test,11,1,16.922181052588876,7.982054648300195,112.0016416574883,1.2661035470963333,3.720941174075395,0.9104021847344332,0.60125558121762,0.994
2363,test,11,1,23.84376132363497,14.89329286319308,329.82598518342303,1.49596423452715,4.388264092973293,0.9573466146611588,0.8084036825969417,0.995
2364,test,11,1,16.71326506066664,9.190469784805162,125.44439186465425,1.5575027599527789,4.536564512491187,0.9323224104659009,0.7350469621812096,0.985
2365,test,11,1,19.496204539383584,12.772974005724949,212.97862262663824,1.5985058120816429,4.724412273414176,0.9541777532917262,0.8364907109259766,0.995
2366,test,0,0,1.6661610672253324,0.22739292154453375,-1.4857306564433426,0.000464473410862818,0.0007222000854459535,0.10904615427267579,0.09283623354528628,0.061
2367,test,0,0,1.6769553001504622,0.24287734010322148,-1.4637297122862052,0.0005669478101385551,0.0009114725563168064,0.10573191873377534,0.10012823420035531,0.067
2368,test,0,0,1.6812291160929487,0.24424070665796468,-1.446315715314831,0.0006769913949205682,0.0011446175110984237,0.09923091224461823,0.10112161698093061,0.067
2369,test,0,0,1.6877445207226365,0.25153370926289,-1.4313616125936623,0.0008392504997456041,0.0015376763936779116,0.09775694907175896,0.10439551417714558,0.085
2370,test,0,0,1.6843835033369683,0.2601713921369102,-1.4227717277237701,0.0008542039541869225,0.0015141319382903121,0.0957639913391115,0.10772092017342545,0.066
2371,test,0,0,1.7318183611164752,0.259306572633799,-1.4177842333638055,0.000938417657450971,0.0017949373226345921,0.10863749619859604,0.10756926574293058,0.073
2372,test,0,0,1.7220575813249253,0.25951199487704596,-1.4050999516103237,0.0008986494623623399,0.0016384283566830498,0.10151087793368217,0.10744618842273142,0.062
2373,test,0,0,1.7218231211792991,0.25130085960775633,-1.4062616099682477,0.0009718106184865026,0.001883016937703717,0.10099432375792844,0.10376826414372724,0.075
2374,test,0,0,1.7308344647178817,0.24007120619436378,-1.4169868238087897,0.0010617537768611498,0.0020305236685696296,0.10058371258180845,0.09986234044863729,0.086
2375,test,0,0,1.7406806335882132,0.25478258489072014,-1.4031088365078115,0.0009414143922588976,0.0017058251916342744,0.10463398589269637,0.10528524167300848,0.068
2376,test,0,0,1.7127125641470833,0.2551345783726856,-1.4075546402915908,0.0010247657727447976,0.0019744903386237508,0.09655777103553265,0.10592614356772687,0.082
2377,test,0,0,1.7312541453530657,0.2384559340518244,-1.4091024711155475,0.0009706229002365649,0.0017504860319341978,0.09805180836200213,0.09913497750114234,0.08
2378,test,0,0,1.736854455368504,0.2444492833759698,-1.4051950127324628,0.000969424592825773,0.001826926038865243,0.10206228766475883,0.10165066854236988,0.087
2379,test,0,0,1.7370708261870758,0.2532993615719031,-1.4034608624771645,0.0010557301509099078,0.0020578294975673213,0.10320019123631194,0.10554543332290882,0.09
2380,test,0,0,1.7164228718183752,0.24492143329238586,-1.4064019293977448,0.0010516824466238843,0.0020617673384426788,0.0937498052626095,0.10188240537079475,0.084
2381,test,11,1,20.948914215246123,12.392698828776041,216.57184043050407,1.3967691909883173,3.884364186417133,0.9553015707098038,0.86985584129595,0.981
2382,test,11,1,8.889322700476129,3.849105830377528,19.717310868809957,0.424111308293408,0.7368134599522173,0.8584642067558436,0.7162928495686082,0.917
2383,test,11,1,18.577498668046154,12.94285422058466,198.75208141236143,1.803850961500162,5.326548864344332,0.9661319440050465,0.9214229985478296,0.993
2384,test,11,1,13.13187431480751,8.805335418484699,88.60916708705065,1.7922142318626584,5.277410465766308,0.9460904847741352,0.8896899354810953,0.986
2385,test,11,1,20.59978811312246,13.712324197553013,245.87116589858462,1.6378726467991152,4.81368603377377,0.9540296437950835,0.8299529630634097,0.992
2386,test,11,1,19.683849910547302,9.81253531921634,159.87756051658687,1.187969546058694,3.2493032920402993,0.9523908397878591,0.8177490316061278,0.973
2387,test,11,1,14.045974320528623,6.185701231347533,71.56802924452519,0.9042878430488064,2.489046515493565,0.9061794811268681,0.6821997917038531,0.942
2388,test,11,1,14.545769650641835,9.237677908340208,110.2510306119118,1.4619714258037915,4.158493970786372,0.9442297378060317,0.8756450739196946,0.967
2389,test,11,1,14.666854853096124,9.614886436444731,105.1381851807525,1.8538902181031671,5.483926054452226,0.9603377057640999,0.9237637403092788,0.984
2390,test,11,1,20.31187285227909,11.682363512269184,197.32779902379622,1.4668517725013857,4.237864971918761,0.9516281809781145,0.8375064523887252,0.981
2391,test,11,1,21.25927506709666,11.794109011677534,218.05991095625333,1.4349871870345585,4.160039789065398,0.9520884092080134,0.794410397003012,0.987
2392,test,11,1,17.838253910570266,11.349781147666743,187.14158200156197,1.3332426788513003,3.836659276971121,0.9329336132942728,0.7889332843318894,0.982
2393,test,11,1,15.98311140067008,5.537731977188127,67.72154599127367,0.6359975038361434,1.5893658063089426,0.9086179604816285,0.6424182918446272,0.942
2394,test,11,1,22.48139186842564,13.51111760371706,273.6394097163129,1.4754057971236125,4.366184415470761,0.9478445722312511,0.7596012763226097,0.996
2395,test,11,1,16.453125857336087,9.885342781088308,128.36369800345366,1.7017254139835898,4.95997360010104,0.9511967661532894,0.8727027338288766,0.978
2396,test,11,1,4.1329054522382584,0.5572872157117686,-0.7223285926746157,0.10340788114584708,0.1888168933670969,0.5510348443895422,0.1771967163794676,0.196
2397,test,11,1,16.73009716686968,8.927890805906756,114.18397007898422,1.5263257980107299,4.40159674352629,0.9432130074081738,0.8089621663936722,0.985
2398,test,11,1,12.845096733400544,7.0997802162735715,75.70107189984383,1.4024977600027222,4.140241320542952,0.9038523153102799,0.7127621461612984,0.962
2399,test,0,0,1.6003044363978065,0.22860350224224063,-1.4874776617863634,0.0004658561418633496,0.0007038399289865844,0.08839697540395153,0.09176319936258734,0.058
2400,test,0,0,1.621961396621471,0.23766805131838792,-1.4671099154039995,0.0006091286105918904,0.0010500188237912865,0.08721749507985083,0.09771827760435735,0.063
2401,test,0,0,1.654404286416836,0.2415469077754956,-1.4518564618248775,0.0007467035828998991,0.0013464938618190524,0.092767457331651,0.10056682008666355,0.059
2402,test,0,0,1.6834121312984727,0.2500737244366192,-1.4294690026933117,0.0007816754402467342,0.0013796483962829112,0.09638922755621429,0.10344491795307499,0.054
2403,test,0,0,1.6643074436039644,0.2535511855971473,-1.4244815605350838,0.0009235320764519426,0.001797022172126713,0.08775751283065615,0.1059867703459309,0.081
2404,test,0,0,1.6935022412234795,0.2551913885197397,-1.4162428324537977,0.0008679092710790522,0.0015644593503070336,0.09498567410792337,0.10631260067780836,0.083
2405,test,0,0,1.7102605081023128,0.2505120698050731,-1.4120051290707558,0.0009310800900332314,0.0017258646232116445,0.09635517385062906,0.10368859347860054,0.071
2406,test,0,0,1.7218787010048677,0.23938387294598248,-1.419947978583314,0.0009350320791405799,0.0017403412285151001,0.09718395059911589,0.09984881195637578,0.079
2407,test,0,0,1.7278714898293301,0.25361993061410765,-1.3988702286717223,0.0009802638265037596,0.0018354220797966185,0.099543759690352,0.10464758821224857,0.077
2408,test,0,0,1.7038979221874309,0.2573170342600135,-1.3984697921622624,0.0009843772039788094,0.001808919149481,0.0945431348175374,0.10666845838757108,0.072
2409,test,0,0,1.7042598487467746,0.25279060510001244,-1.3972020382280241,0.000999797475952121,0.0018810181958387824,0.09263771049584286,0.10447051921222877,0.063
2410,test,0,0,1.7060996701734552,0.2480208831321261,-1.399688078014231,0.000992085542235289,0.0018239723237646816,0.09473341862355572,0.10219652991012466,0.054
2411,test,0,0,1.7441836509429125,0.25520270534123096,-1.4026720655408123,0.001061653219842106,0.0019878394734958974,0.10522025236302493,0.10565723665222454,0.056
2412,test,0,0,1.7182975943017984,0.24497123720473074,-1.4011500612521037,0.0010338294475330614,0.0020027589519262113,0.09264764081258707,0.1019914604908107,0.078
2413,test,0,0,1.7458861419832157,0.24935480781076327,-1.3968730563972411,0.0010736752225498432,0.002055573367825767,0.10528128049601518,0.1036241970975118,0.086
2414,test,0,0,1.6879469249058148,0.25140942849118275,-1.3988347418687446,0.0009713339979836534,0.001782821628228771,0.08817262131429915,0.10463748015663171,0.062
2415,test,0,0,1.5127734611307844,-0.01506751384603866,-1.4822156281590089,0.00015716888378637452,1.2458446102148794e-05,0.01952339758832868,-0.010590689739636882,0.071
2416,test,0,0,1.4758437058271583,0.00844033180827237,-1.5310707478468442,0.00017192671667682456,3.322467881144782e-05,0.008451418142635777,0.001840082065659669,0.059
2417,test,0,0,1.4598598620974823,0.026675666808896572,-1.5418505514189302,0.0001848144730930674,5.631961754367128e-05,-0.009899152155503695,0.01175236389963185,0.059
2418,test,0,0,1.471252528125801,0.03783772139736743,-1.5409453553382562,0.00019644788755670108,7.799891012684789e-05,-0.00922654262829515,0.017903353826979333,0.063
2419,test,0,0,1.4864369488082227,0.03888239155967229,-1.5347331288445203,0.00020553986512237627,9.969760310084297e-05,-0.022853931558669067,0.019197437611415055,0.065
2420,test,0,0,1.4984844327009974,0.039761557265833865,-1.5267199637101265,0.00022604400504179254,0.00014313265681122756,-0.02319240735933784,0.0202357790018485,0.061
2421,test,0,0,1.5085095142354985,0.036173087437378064,-1.521707673590942,0.00023561682165025916,0.00016098203394317894,-0.019050423630096253,0.019311093341703923,0.068
2422,test,0,0,1.514556720289919,0.03525427564031505,-1.5184900932966854,0.0002506165470427968,0.00019654618112315822,-0.02839700726969687,0.019378027566189143,0.062
2423,test,0,0,1.5252288903951907,0.03184983153778848,-1.5140983666544454,0.0002572414988424612,0.00021061577008513104,-0.03439592575098815,0.0183011002042445,0.063
2424,test,0,0,1.5283182471049035,0.029730194803641963,-1.5079710918465614,0.000259757953129464,0.0002118637816022113,-0.032881660946021574,0.01703771998852382,0.061
2425,test,0,0,1.5332424835953034,0.025793577651492015,-1.5097172852083236,0.0002720196648706294,0.00024088328828039525,-0.033780449261451614,0.016022236871888272,0.064
2426,test,0,0,1.5381109820485594,0.022963784228716026,-1.507175934719317,0.0002792552560334188,0.0002637120665332046,-0.03298515232734082,0.01486047650242927,0.07
2427,test,0,0,1.5440472374493777,0.022789757563391147,-1.509687981111738,0.0002756894908330783,0.00025127594828258117,-0.04164215333463165,0.015316149254068915,0.055
2428,test,0,0,1.5439359898186136,0.021152110570296284,-1.5076909541818986,0.0002814628010651787,0.0002677965720584881,-0.04119371497209148,0.014846980934212769,0.059
2429,test,0,0,1.547970184521878,0.022179041989610473,-1.5055292873692854,0.0002894172244084242,0.00028887904028256697,-0.04044814572327966,0.015127108327484727,0.062
2430,test,0,0,1.5505196731626307,0.017147264064328482,-1.5029607976771722,0.00028837066971178747,0.0002892513849483455,-0.04188675249180426,0.013244211364877773,0.067
2431,test,0,0,1.5507623073534276,0.02070145529681419,-1.5028387923534603,0.000295840311984438,0.00030029812979561436,-0.04271718435950907,0.014794080899517316,0.063
2432,test,0,0,1.5482659612577472,0.018403110892607988,-1.503392267116653,0.0002878602350214789,0.00028823391745151373,-0.04151235697415536,0.013783618734787962,0.065
2433,test,0,0,1.5524999571978282,0.01911337154147949,-1.5015898016545157,0.0002955619893676339,0.000305711757298933,-0.04476198469846621,0.013870384008018708,0.063
2434,test,0,0,1.5510225444422368,0.016641187447903164,-1.5029968805477074,0.00029389521021528595,0.0003008095163360108,-0.045816256492931605,0.013054585283845555,0.059
2435,test,0,0,1.5499098631525121,0.015565032794752524,-1.5020082401673496,0.00029781889760427686,0.0003090336528143901,-0.044601577150461515,0.012473280970575219,0.065
2436,test,0,0,1.5530771608586778,0.015991272154151272,-1.5028592517417412,0.0002991759982901348,0.0003116063283648068,-0.04617101025640089,0.012736336879375938,0.065
2437,test,0,0,1.5504721225872407,0.015397390645924533,-1.5019270472452864,0.0003000174099253694,0.0003127806626613852,-0.04355598106551847,0.012383221381620324,0.067
2438,test,0,0,1.5524956716211262,0.014174551899474287,-1.5018264085889101,0.0003006887686650698,0.0003193228166833684,-0.04540101204879967,0.011953851540739923,0.066
2439,test,0,0,1.5497352226830825,0.0162390425203085,-1.5008820345354326,0.0002981494121553083,0.00031063184259700873,-0.04344211549332924,0.012823860013891866,0.065
2440,test,0,0,1.55559076198295,0.01640804842004445,-1.4991749445732971,0.0002954942951601038,0.00030439359642544546,-0.045306389318138005,0.01290795097869235,0.065
2441,test,0,0,1.5480948762753513,0.016095688116072416,-1.5012095959290317,0.00029732745996502235,0.00030492559882430313,-0.04087069477203049,0.012850694201768145,0.065
2442,test,0,0,1.5535292110118804,0.014310037397855285,-1.500990895487827,0.0002992302639330474,0.00030958835688574407,-0.045711124016275466,0.012133884718785633,0.06
2443,test,0,0,1.5544939529577293,0.01407818504876186,-1.5005680344938677,0.0003029562236394971,0.00032383282419191055,-0.045491477535595536,0.012038793560591399,0.066
2444,test,0,0,1.5527780850415223,0.015850950610999802,-1.500619211593341,0.00029819389153956346,0.0003127548541126774,-0.044895784640049584,0.012629340364097266,0.062
2445,test,0,0,1.5511189769977693,0.015740346542681458,-1.500767251252371,0.0003022575427750876,0.0003164122412658732,-0.0452990523766538,0.012594809996479354,0.064
2446,test,0,0,1.5537173778041369,0.014993676932279567,-1.501990685244767,0.0003078502008598301,0.0003281967668359679,-0.04599414219523196,0.012358522323631988,0.064
2447,test,0,0,1.5520034477109124,0.014838671471895944,-1.5015009481438704,0.00029914319868835573,0.00031107559419722117,-0.046524828745517104,0.012275314636298629,0.064
2448,test,0,0,1.5529303712008473,0.015793292683794848,-1.501891674851986,0.0003009343663478134,0.00031125838759783937,-0.04922007541517744,0.012727037539419235,0.066
2449,test,12,1,2.139844626444261,0.7178658172900635,-0.5953503019881903,0.0004441221031457728,0.0008841942979185967,0.3096295704429497,0.23995433847919886,0.107
2450,test,12,1,1.5525326909710433,0.21608737972119135,-1.500531408976096,0.0009230937018011473,0.002314764443951835,0.13269591365641875,0.0871386375779957,0.061
2451,test,12,1,1.7606771629801665,0.21428457017718017,-1.4733094064524135,0.005079145250970476,0.01596192572440804,0.2055338962244073,0.07795033113030674,0.077
2452,test,12,1,1.5688772642512125,0.13150756947952622,-1.5080390154410335,0.0030452569726082636,0.009616696067603367,0.11676226266232809,0.053312308787980156,0.07
2453,test,12,1,1.726693955699439,0.3944011229753926,-1.3076633285486066,0.017543006446373282,0.05783994755947005,0.22415855834522144,0.15100192695369025,0.115
2454,test,12,1,1.4836517399290186,0.11520291488509225,-1.6088628215391818,0.012629263205068863,0.03669618200633375,0.11468113935448339,0.04599896113712081,0.064
2455,test,12,1,1.4928911777656018,0.15190643821266686,-1.5746009797827076,0.0074127841636049355,0.0237130304809742,0.12370467545245012,0.061899774685333496,0.065
2456,test,12,1,1.8436850064819834,0.42315905619161426,-1.3077252553147813,0.0055713682251517325,0.017922235025609082,0.2673236224547573,0.16218883312302176,0.086
2457,test,12,1,1.9289689511898773,0.39217028906149975,-1.3406247947278727,0.010236220015215021,0.03152477957295972,0.2876697370198652,0.1484276499309403,0.089
2458,test,12,1,2.085052971125651,0.6258685821146951,-0.8484868357693252,0.010886768850331635,0.03709856902444715,0.34764130291969153,0.20973645569932334,0.103
2459,test,12,1,2.109223620713776,0.4484730174541835,-1.037835515443357,0.0021343255752916375,0.005735915419168572,0.32539370681813024,0.1439863626476382,0.11
2460,test,12,1,1.9346745641244352,0.44251945223249556,-1.1691871530347049,0.006220506917427009,0.020309625157813465,0.28907212649973335,0.1546397519798479,0.081
2461,test,12,1,2.0335592397352666,0.4609704818044747,-1.1197345246008668,0.008686232342466061,0.026168862656729894,0.31803415640140503,0.15865653374823185,0.108
2462,test,12,1,1.4947472049586354,0.18940754719723257,-1.5710340263404374,0.0033563359439355445,0.010528995495952079,0.1255258681883605,0.07835189657014821,0.065
2463,test,12,1,1.5341402300624722,0.20418587756973852,-1.5534799690098267,0.0016954134253345562,0.004975061091744811,0.1288113977109041,0.08409708634621647,0.062
2464,test,12,1,1.5619403611240157,0.19299908582784517,-1.5520292185567999,0.0017387762348079997,0.004480308384014217,0.13382312549764483,0.07926722674643476,0.068
2465,test,12,1,2.1427546977464322,0.6581392497458272,-0.6834321844878692,0.003927803025005037,0.012482244099935477,0.3334734673998485,0.21385988109523216,0.116
2466,test,12,1,1.8796007340229863,0.39952623431569945,-1.302351461644194,0.0006725666132320616,0.0014505885552066717,0.2583627240783799,0.15158062487228047,0.087
2467,test,12,1,1.8107859529163097,0.2813604589747483,-1.4146307585618754,0.004468691820467959,0.013150786818144734,0.22848181055810596,0.10513697203554612,0.077
2468,test,12,1,1.4942950900884555,0.1980180895990529,-1.548396440476237,0.00504017630253325,0.014374069584517705,0.1104461794463599,0.08320067838739761,0.063
2469,test,12,1,1.5229112137775949,0.18836845178043204,-1.5393206330608684,0.002092256721006175,0.005103106456200832,0.10119217493710106,0.08014907964974695,0.067
2470,test,12,1,1.7728965182646843,0.24731880565359446,-1.4620544981326582,0.0017622261213181374,0.004347279484732797,0.21016661463231437,0.09165962386483839,0.062
2471,test,12,1,1.646209443668425,0.33285665014811716,-1.4855131461260096,0.0011390160120571225,0.002837261328370207,0.20379113805726567,0.13500973120589857,0.071
2472,test,12,1,1.6842644534252986,0.3039799978038754,-1.402100772342426,0.0042615283095941885,0.012267193057869982,0.1783533846859948,0.12112495787469217,0.086
2473,test,12,1,1.66914169404864,0.2623322886156171,-1.5309809777199808,0.002924270760863656,0.009698365680571802,0.19057613055657943,0.1041870223708913,0.069
2474,test,12,1,2.0777240406865136,0.5159223245480784,-1.049042315090156,0.0011096817076235274,0.0027656220786346796,0.31313498753593766,0.181184783560601,0.102
2475,test,12,1,1.8061801624420957,0.305381237618977,-1.3927284555665052,0.0005886145408718096,0.001114498973707318,0.21879949501919407,0.11470814642046406,0.087
2476,test,12,1,1.5224036470377862,0.15926791084865258,-1.5400266649669914,0.0027324308477667137,0.009192844076820588,0.11623074672401172,0.06218580460164578,0.065
2477,test,12,1,2.0516508989489863,0.5805872710457154,-0.8811754063942772,0.0013605258921897594,0.003906099927450887,0.3117566797500783,0.19412771927611538,0.102
2478,test,12,1,2.0518002445987515,0.5557619923857805,-0.9274781504028509,0.0008274025998870812,0.001917466989672049,0.30666859956791404,0.18897262719674457,0.095
2479,test,12,1,1.949444379968928,0.493784912347141,-1.1645151876526825,0.0041628996204255255,0.013035283394181798,0.30036347891102977,0.1797284761880712,0.07
2480,test,12,1,2.035341607874986,0.4523132395695058,-1.183127667541774,0.0016414925409830871,0.004844436200812806,0.3035655289405944,0.16290324912155943,0.084
2481,test,12,1,1.5620927993017886,0.2084069311449381,-1.5386921365707484,0.0007350551890244082,0.0016158981238219984,0.14083883275850032,0.08367646469098812,0.063
2482,test,12,1,2.092111063650149,0.594121899295748,-0.8754482664860195,0.004945576777066216,0.015167600626549366,0.3361579293956438,0.20069301129353156,0.107
2483,test,12,1,1.6400813493779103,0.36424229550271575,-1.4767700800292936,0.0032885722890128688,0.009610781939083846,0.21609989428644422,0.14838852703507624,0.068
2484,test,12,1,1.6721276119258486,0.4469185451819532,-1.4205262500570717,0.002341758554367829,0.0072507467623260475,0.24551086505908845,0.1855934232603268,0.085
2485,test,12,1,2.1587679178947172,0.629729728325037,-0.850523161516143,0.008551599608846508,0.028482052464307586,0.37115685586590325,0.21392556320179898,0.11
2486,test,12,1,1.701188830729492,0.19457805379071424,-1.3319947765606097,0.0054906736303128685,0.01627249989098503,0.13660139005219776,0.06788917333807243,0.095
2487,test,0,0,1.5011211557117983,0.03616603729978674,-1.5266781650085417,0.00023996703010780595,0.0001648535519145484,-0.01944013196998206,0.018636720123144806,0.056
2488,test,0,0,1.5111574114441315,0.03248957648791149,-1.523379646091015,0.0002445289290528602,0.00017992489531633502,-0.0247908181668399,0.017670221756805785,0.065
2489,test,0,0,1.517960340714892,0.03165884068280129,-1.518054906517072,0.00025775674219061457,0.0002105792974267488,-0.028347033902700904,0.017621250944447955,0.062
2490,test,0,0,1.5262816424815835,0.029576827616951976,-1.513826953580326,0.0002677724287086712,0.00023099465091531426,-0.03264287884591094,0.01728658978781068,0.063
2491,test,0,0,1.529143642921083,0.028211887124274915,-1.5114510743832,0.0002762823798556248,0.0002474188377901238,-0.03370624737359917,0.01704360207914302,0.061
2492,test,0,0,1.5351007737514943,0.02467811582028802,-1.5081662515678846,0.00028121257436290704,0.0002605010346551027,-0.03725220506820882,0.015441829681698199,0.064
2493,test,0,0,1.5407412452576603,0.022178036415018473,-1.5104181168149184,0.0002851172269584499,0.0002695866734891926,-0.040371230672685034,0.015044612569460125,0.06
2494,test,0,0,1.5395822695302745,0.02282687785552854,-1.5039837968336633,0.00028815313102903547,0.00027869782606194666,-0.03354718662087886,0.01496019209716716,0.068
2495,test,0,0,1.5463841973687669,0.021316304603241153,-1.504814904214004,0.00029457608088437115,0.0002874006695325728,-0.037274703397431455,0.014433927229114824,0.064
2496,test,0,0,1.5453085830007414,0.01769614487723988,-1.5043770795814815,0.00030633408886252374,0.0003209144150302667,-0.040508856272079896,0.013257833268280414,0.068
2497,test,0,0,1.5478271632949478,0.017992471315145257,-1.5055957196155922,0.00029919357206962735,0.0003005566340702424,-0.03852848574035419,0.013656556486254115,0.06
2498,test,0,0,1.5497109816849457,0.020400142372128848,-1.5035218099706655,0.00030284713164055693,0.00031435403306670837,-0.042194316841513736,0.014278984778320587,0.067
2499,test,0,0,1.5518197824073585,0.013986958100714986,-1.5052926967946536,0.00029944325139908415,0.0003044540330591237,-0.041267716785025194,0.011712658181093157,0.064
2500,test,0,0,1.5473387664097025,0.016480724829959992,-1.5042274615149998,0.0002962965082963409,0.0002959561336656583,-0.03793791758438598,0.012537421797279806,0.063
2501,test,0,0,1.5528544438830179,0.015317086209426432,-1.5001591310342253,0.00030521107281503065,0.0003172346480372556,-0.04528447431344706,0.012558020099929493,0.067
2502,test,0,0,1.4763897222697797,0.04052020211911519,-1.5596066230881838,0.00023132610204118828,0.00012015363049990332,0.05629850224847195,0.013852062399265647,0.065
2503,test,0,0,1.5231904050662897,0.08509448914837608,-1.5474844856201964,0.00026195050603980386,0.00018571427575766566,0.07760195259499128,0.03420091137904841,0.068
2504,test,0,0,1.4741921226990746,0.09842021850155831,-1.5519806068908368,0.00031494731169984507,0.0003386751696996447,0.06179018746099208,0.0424966164621636,0.061
2505,test,0,0,1.5201911518001432,0.10496950716873642,-1.5432720906937025,0.00037824096066200216,0.0004894734390516767,0.07491502025275625,0.04629328706621161,0.06
2506,test,0,0,1.5275951234335514,0.10700551805739518,-1.5259616928841018,0.000406550553540104,0.0005519722314742349,0.0737919292964933,0.0478008743962616,0.062
2507,test,0,0,1.4717997201574757,0.10413631958787581,-1.5145777438486383,0.00041836574301024764,0.0006134712890608696,0.051983306638870776,0.04672596205598498,0.061
2508,test,0,0,1.4729163282378401,0.09497855826931331,-1.5080434817762143,0.0004919111180375909,0.0007503003711113237,0.04889446516284333,0.04335142762473868,0.064
2509,test,0,0,1.4781045308492997,0.08517632932446778,-1.4951788066125078,0.0005285469977760078,0.0008818104584512657,0.04674040281579967,0.039020567187893596,0.062
2510,test,0,0,1.495584960960061,0.0748200075551095,-1.4944277506892505,0.0005782161352302938,0.0010395670731259514,0.04982802082113424,0.03520078658348109,0.069
2511,test,0,0,1.4764534562270677,0.06458785195022522,-1.4886304918593982,0.0005886718164499094,0.0010828227381975072,0.03941232188403384,0.030915100622403102,0.071
2512,test,0,0,1.4789337087043763,0.057557362477974085,-1.4827141213868802,0.0006603175545883072,0.0012400271151551457,0.03750598690744793,0.02769374593941547,0.063
2513,test,0,0,1.480675911159163,0.049800777785717544,-1.4768221022160328,0.000657718192001774,0.0013168757720517796,0.03535053476920749,0.02459131326507483,0.067
2514,test,0,0,1.4724246379974717,0.03802340348192706,-1.474012263981004,0.0006905606103087404,0.0013678420254346207,0.030508625546105245,0.019699154181412767,0.072
2515,test,0,0,1.4782998653908321,0.03841279053987804,-1.4676725498675882,0.0006752367545943203,0.0013094206773009937,0.029555114881127737,0.019895306205331552,0.073
2516,test,0,0,1.4792692164378665,0.03716059494221223,-1.470343475272204,0.0007422340633927272,0.0014899963329492586,0.030095239920452557,0.01929851197466904,0.066
2517,test,0,0,1.5053455503832935,0.036460389985007134,-1.466917307185118,0.0007414775203982323,0.0014914730419235615,0.039361518711975726,0.019203961470945042,0.072
2518,test,0,0,1.4889123275847338,0.034570215372483414,-1.464669254760311,0.0007830364380544586,0.001613957473158418,0.0323828992262605,0.018176781141163254,0.072
2519,test,0,0,1.4690839339401798,0.033089187117344356,-1.4606976600032433,0.0008402735316947851,0.0017873465823958494,0.023795158887166788,0.017641714070085808,0.075
2520,test,0,0,1.4889048343809095,0.03074000197837235,-1.460296149296462,0.0007666428105854337,0.0015684249428813502,0.03076551947623834,0.016348881152196914,0.067
2521,test,0,0,1.4843543913417154,0.03550922856167508,-1.4546304043792009,0.0008078558550557421,0.001692513130859711,0.028729335993564364,0.018607267035678783,0.064
2522,test,0,0,1.467926265162238,0.031345602064380876,-1.4558384081161773,0.0008196728350632168,0.0016615207859150996,0.022765719140461996,0.01679363168553977,0.072
2523,test,0,0,1.4624063252821604,0.028501665459408448,-1.456901988364859,0.0008144621452532198,0.0016995080865024597,0.01995580559974331,0.016184597227899625,0.07
2524,test,0,0,1.4837908460652507,0.034931145885652354,-1.4535747081538672,0.0008702731230476175,0.0018458044557626548,0.026065552526469027,0.018157468948016696,0.067
2525,test,0,0,1.4923777556114213,0.027107545658932634,-1.4488155377093928,0.0008057987658003276,0.0017136055714163996,0.028661417675481683,0.015174609592843542,0.069
2526,test,0,0,1.4940696597629919,0.02835288596398754,-1.4519409551957472,0.0008917793654206273,0.0019514686060994758,0.029255167324996684,0.015398978715611772,0.074
2527,test,0,0,1.4850745279030484,0.027415824899174473,-1.4515277310471277,0.0009141162371683617,0.0019628571775667414,0.026617151063713144,0.01481405211107044,0.075
2528,test,0,0,1.50384478415192,0.025229875021341934,-1.4500931001390462,0.0009082272379562584,0.0018864362366949716,0.031169203603071436,0.013785480647359885,0.072
2529,test,0,0,1.4910480829050436,0.0251117179591698,-1.4459558234521936,0.0008837468772294933,0.0019216168350559288,0.025479850440277653,0.014029664403311281,0.074
2530,test,12,1,1.7166256444115986,0.23455025700246906,-1.4622037477028353,0.0025957292636615784,0.006622103581053702,0.17618589873549909,0.09069729126166862,0.071
2531,test,12,1,1.622148861780214,0.15381868162444975,-1.5078965537176099,0.007108906602296957,0.020834344110761446,0.1398777582830776,0.059102847331770826,0.078
2532,test,12,1,1.8706052677861527,0.3912204862589084,-1.3622210017491183,0.017901897730304994,0.05369258780537856,0.2700934928152023,0.14775481126458315,0.09
2533,test,12,1,1.7511135539400684,0.2900229570334713,-1.453171963965655,0.03966564714504587,0.13629000722078868,0.21697988171511487,0.10865999746014533,0.085
2534,test,12,1,1.9029875918409431,0.27554714121279106,-1.373409453945454,0.009869859890512981,0.02991031444141241,0.24551423481208848,0.09428619741675842,0.087
2535,test,12,1,1.9463673440921136,0.3978793440242668,-1.2301039591278333,0.017611054254645094,0.05742550972409239,0.2747599361074369,0.13847247326409973,0.094
2536,test,12,1,1.7214431129085006,0.22719076417594908,-1.4684885622051234,0.018445847879643727,0.062402052431961556,0.19165690666133053,0.08509504315697196,0.093
2537,test,12,1,1.723782584052171,0.25880146194632186,-1.430105692348139,0.017309550648242397,0.05497141231648023,0.1840865174811156,0.09754872068413144,0.083
2538,test,12,1,1.5698018771638396,0.1861931637381228,-1.534554346881785,0.028793140188447666,0.10477987005246377,0.14716376072991538,0.06938069399521721,0.076
2539,test,12,1,1.7206005663236617,0.22996329947474042,-1.4561814289410173,0.021547518820043743,0.07564947477189382,0.18659863529661141,0.08410513889310733,0.087
2540,test,12,1,1.9603996979424168,0.33350310485217327,-1.225805978415252,0.006670584906460287,0.019401424058558395,0.24582103836061617,0.1145047235343011,0.094
2541,test,12,1,1.9390885823718174,0.40398015888304145,-1.193653123715755,0.004730647743652724,0.015509041253554443,0.26240037843689495,0.14126432165662425,0.097
2542,test,12,1,1.7146424247518173,0.23246037968446526,-1.4316313474533506,0.01782626978296196,0.05870462512234136,0.17941343284684066,0.08832841029349964,0.101
2543,test,12,1,2.1931663851533902,0.3933319059678779,-1.1016327207363943,0.02461052738882258,0.0770794453465769,0.3029540535371187,0.12893535708466844,0.102
2544,test,0,0,1.5192068789140751,0.09553438948861193,-1.518180952681895,0.0013402085158688056,0.00339920372243185,0.07030680591926707,0.03968042096881998,0.071
2545,test,0,0,1.4948086960481268,0.0830710400501669,-1.4739069307326946,0.0006809144464396822,0.001312693658382349,0.042955336475283885,0.03832967157235734,0.066
2546,test,0,0,1.4779610961399636,0.07410877654857846,-1.4719579077088152,0.0007156218145833938,0.001385091486869537,0.03522781440267203,0.03446457885989541,0.065
2547,test,0,0,1.5085360287089231,0.07196104820817935,-1.4643872980871802,0.0008366416807853102,0.0017856865606575788,0.04335227343142942,0.03364857774273259,0.072
2548,test,0,0,1.4997600650946232,0.06394980633687103,-1.465165813091325,0.0007745758116238782,0.0015433608295797384,0.03939667023295366,0.03050209334737256,0.075
2549,test,0,0,1.5283810623760594,0.06423335782064384,-1.4622760743254575,0.0008432304522666479,0.0017619159384264394,0.04728936075506327,0.030460806917182028,0.071
2550,test,0,0,1.4996091751851028,0.0569763723312032,-1.4597298144302668,0.0008545654517985011,0.0018044069189050848,0.03657091028135188,0.027256169658145687,0.072
2551,test,0,0,1.4993269785852221,0.05024891479096018,-1.4623387206573322,0.0008849993856364517,0.0018712776395088718,0.03630329064596103,0.025162613871234973,0.075
2552,test,0,0,1.5109700145196547,0.04868740840219317,-1.4545911904926925,0.0007714432786947376,0.001600639729520452,0.03998457653256108,0.02350940391820586,0.068
2553,test,0,0,1.4645389575172716,0.04373040566619952,-1.4609993476341947,0.0008482356346621024,0.00177061081342974,0.02255276628926184,0.022248533723077776,0.07
2554,test,0,0,1.4890709830035977,0.04071152155184626,-1.456754310478045,0.0009444168488115456,0.0020632617480858526,0.029157631424052675,0.02072693389191978,0.069
2555,test,0,0,1.4847490752454384,0.03804235000735421,-1.4536886574806935,0.0009480448352198278,0.00206131582298281,0.028060560510671226,0.019589861493425686,0.067
2556,test,0,0,1.4905408909490114,0.03690102276729962,-1.4530329411719287,0.0009307022473921766,0.0020124732053321795,0.02736700374152245,0.019402930519694477,0.07
2557,test,0,0,1.5043231356053484,0.0306593576536553,-1.4498412539148724,0.0008924442730835784,0.0018461765244740915,0.03288365809245253,0.016188388067362464,0.068
2558,test,12,1,2.251413755415249,0.6384165205612004,-0.5620953554301904,0.003733530696040218,0.00995051939991306,0.31906215300648655,0.20517124809307097,0.169
2559,test,12,1,1.9923317005551955,0.3728169378297614,-1.0448606399909584,0.011316657498943455,0.036845532152218204,0.24683566265547147,0.11930043442954967,0.112
2560,test,12,1,1.6286436123262653,0.18921034509282764,-1.4872145017824592,0.01475610806370176,0.049224968486764054,0.15313642747265319,0.07035571969638064,0.079
2561,test,12,1,1.5744049969227931,0.15191051374519843,-1.5064486806435524,0.018381213628384647,0.06333138968805217,0.12588122567007376,0.0572814109002384,0.083
2562,test,12,1,2.1301014952478075,0.5613951331055552,-0.8923880022715847,0.03648503390836732,0.12393063696152065,0.3220183893319357,0.1868349948571343,0.124
2563,test,12,1,1.761302435710245,0.2037612751282313,-1.487689681873695,0.024331453339781272,0.07975957485913164,0.1921902428645081,0.07573643634390383,0.081
2564,test,12,1,1.6824518510308308,0.09657620851965729,-1.4937786019873744,0.012704796944491272,0.04060662998026749,0.14170259827337003,0.030713536996309368,0.084
2565,test,12,1,1.6988231273597643,0.2025867824167251,-1.4887215137521874,0.03941574497945028,0.14842703372680688,0.17640676436296707,0.07431156682863278,0.093
2566,test,12,1,1.6970689125176643,0.1044579997398147,-1.5007521862179016,0.0026734963045801866,0.006442558239662533,0.14946111907284412,0.033329448032788075,0.076
2567,test,12,1,2.07769351554622,0.4950858250046585,-0.9962874785493181,0.004624529122796236,0.013302037603633446,0.30124846075936074,0.16494385879967874,0.089
2568,test,12,1,1.605321395890249,0.18167297218133305,-1.4679294554857572,0.003563459009692224,0.010761528831902983,0.13551981636437507,0.06936718750553172,0.086
2569,test,12,1,1.610309282178415,0.1102727470276274,-1.536867682643025,0.005903708670927609,0.01586451697260021,0.12974679246340343,0.038109527649342535,0.07
2570,test,0,0,1.6902853284763146,0.28618154788406297,-1.4232971275238455,0.0025380872393260985,0.007451182229831552,0.17302145475459,0.11294016319173486,0.083
2571,test,0,0,1.5097080694098355,0.07804637604545722,-1.4685863761797227,0.0007427983011458552,0.0015105043818527963,0.04560499649862884,0.03627666456496178,0.069
2572,test,0,0,1.4677231859569395,0.06134866751724203,-1.4718183611604714,0.0007235528588931415,0.0014469237661772344,0.029288760051962626,0.029391044030911972,0.071
2573,test,0,0,1.4875807256914622,0.05579579887844331,-1.4661412493729649,0.0007619501358321015,0.0015573547790680054,0.03466684912688745,0.026573543238092343,0.069
2574,test,0,0,1.505798001305563,0.04654861319264856,-1.4641698975428528,0.0007930811739050509,0.0016377755643333998,0.038248087599962226,0.022835196253685193,0.071
2575,test,0,0,1.4787002162789995,0.0413889878766592,-1.4637262747936195,0.0008122404827698583,0.0017397892139829005,0.02815713152937176,0.020512227162013823,0.075
2576,test,0,0,1.4727027599707407,0.041402120373450445,-1.460548407431883,0.0007814174893932565,0.0015824789355639475,0.024706979651549638,0.02134138751570264,0.076
2577,test,0,0,1.5060341485285207,0.03213427317592153,-1.4558230285099978,0.0008034752023016338,0.0016322195179527817,0.035020105052670565,0.016681271509030475,0.07
2578,test,0,0,1.4754701303231348,0.03276121934549953,-1.455907045766809,0.0008061347072649212,0.0016343900716943348,0.023791125157152697,0.01787365289358621,0.067
2579,test,0,0,1.4604221345676842,0.035098974275384415,-1.4524249382303627,0.0007715574830305538,0.0015482269180110135,0.0189630036342164,0.018477766387769087,0.066
2580,test,0,0,1.4935220534415532,0.030348855058326265,-1.4553377602637825,0.0009578969329043125,0.002032747789967524,0.02994867358980592,0.016207076906563853,0.069
2581,test,0,0,1.514076749244685,0.027887370653061003,-1.4569286335549234,0.0008305367333044827,0.0017249068517680467,0.036703069012421784,0.015049427990818324,0.071
2582,test,12,1,2.183325126695285,0.8008772499956273,-0.4932353014160933,0.0027603972504596955,0.00749746634294137,0.3312422526802983,0.2788811551420923,0.15
2583,test,12,1,1.7744546619120116,0.15547378591894412,-1.507091982950832,0.03749763275334263,0.12048179276446784,0.1924200911142572,0.05041350379179677,0.091
2584,test,12,1,3.4555413018537546,0.2986994688029326,-1.3405722422525883,0.1619604733510028,0.5803276269156026,0.49895611350211294,0.10480423372734124,0.128
2585,test,12,1,1.9091449072993136,0.4068729345397912,-1.296603491688478,0.04974520455215658,0.16855270118054855,0.2628976420370936,0.15042021405851844,0.085
2586,test,12,1,1.6162658905251552,0.1913128597158763,-1.5073626179928712,0.027248982181006822,0.09518337487730139,0.1541742044681462,0.06997327358843561,0.085
2587,test,12,1,2.036219805991071,0.2704021748021892,-1.1782150682641288,0.02801017724288094,0.10379410417150423,0.25508251942212395,0.07847166411196564,0.117
2588,test,12,1,1.7597425950152488,0.24952959419777862,-1.4716984014437342,0.015442331744184992,0.05178371292364128,0.20914195180344736,0.0929750024970294,0.075
2589,test,0,0,2.461569853458204,1.226161699418974,-0.032552037181025284,0.00041172079972450577,1.8789523953154835e-05,0.5749831084611797,0.458808800658946,0.061
2590,test,0,0,2.468986961828765,1.2506010359018669,0.02173688500046067,0.0004323862722002056,2.2789211814834042e-05,0.5784333149412809,0.46714054319515,0.068
2591,test,0,0,2.419946643754056,1.2214233113286435,-0.06285165983992114,0.0004345617757399566,2.4926944157623288e-05,0.5671918898611215,0.45885620746093203,0.068
2592,test,0,0,2.349662632049268,1.1981933679562,-0.1368769893925701,0.0004445538242879769,3.703932747451603e-05,0.5533551515497739,0.4528359340933431,0.066
2593,test,0,0,2.3512542694774905,1.1984621036410155,-0.1285703004527412,0.00046075369381296416,3.8320119812916044e-05,0.552316100777072,0.4519333429500682,0.07
2594,test,0,0,2.390268923580818,1.1710987510244912,-0.176491096496882,0.0004563000345377213,4.230672649577144e-05,0.5520668569246658,0.4415381832828178,0.072
2595,test,0,0,2.335970226550296,1.1429588135601758,-0.24571463809780347,0.00046276233873638575,5.7690586505522986e-05,0.538539371888452,0.43254260211776535,0.075
2596,test,0,0,2.2885545751895604,1.1244975475363217,-0.2818977344162761,0.0004701977780078896,6.341706687005345e-05,0.5268395766342978,0.4254609541013995,0.072
2597,test,0,0,2.2640887412532287,1.0939318807106713,-0.35222852673029825,0.00047588508599156375,7.21523594324104e-05,0.5171349143151203,0.4154290411311424,0.075
2598,test,0,0,2.246846999909671,1.0534034324964499,-0.43871913440581745,0.0004690884387494186,8.713414340500777e-05,0.5062560225079294,0.401648205032473,0.078
2599,test,0,0,2.179625956267518,1.0110497522359256,-0.5276590880691456,0.00046075538127689713,9.160683485073378e-05,0.48633369706541335,0.38707774418180035,0.075
2600,test,0,0,2.152393766247889,0.9762885864968959,-0.5998854654096282,0.00045689365296301194,8.80482352667732e-05,0.47461258545942037,0.3751932906678217,0.076
2601,test,0,0,2.115718321866367,0.9356839254498854,-0.6800845577541264,0.00046430121510909023,0.00011112947488870796,0.46030244127715875,0.3609136586333874,0.077
2602,test,0,0,2.066557537116643,0.8985753760745406,-0.751189608165244,0.0004637791630187827,0.00012249643394586585,0.4434273506134765,0.34780055340370014,0.073
2603,test,0,0,2.00469370570561,0.856844701924995,-0.8276346038102127,0.00045764250641904105,0.00013008139791963828,0.42282679683539337,0.33294545032776623,0.075
2604,test,0,0,1.9638878559687412,0.794878428347828,-0.9368511517271054,0.00044871387640571417,0.00013224815386678077,0.4020964514725574,0.310871660089078,0.072
2605,test,0,0,1.9299652098535007,0.7497833001755725,-1.0114370043129628,0.00045313203597362384,0.00015362995780272807,0.3856245312856844,0.29445231741902195,0.07
2606,test,0,0,1.8670061321308697,0.6853588574593634,-1.1136411150075656,0.00042946408172633073,0.00013199679244736513,0.35832259802711297,0.27111340620761126,0.07
2607,test,0,0,1.8293484711857995,0.639091328310244,-1.1818360232952159,0.00043139401109693173,0.00013939006436569157,0.33968357827881934,0.2539632591364641,0.072
2608,test,0,0,1.7497730418640625,0.5714406592231172,-1.2704615825985992,0.00043187633412459175,0.00016873223174573891,0.30491492953563326,0.22824591277579484,0.069
2609,test,0,0,1.7120446633861301,0.5028052331858841,-1.3545404578889242,0.00041893003378912344,0.00016040877046432915,0.2803927892157799,0.202295771758924,0.066
2610,test,0,0,1.6594111041274935,0.4376819433064103,-1.422122650293773,0.0004158382070047506,0.00017002352204337857,0.25056328271401607,0.17684468552691948,0.069
2611,test,0,0,1.6463212422182396,0.4073576065500965,-1.4486011670313208,0.0004314887627626073,0.0001933918233482764,0.24011064640293886,0.1644158535426165,0.07
2612,test,0,0,1.6418793111561711,0.4116016474480998,-1.445644611360711,0.00044810505429701813,0.00021817969064020262,0.24031654031635427,0.16608780390428365,0.069
2613,test,0,0,1.6302167021562,0.3985031531081509,-1.4586847307070356,0.0004414132915783401,0.00019728268195586316,0.23380945606602074,0.16086785766952225,0.067
2614,test,0,0,1.6174857615252496,0.3853262524639991,-1.4699141569663359,0.00046190709346398526,0.000232378401834659,0.22743779763483965,0.15542613755278226,0.068
2615,test,0,0,1.5975298963251647,0.37475847664332373,-1.4798463588895656,0.0004650117331874731,0.0002342997779209152,0.21933486490022658,0.15122120009605522,0.066
2616,test,0,0,1.5997880522569816,0.3799389750483982,-1.4759277763637062,0.0004640006265693273,0.0002173013330420463,0.22201065379285584,0.1530430525423743,0.064
2617,test,0,0,1.6252819052910628,0.38532626265498987,-1.4724966513673938,0.0004815564365953344,0.0002484145272359502,0.23143597825660575,0.155182188279003,0.065
2618,test,0,0,1.6174261412597881,0.3776680715557153,-1.4796496363559646,0.0004879710460995398,0.00025673191176602504,0.2269296759970229,0.15207078452563325,0.064
2619,test,0,0,1.5986889298805795,0.36786617492937135,-1.4872246372887956,0.0004849040306407578,0.00024156804027941744,0.21956889986873285,0.1480888841711359,0.065
2620,test,0,0,1.6006900849954793,0.3602887883551561,-1.494078095317793,0.00048366630578028423,0.0002546888165076597,0.21833399826887517,0.14509607314039624,0.066
2621,test,0,0,1.603633483143689,0.367110264900855,-1.4891285483071215,0.000506186704872541,0.0002753187711688046,0.2215234552500203,0.14779724267640862,0.067
2622,test,0,0,1.6066041054674463,0.37566917330847294,-1.484495509694139,0.0004998153587636001,0.00027053372923503997,0.22430217187676232,0.15135916378651626,0.064
2623,test,0,0,1.6053915308704578,0.3670975232734734,-1.4900400362085278,0.0004991287621396664,0.0002592333315021924,0.22219241417992486,0.14778374367945052,0.067
2624,test,13,1,1.6667119632917942,0.5305060825906283,-1.393595734347472,0.000712049693213589,0.0007098727039988368,0.2833670541326748,0.222076017175213,0.045
2625,test,13,1,1.9687183077266595,0.46785896390463405,-1.1717578265775546,0.0017265578015890856,0.004093609439239961,0.3215191280274468,0.16082803732357548,0.079
2626,test,13,1,1.4998609791196726,0.18619593494701644,-1.6543056016718214,0.013298722216731734,0.04584665924925841,0.16617165698265102,0.06929646072178923,0.059
2627,test,13,1,1.943444513361508,0.4791989638251941,-1.182670197779114,0.0037732883563930063,0.011250261836232442,0.32630623911008005,0.16431308309721795,0.076
2628,test,13,1,2.379401510577988,0.3928001276723566,-1.4361919589056846,0.20244115204781182,0.740368010891464,0.4112882184190458,0.15144174178291583,0.096
2629,test,13,1,1.4612040010999228,0.20010753401202802,-1.6439609871961938,0.0008785792868219094,0.001452164179866231,0.15473333114061322,0.07772566857826266,0.056
2630,test,13,1,1.7738470765961827,0.3179240443707302,-1.4363758518594216,0.004709363314355436,0.01440857878518779,0.2614062910072734,0.11154952080276039,0.072
2631,test,13,1,1.5486231808649293,0.2567212094096377,-1.6077597383336162,0.005896535197845651,0.018493431368783935,0.1969293012834022,0.10080519694054328,0.061
2632,test,13,1,1.500664452119674,0.23145203485661062,-1.6375007419490206,0.019206764622240243,0.06675494492005417,0.18180759706988295,0.08840892752800215,0.064
2633,test,13,1,1.5990818327398961,0.2851283301363084,-1.5786564500971076,0.004116377940279324,0.013775404658390762,0.21771637447855663,0.1118826426066474,0.066
2634,test,13,1,1.5312493320803584,0.2652462049086326,-1.6004496560614163,0.0020770958922308484,0.0058648079008348855,0.1917273298540946,0.10352209673133189,0.051
2635,test,13,1,1.5642854569841336,0.26452512603057166,-1.5944417252551844,0.014153770975790684,0.048176376134523045,0.19969609288100187,0.10326374901581162,0.065
2636,test,13,1,1.557518666529023,0.2592295656943742,-1.5948756154567458,0.004232235523335141,0.013620520045891857,0.19705028214428916,0.10170635180180183,0.064
2637,test,13,1,2.003771262120727,0.5220424391577438,-1.172326668590511,0.01237322838694717,0.038466460852874064,0.34136017617494235,0.18892121698453931,0.074
2638,test,13,1,1.9543342319969768,0.3986325576885752,-1.4113838264448304,0.0037021894397637,0.010269259896276013,0.32180970124202884,0.14956769663534594,0.081
2639,test,13,1,1.9713035145276252,0.5152724260913694,-1.1910459329783853,0.004052931269910101,0.012704533505353612,0.33675567575663007,0.18658125907693734,0.077
2640,test,13,1,1.6212118751945521,0.317129194131707,-1.5665774583958898,0.010250618743909031,0.03556677945081125,0.23151304590133456,0.12503827899265912,0.063
2641,test,0,0,1.7888969944272757,0.5853783889889393,-1.2519453012854218,0.0005129719374146984,0.00023519050244645416,0.3203295194937522,0.23243129521513198,0.069
2642,test,0,0,1.730104066954264,0.5235507917997448,-1.3307670438425114,0.0004899307305058464,0.00022452101966813505,0.2914220186106617,0.2092321992910627,0.067
2643,test,0,0,1.6927950869480526,0.4780131601397192,-1.3821080999428592,0.0004917428150715767,0.00024933989651545053,0.27098042702723957,0.1915349187206218,0.065
2644,test,0,0,1.6458994263911662,0.41564480382365065,-1.4446788211497799,0.00047313541073681,0.00023209859002837544,0.24392315078735952,0.16726857799335956,0.064
2645,test,0,0,1.6191503130783829,0.38719564672427165,-1.4704387923491764,0.0004823418875181509,0.0002543320484889088,0.22960619815328898,0.15584452564584877,0.064
2646,test,0,0,1.616211094740933,0.37617236020382855,-1.48106852457842,0.00048498277669459055,0.0002528677388263205,0.22677344026200702,0.15158095331890364,0.062
2647,test,0,0,1.6097487227257417,0.3674682095492096,-1.48844156681801,0.000486227768521106,0.00025822114732162717,0.222748444724668,0.14801384274626916,0.065
2648,test,0,0,1.5856949043829047,0.3605659388652363,-1.494712633059099,0.000476612108913188,0.0002491629543213353,0.21393383021044107,0.14543505610495622,0.063
2649,test,0,0,1.594166880459415,0.36820316070476267,-1.4896238476452792,0.0004904941339446061,0.00025494678202348463,0.21878985857190852,0.14845799538054796,0.063
2650,test,0,0,1.5925741372186963,0.36185940875625877,-1.4942491081778764,0.0004957035536533477,0.00026850162442638363,0.21673874828181572,0.14579793565126095,0.061
2651,test,13,1,1.9675345782637312,0.5321946906650334,-1.1885134584052048,0.0026157266677125845,0.007196837153682036,0.34206683728399107,0.19671791058686425,0.083
2652,test,13,1,1.724690391943638,0.3527618089751429,-1.477786073209523,0.0049890719388836526,0.014532952654369474,0.24814369269097986,0.13536824605047207,0.081
2653,test,13,1,1.9522575357277827,0.5033822263241369,-1.1835734216813685,0.06245987032575771,0.2235405356878193,0.33338971818718166,0.1777765980508069,0.076
2654,test,13,1,1.732036854011558,0.25866323080914405,-1.5847764166341896,0.024677127666560602,0.078840700325595,0.2402531928156407,0.09675291371026531,0.053
2655,test,13,1,1.968946772560726,0.4998880145050684,-1.2642620069551949,0.019755922277179552,0.0678390073837138,0.33430796374169236,0.1853444919919013,0.061
2656,test,13,1,1.7991431612803124,0.23979956293560578,-1.5245084043321393,0.0012499249109321963,0.0027823319814424016,0.2510989461348671,0.08412048271874976,0.071
2657,test,13,1,1.8553559699676785,0.25367514192865287,-1.490841187410233,0.0017490852049444783,0.00445880604953948,0.26657783633019816,0.08600799897368079,0.071
2658,test,13,1,1.6766114287598093,0.28711816048206323,-1.5557317782803382,0.008564300098263249,0.029061314065592096,0.22927643311016188,0.11042097341281845,0.059
2659,test,13,1,1.6417829406395175,0.27386238242575217,-1.5654487503821906,0.005024885579265141,0.01430670825650042,0.21940322357210928,0.10464640897231921,0.068
2660,test,13,1,1.5376772455497434,0.25860185292331483,-1.6123674725665154,0.008982944195578086,0.03129808977734627,0.19154064386786804,0.10148815073442272,0.058
2661,test,13,1,1.7478303322497788,0.36081459338722377,-1.4631507055535722,0.0047849073638071326,0.01454463305967834,0.25361696343821444,0.13944408448610585,0.066
2662,test,13,1,1.530231008589954,0.2774933000765483,-1.5719349488776466,0.005842863021530183,0.018512569484661116,0.1842230216263063,0.10988652703174283,0.071
2663,test,13,1,1.5154870363691741,0.22047468997577085,-1.6157865292650806,0.0043875276073684095,0.013705610365098368,0.16714402008287493,0.08542083321867121,0.063
2664,test,13,1,1.5341706109546638,0.25827080468892233,-1.5982786473856188,0.004047568956439562,0.012456997176282791,0.18268355704907516,0.10280481276223308,0.058
2665,test,13,1,1.5686931242585787,0.24347872061770112,-1.596929289159152,0.005691164142898164,0.017581214224370437,0.18810275792726155,0.09540188751277279,0.068
2666,test,0,0,1.5859390633690114,0.3085836840799134,-1.5149679013008843,0.0004073553823138078,0.00019323509595322905,0.19673803527968214,0.12397894741513885,0.071
2667,test,0,0,1.7388738854062769,0.5315848444278197,-1.321855626930716,0.0005139239484976706,0.00025924672407563244,0.29558182084430923,0.2122585859622242,0.064
